season,round,date,type,opponent,venue,result,margin,jumper,player,sub,kicks,marks,handballs,disposals,goals,behinds,hitouts,tackles,rebound_50s,inside_50s,clearances,clangers,frees_for,frees_against,brownlow_votes,contested_poss,uncontested_poss,contested_marks,marks_inside_50,one_percenters,bounces,goal_assists,pct_played
2026,R2,Sat 14-Mar-2026 4:15 PM,Away,Geelong,Kardinia Park,L,-10,24,Jye Amiss,,2,2,2,4,1,0,0,1,0,1,0,0,0,0,0,2,2,0,1,4,0,1,80
2026,R2,Sat 14-Mar-2026 4:15 PM,Away,Geelong,Kardinia Park,L,-10,10,Shai Bolton,,7,1,9,16,2,0,0,2,0,1,2,2,0,0,0,9,7,0,0,0,1,1,78
2026,R2,Sat 14-Mar-2026 4:15 PM,Away,Geelong,Kardinia Park,L,-10,8,Andrew Brayshaw,,8,2,6,14,1,0,0,4,0,1,6,7,1,4,0,8,8,0,0,1,1,0,79
2026,R2,Sat 14-Mar-2026 4:15 PM,Away,Geelong,Kardinia Park,L,-10,5,Heath Chapman,,10,2,9,19,0,0,0,1,6,0,1,6,0,2,0,5,10,0,0,4,0,0,85
2026,R2,Sat 14-Mar-2026 4:15 PM,Away,Geelong,Kardinia Park,L,-10,6,Jordan Clark,,16,2,3,19,0,0,0,3,7,3,2,3,0,1,0,5,8,0,0,3,0,0,82
2026,R2,Sat 14-Mar-2026 4:15 PM,Away,Geelong,Kardinia Park,L,-10,4,Sean Darcy,,3,2,7,10,0,0,22,1,0,2,0,2,1,1,0,5,5,1,0,1,0,0,45
2026,R2,Sat 14-Mar-2026 4:15 PM,Away,Geelong,Kardinia Park,L,-10,43,Isaiah Dudley,,7,1,3,10,3,2,0,4,0,1,0,2,0,1,0,5,6,0,1,1,0,1,65
2026,R2,Sat 14-Mar-2026 4:15 PM,Away,Geelong,Kardinia Park,L,-10,28,Neil Erasmus,,12,4,9,21,0,2,0,0,4,1,1,7,0,1,0,7,14,0,0,1,0,0,75
2026,R2,Sat 14-Mar-2026 4:15 PM,Away,Geelong,Kardinia Park,L,-10,9,Luke Jackson,,8,2,19,27,1,0,22,8,3,1,10,6,3,2,3,18,10,0,0,1,0,0,78
2026,R2,Sat 14-Mar-2026 4:15 PM,Away,Geelong,Kardinia Park,L,-10,44,Matthew Johnson,,8,2,6,14,0,0,0,6,1,3,2,3,0,0,0,4,10,1,0,0,0,1,75
2026,R2,Sat 14-Mar-2026 4:15 PM,Away,Geelong,Kardinia Park,L,-10,21,Oscar McDonald,,4,2,1,5,0,0,0,2,4,0,0,1,1,0,0,2,2,0,0,5,0,0,91
2026,R2,Sat 14-Mar-2026 4:15 PM,Away,Geelong,Kardinia Park,L,-10,17,Judd McVee,,7,2,7,14,0,0,0,2,3,2,2,2,0,0,0,6,7,0,0,2,2,0,85
2026,R2,Sat 14-Mar-2026 4:15 PM,Away,Geelong,Kardinia Park,L,-10,30,Nathan ODriscoll,,3,2,8,11,1,0,0,3,0,3,1,0,0,0,0,6,6,0,0,2,0,0,78
2026,R2,Sat 14-Mar-2026 4:15 PM,Away,Geelong,Kardinia Park,L,-10,25,Alex Pearce,,7,5,1,8,0,0,0,1,4,0,1,2,0,1,0,3,5,1,0,0,0,0,59
2026,R2,Sat 14-Mar-2026 4:15 PM,Away,Geelong,Kardinia Park,L,-10,16,Murphy Reid,,9,2,10,19,1,3,0,4,1,1,2,1,3,1,0,7,12,0,0,0,1,0,81
2026,R2,Sat 14-Mar-2026 4:15 PM,Away,Geelong,Kardinia Park,L,-10,3,Caleb Serong,,21,5,9,30,1,1,0,1,1,6,8,2,1,0,1,13,15,0,0,1,1,2,85
2026,R2,Sat 14-Mar-2026 4:15 PM,Away,Geelong,Kardinia Park,L,-10,39,Sam Switkowski,,2,1,7,9,0,1,0,4,0,2,0,0,1,0,0,1,8,0,0,0,0,0,75
2026,R2,Sat 14-Mar-2026 4:15 PM,Away,Geelong,Kardinia Park,L,-10,35,Josh Treacy,,9,8,1,10,2,1,0,2,0,5,0,4,1,3,0,5,7,2,3,0,0,1,90
2026,R2,Sat 14-Mar-2026 4:15 PM,Away,Geelong,Kardinia Park,L,-10,20,Patrick Voss,,7,4,4,11,0,3,0,6,1,2,0,4,1,3,0,5,7,1,3,1,0,1,94
2026,R2,Sat 14-Mar-2026 4:15 PM,Away,Geelong,Kardinia Park,L,-10,34,Corey Wagner,,8,2,5,13,0,0,0,1,2,4,0,3,0,2,0,4,8,0,0,2,0,0,71
2026,R2,Sat 14-Mar-2026 4:15 PM,Away,Geelong,Kardinia Park,L,-10,31,Brandon Walker,,5,0,5,10,0,0,0,1,2,1,1,0,1,0,0,3,7,0,0,3,0,0,91
2026,R2,Sat 14-Mar-2026 4:15 PM,Away,Geelong,Kardinia Park,L,-10,23,Karl Worner,,11,6,8,19,0,0,0,2,4,1,0,2,1,2,0,2,13,0,0,2,1,0,82
2026,R2,Sat 14-Mar-2026 4:15 PM,Away,Geelong,Kardinia Park,L,-10,26,Hayden Young,,7,2,9,16,1,0,1,4,0,5,3,1,0,0,0,7,10,0,0,2,0,1,77
2026,R3,Sat 21-Mar-2026 4:35 PM,Home,Melbourne,Perth Stadium,W,48,24,Jye Amiss,,6,2,4,10,0,1,0,0,0,3,0,3,1,0,0,3,7,1,0,1,0,0,88
2026,R3,Sat 21-Mar-2026 4:35 PM,Home,Melbourne,Perth Stadium,W,48,10,Shai Bolton,,15,3,17,32,2,1,0,3,0,10,9,5,0,1,3,15,18,0,0,1,8,1,80
2026,R3,Sat 21-Mar-2026 4:35 PM,Home,Melbourne,Perth Stadium,W,48,8,Andrew Brayshaw,,16,6,23,39,1,0,0,4,2,2,1,4,1,1,2,5,32,0,2,0,2,0,76
2026,R3,Sat 21-Mar-2026 4:35 PM,Home,Melbourne,Perth Stadium,W,48,5,Heath Chapman,,14,8,4,18,0,0,0,0,4,4,1,0,0,0,0,2,12,0,0,5,0,1,89
2026,R3,Sat 21-Mar-2026 4:35 PM,Home,Melbourne,Perth Stadium,W,48,6,Jordan Clark,,20,5,5,25,0,0,0,1,8,4,1,1,0,0,0,3,19,0,0,0,0,2,80
2026,R3,Sat 21-Mar-2026 4:35 PM,Home,Melbourne,Perth Stadium,W,48,4,Sean Darcy,,1,2,5,6,0,1,11,2,0,0,2,2,0,2,0,5,1,1,0,1,0,0,54
2026,R3,Sat 21-Mar-2026 4:35 PM,Home,Melbourne,Perth Stadium,W,48,43,Isaiah Dudley,,9,2,6,15,3,1,0,4,2,3,1,3,1,0,0,4,11,0,1,0,1,1,80
2026,R3,Sat 21-Mar-2026 4:35 PM,Home,Melbourne,Perth Stadium,W,48,28,Neil Erasmus,,8,4,13,21,0,0,0,2,1,1,3,4,0,0,0,10,12,0,0,0,0,0,77
2026,R3,Sat 21-Mar-2026 4:35 PM,Home,Melbourne,Perth Stadium,W,48,9,Luke Jackson,,8,2,9,17,1,2,13,2,0,2,5,2,1,2,0,10,6,2,2,2,0,2,73
2026,R3,Sat 21-Mar-2026 4:35 PM,Home,Melbourne,Perth Stadium,W,48,44,Matthew Johnson,,5,0,14,19,1,1,0,2,1,3,1,2,0,1,0,10,10,0,0,1,2,1,72
2026,R3,Sat 21-Mar-2026 4:35 PM,Home,Melbourne,Perth Stadium,W,48,21,Oscar McDonald,,10,6,9,19,0,0,0,2,2,1,0,4,0,0,0,4,13,1,0,7,0,0,89
2026,R3,Sat 21-Mar-2026 4:35 PM,Home,Melbourne,Perth Stadium,W,48,17,Judd McVee,,9,6,3,12,0,0,0,1,3,1,1,1,0,0,0,4,7,0,0,5,1,1,78
2026,R3,Sat 21-Mar-2026 4:35 PM,Home,Melbourne,Perth Stadium,W,48,30,Nathan ODriscoll,,7,4,13,20,0,1,0,2,0,4,1,3,0,0,0,10,11,0,0,3,0,1,81
2026,R3,Sat 21-Mar-2026 4:35 PM,Home,Melbourne,Perth Stadium,W,48,25,Alex Pearce,,1,1,4,5,0,0,0,1,2,0,0,3,0,1,0,5,2,0,0,7,0,0,52
2026,R3,Sat 21-Mar-2026 4:35 PM,Home,Melbourne,Perth Stadium,W,48,16,Murphy Reid,,12,2,12,24,2,0,0,2,2,3,3,4,0,1,0,8,15,0,0,0,0,1,80
2026,R3,Sat 21-Mar-2026 4:35 PM,Home,Melbourne,Perth Stadium,W,48,13,Luke Ryan,,21,11,3,24,0,0,0,1,5,1,0,1,1,0,0,2,17,0,0,5,0,0,86
2026,R3,Sat 21-Mar-2026 4:35 PM,Home,Melbourne,Perth Stadium,W,48,45,Chris Scerri,,4,2,16,20,0,1,0,2,1,4,0,2,1,0,0,7,12,0,1,0,5,0,75
2026,R3,Sat 21-Mar-2026 4:35 PM,Home,Melbourne,Perth Stadium,W,48,3,Caleb Serong,,8,2,8,16,1,0,0,3,0,2,3,3,0,0,0,11,6,0,0,1,0,0,79
2026,R3,Sat 21-Mar-2026 4:35 PM,Home,Melbourne,Perth Stadium,W,48,39,Sam Switkowski,,3,0,4,7,1,1,0,1,0,2,0,0,1,0,0,3,4,0,0,1,0,0,66
2026,R3,Sat 21-Mar-2026 4:35 PM,Home,Melbourne,Perth Stadium,W,48,35,Josh Treacy,,12,10,5,17,4,1,0,2,0,4,0,6,4,1,1,12,8,4,5,3,0,1,90
2026,R3,Sat 21-Mar-2026 4:35 PM,Home,Melbourne,Perth Stadium,W,48,20,Patrick Voss,,8,1,4,12,1,2,0,2,0,1,0,3,1,2,0,4,9,0,1,2,0,0,90
2026,R3,Sat 21-Mar-2026 4:35 PM,Home,Melbourne,Perth Stadium,W,48,34,Corey Wagner,,12,5,7,19,0,0,0,2,4,3,0,2,0,0,0,2,16,0,0,1,1,0,79
2026,R3,Sat 21-Mar-2026 4:35 PM,Home,Melbourne,Perth Stadium,W,48,23,Karl Worner,,15,9,5,20,0,0,0,4,8,0,1,4,1,2,0,4,14,0,0,4,0,0,82
2026,R4,Sat 28-Mar-2026 1:15 PM,Home,Richmond,Perth Stadium,W,60,24,Jye Amiss,,6,4,4,10,2,3,0,2,0,1,1,0,2,0,0,7,4,2,4,3,0,1,91
2026,R4,Sat 28-Mar-2026 1:15 PM,Home,Richmond,Perth Stadium,W,60,10,Shai Bolton,,15,4,18,33,0,1,0,5,4,6,4,4,1,1,1,11,25,0,0,3,0,2,80
2026,R4,Sat 28-Mar-2026 1:15 PM,Home,Richmond,Perth Stadium,W,60,8,Andrew Brayshaw,,15,5,6,21,0,1,0,5,2,5,3,1,0,0,0,4,17,0,0,3,1,1,81
2026,R4,Sat 28-Mar-2026 1:15 PM,Home,Richmond,Perth Stadium,W,60,5,Heath Chapman,,15,6,4,19,0,1,0,3,1,5,1,3,0,2,0,3,17,0,1,3,0,1,87
2026,R4,Sat 28-Mar-2026 1:15 PM,Home,Richmond,Perth Stadium,W,60,6,Jordan Clark,,14,4,13,27,0,0,0,4,4,2,1,1,2,0,0,10,14,0,0,1,3,0,87
2026,R4,Sat 28-Mar-2026 1:15 PM,Home,Richmond,Perth Stadium,W,60,36,Brennan Cox,,11,5,6,17,0,0,0,4,1,2,0,1,3,0,0,5,12,1,0,7,0,1,68
2026,R4,Sat 28-Mar-2026 1:15 PM,Home,Richmond,Perth Stadium,W,60,4,Sean Darcy,,4,1,4,8,1,0,29,5,0,2,3,2,1,1,0,6,1,0,1,3,0,1,54
2026,R4,Sat 28-Mar-2026 1:15 PM,Home,Richmond,Perth Stadium,W,60,43,Isaiah Dudley,,5,3,6,11,1,0,0,2,0,2,0,2,2,1,0,7,6,0,0,0,0,0,62
2026,R4,Sat 28-Mar-2026 1:15 PM,Home,Richmond,Perth Stadium,W,60,28,Neil Erasmus,,6,3,15,21,0,1,0,2,1,3,2,3,1,0,0,9,12,0,1,0,0,0,85
2026,R4,Sat 28-Mar-2026 1:15 PM,Home,Richmond,Perth Stadium,W,60,9,Luke Jackson,,5,0,12,17,1,4,28,2,2,1,5,6,2,2,0,13,4,0,0,0,0,0,83
2026,R4,Sat 28-Mar-2026 1:15 PM,Home,Richmond,Perth Stadium,W,60,44,Matthew Johnson,,8,3,9,17,1,0,0,0,0,4,2,2,0,1,0,3,13,0,0,0,0,0,77
2026,R4,Sat 28-Mar-2026 1:15 PM,Home,Richmond,Perth Stadium,W,60,17,Judd McVee,,10,2,7,17,0,0,0,1,3,0,3,2,1,0,0,7,7,0,0,3,0,0,83
2026,R4,Sat 28-Mar-2026 1:15 PM,Home,Richmond,Perth Stadium,W,60,2,Jaeger OMeara,,10,2,9,19,0,0,0,5,0,5,3,1,2,0,0,9,9,0,0,0,0,1,65
2026,R4,Sat 28-Mar-2026 1:15 PM,Home,Richmond,Perth Stadium,W,60,25,Alex Pearce,,7,4,3,10,0,0,0,0,3,0,1,3,1,1,0,2,7,0,0,4,2,0,69
2026,R4,Sat 28-Mar-2026 1:15 PM,Home,Richmond,Perth Stadium,W,60,16,Murphy Reid,,12,6,11,23,0,1,0,0,1,1,1,8,0,2,0,6,17,0,0,1,0,0,82
2026,R4,Sat 28-Mar-2026 1:15 PM,Home,Richmond,Perth Stadium,W,60,13,Luke Ryan,,13,5,1,14,0,0,0,2,2,2,0,2,0,2,0,0,10,0,0,2,0,0,83
2026,R4,Sat 28-Mar-2026 1:15 PM,Home,Richmond,Perth Stadium,W,60,45,Chris Scerri,,2,2,6,8,0,0,0,0,0,2,0,0,0,0,0,5,3,0,0,1,0,0,69
2026,R4,Sat 28-Mar-2026 1:15 PM,Home,Richmond,Perth Stadium,W,60,3,Caleb Serong,,20,2,12,32,2,1,0,6,2,8,9,5,3,2,3,15,16,0,1,0,0,1,82
2026,R4,Sat 28-Mar-2026 1:15 PM,Home,Richmond,Perth Stadium,W,60,39,Sam Switkowski,,4,2,8,12,0,2,0,4,0,4,0,0,0,0,0,4,7,0,0,0,0,1,76
2026,R4,Sat 28-Mar-2026 1:15 PM,Home,Richmond,Perth Stadium,W,60,35,Josh Treacy,,14,12,2,16,4,3,0,2,0,5,1,3,3,0,2,8,8,4,6,3,0,1,88
2026,R4,Sat 28-Mar-2026 1:15 PM,Home,Richmond,Perth Stadium,W,60,20,Patrick Voss,,12,6,6,18,1,3,0,5,0,2,0,5,3,3,0,8,10,0,2,3,0,0,89
2026,R4,Sat 28-Mar-2026 1:15 PM,Home,Richmond,Perth Stadium,W,60,34,Corey Wagner,,13,8,9,22,0,1,0,1,2,3,1,1,0,0,0,8,13,0,1,1,1,0,84
2026,R4,Sat 28-Mar-2026 1:15 PM,Home,Richmond,Perth Stadium,W,60,23,Karl Worner,,9,6,5,14,0,0,0,1,2,0,0,3,0,1,0,1,13,0,0,2,1,0,73
2026,R5,Fri 03-Apr-2026 6:45 PM,Away,Adelaide,Adelaide Oval,W,2,24,Jye Amiss,,6,5,4,10,4,1,0,0,0,0,0,1,1,1,0,7,4,2,4,0,0,0,91
2026,R5,Fri 03-Apr-2026 6:45 PM,Away,Adelaide,Adelaide Oval,W,2,10,Shai Bolton,,13,1,8,21,1,1,0,1,0,5,2,2,0,1,0,7,14,1,0,0,2,1,85
2026,R5,Fri 03-Apr-2026 6:45 PM,Away,Adelaide,Adelaide Oval,W,2,8,Andrew Brayshaw,,11,0,14,25,1,0,0,10,1,7,7,3,2,2,1,11,14,0,0,2,0,0,80
2026,R5,Fri 03-Apr-2026 6:45 PM,Away,Adelaide,Adelaide Oval,W,2,5,Heath Chapman,,10,8,6,16,0,0,0,1,2,1,0,0,0,0,0,5,11,0,0,6,0,1,87
2026,R5,Fri 03-Apr-2026 6:45 PM,Away,Adelaide,Adelaide Oval,W,2,6,Jordan Clark,,13,4,5,18,0,0,0,2,6,2,0,3,0,0,0,3,10,0,0,1,0,0,79
2026,R5,Fri 03-Apr-2026 6:45 PM,Away,Adelaide,Adelaide Oval,W,2,36,Brennan Cox,,8,4,3,11,0,0,0,4,3,0,0,3,2,1,0,4,5,2,0,10,0,0,71
2026,R5,Fri 03-Apr-2026 6:45 PM,Away,Adelaide,Adelaide Oval,W,2,4,Sean Darcy,,5,2,2,7,0,0,22,1,0,3,1,3,1,2,0,3,4,0,0,3,0,0,43
2026,R5,Fri 03-Apr-2026 6:45 PM,Away,Adelaide,Adelaide Oval,W,2,43,Isaiah Dudley,,6,1,6,12,1,1,0,2,0,1,0,4,1,3,0,4,9,0,1,0,0,2,78
2026,R5,Fri 03-Apr-2026 6:45 PM,Away,Adelaide,Adelaide Oval,W,2,28,Neil Erasmus,,9,1,12,21,0,0,0,3,4,5,2,2,1,0,0,8,13,0,0,1,1,1,75
2026,R5,Fri 03-Apr-2026 6:45 PM,Away,Adelaide,Adelaide Oval,W,2,9,Luke Jackson,,6,1,14,20,0,1,26,7,2,2,7,4,2,3,0,14,7,0,0,1,0,1,75
2026,R5,Fri 03-Apr-2026 6:45 PM,Away,Adelaide,Adelaide Oval,W,2,44,Matthew Johnson,,11,3,9,20,0,0,0,3,0,3,2,4,0,0,0,6,13,0,0,1,1,0,61
2026,R5,Fri 03-Apr-2026 6:45 PM,Away,Adelaide,Adelaide Oval,W,2,17,Judd McVee,,14,3,9,23,0,0,0,0,4,2,3,3,0,0,0,9,11,1,0,0,0,0,81
2026,R5,Fri 03-Apr-2026 6:45 PM,Away,Adelaide,Adelaide Oval,W,2,2,Jaeger OMeara,,4,2,7,11,0,1,0,2,0,3,1,1,0,1,0,3,8,0,1,0,0,1,74
2026,R5,Fri 03-Apr-2026 6:45 PM,Away,Adelaide,Adelaide Oval,W,2,25,Alex Pearce,,5,6,4,9,0,0,0,2,0,1,0,2,0,1,0,5,5,2,0,9,0,0,86
2026,R5,Fri 03-Apr-2026 6:45 PM,Away,Adelaide,Adelaide Oval,W,2,16,Murphy Reid,,11,2,15,26,0,1,0,5,0,6,2,1,1,0,0,10,16,0,0,1,1,2,89
2026,R5,Fri 03-Apr-2026 6:45 PM,Away,Adelaide,Adelaide Oval,W,2,13,Luke Ryan,,8,1,2,10,0,0,0,2,3,1,0,1,0,1,0,1,3,1,0,2,0,0,85
2026,R5,Fri 03-Apr-2026 6:45 PM,Away,Adelaide,Adelaide Oval,W,2,45,Chris Scerri,,0,0,6,6,0,0,0,1,0,0,0,0,0,0,0,4,2,0,0,1,0,0,59
2026,R5,Fri 03-Apr-2026 6:45 PM,Away,Adelaide,Adelaide Oval,W,2,3,Caleb Serong,,21,3,11,32,0,1,0,8,2,6,6,4,0,1,3,13,19,0,0,0,0,0,88
2026,R5,Fri 03-Apr-2026 6:45 PM,Away,Adelaide,Adelaide Oval,W,2,39,Sam Switkowski,,4,1,9,13,0,0,0,3,1,3,1,1,1,0,0,6,8,0,0,0,0,1,74
2026,R5,Fri 03-Apr-2026 6:45 PM,Away,Adelaide,Adelaide Oval,W,2,35,Josh Treacy,,9,5,4,13,2,2,0,5,0,3,0,2,0,2,0,10,6,3,2,5,0,0,94
2026,R5,Fri 03-Apr-2026 6:45 PM,Away,Adelaide,Adelaide Oval,W,2,20,Patrick Voss,,9,5,4,13,2,3,0,3,0,1,0,2,2,1,0,7,6,1,4,0,0,0,91
2026,R5,Fri 03-Apr-2026 6:45 PM,Away,Adelaide,Adelaide Oval,W,2,34,Corey Wagner,,9,2,9,18,0,0,0,1,6,0,5,3,0,0,0,7,11,0,0,0,1,0,76
2026,R5,Fri 03-Apr-2026 6:45 PM,Away,Adelaide,Adelaide Oval,W,2,23,Karl Worner,,7,4,3,10,0,0,0,4,3,0,0,2,1,1,0,2,7,0,0,1,0,0,77
2026,R6,Fri 10-Apr-2026 7:10 PM,Away,Collingwood,Adelaide Oval,W,6,24,Jye Amiss,,10,7,2,12,2,0,0,0,0,3,0,0,1,0,0,5,8,1,2,3,1,0,89
2026,R6,Fri 10-Apr-2026 7:10 PM,Away,Collingwood,Adelaide Oval,W,6,10,Shai Bolton,,14,1,3,17,1,0,0,3,0,5,3,4,1,2,0,9,11,0,0,0,2,0,85
2026,R6,Fri 10-Apr-2026 7:10 PM,Away,Collingwood,Adelaide Oval,W,6,8,Andrew Brayshaw,,10,0,9,19,0,2,0,9,3,4,5,5,3,1,0,9,11,0,0,3,0,1,74
2026,R6,Fri 10-Apr-2026 7:10 PM,Away,Collingwood,Adelaide Oval,W,6,5,Heath Chapman,,11,3,6,17,0,0,0,1,7,3,0,3,1,1,0,3,13,0,0,3,0,0,81
2026,R6,Fri 10-Apr-2026 7:10 PM,Away,Collingwood,Adelaide Oval,W,6,6,Jordan Clark,,15,5,12,27,0,0,0,3,8,2,3,4,0,1,0,11,14,0,0,3,0,0,80
2026,R6,Fri 10-Apr-2026 7:10 PM,Away,Collingwood,Adelaide Oval,W,6,36,Brennan Cox,,6,3,7,13,0,0,0,2,4,0,1,1,0,1,0,4,8,0,0,13,0,0,85
2026,R6,Fri 10-Apr-2026 7:10 PM,Away,Collingwood,Adelaide Oval,W,6,4,Sean Darcy,,0,0,5,5,0,0,9,0,0,1,1,2,1,1,0,5,0,0,0,0,0,0,26
2026,R6,Fri 10-Apr-2026 7:10 PM,Away,Collingwood,Adelaide Oval,W,6,43,Isaiah Dudley,,6,2,2,8,2,0,0,4,1,0,1,4,1,1,0,3,3,0,1,1,0,0,71
2026,R6,Fri 10-Apr-2026 7:10 PM,Away,Collingwood,Adelaide Oval,W,6,28,Neil Erasmus,,10,4,8,18,0,0,0,1,5,2,0,3,0,1,0,3,15,0,0,0,0,0,70
2026,R6,Fri 10-Apr-2026 7:10 PM,Away,Collingwood,Adelaide Oval,W,6,9,Luke Jackson,,8,5,9,17,0,0,38,9,0,1,5,1,0,0,3,9,7,1,0,3,0,0,85
2026,R6,Fri 10-Apr-2026 7:10 PM,Away,Collingwood,Adelaide Oval,W,6,44,Matthew Johnson,,8,1,2,10,1,0,0,5,0,5,1,4,0,2,0,3,7,0,0,0,0,2,77
2026,R6,Fri 10-Apr-2026 7:10 PM,Away,Collingwood,Adelaide Oval,W,6,17,Judd McVee,,7,3,3,10,0,0,0,0,3,1,0,0,0,0,0,6,5,1,0,3,0,0,72
2026,R6,Fri 10-Apr-2026 7:10 PM,Away,Collingwood,Adelaide Oval,W,6,2,Jaeger OMeara,,12,5,9,21,0,0,0,2,4,0,1,2,0,0,0,5,17,0,0,1,0,0,82
2026,R6,Fri 10-Apr-2026 7:10 PM,Away,Collingwood,Adelaide Oval,W,6,25,Alex Pearce,,7,5,7,14,0,0,0,2,1,2,0,1,1,0,0,11,4,4,0,6,0,0,90
2026,R6,Fri 10-Apr-2026 7:10 PM,Away,Collingwood,Adelaide Oval,W,6,16,Murphy Reid,,11,4,11,22,0,0,0,1,0,4,0,3,0,0,0,9,13,0,0,1,0,2,77
2026,R6,Fri 10-Apr-2026 7:10 PM,Away,Collingwood,Adelaide Oval,W,6,13,Luke Ryan,,23,10,2,25,0,0,0,4,10,0,1,1,2,0,0,6,14,1,0,2,0,0,89
2026,R6,Fri 10-Apr-2026 7:10 PM,Away,Collingwood,Adelaide Oval,W,6,45,Chris Scerri,,0,0,7,7,0,0,0,1,0,0,0,3,0,3,0,3,5,0,0,0,0,0,68
2026,R6,Fri 10-Apr-2026 7:10 PM,Away,Collingwood,Adelaide Oval,W,6,3,Caleb Serong,,13,4,11,24,0,0,0,3,2,2,8,2,0,0,0,11,11,0,0,1,0,0,84
2026,R6,Fri 10-Apr-2026 7:10 PM,Away,Collingwood,Adelaide Oval,W,6,39,Sam Switkowski,,8,3,9,17,1,0,0,0,0,3,1,3,1,0,0,10,6,1,1,1,0,0,75
2026,R6,Fri 10-Apr-2026 7:10 PM,Away,Collingwood,Adelaide Oval,W,6,35,Josh Treacy,,7,4,7,14,0,0,0,4,0,3,0,3,1,2,0,7,7,3,0,1,0,0,87
2026,R6,Fri 10-Apr-2026 7:10 PM,Away,Collingwood,Adelaide Oval,W,6,20,Patrick Voss,,4,3,2,6,0,1,0,2,0,0,0,3,0,1,0,1,5,0,1,0,0,0,86
2026,R6,Fri 10-Apr-2026 7:10 PM,Away,Collingwood,Adelaide Oval,W,6,34,Corey Wagner,,10,2,6,16,0,0,0,3,3,2,3,0,0,0,0,7,9,0,0,2,1,1,78
2026,R6,Fri 10-Apr-2026 7:10 PM,Away,Collingwood,Adelaide Oval,W,6,23,Karl Worner,,12,7,7,19,0,0,0,4,4,2,0,2,1,2,0,7,11,0,0,5,0,0,87
2026,R7,Sun 19-Apr-2026 3:10 PM,Away,West Coast,Perth Stadium,W,56,24,Jye Amiss,,11,10,2,13,5,4,0,0,0,0,0,1,0,0,2,3,10,2,9,2,0,1,87
2026,R7,Sun 19-Apr-2026 3:10 PM,Away,West Coast,Perth Stadium,W,56,10,Shai Bolton,,8,3,8,16,1,0,0,3,1,3,3,5,0,2,0,8,7,0,0,1,2,1,82
2026,R7,Sun 19-Apr-2026 3:10 PM,Away,West Coast,Perth Stadium,W,56,8,Andrew Brayshaw,,5,1,10,15,0,0,0,7,0,1,3,2,1,1,0,6,9,0,0,3,0,0,78
2026,R7,Sun 19-Apr-2026 3:10 PM,Away,West Coast,Perth Stadium,W,56,5,Heath Chapman,,15,7,10,25,0,0,0,2,2,4,0,2,1,0,0,7,16,2,0,3,0,0,84
2026,R7,Sun 19-Apr-2026 3:10 PM,Away,West Coast,Perth Stadium,W,56,6,Jordan Clark,,21,11,6,27,1,0,0,1,6,5,2,1,2,1,3,3,21,0,0,3,3,1,87
2026,R7,Sun 19-Apr-2026 3:10 PM,Away,West Coast,Perth Stadium,W,56,36,Brennan Cox,,9,10,1,10,0,0,0,0,3,0,0,4,0,1,0,1,10,1,0,3,0,0,82
2026,R7,Sun 19-Apr-2026 3:10 PM,Away,West Coast,Perth Stadium,W,56,18,Mason Cox,,4,2,0,4,0,1,13,2,1,0,3,2,0,1,0,4,0,2,1,4,0,0,59
2026,R7,Sun 19-Apr-2026 3:10 PM,Away,West Coast,Perth Stadium,W,56,43,Isaiah Dudley,,3,3,2,5,0,0,0,3,0,2,0,0,0,0,0,1,4,0,0,0,0,1,75
2026,R7,Sun 19-Apr-2026 3:10 PM,Away,West Coast,Perth Stadium,W,56,28,Neil Erasmus,,10,4,3,13,1,1,0,5,3,2,0,3,0,0,0,5,8,1,2,2,0,1,75
2026,R7,Sun 19-Apr-2026 3:10 PM,Away,West Coast,Perth Stadium,W,56,32,Michael Frederick,,4,3,3,7,0,0,0,2,0,1,0,1,1,0,0,1,6,0,1,1,0,0,64
2026,R7,Sun 19-Apr-2026 3:10 PM,Away,West Coast,Perth Stadium,W,56,9,Luke Jackson,,7,3,9,16,1,0,29,7,1,1,2,4,1,3,0,7,9,1,0,1,0,0,80
2026,R7,Sun 19-Apr-2026 3:10 PM,Away,West Coast,Perth Stadium,W,56,44,Matthew Johnson,,8,4,12,20,0,0,0,3,4,1,2,2,1,1,0,6,14,0,0,0,0,0,75
2026,R7,Sun 19-Apr-2026 3:10 PM,Away,West Coast,Perth Stadium,W,56,17,Judd McVee,,13,9,7,20,0,0,0,0,4,1,0,5,0,0,0,6,14,0,0,1,3,0,80
2026,R7,Sun 19-Apr-2026 3:10 PM,Away,West Coast,Perth Stadium,W,56,25,Alex Pearce,,4,3,3,7,0,0,0,0,1,1,0,0,0,0,0,2,5,1,0,4,0,0,89
2026,R7,Sun 19-Apr-2026 3:10 PM,Away,West Coast,Perth Stadium,W,56,16,Murphy Reid,,16,5,10,26,0,2,0,5,0,5,0,3,1,0,0,6,19,0,1,1,2,3,82
2026,R7,Sun 19-Apr-2026 3:10 PM,Away,West Coast,Perth Stadium,W,56,13,Luke Ryan,,19,8,7,26,0,1,0,0,5,4,0,4,0,2,0,7,16,1,1,7,0,0,93
2026,R7,Sun 19-Apr-2026 3:10 PM,Away,West Coast,Perth Stadium,W,56,3,Caleb Serong,,11,4,13,24,1,0,0,3,4,1,6,4,2,1,1,13,13,0,0,0,0,0,76
2026,R7,Sun 19-Apr-2026 3:10 PM,Away,West Coast,Perth Stadium,W,56,39,Sam Switkowski,,6,4,6,12,0,0,0,4,0,2,1,1,0,0,0,4,8,1,0,1,0,2,64
2026,R7,Sun 19-Apr-2026 3:10 PM,Away,West Coast,Perth Stadium,W,56,35,Josh Treacy,,4,3,6,10,1,1,0,2,0,2,0,1,1,1,0,6,4,2,1,2,0,1,83
2026,R7,Sun 19-Apr-2026 3:10 PM,Away,West Coast,Perth Stadium,W,56,20,Patrick Voss,,6,4,6,12,3,0,0,2,1,0,0,2,0,1,0,5,7,1,2,2,0,0,86
2026,R7,Sun 19-Apr-2026 3:10 PM,Away,West Coast,Perth Stadium,W,56,34,Corey Wagner,,18,6,3,21,0,0,0,1,3,5,1,4,0,1,0,7,16,0,1,3,0,0,80
2026,R7,Sun 19-Apr-2026 3:10 PM,Away,West Coast,Perth Stadium,W,56,23,Karl Worner,,8,5,5,13,0,0,0,2,3,1,1,2,1,0,0,4,9,0,0,0,0,0,72
2026,R7,Sun 19-Apr-2026 3:10 PM,Away,West Coast,Perth Stadium,W,56,26,Hayden Young,,16,8,7,23,0,1,0,2,1,8,4,3,0,1,0,7,15,0,0,0,1,1,66
2026,R8,Sat 25-Apr-2026 6:15 PM,Home,Carlton,Perth Stadium,W,14,24,Jye Amiss,,9,7,3,12,3,0,0,1,0,1,0,1,2,0,0,3,9,1,4,1,0,1,93
2026,R8,Sat 25-Apr-2026 6:15 PM,Home,Carlton,Perth Stadium,W,14,10,Shai Bolton,,16,4,17,33,2,2,0,8,2,9,4,4,1,1,3,11,23,0,0,2,1,3,83
2026,R8,Sat 25-Apr-2026 6:15 PM,Home,Carlton,Perth Stadium,W,14,8,Andrew Brayshaw,,11,2,15,26,0,0,0,10,1,2,5,3,1,1,0,11,16,0,0,2,1,0,76
2026,R8,Sat 25-Apr-2026 6:15 PM,Home,Carlton,Perth Stadium,W,14,5,Heath Chapman,,10,3,4,14,0,0,0,2,2,2,0,2,0,2,0,2,11,0,0,1,0,0,79
2026,R8,Sat 25-Apr-2026 6:15 PM,Home,Carlton,Perth Stadium,W,14,6,Jordan Clark,,16,6,9,25,0,0,0,0,4,3,0,3,1,0,0,2,19,0,0,2,0,2,81
2026,R8,Sat 25-Apr-2026 6:15 PM,Home,Carlton,Perth Stadium,W,14,36,Brennan Cox,,11,7,3,14,0,0,0,1,2,0,0,1,1,1,0,2,11,0,0,6,0,0,84
2026,R8,Sat 25-Apr-2026 6:15 PM,Home,Carlton,Perth Stadium,W,14,18,Mason Cox,,4,4,4,8,2,0,8,3,0,0,0,5,0,2,0,4,5,3,3,2,0,0,81
2026,R8,Sat 25-Apr-2026 6:15 PM,Home,Carlton,Perth Stadium,W,14,43,Isaiah Dudley,,4,1,2,6,0,1,0,2,0,1,1,1,0,1,0,3,3,0,1,0,0,1,63
2026,R8,Sat 25-Apr-2026 6:15 PM,Home,Carlton,Perth Stadium,W,14,28,Neil Erasmus,,8,6,7,15,0,0,0,0,2,3,5,4,1,2,0,8,9,0,0,2,0,1,74
2026,R8,Sat 25-Apr-2026 6:15 PM,Home,Carlton,Perth Stadium,W,14,32,Michael Frederick,,8,5,3,11,2,1,0,2,0,2,0,3,0,1,0,3,8,0,3,0,1,1,69
2026,R8,Sat 25-Apr-2026 6:15 PM,Home,Carlton,Perth Stadium,W,14,9,Luke Jackson,,8,5,13,21,2,1,31,6,0,2,3,3,2,0,2,9,14,2,0,4,0,0,77
2026,R8,Sat 25-Apr-2026 6:15 PM,Home,Carlton,Perth Stadium,W,14,44,Matthew Johnson,,4,1,10,14,0,0,0,3,2,2,2,3,1,2,0,3,11,0,0,4,0,1,71
2026,R8,Sat 25-Apr-2026 6:15 PM,Home,Carlton,Perth Stadium,W,14,17,Judd McVee,,11,7,11,22,0,0,0,2,5,0,0,2,0,1,0,5,16,1,0,0,1,0,83
2026,R8,Sat 25-Apr-2026 6:15 PM,Home,Carlton,Perth Stadium,W,14,25,Alex Pearce,,5,4,4,9,0,0,0,3,4,1,0,3,1,1,0,6,3,1,0,2,0,0,83
2026,R8,Sat 25-Apr-2026 6:15 PM,Home,Carlton,Perth Stadium,W,14,16,Murphy Reid,,11,5,12,23,0,0,0,1,0,3,3,1,0,0,0,5,18,0,0,0,2,1,84
2026,R8,Sat 25-Apr-2026 6:15 PM,Home,Carlton,Perth Stadium,W,14,13,Luke Ryan,,20,8,4,24,0,0,0,1,8,2,0,3,1,2,0,2,15,0,0,5,0,0,91
2026,R8,Sat 25-Apr-2026 6:15 PM,Home,Carlton,Perth Stadium,W,14,3,Caleb Serong,,12,0,10,22,0,0,0,3,2,5,5,5,1,1,0,14,9,0,0,1,0,1,72
2026,R8,Sat 25-Apr-2026 6:15 PM,Home,Carlton,Perth Stadium,W,14,14,Jeremy Sharp,,8,8,6,14,2,0,0,1,0,1,0,0,0,0,0,1,13,0,2,0,0,0,71
2026,R8,Sat 25-Apr-2026 6:15 PM,Home,Carlton,Perth Stadium,W,14,39,Sam Switkowski,,2,3,10,12,0,0,0,2,0,3,0,0,0,0,0,6,8,1,0,2,0,1,68
2026,R8,Sat 25-Apr-2026 6:15 PM,Home,Carlton,Perth Stadium,W,14,35,Josh Treacy,,6,5,2,8,3,0,0,2,0,1,0,2,1,2,0,3,5,1,3,1,0,1,89
2026,R8,Sat 25-Apr-2026 6:15 PM,Home,Carlton,Perth Stadium,W,14,34,Corey Wagner,,17,4,10,27,0,0,0,5,2,5,1,4,1,0,0,8,20,0,0,1,0,0,77
2026,R8,Sat 25-Apr-2026 6:15 PM,Home,Carlton,Perth Stadium,W,14,23,Karl Worner,,9,4,14,23,0,0,0,2,3,1,0,2,1,0,0,7,15,1,0,2,2,0,80
2026,R8,Sat 25-Apr-2026 6:15 PM,Home,Carlton,Perth Stadium,W,14,26,Hayden Young,,8,4,13,21,0,0,0,1,1,2,5,1,1,0,0,11,12,0,0,2,1,1,72
2026,R9,Fri 01-May-2026 7:30 PM,Away,Western Bulldogs,Docklands,W,12,24,Jye Amiss,,8,4,4,12,0,3,0,3,0,0,0,1,0,0,0,1,11,0,3,0,0,1,91
2026,R9,Fri 01-May-2026 7:30 PM,Away,Western Bulldogs,Docklands,W,12,10,Shai Bolton,,14,2,16,30,1,1,0,3,1,8,9,3,0,2,2,15,16,0,0,1,1,2,83
2026,R9,Fri 01-May-2026 7:30 PM,Away,Western Bulldogs,Docklands,W,12,8,Andrew Brayshaw,,12,3,10,22,1,0,0,8,1,4,6,3,1,1,0,8,11,0,0,2,0,0,79
2026,R9,Fri 01-May-2026 7:30 PM,Away,Western Bulldogs,Docklands,W,12,5,Heath Chapman,,7,5,8,15,1,0,0,3,2,1,0,2,0,1,0,5,9,0,0,6,0,0,88
2026,R9,Fri 01-May-2026 7:30 PM,Away,Western Bulldogs,Docklands,W,12,6,Jordan Clark,,15,5,7,22,0,0,0,2,3,4,3,5,0,3,0,8,13,0,0,2,0,0,88
2026,R9,Fri 01-May-2026 7:30 PM,Away,Western Bulldogs,Docklands,W,12,36,Brennan Cox,,8,2,5,13,0,0,0,3,3,3,0,2,0,1,0,6,6,1,0,6,0,0,85
2026,R9,Fri 01-May-2026 7:30 PM,Away,Western Bulldogs,Docklands,W,12,18,Mason Cox,,7,2,1,8,0,2,25,3,1,0,2,0,2,0,0,5,3,1,1,0,0,0,48
2026,R9,Fri 01-May-2026 7:30 PM,Away,Western Bulldogs,Docklands,W,12,43,Isaiah Dudley,,2,0,4,6,1,0,0,2,0,0,1,2,1,1,0,3,4,0,0,1,0,2,68
2026,R9,Fri 01-May-2026 7:30 PM,Away,Western Bulldogs,Docklands,W,12,28,Neil Erasmus,,11,4,4,15,1,0,0,4,3,2,4,5,1,1,0,7,9,0,1,0,0,1,69
2026,R9,Fri 01-May-2026 7:30 PM,Away,Western Bulldogs,Docklands,W,12,32,Michael Frederick,,6,3,3,9,1,0,0,3,1,2,1,1,0,1,0,3,6,1,0,1,1,0,78
2026,R9,Fri 01-May-2026 7:30 PM,Away,Western Bulldogs,Docklands,W,12,9,Luke Jackson,,8,3,10,18,1,2,36,8,0,5,3,4,3,1,0,12,5,2,2,2,0,0,80
2026,R9,Fri 01-May-2026 7:30 PM,Away,Western Bulldogs,Docklands,W,12,44,Matthew Johnson,,2,0,9,11,0,0,0,1,2,2,2,6,0,4,0,4,9,0,0,2,0,0,84
2026,R9,Fri 01-May-2026 7:30 PM,Away,Western Bulldogs,Docklands,W,12,25,Alex Pearce,,3,4,4,7,0,0,0,3,1,0,0,2,0,2,0,1,6,0,0,3,0,0,92
2026,R9,Fri 01-May-2026 7:30 PM,Away,Western Bulldogs,Docklands,W,12,16,Murphy Reid,,10,3,12,22,1,0,0,3,1,4,3,2,1,0,0,4,16,0,0,1,2,1,81
2026,R9,Fri 01-May-2026 7:30 PM,Away,Western Bulldogs,Docklands,W,12,13,Luke Ryan,,20,8,2,22,0,0,0,3,4,2,0,1,2,1,0,5,13,1,0,4,0,0,85
2026,R9,Fri 01-May-2026 7:30 PM,Away,Western Bulldogs,Docklands,W,12,3,Caleb Serong,,11,0,6,17,0,0,0,8,1,5,4,3,1,1,0,6,10,0,0,0,0,0,80
2026,R9,Fri 01-May-2026 7:30 PM,Away,Western Bulldogs,Docklands,W,12,14,Jeremy Sharp,,7,4,3,10,0,0,0,1,0,3,0,2,0,0,0,3,10,0,0,1,0,0,64
2026,R9,Fri 01-May-2026 7:30 PM,Away,Western Bulldogs,Docklands,W,12,39,Sam Switkowski,,7,3,5,12,3,0,0,3,0,1,1,2,0,1,0,6,6,0,2,2,2,0,77
2026,R9,Fri 01-May-2026 7:30 PM,Away,Western Bulldogs,Docklands,W,12,35,Josh Treacy,,12,8,5,17,3,3,0,2,0,4,0,5,2,2,0,8,9,2,5,3,0,2,86
2026,R9,Fri 01-May-2026 7:30 PM,Away,Western Bulldogs,Docklands,W,12,20,Patrick Voss,,2,1,3,5,0,0,0,3,0,2,1,3,1,2,0,3,2,0,0,2,0,0,70
2026,R9,Fri 01-May-2026 7:30 PM,Away,Western Bulldogs,Docklands,W,12,34,Corey Wagner,,11,2,8,19,0,0,0,0,6,2,1,4,0,1,0,5,13,0,0,2,0,1,71
2026,R9,Fri 01-May-2026 7:30 PM,Away,Western Bulldogs,Docklands,W,12,23,Karl Worner,,16,8,5,21,0,0,0,2,5,6,1,1,2,0,0,4,14,1,0,1,1,0,77
2026,R9,Fri 01-May-2026 7:30 PM,Away,Western Bulldogs,Docklands,W,12,26,Hayden Young,,10,1,10,20,3,0,0,7,2,3,3,3,0,1,1,9,11,0,0,0,0,0,76
2026,R10,Thu 07-May-2026 6:10 PM,Home,Hawthorn,Perth Stadium,W,15,24,Jye Amiss,,5,2,1,6,3,0,0,0,0,0,0,0,0,0,0,2,4,1,2,1,0,1,93
2026,R10,Thu 07-May-2026 6:10 PM,Home,Hawthorn,Perth Stadium,W,15,10,Shai Bolton,,5,1,17,22,0,0,0,3,0,2,5,2,1,2,0,9,14,0,0,0,0,1,82
2026,R10,Thu 07-May-2026 6:10 PM,Home,Hawthorn,Perth Stadium,W,15,8,Andrew Brayshaw,,14,4,10,24,0,0,0,4,0,5,6,2,1,2,0,6,19,0,0,2,0,1,77
2026,R10,Thu 07-May-2026 6:10 PM,Home,Hawthorn,Perth Stadium,W,15,5,Heath Chapman,,10,7,6,16,0,0,0,2,0,3,0,1,0,1,0,4,13,0,0,4,0,0,89
2026,R10,Thu 07-May-2026 6:10 PM,Home,Hawthorn,Perth Stadium,W,15,6,Jordan Clark,,12,4,7,19,0,0,0,1,3,2,1,5,0,0,0,3,15,0,0,1,2,0,82
2026,R10,Thu 07-May-2026 6:10 PM,Home,Hawthorn,Perth Stadium,W,15,36,Brennan Cox,,12,7,1,13,0,0,0,1,8,1,0,4,1,2,0,5,8,0,0,7,0,0,92
2026,R10,Thu 07-May-2026 6:10 PM,Home,Hawthorn,Perth Stadium,W,15,18,Mason Cox,,5,4,4,9,0,0,12,0,1,1,0,2,1,1,0,2,6,0,0,4,0,0,49
2026,R10,Thu 07-May-2026 6:10 PM,Home,Hawthorn,Perth Stadium,W,15,43,Isaiah Dudley,,3,1,0,3,1,1,0,3,0,1,0,1,2,0,0,3,1,0,1,0,0,0,71
2026,R10,Thu 07-May-2026 6:10 PM,Home,Hawthorn,Perth Stadium,W,15,28,Neil Erasmus,,9,4,5,14,0,0,0,1,3,3,0,2,0,0,0,2,12,0,0,0,0,0,67
2026,R10,Thu 07-May-2026 6:10 PM,Home,Hawthorn,Perth Stadium,W,15,32,Michael Frederick,,14,4,5,19,3,0,0,3,0,4,1,1,2,0,0,6,12,0,1,1,0,0,71
2026,R10,Thu 07-May-2026 6:10 PM,Home,Hawthorn,Perth Stadium,W,15,9,Luke Jackson,,12,4,10,22,0,1,22,10,2,5,7,5,3,2,3,18,5,2,1,4,0,0,82
2026,R10,Thu 07-May-2026 6:10 PM,Home,Hawthorn,Perth Stadium,W,15,44,Matthew Johnson,,2,1,4,6,0,0,0,2,0,2,1,1,0,1,0,1,6,0,0,0,0,1,74
2026,R10,Thu 07-May-2026 6:10 PM,Home,Hawthorn,Perth Stadium,W,15,17,Judd McVee,,4,2,5,9,0,0,0,0,1,2,1,0,0,0,0,5,6,0,0,1,1,0,80
2026,R10,Thu 07-May-2026 6:10 PM,Home,Hawthorn,Perth Stadium,W,15,25,Alex Pearce,,2,3,5,7,0,0,0,1,1,1,0,1,1,0,0,4,4,1,0,2,0,0,89
2026,R10,Thu 07-May-2026 6:10 PM,Home,Hawthorn,Perth Stadium,W,15,16,Murphy Reid,,13,1,7,20,1,2,0,1,1,9,4,1,0,1,0,4,17,0,0,1,0,1,84
2026,R10,Thu 07-May-2026 6:10 PM,Home,Hawthorn,Perth Stadium,W,15,13,Luke Ryan,,14,7,4,18,0,0,0,2,3,1,0,3,0,2,0,2,11,0,0,2,0,0,74
2026,R10,Thu 07-May-2026 6:10 PM,Home,Hawthorn,Perth Stadium,W,15,3,Caleb Serong,,18,3,10,28,0,0,0,5,1,8,8,3,1,0,1,11,15,0,0,1,0,1,76
2026,R10,Thu 07-May-2026 6:10 PM,Home,Hawthorn,Perth Stadium,W,15,39,Sam Switkowski,,2,0,3,5,0,1,0,5,0,1,0,3,0,1,0,2,2,0,0,0,0,0,73
2026,R10,Thu 07-May-2026 6:10 PM,Home,Hawthorn,Perth Stadium,W,15,35,Josh Treacy,,8,7,9,17,2,4,0,2,1,0,0,0,0,0,0,8,10,1,5,4,0,1,90
2026,R10,Thu 07-May-2026 6:10 PM,Home,Hawthorn,Perth Stadium,W,15,20,Patrick Voss,,4,4,4,8,1,2,0,2,0,2,0,2,0,1,0,2,6,0,3,0,0,3,82
2026,R10,Thu 07-May-2026 6:10 PM,Home,Hawthorn,Perth Stadium,W,15,34,Corey Wagner,,6,3,9,15,0,2,0,2,1,1,1,1,1,1,0,3,11,0,1,2,0,0,67
2026,R10,Thu 07-May-2026 6:10 PM,Home,Hawthorn,Perth Stadium,W,15,23,Karl Worner,,8,3,6,14,0,0,0,3,3,1,1,0,1,0,0,3,9,0,0,4,2,0,76
2026,R10,Thu 07-May-2026 6:10 PM,Home,Hawthorn,Perth Stadium,W,15,26,Hayden Young,,9,3,6,15,1,0,0,5,0,1,5,2,2,0,0,9,6,0,0,3,1,0,78
2026,R11,Sun 17-May-2026 1:10 PM,Away,Essendon,M.C.G.,W,43,24,Jye Amiss,,7,4,3,10,2,2,0,3,0,1,0,3,1,1,0,3,7,1,2,0,0,0,85
2026,R11,Sun 17-May-2026 1:10 PM,Away,Essendon,M.C.G.,W,43,10,Shai Bolton,,16,3,8,24,2,0,0,2,1,6,3,4,0,0,2,4,14,0,0,1,0,1,76
2026,R11,Sun 17-May-2026 1:10 PM,Away,Essendon,M.C.G.,W,43,8,Andrew Brayshaw,,14,4,12,26,0,0,0,5,1,4,4,5,1,3,0,7,20,0,0,2,0,0,78
2026,R11,Sun 17-May-2026 1:10 PM,Away,Essendon,M.C.G.,W,43,5,Heath Chapman,,13,9,4,17,0,0,0,3,4,1,0,1,0,0,0,3,14,1,0,4,0,0,77
2026,R11,Sun 17-May-2026 1:10 PM,Away,Essendon,M.C.G.,W,43,6,Jordan Clark,,15,4,7,22,0,0,0,1,4,3,0,3,1,0,0,4,13,0,0,2,0,1,84
2026,R11,Sun 17-May-2026 1:10 PM,Away,Essendon,M.C.G.,W,43,36,Brennan Cox,,8,4,4,12,0,0,0,3,2,0,0,0,2,0,0,4,6,1,0,5,0,0,79
2026,R11,Sun 17-May-2026 1:10 PM,Away,Essendon,M.C.G.,W,43,18,Mason Cox,,6,1,2,8,0,0,16,2,1,1,3,2,2,1,0,4,1,1,0,4,0,0,55
2026,R11,Sun 17-May-2026 1:10 PM,Away,Essendon,M.C.G.,W,43,43,Isaiah Dudley,,6,1,5,11,1,0,0,4,0,4,2,2,0,0,0,5,7,0,0,3,0,2,70
2026,R11,Sun 17-May-2026 1:10 PM,Away,Essendon,M.C.G.,W,43,28,Neil Erasmus,,13,6,5,18,0,0,0,5,1,4,0,4,1,3,0,5,13,0,0,0,0,1,70
2026,R11,Sun 17-May-2026 1:10 PM,Away,Essendon,M.C.G.,W,43,32,Michael Frederick,,8,3,5,13,1,0,0,2,1,1,1,0,0,0,0,2,10,0,1,0,0,0,79
2026,R11,Sun 17-May-2026 1:10 PM,Away,Essendon,M.C.G.,W,43,9,Luke Jackson,,6,1,10,16,1,0,19,1,1,0,2,4,3,1,0,10,5,0,0,1,0,0,68
2026,R11,Sun 17-May-2026 1:10 PM,Away,Essendon,M.C.G.,W,43,44,Matthew Johnson,,11,4,11,22,0,0,0,4,0,4,1,2,0,0,0,4,17,0,0,1,0,2,74
2026,R11,Sun 17-May-2026 1:10 PM,Away,Essendon,M.C.G.,W,43,21,Oscar McDonald,,9,3,4,13,0,0,0,3,5,2,1,2,4,1,0,5,8,0,0,8,0,0,92
2026,R11,Sun 17-May-2026 1:10 PM,Away,Essendon,M.C.G.,W,43,17,Judd McVee,,11,4,3,14,0,0,0,1,2,2,1,5,1,2,0,4,9,0,0,2,0,0,81
2026,R11,Sun 17-May-2026 1:10 PM,Away,Essendon,M.C.G.,W,43,30,Nathan ODriscoll,,9,5,8,17,0,0,0,2,3,0,1,1,1,1,0,6,12,0,0,3,0,0,81
2026,R11,Sun 17-May-2026 1:10 PM,Away,Essendon,M.C.G.,W,43,16,Murphy Reid,,15,5,15,30,1,2,0,1,0,7,1,4,0,1,3,10,20,1,1,0,0,1,81
2026,R11,Sun 17-May-2026 1:10 PM,Away,Essendon,M.C.G.,W,43,13,Luke Ryan,,14,7,3,17,0,0,0,3,5,2,0,4,0,2,0,3,11,0,0,4,0,0,91
2026,R11,Sun 17-May-2026 1:10 PM,Away,Essendon,M.C.G.,W,43,45,Chris Scerri,,3,0,6,9,1,0,0,6,0,0,0,2,1,1,0,3,6,0,0,0,0,0,77
2026,R11,Sun 17-May-2026 1:10 PM,Away,Essendon,M.C.G.,W,43,3,Caleb Serong,,10,3,14,24,0,0,0,5,2,4,6,1,1,0,0,15,9,1,0,3,0,1,72
2026,R11,Sun 17-May-2026 1:10 PM,Away,Essendon,M.C.G.,W,43,39,Sam Switkowski,,3,4,8,11,0,0,0,2,0,2,1,1,0,0,0,4,7,0,0,1,0,1,74
2026,R11,Sun 17-May-2026 1:10 PM,Away,Essendon,M.C.G.,W,43,35,Josh Treacy,,6,6,5,11,2,1,0,1,0,1,0,4,1,1,0,7,7,2,3,2,0,1,83
2026,R11,Sun 17-May-2026 1:10 PM,Away,Essendon,M.C.G.,W,43,20,Patrick Voss,,7,2,5,12,5,0,0,5,0,2,1,3,1,1,1,7,5,1,2,0,0,0,86
2026,R11,Sun 17-May-2026 1:10 PM,Away,Essendon,M.C.G.,W,43,23,Karl Worner,,14,5,13,27,0,1,0,1,6,1,1,0,0,0,0,8,18,0,0,7,1,0,85
2026,R12,Fri 22-May-2026 6:30 PM,Home,St Kilda,Perth Stadium,W,30,24,Jye Amiss,,7,4,1,8,4,0,0,2,0,1,0,0,2,0,0,3,6,0,2,0,0,0,89
2026,R12,Fri 22-May-2026 6:30 PM,Home,St Kilda,Perth Stadium,W,30,10,Shai Bolton,,14,3,11,25,1,2,0,1,1,12,4,4,1,1,2,11,16,1,0,1,3,1,79
2026,R12,Fri 22-May-2026 6:30 PM,Home,St Kilda,Perth Stadium,W,30,8,Andrew Brayshaw,,9,5,16,25,0,0,0,3,1,3,7,1,0,0,0,11,14,0,0,1,0,0,80
2026,R12,Fri 22-May-2026 6:30 PM,Home,St Kilda,Perth Stadium,W,30,5,Heath Chapman,,12,8,3,15,0,0,0,2,4,2,0,1,0,0,0,4,10,2,0,4,4,1,88
2026,R12,Fri 22-May-2026 6:30 PM,Home,St Kilda,Perth Stadium,W,30,6,Jordan Clark,,13,4,5,18,0,0,0,3,3,2,1,2,0,1,0,3,12,0,0,1,2,1,81
2026,R12,Fri 22-May-2026 6:30 PM,Home,St Kilda,Perth Stadium,W,30,36,Brennan Cox,,15,10,5,20,0,0,0,0,3,0,0,3,1,0,0,8,13,4,0,2,1,0,84
2026,R12,Fri 22-May-2026 6:30 PM,Home,St Kilda,Perth Stadium,W,30,18,Mason Cox,,4,2,4,8,0,0,12,2,1,1,3,6,1,2,0,6,2,1,0,2,0,0,47
2026,R12,Fri 22-May-2026 6:30 PM,Home,St Kilda,Perth Stadium,W,30,43,Isaiah Dudley,,7,1,2,9,2,0,0,3,0,1,0,3,0,1,0,4,4,0,0,0,0,2,64
2026,R12,Fri 22-May-2026 6:30 PM,Home,St Kilda,Perth Stadium,W,30,28,Neil Erasmus,,7,2,8,15,1,0,0,5,1,2,1,2,1,0,0,5,10,1,0,1,0,1,67
2026,R12,Fri 22-May-2026 6:30 PM,Home,St Kilda,Perth Stadium,W,30,32,Michael Frederick,,9,1,8,17,1,1,0,1,1,6,1,1,0,0,0,6,10,0,0,1,3,2,82
2026,R12,Fri 22-May-2026 6:30 PM,Home,St Kilda,Perth Stadium,W,30,9,Luke Jackson,,7,3,15,22,0,1,21,3,0,4,7,3,2,1,1,18,6,3,1,0,0,0,77
2026,R12,Fri 22-May-2026 6:30 PM,Home,St Kilda,Perth Stadium,W,30,44,Matthew Johnson,,4,2,16,20,0,0,0,3,1,1,3,2,0,0,0,6,14,0,0,0,0,0,80
2026,R12,Fri 22-May-2026 6:30 PM,Home,St Kilda,Perth Stadium,W,30,21,Oscar McDonald,,7,5,3,10,0,0,0,2,1,1,0,3,1,1,0,6,4,2,0,3,0,0,92
2026,R12,Fri 22-May-2026 6:30 PM,Home,St Kilda,Perth Stadium,W,30,17,Judd McVee,,10,7,6,16,0,0,0,0,4,2,0,3,0,0,0,1,15,0,0,3,1,0,65
2026,R12,Fri 22-May-2026 6:30 PM,Home,St Kilda,Perth Stadium,W,30,30,Nathan ODriscoll,,10,7,17,27,0,0,0,2,0,4,3,4,0,0,0,8,18,0,2,2,1,0,77
2026,R12,Fri 22-May-2026 6:30 PM,Home,St Kilda,Perth Stadium,W,30,16,Murphy Reid,,15,3,15,30,1,1,0,2,1,5,3,3,0,2,3,9,21,0,0,0,0,2,83
2026,R12,Fri 22-May-2026 6:30 PM,Home,St Kilda,Perth Stadium,W,30,13,Luke Ryan,,14,9,10,24,0,0,0,0,2,0,0,1,0,0,0,7,14,0,0,1,1,0,86
2026,R12,Fri 22-May-2026 6:30 PM,Home,St Kilda,Perth Stadium,W,30,45,Chris Scerri,,2,1,6,8,0,0,0,2,1,1,0,0,0,0,0,4,3,0,0,2,1,0,65
2026,R12,Fri 22-May-2026 6:30 PM,Home,St Kilda,Perth Stadium,W,30,39,Sam Switkowski,,4,1,3,7,1,0,0,4,0,3,0,2,0,1,0,4,4,0,1,0,0,1,75
2026,R12,Fri 22-May-2026 6:30 PM,Home,St Kilda,Perth Stadium,W,30,35,Josh Treacy,,12,11,7,19,2,2,0,4,0,3,0,2,3,0,0,9,13,2,5,1,0,0,95
2026,R12,Fri 22-May-2026 6:30 PM,Home,St Kilda,Perth Stadium,W,30,20,Patrick Voss,,7,4,4,11,3,0,0,4,0,2,0,3,1,2,0,5,6,1,2,4,0,1,89
2026,R12,Fri 22-May-2026 6:30 PM,Home,St Kilda,Perth Stadium,W,30,34,Corey Wagner,,10,2,5,15,0,0,0,4,1,3,0,0,1,0,0,3,12,0,0,0,1,1,68
2026,R12,Fri 22-May-2026 6:30 PM,Home,St Kilda,Perth Stadium,W,30,23,Karl Worner,,12,6,13,25,0,0,0,2,8,2,1,3,0,1,0,7,16,0,0,1,1,0,85
2026,R13,Sat 30-May-2026 4:15 PM,Away,Brisbane Lions,Gabba,W,25,24,Jye Amiss,,10,6,5,15,4,4,0,1,0,0,0,2,2,0,2,6,9,2,6,2,0,0,90
2026,R13,Sat 30-May-2026 4:15 PM,Away,Brisbane Lions,Gabba,W,25,10,Shai Bolton,,9,2,12,21,0,0,0,3,1,6,6,3,1,0,0,9,13,0,0,0,2,3,83
2026,R13,Sat 30-May-2026 4:15 PM,Away,Brisbane Lions,Gabba,W,25,8,Andrew Brayshaw,,8,2,16,24,0,0,0,6,0,4,0,3,0,0,0,9,14,0,0,2,1,2,77
2026,R13,Sat 30-May-2026 4:15 PM,Away,Brisbane Lions,Gabba,W,25,5,Heath Chapman,,8,4,7,15,0,0,0,2,7,1,0,6,0,1,0,2,11,0,0,4,1,0,94
2026,R13,Sat 30-May-2026 4:15 PM,Away,Brisbane Lions,Gabba,W,25,6,Jordan Clark,,16,4,8,24,0,0,0,3,6,5,0,4,0,2,0,2,17,0,0,3,4,2,89
2026,R13,Sat 30-May-2026 4:15 PM,Away,Brisbane Lions,Gabba,W,25,36,Brennan Cox,,0,1,7,7,0,0,0,0,1,0,0,0,0,0,0,6,1,0,0,4,0,0,37
2026,R13,Sat 30-May-2026 4:15 PM,Away,Brisbane Lions,Gabba,W,25,18,Mason Cox,,3,0,2,5,0,0,13,1,1,0,1,5,1,3,0,4,4,0,0,1,0,0,55
2026,R13,Sat 30-May-2026 4:15 PM,Away,Brisbane Lions,Gabba,W,25,43,Isaiah Dudley,,4,2,5,9,1,0,0,2,0,1,1,0,1,0,0,3,7,0,1,1,0,0,64
2026,R13,Sat 30-May-2026 4:15 PM,Away,Brisbane Lions,Gabba,W,25,28,Neil Erasmus,,4,4,9,13,0,0,0,2,1,0,2,5,0,1,0,5,9,0,0,1,1,0,77
2026,R13,Sat 30-May-2026 4:15 PM,Away,Brisbane Lions,Gabba,W,25,32,Michael Frederick,,8,4,5,13,0,1,0,0,3,4,2,2,0,1,0,2,11,0,1,0,1,0,80
2026,R13,Sat 30-May-2026 4:15 PM,Away,Brisbane Lions,Gabba,W,25,9,Luke Jackson,,7,1,8,15,1,0,22,3,0,2,5,4,1,3,0,9,7,1,0,0,0,0,81
2026,R13,Sat 30-May-2026 4:15 PM,Away,Brisbane Lions,Gabba,W,25,44,Matthew Johnson,,13,6,7,20,1,0,0,4,1,1,6,1,1,1,0,7,12,1,0,1,0,1,79
2026,R13,Sat 30-May-2026 4:15 PM,Away,Brisbane Lions,Gabba,W,25,17,Judd McVee,,8,5,12,20,0,0,0,1,3,1,0,1,0,0,0,4,13,1,0,1,0,0,81
2026,R13,Sat 30-May-2026 4:15 PM,Away,Brisbane Lions,Gabba,W,25,30,Nathan ODriscoll,,15,2,7,22,0,0,0,1,2,6,0,2,1,0,0,6,16,0,0,1,0,2,83
2026,R13,Sat 30-May-2026 4:15 PM,Away,Brisbane Lions,Gabba,W,25,25,Alex Pearce,,6,2,3,9,0,0,0,0,1,1,0,3,2,2,0,6,2,0,0,5,1,0,72
2026,R13,Sat 30-May-2026 4:15 PM,Away,Brisbane Lions,Gabba,W,25,16,Murphy Reid,,10,1,11,21,0,0,0,3,2,2,4,1,1,0,0,6,14,0,0,1,0,0,85
2026,R13,Sat 30-May-2026 4:15 PM,Away,Brisbane Lions,Gabba,W,25,13,Luke Ryan,,17,5,5,22,0,0,0,1,7,1,0,1,0,0,0,2,13,0,0,2,1,0,90
2026,R13,Sat 30-May-2026 4:15 PM,Away,Brisbane Lions,Gabba,W,25,45,Chris Scerri,,0,1,9,9,0,0,0,0,0,1,1,0,0,0,0,7,2,1,0,1,0,0,64
2026,R13,Sat 30-May-2026 4:15 PM,Away,Brisbane Lions,Gabba,W,25,39,Sam Switkowski,,7,3,9,16,1,1,0,2,0,0,0,0,2,0,0,6,10,0,1,1,1,0,75
2026,R13,Sat 30-May-2026 4:15 PM,Away,Brisbane Lions,Gabba,W,25,35,Josh Treacy,,12,7,4,16,3,1,0,3,0,3,0,1,5,1,0,9,9,1,2,0,0,0,91
2026,R13,Sat 30-May-2026 4:15 PM,Away,Brisbane Lions,Gabba,W,25,20,Patrick Voss,,12,8,1,13,4,3,0,2,0,4,0,4,2,3,3,5,8,2,4,0,0,1,92
2026,R13,Sat 30-May-2026 4:15 PM,Away,Brisbane Lions,Gabba,W,25,34,Corey Wagner,,11,3,6,17,0,0,0,3,5,2,2,2,1,0,0,2,15,0,0,0,3,0,79
2026,R13,Sat 30-May-2026 4:15 PM,Away,Brisbane Lions,Gabba,W,25,23,Karl Worner,,10,7,8,18,0,0,0,2,7,2,1,1,0,0,0,3,13,0,0,2,1,1,82
2026,R14,Sat 06-Jun-2026 12:15 PM,Away,North Melbourne,Hands Oval,W,124,24,Jye Amiss,,8,6,2,10,2,1,0,1,0,0,0,1,2,0,0,6,4,3,4,1,0,0,92
2026,R14,Sat 06-Jun-2026 12:15 PM,Away,North Melbourne,Hands Oval,W,124,10,Shai Bolton,,14,7,13,27,0,0,0,4,1,4,3,4,2,3,0,7,22,0,0,0,2,2,84
2026,R14,Sat 06-Jun-2026 12:15 PM,Away,North Melbourne,Hands Oval,W,124,8,Andrew Brayshaw,,12,1,18,30,0,0,0,3,1,4,9,1,1,0,1,13,18,0,0,5,2,0,80
2026,R14,Sat 06-Jun-2026 12:15 PM,Away,North Melbourne,Hands Oval,W,124,5,Heath Chapman,,8,7,4,12,0,0,0,1,0,1,0,1,0,1,0,1,11,0,0,2,1,0,84
2026,R14,Sat 06-Jun-2026 12:15 PM,Away,North Melbourne,Hands Oval,W,124,6,Jordan Clark,,12,7,7,19,0,0,0,1,3,3,1,2,0,1,0,2,16,0,0,2,2,0,84
2026,R14,Sat 06-Jun-2026 12:15 PM,Away,North Melbourne,Hands Oval,W,124,18,Mason Cox,,1,1,2,3,0,0,14,2,0,0,1,2,0,1,0,2,1,1,0,0,0,0,59
2026,R14,Sat 06-Jun-2026 12:15 PM,Away,North Melbourne,Hands Oval,W,124,43,Isaiah Dudley,,5,1,7,12,1,0,0,0,0,1,0,2,0,1,0,5,6,0,0,0,1,0,72
2026,R14,Sat 06-Jun-2026 12:15 PM,Away,North Melbourne,Hands Oval,W,124,28,Neil Erasmus,,8,6,14,22,1,0,0,10,0,4,2,3,1,1,0,9,15,0,0,1,0,1,81
2026,R14,Sat 06-Jun-2026 12:15 PM,Away,North Melbourne,Hands Oval,W,124,32,Michael Frederick,,7,5,4,11,2,1,0,0,0,2,0,0,1,0,0,1,10,0,2,0,0,2,81
2026,R14,Sat 06-Jun-2026 12:15 PM,Away,North Melbourne,Hands Oval,W,124,9,Luke Jackson,,6,4,13,19,3,0,22,1,1,3,4,3,1,2,2,5,14,0,1,1,0,1,73
2026,R14,Sat 06-Jun-2026 12:15 PM,Away,North Melbourne,Hands Oval,W,124,21,Oscar McDonald,,12,6,2,14,0,0,0,1,4,1,0,1,0,0,0,3,11,1,0,6,0,1,92
2026,R14,Sat 06-Jun-2026 12:15 PM,Away,North Melbourne,Hands Oval,W,124,17,Judd McVee,,7,3,9,16,0,0,0,0,3,2,1,2,2,0,0,2,13,0,0,1,7,1,79
2026,R14,Sat 06-Jun-2026 12:15 PM,Away,North Melbourne,Hands Oval,W,124,30,Nathan ODriscoll,,9,4,14,23,0,1,0,1,2,3,1,2,2,0,0,5,17,0,0,1,1,1,72
2026,R14,Sat 06-Jun-2026 12:15 PM,Away,North Melbourne,Hands Oval,W,124,2,Jaeger OMeara,,6,5,10,16,0,0,0,3,1,2,3,3,1,1,0,6,12,0,0,1,0,2,66
2026,R14,Sat 06-Jun-2026 12:15 PM,Away,North Melbourne,Hands Oval,W,124,25,Alex Pearce,,3,3,1,4,0,0,0,0,2,0,0,1,0,0,0,2,2,1,0,2,0,0,68
2026,R14,Sat 06-Jun-2026 12:15 PM,Away,North Melbourne,Hands Oval,W,124,16,Murphy Reid,,15,8,8,23,2,1,0,1,2,4,2,5,0,0,0,7,19,0,3,3,1,0,88
2026,R14,Sat 06-Jun-2026 12:15 PM,Away,North Melbourne,Hands Oval,W,124,13,Luke Ryan,,16,11,8,24,0,0,0,1,4,1,0,1,0,1,0,4,17,0,0,3,5,0,85
2026,R14,Sat 06-Jun-2026 12:15 PM,Away,North Melbourne,Hands Oval,W,124,39,Sam Switkowski,,7,3,6,13,3,0,0,1,0,3,3,0,1,0,0,6,7,0,1,0,1,1,69
2026,R14,Sat 06-Jun-2026 12:15 PM,Away,North Melbourne,Hands Oval,W,124,35,Josh Treacy,,9,6,4,13,4,0,0,1,1,1,0,3,3,0,0,5,8,1,5,2,0,0,82
2026,R14,Sat 06-Jun-2026 12:15 PM,Away,North Melbourne,Hands Oval,W,124,20,Patrick Voss,,16,10,4,20,4,4,0,2,0,6,0,3,2,0,3,6,14,1,6,1,0,3,81
2026,R14,Sat 06-Jun-2026 12:15 PM,Away,North Melbourne,Hands Oval,W,124,34,Corey Wagner,,10,4,5,15,0,0,0,5,0,5,0,2,0,1,0,0,16,0,0,1,1,1,79
2026,R14,Sat 06-Jun-2026 12:15 PM,Away,North Melbourne,Hands Oval,W,124,23,Karl Worner,,11,6,3,14,0,0,0,0,2,1,0,1,0,0,0,1,11,0,0,2,1,0,84
2026,R14,Sat 06-Jun-2026 12:15 PM,Away,North Melbourne,Hands Oval,W,124,26,Hayden Young,,12,4,11,23,2,0,0,4,1,6,7,5,3,0,0,11,11,0,0,1,0,1,66
2026,R16,Thu 18-Jun-2026 6:10 PM,Home,Geelong,Perth Stadium,W,9,24,Jye Amiss,,10,7,1,11,3,4,0,0,0,0,0,3,1,1,0,4,6,1,7,0,0,0,86
2026,R16,Thu 18-Jun-2026 6:10 PM,Home,Geelong,Perth Stadium,W,9,10,Shai Bolton,,11,5,7,18,0,1,0,3,0,5,4,6,0,2,0,8,10,2,0,0,4,0,82
2026,R16,Thu 18-Jun-2026 6:10 PM,Home,Geelong,Perth Stadium,W,9,8,Andrew Brayshaw,,13,6,22,35,0,0,0,7,1,3,4,7,3,0,2,9,26,0,0,4,0,0,84
2026,R16,Thu 18-Jun-2026 6:10 PM,Home,Geelong,Perth Stadium,W,9,5,Heath Chapman,,4,4,9,13,0,0,0,3,1,0,0,0,0,0,0,4,9,1,0,3,1,0,80
2026,R16,Thu 18-Jun-2026 6:10 PM,Home,Geelong,Perth Stadium,W,9,6,Jordan Clark,,11,5,6,17,0,0,0,2,2,3,1,1,1,0,0,3,12,1,0,2,3,0,78
2026,R16,Thu 18-Jun-2026 6:10 PM,Home,Geelong,Perth Stadium,W,9,36,Brennan Cox,,8,6,4,12,0,0,0,0,2,1,1,1,0,0,0,5,7,1,0,4,0,0,82
2026,R16,Thu 18-Jun-2026 6:10 PM,Home,Geelong,Perth Stadium,W,9,18,Mason Cox,,5,1,1,6,0,1,11,2,0,0,1,0,2,0,0,4,1,0,1,4,0,1,57
2026,R16,Thu 18-Jun-2026 6:10 PM,Home,Geelong,Perth Stadium,W,9,43,Isaiah Dudley,,4,0,3,7,1,0,0,4,0,1,1,1,1,0,0,3,4,0,0,1,0,1,76
2026,R16,Thu 18-Jun-2026 6:10 PM,Home,Geelong,Perth Stadium,W,9,28,Neil Erasmus,,12,3,12,24,1,0,0,2,2,3,3,6,0,0,0,8,15,0,1,1,0,1,70
2026,R16,Thu 18-Jun-2026 6:10 PM,Home,Geelong,Perth Stadium,W,9,32,Michael Frederick,,4,3,5,9,0,0,0,3,0,1,0,0,0,0,0,1,8,0,0,2,0,0,78
2026,R16,Thu 18-Jun-2026 6:10 PM,Home,Geelong,Perth Stadium,W,9,9,Luke Jackson,,13,5,15,28,3,0,25,9,1,5,6,5,3,0,3,15,12,1,2,1,0,0,80
2026,R16,Thu 18-Jun-2026 6:10 PM,Home,Geelong,Perth Stadium,W,9,44,Matthew Johnson,,9,5,6,15,0,1,0,1,1,3,2,2,0,0,0,3,12,0,0,0,2,1,70
2026,R16,Thu 18-Jun-2026 6:10 PM,Home,Geelong,Perth Stadium,W,9,17,Judd McVee,,7,5,8,15,0,0,0,0,1,1,1,0,1,0,0,6,10,0,0,2,0,0,79
2026,R16,Thu 18-Jun-2026 6:10 PM,Home,Geelong,Perth Stadium,W,9,30,Nathan ODriscoll,,8,4,6,14,0,0,0,2,1,6,0,1,1,0,0,1,13,0,0,1,1,1,73
2026,R16,Thu 18-Jun-2026 6:10 PM,Home,Geelong,Perth Stadium,W,9,25,Alex Pearce,,11,11,7,18,0,0,0,0,5,0,0,2,0,2,0,6,12,3,0,1,0,0,91
2026,R16,Thu 18-Jun-2026 6:10 PM,Home,Geelong,Perth Stadium,W,9,16,Murphy Reid,,18,5,9,27,1,2,0,1,1,7,2,4,1,1,1,6,20,0,1,0,0,0,82
2026,R16,Thu 18-Jun-2026 6:10 PM,Home,Geelong,Perth Stadium,W,9,13,Luke Ryan,,16,8,4,20,0,0,0,2,7,0,0,1,0,1,0,2,15,0,0,2,0,0,90
2026,R16,Thu 18-Jun-2026 6:10 PM,Home,Geelong,Perth Stadium,W,9,3,Caleb Serong,,11,1,11,22,1,0,0,0,1,2,4,3,0,0,0,8,12,0,0,1,0,1,66
2026,R16,Thu 18-Jun-2026 6:10 PM,Home,Geelong,Perth Stadium,W,9,39,Sam Switkowski,,8,5,9,17,0,1,0,2,0,3,1,0,0,0,0,7,8,1,2,0,1,2,74
2026,R16,Thu 18-Jun-2026 6:10 PM,Home,Geelong,Perth Stadium,W,9,35,Josh Treacy,,8,6,1,9,2,2,0,2,0,3,0,1,1,1,0,3,5,1,4,3,0,0,90
2026,R16,Thu 18-Jun-2026 6:10 PM,Home,Geelong,Perth Stadium,W,9,20,Patrick Voss,,8,3,3,11,2,1,0,2,0,2,0,1,2,1,0,5,5,0,1,0,0,0,88
2026,R16,Thu 18-Jun-2026 6:10 PM,Home,Geelong,Perth Stadium,W,9,23,Karl Worner,,14,7,5,19,0,0,0,2,3,1,1,2,0,0,0,4,13,0,0,3,1,0,77
2026,R16,Thu 18-Jun-2026 6:10 PM,Home,Geelong,Perth Stadium,W,9,26,Hayden Young,,10,5,5,15,0,1,0,2,0,4,3,1,2,0,0,5,12,0,1,2,0,1,67
2026,R17,Sun 28-Jun-2026 3:10 PM,Home,Gold Coast,Perth Stadium,W,51,24,Jye Amiss,,5,4,2,7,1,2,0,1,0,2,0,2,0,0,0,3,4,2,3,0,0,0,91
2026,R17,Sun 28-Jun-2026 3:10 PM,Home,Gold Coast,Perth Stadium,W,51,10,Shai Bolton,,14,6,12,26,0,0,0,5,1,5,2,3,1,1,1,7,19,0,1,0,2,1,80
2026,R17,Sun 28-Jun-2026 3:10 PM,Home,Gold Coast,Perth Stadium,W,51,8,Andrew Brayshaw,,16,9,13,29,1,1,0,6,1,8,1,3,2,1,3,4,26,0,1,1,1,1,77
2026,R17,Sun 28-Jun-2026 3:10 PM,Home,Gold Coast,Perth Stadium,W,51,5,Heath Chapman,,7,4,8,15,0,0,0,3,4,1,0,2,1,1,0,6,9,0,0,0,0,1,72
2026,R17,Sun 28-Jun-2026 3:10 PM,Home,Gold Coast,Perth Stadium,W,51,6,Jordan Clark,,13,5,11,24,0,0,0,4,3,4,1,2,2,1,0,9,16,0,0,2,0,0,81
2026,R17,Sun 28-Jun-2026 3:10 PM,Home,Gold Coast,Perth Stadium,W,51,36,Brennan Cox,,9,6,8,17,0,0,0,2,4,0,0,5,1,2,0,6,10,0,0,7,0,0,95
2026,R17,Sun 28-Jun-2026 3:10 PM,Home,Gold Coast,Perth Stadium,W,51,4,Sean Darcy,,2,0,4,6,1,0,20,3,1,0,2,3,2,2,0,3,2,0,0,2,0,0,59
2026,R17,Sun 28-Jun-2026 3:10 PM,Home,Gold Coast,Perth Stadium,W,51,43,Isaiah Dudley,,8,0,7,15,0,2,0,6,0,3,1,2,2,1,0,3,10,0,0,0,0,1,82
2026,R17,Sun 28-Jun-2026 3:10 PM,Home,Gold Coast,Perth Stadium,W,51,28,Neil Erasmus,,8,1,12,20,0,1,0,4,1,1,0,2,1,1,0,5,15,0,0,1,0,0,72
2026,R17,Sun 28-Jun-2026 3:10 PM,Home,Gold Coast,Perth Stadium,W,51,32,Michael Frederick,,6,5,1,7,4,0,0,2,0,2,0,1,1,1,0,2,5,0,3,0,0,0,82
2026,R17,Sun 28-Jun-2026 3:10 PM,Home,Gold Coast,Perth Stadium,W,51,9,Luke Jackson,,7,5,8,15,2,0,16,3,1,5,4,1,0,1,0,6,9,1,3,2,0,3,70
2026,R17,Sun 28-Jun-2026 3:10 PM,Home,Gold Coast,Perth Stadium,W,51,44,Matthew Johnson,,4,3,14,18,0,0,0,1,1,0,3,1,0,0,0,6,12,0,0,2,0,0,63
2026,R17,Sun 28-Jun-2026 3:10 PM,Home,Gold Coast,Perth Stadium,W,51,17,Judd McVee,,10,5,10,20,0,0,0,3,3,2,0,1,1,0,0,5,13,0,0,1,7,2,86
2026,R17,Sun 28-Jun-2026 3:10 PM,Home,Gold Coast,Perth Stadium,W,51,30,Nathan ODriscoll,,6,1,17,23,0,0,0,2,3,3,0,3,0,0,0,11,12,0,0,2,1,0,81
2026,R17,Sun 28-Jun-2026 3:10 PM,Home,Gold Coast,Perth Stadium,W,51,25,Alex Pearce,,3,4,2,5,0,0,0,0,0,0,0,0,0,0,0,2,3,2,0,4,0,0,75
2026,R17,Sun 28-Jun-2026 3:10 PM,Home,Gold Coast,Perth Stadium,W,51,16,Murphy Reid,,15,3,13,28,0,0,0,1,0,4,3,3,1,1,2,4,24,0,0,1,1,0,79
2026,R17,Sun 28-Jun-2026 3:10 PM,Home,Gold Coast,Perth Stadium,W,51,13,Luke Ryan,,18,8,5,23,0,0,0,0,5,2,0,2,0,1,0,3,15,0,0,7,0,1,89
2026,R17,Sun 28-Jun-2026 3:10 PM,Home,Gold Coast,Perth Stadium,W,51,3,Caleb Serong,,8,1,12,20,0,0,0,5,1,2,3,3,0,1,0,8,11,0,0,1,0,0,73
2026,R17,Sun 28-Jun-2026 3:10 PM,Home,Gold Coast,Perth Stadium,W,51,39,Sam Switkowski,,8,3,9,17,0,1,0,5,0,2,2,3,1,0,0,7,8,0,1,1,0,0,68
2026,R17,Sun 28-Jun-2026 3:10 PM,Home,Gold Coast,Perth Stadium,W,51,35,Josh Treacy,,5,4,5,10,0,1,0,3,0,2,0,3,1,2,0,6,5,3,1,4,0,0,81
2026,R17,Sun 28-Jun-2026 3:10 PM,Home,Gold Coast,Perth Stadium,W,51,20,Patrick Voss,,7,5,5,12,2,1,0,2,0,2,1,3,0,1,0,3,9,0,4,0,0,0,91
2026,R17,Sun 28-Jun-2026 3:10 PM,Home,Gold Coast,Perth Stadium,W,51,23,Karl Worner,,13,6,10,23,0,0,0,5,4,3,0,4,1,3,0,4,21,0,0,5,1,0,84
2026,R17,Sun 28-Jun-2026 3:10 PM,Home,Gold Coast,Perth Stadium,W,51,26,Hayden Young,,6,3,7,13,0,0,0,1,2,1,1,3,0,0,0,2,11,0,0,0,0,0,69
2026,R18,Sat 04-Jul-2026 1:35 PM,Away,Greater Western Sydney,Manuka Oval,L,-21,24,Jye Amiss,,2,2,2,4,1,0,0,3,0,0,0,1,0,0,0,4,1,1,1,1,0,0,85
2026,R18,Sat 04-Jul-2026 1:35 PM,Away,Greater Western Sydney,Manuka Oval,L,-21,10,Shai Bolton,,11,2,9,20,1,0,0,6,1,3,5,3,1,2,0,8,13,0,0,0,3,1,80
2026,R18,Sat 04-Jul-2026 1:35 PM,Away,Greater Western Sydney,Manuka Oval,L,-21,8,Andrew Brayshaw,,11,5,11,22,0,0,0,8,1,5,3,2,1,1,0,6,18,0,0,1,0,0,81
2026,R18,Sat 04-Jul-2026 1:35 PM,Away,Greater Western Sydney,Manuka Oval,L,-21,5,Heath Chapman,,5,2,5,10,0,0,0,2,0,1,1,3,1,1,0,3,7,0,0,2,0,0,78
2026,R18,Sat 04-Jul-2026 1:35 PM,Away,Greater Western Sydney,Manuka Oval,L,-21,6,Jordan Clark,,13,5,10,23,0,0,0,3,7,4,2,2,1,1,0,4,13,0,0,3,3,0,84
2026,R18,Sat 04-Jul-2026 1:35 PM,Away,Greater Western Sydney,Manuka Oval,L,-21,36,Brennan Cox,,7,6,5,12,0,0,0,3,2,0,0,3,1,1,0,7,8,2,0,7,1,0,83
2026,R18,Sat 04-Jul-2026 1:35 PM,Away,Greater Western Sydney,Manuka Oval,L,-21,4,Sean Darcy,,4,0,4,8,0,0,15,0,0,2,1,4,2,2,0,4,4,0,0,4,0,0,57
2026,R18,Sat 04-Jul-2026 1:35 PM,Away,Greater Western Sydney,Manuka Oval,L,-21,43,Isaiah Dudley,,6,3,4,10,1,0,0,4,0,2,1,1,0,0,0,3,7,0,0,0,0,0,78
2026,R18,Sat 04-Jul-2026 1:35 PM,Away,Greater Western Sydney,Manuka Oval,L,-21,28,Neil Erasmus,,6,3,4,10,1,1,0,0,1,2,2,0,1,0,0,5,5,0,0,0,0,1,68
2026,R18,Sat 04-Jul-2026 1:35 PM,Away,Greater Western Sydney,Manuka Oval,L,-21,32,Michael Frederick,,10,4,4,14,0,0,0,2,1,3,0,2,2,0,0,5,9,1,0,1,1,0,80
2026,R18,Sat 04-Jul-2026 1:35 PM,Away,Greater Western Sydney,Manuka Oval,L,-21,9,Luke Jackson,,6,3,6,12,2,0,31,4,0,2,0,2,1,2,0,7,6,1,1,1,0,0,80
2026,R18,Sat 04-Jul-2026 1:35 PM,Away,Greater Western Sydney,Manuka Oval,L,-21,44,Matthew Johnson,,7,3,9,16,0,0,0,2,3,4,1,2,2,1,0,6,10,0,0,0,3,2,72
2026,R18,Sat 04-Jul-2026 1:35 PM,Away,Greater Western Sydney,Manuka Oval,L,-21,17,Judd McVee,,4,1,6,10,0,0,0,2,2,0,0,1,0,0,0,5,5,0,0,3,2,0,78
2026,R18,Sat 04-Jul-2026 1:35 PM,Away,Greater Western Sydney,Manuka Oval,L,-21,30,Nathan ODriscoll,,7,3,7,14,1,0,0,2,2,1,2,5,2,0,0,6,9,0,0,2,0,0,83
2026,R18,Sat 04-Jul-2026 1:35 PM,Away,Greater Western Sydney,Manuka Oval,L,-21,25,Alex Pearce,,3,2,5,8,0,0,0,3,1,0,0,1,0,0,0,7,2,1,0,5,0,0,95
2026,R18,Sat 04-Jul-2026 1:35 PM,Away,Greater Western Sydney,Manuka Oval,L,-21,16,Murphy Reid,,11,2,8,19,1,2,0,3,1,2,1,2,2,0,0,8,11,0,0,0,1,1,70
2026,R18,Sat 04-Jul-2026 1:35 PM,Away,Greater Western Sydney,Manuka Oval,L,-21,13,Luke Ryan,,12,4,6,18,0,0,0,2,10,0,1,4,1,1,0,5,11,1,0,2,2,0,88
2026,R18,Sat 04-Jul-2026 1:35 PM,Away,Greater Western Sydney,Manuka Oval,L,-21,3,Caleb Serong,,12,2,19,31,0,0,0,6,3,8,6,7,1,1,0,14,17,0,0,2,1,1,81
2026,R18,Sat 04-Jul-2026 1:35 PM,Away,Greater Western Sydney,Manuka Oval,L,-21,39,Sam Switkowski,,4,0,11,15,0,2,0,4,0,2,0,4,0,2,0,7,9,0,0,2,1,0,77
2026,R18,Sat 04-Jul-2026 1:35 PM,Away,Greater Western Sydney,Manuka Oval,L,-21,35,Josh Treacy,,8,5,2,10,3,0,0,3,0,1,0,0,2,0,0,3,6,1,2,2,0,0,92
2026,R18,Sat 04-Jul-2026 1:35 PM,Away,Greater Western Sydney,Manuka Oval,L,-21,20,Patrick Voss,,7,5,4,11,2,2,0,2,0,3,1,4,2,2,0,5,6,0,1,0,1,1,85
2026,R18,Sat 04-Jul-2026 1:35 PM,Away,Greater Western Sydney,Manuka Oval,L,-21,23,Karl Worner,,18,10,11,29,0,0,0,1,8,1,0,2,1,1,0,4,19,1,0,1,3,0,84
2026,R18,Sat 04-Jul-2026 1:35 PM,Away,Greater Western Sydney,Manuka Oval,L,-21,26,Hayden Young,,4,2,6,10,0,0,0,2,2,1,1,0,0,0,0,2,7,0,0,0,0,1,43
2026,R19,Thu 09-Jul-2026 6:10 PM,Home,Sydney,Perth Stadium,W,38,24,Jye Amiss,,7,4,1,8,2,2,0,0,0,4,0,3,3,3,0,5,3,3,2,2,0,0,91
2026,R19,Thu 09-Jul-2026 6:10 PM,Home,Sydney,Perth Stadium,W,38,10,Shai Bolton,,12,1,11,23,2,2,0,4,0,6,3,2,1,2,1,8,17,0,1,1,3,1,76
2026,R19,Thu 09-Jul-2026 6:10 PM,Home,Sydney,Perth Stadium,W,38,8,Andrew Brayshaw,,10,1,15,25,0,0,0,5,2,9,3,1,0,0,0,12,12,0,0,2,1,3,80
2026,R19,Thu 09-Jul-2026 6:10 PM,Home,Sydney,Perth Stadium,W,38,5,Heath Chapman,,3,3,6,9,0,0,0,3,0,0,1,0,0,0,0,1,8,0,0,1,1,0,88
2026,R19,Thu 09-Jul-2026 6:10 PM,Home,Sydney,Perth Stadium,W,38,6,Jordan Clark,,16,4,7,23,1,0,0,2,4,2,1,2,0,2,0,4,17,0,0,3,4,0,85
2026,R19,Thu 09-Jul-2026 6:10 PM,Home,Sydney,Perth Stadium,W,38,36,Brennan Cox,,3,2,3,6,0,0,0,1,1,0,0,1,0,1,0,4,3,1,0,10,0,0,85
2026,R19,Thu 09-Jul-2026 6:10 PM,Home,Sydney,Perth Stadium,W,38,18,Mason Cox,,6,6,4,10,1,0,10,1,1,3,2,0,3,0,0,5,5,2,1,0,0,0,46
2026,R19,Thu 09-Jul-2026 6:10 PM,Home,Sydney,Perth Stadium,W,38,43,Isaiah Dudley,,6,1,3,9,0,2,0,2,0,2,0,3,0,2,0,4,7,0,0,4,0,0,61
2026,R19,Thu 09-Jul-2026 6:10 PM,Home,Sydney,Perth Stadium,W,38,28,Neil Erasmus,,11,7,8,19,0,0,0,2,5,4,1,3,1,1,0,4,16,0,0,0,0,0,66
2026,R19,Thu 09-Jul-2026 6:10 PM,Home,Sydney,Perth Stadium,W,38,32,Michael Frederick,,12,6,5,17,2,1,0,1,1,6,0,3,0,0,0,3,15,1,1,1,0,2,75
2026,R19,Thu 09-Jul-2026 6:10 PM,Home,Sydney,Perth Stadium,W,38,9,Luke Jackson,,3,0,14,17,0,0,26,4,0,2,7,5,2,1,0,14,5,0,0,5,0,0,83
2026,R19,Thu 09-Jul-2026 6:10 PM,Home,Sydney,Perth Stadium,W,38,44,Matthew Johnson,,8,4,16,24,0,1,0,4,0,4,5,2,0,2,0,8,17,0,1,1,1,3,76
2026,R19,Thu 09-Jul-2026 6:10 PM,Home,Sydney,Perth Stadium,W,38,17,Judd McVee,,10,6,7,17,1,0,0,0,3,1,2,0,1,0,0,3,12,0,0,4,1,1,84
2026,R19,Thu 09-Jul-2026 6:10 PM,Home,Sydney,Perth Stadium,W,38,30,Nathan ODriscoll,,7,2,12,19,0,0,0,3,3,1,2,2,1,0,0,5,15,0,0,2,2,0,75
2026,R19,Thu 09-Jul-2026 6:10 PM,Home,Sydney,Perth Stadium,W,38,2,Jaeger OMeara,,4,1,8,12,0,0,0,2,1,1,1,2,0,1,0,4,9,0,0,1,1,0,74
2026,R19,Thu 09-Jul-2026 6:10 PM,Home,Sydney,Perth Stadium,W,38,25,Alex Pearce,,2,2,7,9,0,0,0,0,1,0,0,0,2,0,0,7,4,0,0,8,0,0,80
2026,R19,Thu 09-Jul-2026 6:10 PM,Home,Sydney,Perth Stadium,W,38,16,Murphy Reid,,13,6,15,28,0,1,0,2,0,5,2,2,0,0,0,8,20,1,1,1,0,0,83
2026,R19,Thu 09-Jul-2026 6:10 PM,Home,Sydney,Perth Stadium,W,38,13,Luke Ryan,,10,3,6,16,0,0,0,2,6,0,1,3,0,2,0,5,8,0,0,1,0,0,71
2026,R19,Thu 09-Jul-2026 6:10 PM,Home,Sydney,Perth Stadium,W,38,3,Caleb Serong,,16,2,12,28,0,0,0,6,2,7,7,2,2,1,0,10,16,0,0,0,0,0,83
2026,R19,Thu 09-Jul-2026 6:10 PM,Home,Sydney,Perth Stadium,W,38,39,Sam Switkowski,,6,3,7,13,0,2,0,1,0,2,0,2,0,1,0,5,8,0,1,1,0,0,79
2026,R19,Thu 09-Jul-2026 6:10 PM,Home,Sydney,Perth Stadium,W,38,35,Josh Treacy,,13,5,5,18,4,4,0,2,0,4,0,2,2,0,3,12,6,3,4,2,0,0,89
2026,R19,Thu 09-Jul-2026 6:10 PM,Home,Sydney,Perth Stadium,W,38,20,Patrick Voss,,7,2,4,11,2,2,0,2,0,2,1,4,2,2,0,9,4,1,2,1,0,0,87
2026,R19,Thu 09-Jul-2026 6:10 PM,Home,Sydney,Perth Stadium,W,38,23,Karl Worner,,10,6,10,20,0,0,0,1,6,0,0,2,1,1,0,6,12,0,0,1,0,0,83
2026,R20,Sat 18-Jul-2026 12:45 PM,Away,Port Adelaide,Adelaide Oval,W,28,24,Jye Amiss,,9,4,3,12,4,2,0,0,0,2,0,0,2,0,1,7,6,2,3,2,0,1,87
2026,R20,Sat 18-Jul-2026 12:45 PM,Away,Port Adelaide,Adelaide Oval,W,28,8,Andrew Brayshaw,,13,2,17,30,0,0,0,5,2,4,3,5,1,2,0,9,22,0,0,0,2,2,77
2026,R20,Sat 18-Jul-2026 12:45 PM,Away,Port Adelaide,Adelaide Oval,W,28,5,Heath Chapman,,7,5,9,16,0,0,0,4,3,0,0,4,1,3,0,4,12,0,0,3,0,0,84
2026,R20,Sat 18-Jul-2026 12:45 PM,Away,Port Adelaide,Adelaide Oval,W,28,6,Jordan Clark,,14,2,8,22,0,0,0,3,7,3,1,0,1,0,0,4,13,0,0,1,0,1,86
2026,R20,Sat 18-Jul-2026 12:45 PM,Away,Port Adelaide,Adelaide Oval,W,28,36,Brennan Cox,,6,2,4,10,0,0,0,1,3,2,0,1,0,1,0,2,6,0,0,5,0,0,74
2026,R20,Sat 18-Jul-2026 12:45 PM,Away,Port Adelaide,Adelaide Oval,W,28,18,Mason Cox,,3,4,3,6,0,2,15,0,0,0,1,4,1,4,0,6,1,3,2,1,0,1,62
2026,R20,Sat 18-Jul-2026 12:45 PM,Away,Port Adelaide,Adelaide Oval,W,28,43,Isaiah Dudley,,10,3,8,18,1,3,0,4,0,4,1,2,2,2,0,5,14,0,2,1,0,3,79
2026,R20,Sat 18-Jul-2026 12:45 PM,Away,Port Adelaide,Adelaide Oval,W,28,28,Neil Erasmus,,10,6,12,22,1,1,0,4,1,4,5,4,2,1,0,9,12,1,1,0,1,2,76
2026,R20,Sat 18-Jul-2026 12:45 PM,Away,Port Adelaide,Adelaide Oval,W,28,32,Michael Frederick,,9,5,4,13,3,0,0,1,0,3,0,1,0,0,0,3,11,0,3,1,1,0,81
2026,R20,Sat 18-Jul-2026 12:45 PM,Away,Port Adelaide,Adelaide Oval,W,28,9,Luke Jackson,,3,1,13,16,1,0,20,5,0,2,3,5,2,4,0,7,10,0,0,2,0,0,71
2026,R20,Sat 18-Jul-2026 12:45 PM,Away,Port Adelaide,Adelaide Oval,W,28,44,Matthew Johnson,,9,3,11,20,0,0,0,8,0,5,5,4,2,1,0,10,10,0,0,0,0,1,74
2026,R20,Sat 18-Jul-2026 12:45 PM,Away,Port Adelaide,Adelaide Oval,W,28,17,Judd McVee,,6,4,9,15,0,0,0,1,2,0,0,3,0,0,0,4,9,2,0,0,1,0,85
2026,R20,Sat 18-Jul-2026 12:45 PM,Away,Port Adelaide,Adelaide Oval,W,28,30,Nathan ODriscoll,,5,5,11,16,0,0,0,4,0,3,0,6,0,1,0,4,12,0,0,2,0,0,75
2026,R20,Sat 18-Jul-2026 12:45 PM,Away,Port Adelaide,Adelaide Oval,W,28,2,Jaeger OMeara,,9,2,6,15,0,1,0,3,2,1,1,1,0,0,0,2,11,0,0,0,0,0,56
2026,R20,Sat 18-Jul-2026 12:45 PM,Away,Port Adelaide,Adelaide Oval,W,28,25,Alex Pearce,,5,5,5,10,0,0,0,0,2,0,0,3,0,3,0,7,5,3,0,4,2,0,85
2026,R20,Sat 18-Jul-2026 12:45 PM,Away,Port Adelaide,Adelaide Oval,W,28,16,Murphy Reid,,5,2,10,15,0,0,0,1,1,3,2,4,0,0,0,6,9,0,0,1,1,0,80
2026,R20,Sat 18-Jul-2026 12:45 PM,Away,Port Adelaide,Adelaide Oval,W,28,13,Luke Ryan,,12,7,9,21,0,0,0,0,4,4,2,0,0,0,0,6,13,2,0,4,1,0,86
2026,R20,Sat 18-Jul-2026 12:45 PM,Away,Port Adelaide,Adelaide Oval,W,28,3,Caleb Serong,,11,2,17,28,0,0,0,9,2,2,8,2,2,0,3,15,15,0,0,4,1,0,81
2026,R20,Sat 18-Jul-2026 12:45 PM,Away,Port Adelaide,Adelaide Oval,W,28,39,Sam Switkowski,,3,3,10,13,0,0,0,4,0,2,1,3,0,1,0,2,12,0,0,0,0,0,74
2026,R20,Sat 18-Jul-2026 12:45 PM,Away,Port Adelaide,Adelaide Oval,W,28,35,Josh Treacy,,10,5,4,14,3,1,0,1,0,1,0,2,2,0,0,6,8,1,4,3,0,1,87
2026,R20,Sat 18-Jul-2026 12:45 PM,Away,Port Adelaide,Adelaide Oval,W,28,20,Patrick Voss,,6,3,2,8,1,0,0,7,0,2,0,3,2,1,0,4,5,0,1,0,0,1,86
2026,R20,Sat 18-Jul-2026 12:45 PM,Away,Port Adelaide,Adelaide Oval,W,28,23,Karl Worner,,17,7,2,19,0,0,0,2,3,4,0,5,1,1,0,5,11,3,0,2,0,0,86
2026,R20,Sat 18-Jul-2026 12:45 PM,Away,Port Adelaide,Adelaide Oval,W,28,26,Hayden Young,,12,4,8,20,1,0,0,0,4,4,3,1,0,0,0,6,15,0,0,2,2,0,67
2026,R21,Fri 24-Jul-2026 6:10 PM,Home,West Coast,Perth Stadium,W,70,24,Jye Amiss,,9,8,6,15,5,1,0,0,0,2,0,0,1,0,1,8,7,3,7,0,0,1,85
2026,R21,Fri 24-Jul-2026 6:10 PM,Home,West Coast,Perth Stadium,W,70,10,Shai Bolton,,9,1,9,18,1,1,0,3,0,5,7,3,2,1,0,11,7,0,0,0,3,2,73
2026,R21,Fri 24-Jul-2026 6:10 PM,Home,West Coast,Perth Stadium,W,70,8,Andrew Brayshaw,,11,5,14,25,0,0,0,7,1,4,4,6,3,1,0,10,16,0,0,0,0,1,75
2026,R21,Fri 24-Jul-2026 6:10 PM,Home,West Coast,Perth Stadium,W,70,5,Heath Chapman,,4,2,5,9,0,1,0,1,0,0,0,0,0,0,0,2,6,0,1,4,1,0,81
2026,R21,Fri 24-Jul-2026 6:10 PM,Home,West Coast,Perth Stadium,W,70,6,Jordan Clark,,11,4,7,18,0,0,0,3,5,1,1,1,0,1,0,3,13,1,0,1,0,0,84
2026,R21,Fri 24-Jul-2026 6:10 PM,Home,West Coast,Perth Stadium,W,70,18,Mason Cox,,3,2,5,8,1,1,25,2,0,1,2,0,2,0,0,3,4,0,0,1,0,0,57
2026,R21,Fri 24-Jul-2026 6:10 PM,Home,West Coast,Perth Stadium,W,70,43,Isaiah Dudley,,5,3,10,15,1,1,0,3,1,1,0,2,0,0,0,5,10,0,1,3,0,2,76
2026,R21,Fri 24-Jul-2026 6:10 PM,Home,West Coast,Perth Stadium,W,70,28,Neil Erasmus,,6,1,8,14,0,1,0,2,0,2,1,2,1,0,0,8,7,0,1,2,0,0,73
2026,R21,Fri 24-Jul-2026 6:10 PM,Home,West Coast,Perth Stadium,W,70,32,Michael Frederick,,8,4,3,11,1,1,0,5,1,4,1,4,0,1,0,7,7,0,1,2,0,1,82
2026,R21,Fri 24-Jul-2026 6:10 PM,Home,West Coast,Perth Stadium,W,70,9,Luke Jackson,,8,2,11,19,1,1,25,6,1,1,5,4,1,0,0,10,8,2,0,0,0,0,72
2026,R21,Fri 24-Jul-2026 6:10 PM,Home,West Coast,Perth Stadium,W,70,44,Matthew Johnson,,11,4,18,29,0,0,0,5,3,4,7,2,6,0,2,11,19,0,0,0,0,0,78
2026,R21,Fri 24-Jul-2026 6:10 PM,Home,West Coast,Perth Stadium,W,70,21,Oscar McDonald,,10,4,3,13,0,0,0,2,1,0,0,3,2,1,0,2,10,0,0,5,0,0,97
2026,R21,Fri 24-Jul-2026 6:10 PM,Home,West Coast,Perth Stadium,W,70,17,Judd McVee,,6,4,9,15,0,0,0,0,2,0,0,0,0,0,0,3,11,0,0,3,3,1,84
2026,R21,Fri 24-Jul-2026 6:10 PM,Home,West Coast,Perth Stadium,W,70,30,Nathan ODriscoll,,13,5,6,19,2,0,0,3,2,3,0,5,1,0,0,3,16,0,0,1,0,0,82
2026,R21,Fri 24-Jul-2026 6:10 PM,Home,West Coast,Perth Stadium,W,70,25,Alex Pearce,,7,4,5,12,0,0,0,0,2,0,0,1,1,0,0,4,7,1,0,1,1,0,79
2026,R21,Fri 24-Jul-2026 6:10 PM,Home,West Coast,Perth Stadium,W,70,16,Murphy Reid,,15,4,11,26,1,1,0,0,0,6,2,5,0,2,3,6,19,0,1,0,2,1,77
2026,R21,Fri 24-Jul-2026 6:10 PM,Home,West Coast,Perth Stadium,W,70,13,Luke Ryan,,12,6,9,21,0,0,0,2,4,2,0,2,4,1,0,5,17,0,0,3,0,0,75
2026,R21,Fri 24-Jul-2026 6:10 PM,Home,West Coast,Perth Stadium,W,70,3,Caleb Serong,,16,6,9,25,0,0,0,5,0,4,7,3,1,1,0,8,15,1,0,0,0,0,73
2026,R21,Fri 24-Jul-2026 6:10 PM,Home,West Coast,Perth Stadium,W,70,39,Sam Switkowski,,2,2,6,8,1,0,0,3,0,1,0,1,0,1,0,4,5,0,0,1,0,0,76
2026,R21,Fri 24-Jul-2026 6:10 PM,Home,West Coast,Perth Stadium,W,70,35,Josh Treacy,,3,3,6,9,1,1,0,0,0,1,0,1,2,1,0,4,6,0,1,3,0,0,75
2026,R21,Fri 24-Jul-2026 6:10 PM,Home,West Coast,Perth Stadium,W,70,20,Patrick Voss,,9,6,2,11,1,1,0,2,0,6,0,1,0,0,0,3,6,3,1,2,1,1,94
2026,R21,Fri 24-Jul-2026 6:10 PM,Home,West Coast,Perth Stadium,W,70,34,Corey Wagner,,9,2,5,14,0,1,0,3,2,4,0,1,0,0,0,3,13,0,0,0,3,1,69
2026,R21,Fri 24-Jul-2026 6:10 PM,Home,West Coast,Perth Stadium,W,70,23,Karl Worner,,8,5,8,16,0,0,0,0,3,0,0,2,0,2,0,4,10,1,0,4,0,0,85
2026,R22,Fri 31-Jul-2026 6:10 PM,Home,Western Bulldogs,Perth Stadium,W,37,24,Jye Amiss,,5,3,1,6,0,1,0,0,0,3,0,0,1,0,0,4,2,1,1,1,0,0,85
2026,R22,Fri 31-Jul-2026 6:10 PM,Home,Western Bulldogs,Perth Stadium,W,37,10,Shai Bolton,,6,3,11,17,1,0,0,3,0,1,1,1,1,0,0,2,15,0,0,1,5,0,77
2026,R22,Fri 31-Jul-2026 6:10 PM,Home,Western Bulldogs,Perth Stadium,W,37,8,Andrew Brayshaw,,11,6,12,23,0,1,0,4,1,3,2,3,1,2,0,9,15,0,0,1,0,0,78
2026,R22,Fri 31-Jul-2026 6:10 PM,Home,Western Bulldogs,Perth Stadium,W,37,5,Heath Chapman,,8,7,5,13,0,0,0,2,0,0,0,2,1,0,0,4,9,2,0,3,1,0,88
2026,R22,Fri 31-Jul-2026 6:10 PM,Home,Western Bulldogs,Perth Stadium,W,37,6,Jordan Clark,,15,6,8,23,0,0,0,1,4,3,1,4,1,2,0,3,17,0,0,0,5,1,85
2026,R22,Fri 31-Jul-2026 6:10 PM,Home,Western Bulldogs,Perth Stadium,W,37,18,Mason Cox,,4,1,3,7,0,0,15,0,0,2,0,1,0,0,0,3,2,1,0,1,0,0,62
2026,R22,Fri 31-Jul-2026 6:10 PM,Home,Western Bulldogs,Perth Stadium,W,37,43,Isaiah Dudley,,8,5,3,11,1,1,0,0,0,4,2,1,1,0,0,4,7,0,1,0,0,0,63
2026,R22,Fri 31-Jul-2026 6:10 PM,Home,Western Bulldogs,Perth Stadium,W,37,28,Neil Erasmus,,15,7,2,17,0,0,0,1,2,3,1,2,1,0,0,2,15,0,0,1,3,1,69
2026,R22,Fri 31-Jul-2026 6:10 PM,Home,Western Bulldogs,Perth Stadium,W,37,32,Michael Frederick,,12,5,6,18,0,2,0,6,1,2,0,5,3,0,0,9,9,1,0,2,0,0,75
2026,R22,Fri 31-Jul-2026 6:10 PM,Home,Western Bulldogs,Perth Stadium,W,37,9,Luke Jackson,,6,4,10,16,2,0,26,4,0,2,5,6,2,2,2,9,8,2,2,2,0,1,84
2026,R22,Fri 31-Jul-2026 6:10 PM,Home,Western Bulldogs,Perth Stadium,W,37,44,Matthew Johnson,,10,8,8,18,1,0,0,1,2,4,2,2,1,1,0,4,14,0,0,0,0,0,78
2026,R22,Fri 31-Jul-2026 6:10 PM,Home,Western Bulldogs,Perth Stadium,W,37,21,Oscar McDonald,,19,12,3,22,0,0,0,1,6,2,0,0,0,0,0,5,19,1,0,10,0,1,91
2026,R22,Fri 31-Jul-2026 6:10 PM,Home,Western Bulldogs,Perth Stadium,W,37,17,Judd McVee,,9,5,4,13,0,0,0,0,2,2,0,3,0,2,0,3,9,0,0,3,0,0,77
2026,R22,Fri 31-Jul-2026 6:10 PM,Home,Western Bulldogs,Perth Stadium,W,37,30,Nathan ODriscoll,,10,10,6,16,0,2,0,1,1,2,0,1,0,0,0,2,14,0,2,0,1,1,75
2026,R22,Fri 31-Jul-2026 6:10 PM,Home,Western Bulldogs,Perth Stadium,W,37,25,Alex Pearce,,2,2,5,7,0,0,0,2,0,1,1,2,0,0,0,5,2,0,0,0,0,0,76
2026,R22,Fri 31-Jul-2026 6:10 PM,Home,Western Bulldogs,Perth Stadium,W,37,16,Murphy Reid,,17,2,5,22,0,0,0,1,1,6,3,2,1,0,3,9,12,0,0,0,1,1,79
2026,R22,Fri 31-Jul-2026 6:10 PM,Home,Western Bulldogs,Perth Stadium,W,37,13,Luke Ryan,,17,7,3,20,0,0,0,2,6,1,0,2,0,1,0,3,11,0,0,4,0,0,76
2026,R22,Fri 31-Jul-2026 6:10 PM,Home,Western Bulldogs,Perth Stadium,W,37,3,Caleb Serong,,10,6,7,17,2,0,0,5,0,3,7,2,1,0,0,8,9,0,1,1,0,0,76
2026,R22,Fri 31-Jul-2026 6:10 PM,Home,Western Bulldogs,Perth Stadium,W,37,39,Sam Switkowski,,10,6,7,17,0,0,0,4,0,5,2,1,1,1,0,3,11,0,1,0,0,2,80
2026,R22,Fri 31-Jul-2026 6:10 PM,Home,Western Bulldogs,Perth Stadium,W,37,35,Josh Treacy,,12,8,1,13,3,2,0,3,0,2,0,0,2,0,1,6,8,1,4,5,0,0,86
2026,R22,Fri 31-Jul-2026 6:10 PM,Home,Western Bulldogs,Perth Stadium,W,37,20,Patrick Voss,,4,4,4,8,1,0,0,4,0,0,0,3,0,3,0,1,7,0,2,0,1,0,85
2026,R22,Fri 31-Jul-2026 6:10 PM,Home,Western Bulldogs,Perth Stadium,W,37,23,Karl Worner,,21,13,7,28,0,1,0,3,6,2,0,4,0,1,0,5,23,1,0,2,1,0,82
2026,R22,Fri 31-Jul-2026 6:10 PM,Home,Western Bulldogs,Perth Stadium,W,37,26,Hayden Young,,10,6,8,18,0,1,0,3,0,1,2,0,1,0,0,5,13,0,0,0,0,0,70
2026,R23,Sat 08-Aug-2026 1:15 PM,Away,Melbourne,M.C.G.,L,-4,24,Jye Amiss,,5,5,3,8,5,0,0,0,0,0,0,2,1,1,1,4,4,1,4,1,0,0,86
2026,R23,Sat 08-Aug-2026 1:15 PM,Away,Melbourne,M.C.G.,L,-4,10,Shai Bolton,,11,3,6,17,1,1,0,1,2,7,5,5,0,3,0,7,12,0,1,0,1,1,77
2026,R23,Sat 08-Aug-2026 1:15 PM,Away,Melbourne,M.C.G.,L,-4,8,Andrew Brayshaw,,9,1,11,20,0,0,0,6,3,1,5,6,1,2,0,9,12,0,0,2,0,0,81
2026,R23,Sat 08-Aug-2026 1:15 PM,Away,Melbourne,M.C.G.,L,-4,5,Heath Chapman,,9,6,3,12,0,0,0,2,2,1,0,0,0,0,0,4,8,1,0,4,0,0,85
2026,R23,Sat 08-Aug-2026 1:15 PM,Away,Melbourne,M.C.G.,L,-4,6,Jordan Clark,,9,5,12,21,0,0,0,1,2,1,1,1,1,0,0,5,15,0,0,2,0,0,76
2026,R23,Sat 08-Aug-2026 1:15 PM,Away,Melbourne,M.C.G.,L,-4,36,Brennan Cox,,9,8,5,14,0,0,0,2,3,0,1,5,0,2,0,4,10,2,0,8,0,0,78
2026,R23,Sat 08-Aug-2026 1:15 PM,Away,Melbourne,M.C.G.,L,-4,18,Mason Cox,,5,4,2,7,0,0,14,0,1,1,2,2,2,0,0,4,3,1,0,0,0,0,49
2026,R23,Sat 08-Aug-2026 1:15 PM,Away,Melbourne,M.C.G.,L,-4,43,Isaiah Dudley,,4,2,8,12,2,1,0,0,0,1,0,3,0,2,0,3,10,0,1,1,1,1,77
2026,R23,Sat 08-Aug-2026 1:15 PM,Away,Melbourne,M.C.G.,L,-4,28,Neil Erasmus,,7,5,5,12,0,0,0,0,3,2,2,3,0,2,0,6,7,1,0,2,0,0,76
2026,R23,Sat 08-Aug-2026 1:15 PM,Away,Melbourne,M.C.G.,L,-4,32,Michael Frederick,,5,1,1,6,0,1,0,1,0,0,1,2,0,0,0,3,3,0,1,0,0,1,74
2026,R23,Sat 08-Aug-2026 1:15 PM,Away,Melbourne,M.C.G.,L,-4,9,Luke Jackson,,6,2,11,17,0,0,26,7,0,3,8,0,5,0,0,16,3,2,0,3,1,0,83
2026,R23,Sat 08-Aug-2026 1:15 PM,Away,Melbourne,M.C.G.,L,-4,44,Matthew Johnson,,13,8,11,24,1,0,0,5,1,5,2,4,0,1,0,10,15,2,1,0,0,0,79
2026,R23,Sat 08-Aug-2026 1:15 PM,Away,Melbourne,M.C.G.,L,-4,21,Oscar McDonald,,5,3,2,7,0,0,0,1,1,0,1,2,0,2,0,1,6,0,0,6,0,0,91
2026,R23,Sat 08-Aug-2026 1:15 PM,Away,Melbourne,M.C.G.,L,-4,17,Judd McVee,,6,2,7,13,0,0,0,0,3,2,2,2,1,1,0,4,8,0,0,1,1,0,72
2026,R23,Sat 08-Aug-2026 1:15 PM,Away,Melbourne,M.C.G.,L,-4,30,Nathan ODriscoll,,7,3,2,9,1,0,0,2,3,3,1,1,1,0,0,1,8,0,0,1,0,1,69
2026,R23,Sat 08-Aug-2026 1:15 PM,Away,Melbourne,M.C.G.,L,-4,16,Murphy Reid,,8,1,10,18,0,0,0,1,0,1,2,4,0,3,0,5,14,0,0,0,0,2,78
2026,R23,Sat 08-Aug-2026 1:15 PM,Away,Melbourne,M.C.G.,L,-4,13,Luke Ryan,,16,8,2,18,0,0,0,1,6,1,0,5,0,4,0,0,13,0,0,0,0,0,89
2026,R23,Sat 08-Aug-2026 1:15 PM,Away,Melbourne,M.C.G.,L,-4,3,Caleb Serong,,11,0,10,21,0,0,0,10,1,6,7,2,1,0,0,8,12,0,0,0,0,2,81
2026,R23,Sat 08-Aug-2026 1:15 PM,Away,Melbourne,M.C.G.,L,-4,39,Sam Switkowski,,5,1,6,11,1,1,0,1,0,2,0,0,0,0,0,2,8,0,1,0,0,0,78
2026,R23,Sat 08-Aug-2026 1:15 PM,Away,Melbourne,M.C.G.,L,-4,35,Josh Treacy,,12,7,0,12,2,2,0,5,0,9,0,2,3,0,0,6,7,2,2,2,0,3,90
2026,R23,Sat 08-Aug-2026 1:15 PM,Away,Melbourne,M.C.G.,L,-4,20,Patrick Voss,,7,5,3,10,4,0,0,2,0,3,0,3,0,1,0,3,7,0,4,3,1,1,88
2026,R23,Sat 08-Aug-2026 1:15 PM,Away,Melbourne,M.C.G.,L,-4,23,Karl Worner,,11,6,2,13,0,0,0,7,3,0,0,4,1,3,0,2,10,0,0,2,0,0,80
2026,R23,Sat 08-Aug-2026 1:15 PM,Away,Melbourne,M.C.G.,L,-4,26,Hayden Young,,11,5,8,19,0,0,0,4,3,2,3,3,2,2,0,6,13,0,0,1,0,0,65
2026,R24,Fri 14-Aug-2026 6:10 PM,Home,Adelaide,Perth Stadium,W,24,24,Jye Amiss,,7,4,2,9,5,1,0,2,0,0,0,2,3,1,1,5,4,0,4,1,0,0,89
2026,R24,Fri 14-Aug-2026 6:10 PM,Home,Adelaide,Perth Stadium,W,24,10,Shai Bolton,,21,2,6,27,1,0,0,4,1,15,4,6,0,2,0,9,19,0,0,1,4,3,72
2026,R24,Fri 14-Aug-2026 6:10 PM,Home,Adelaide,Perth Stadium,W,24,8,Andrew Brayshaw,,10,2,17,27,1,1,0,6,1,4,4,2,2,2,0,9,18,0,1,4,1,0,75
2026,R24,Fri 14-Aug-2026 6:10 PM,Home,Adelaide,Perth Stadium,W,24,5,Heath Chapman,,8,5,8,16,0,0,0,2,3,4,0,1,2,0,0,6,11,1,0,5,0,1,81
2026,R24,Fri 14-Aug-2026 6:10 PM,Home,Adelaide,Perth Stadium,W,24,6,Jordan Clark,,15,4,10,25,0,0,0,1,5,3,2,3,1,1,0,10,12,0,0,1,3,1,87
2026,R24,Fri 14-Aug-2026 6:10 PM,Home,Adelaide,Perth Stadium,W,24,36,Brennan Cox,,3,3,3,6,0,0,0,1,1,0,0,0,0,0,0,1,5,0,0,8,0,0,78
2026,R24,Fri 14-Aug-2026 6:10 PM,Home,Adelaide,Perth Stadium,W,24,18,Mason Cox,,5,2,5,10,1,0,21,2,0,2,1,1,1,0,0,4,3,1,1,2,0,1,46
2026,R24,Fri 14-Aug-2026 6:10 PM,Home,Adelaide,Perth Stadium,W,24,43,Isaiah Dudley,,3,0,5,8,3,0,0,1,0,0,2,1,1,0,0,4,5,0,0,1,0,0,70
2026,R24,Fri 14-Aug-2026 6:10 PM,Home,Adelaide,Perth Stadium,W,24,28,Neil Erasmus,,9,4,11,20,0,0,0,4,3,1,1,1,1,1,0,6,14,0,0,1,0,1,76
2026,R24,Fri 14-Aug-2026 6:10 PM,Home,Adelaide,Perth Stadium,W,24,32,Michael Frederick,,8,2,4,12,2,0,0,2,1,1,1,0,1,0,0,5,8,1,1,1,0,0,80
2026,R24,Fri 14-Aug-2026 6:10 PM,Home,Adelaide,Perth Stadium,W,24,9,Luke Jackson,,8,3,12,20,0,2,33,9,2,4,5,3,0,2,0,8,11,1,0,0,0,1,82
2026,R24,Fri 14-Aug-2026 6:10 PM,Home,Adelaide,Perth Stadium,W,24,44,Matthew Johnson,,5,4,11,16,0,0,0,3,2,1,2,4,0,1,0,3,13,0,0,2,1,0,81
2026,R24,Fri 14-Aug-2026 6:10 PM,Home,Adelaide,Perth Stadium,W,24,21,Oscar McDonald,,8,5,5,13,0,0,0,2,2,1,0,1,1,1,0,5,8,1,0,9,0,0,94
2026,R24,Fri 14-Aug-2026 6:10 PM,Home,Adelaide,Perth Stadium,W,24,30,Nathan ODriscoll,,7,2,2,9,0,0,0,2,1,1,0,1,2,1,0,4,5,0,0,1,1,0,69
2026,R24,Fri 14-Aug-2026 6:10 PM,Home,Adelaide,Perth Stadium,W,24,25,Alex Pearce,,2,1,1,3,0,0,0,1,1,0,0,3,0,2,0,1,2,0,0,2,0,0,82
2026,R24,Fri 14-Aug-2026 6:10 PM,Home,Adelaide,Perth Stadium,W,24,13,Luke Ryan,,14,6,5,19,0,0,0,2,4,2,0,1,0,0,0,3,13,0,0,0,0,1,74
2026,R24,Fri 14-Aug-2026 6:10 PM,Home,Adelaide,Perth Stadium,W,24,45,Chris Scerri,,6,1,6,12,0,1,0,5,0,4,0,5,1,2,0,7,5,0,0,3,0,1,79
2026,R24,Fri 14-Aug-2026 6:10 PM,Home,Adelaide,Perth Stadium,W,24,3,Caleb Serong,,16,2,13,29,2,0,0,5,1,5,12,2,0,0,2,13,15,1,0,0,0,0,80
2026,R24,Fri 14-Aug-2026 6:10 PM,Home,Adelaide,Perth Stadium,W,24,39,Sam Switkowski,,3,1,10,13,0,0,0,4,0,3,4,0,0,0,0,6,8,0,0,1,0,1,79
2026,R24,Fri 14-Aug-2026 6:10 PM,Home,Adelaide,Perth Stadium,W,24,35,Josh Treacy,,11,11,3,14,1,4,0,1,0,4,0,1,0,0,0,8,5,6,5,2,0,0,91
2026,R24,Fri 14-Aug-2026 6:10 PM,Home,Adelaide,Perth Stadium,W,24,20,Patrick Voss,,1,1,6,7,0,1,0,7,0,0,0,2,0,1,0,3,5,0,1,1,0,3,89
2026,R24,Fri 14-Aug-2026 6:10 PM,Home,Adelaide,Perth Stadium,W,24,23,Karl Worner,,11,6,4,15,0,0,0,2,2,1,0,1,1,0,0,3,10,1,0,7,0,0,79
2026,R24,Fri 14-Aug-2026 6:10 PM,Home,Adelaide,Perth Stadium,W,24,26,Hayden Young,,9,4,14,23,0,1,0,4,2,4,6,3,0,2,0,11,11,0,0,0,0,0,69
2026,R25,Sat 22-Aug-2026 1:15 PM,Away,Carlton,Docklands,L,-37,41,Bailey Banfield,,4,3,10,14,0,0,0,3,3,0,1,4,0,0,0,6,8,0,0,1,0,0,91
2026,R25,Sat 22-Aug-2026 1:15 PM,Away,Carlton,Docklands,L,-37,10,Shai Bolton,,9,3,8,17,1,0,0,5,1,5,2,2,2,1,0,8,10,0,1,0,0,0,73
2026,R25,Sat 22-Aug-2026 1:15 PM,Away,Carlton,Docklands,L,-37,8,Andrew Brayshaw,,8,2,13,21,1,1,0,8,0,4,2,3,1,1,0,6,15,0,1,2,0,3,75
2026,R25,Sat 22-Aug-2026 1:15 PM,Away,Carlton,Docklands,L,-37,6,Jordan Clark,,11,7,10,21,0,0,0,6,7,1,2,4,1,1,0,7,13,2,0,1,0,1,83
2026,R25,Sat 22-Aug-2026 1:15 PM,Away,Carlton,Docklands,L,-37,36,Brennan Cox,,0,0,2,2,0,0,0,0,0,0,0,0,0,0,0,1,1,0,0,1,0,0,22
2026,R25,Sat 22-Aug-2026 1:15 PM,Away,Carlton,Docklands,L,-37,18,Mason Cox,,5,2,2,7,0,2,15,1,1,1,3,0,2,0,0,3,3,0,1,2,0,1,75
2026,R25,Sat 22-Aug-2026 1:15 PM,Away,Carlton,Docklands,L,-37,43,Isaiah Dudley,,5,0,7,12,1,0,0,1,0,4,1,2,0,1,0,7,5,0,0,1,0,1,85
2026,R25,Sat 22-Aug-2026 1:15 PM,Away,Carlton,Docklands,L,-37,28,Neil Erasmus,,9,3,6,15,0,0,0,5,3,1,1,0,0,0,0,5,9,0,1,1,0,0,80
2026,R25,Sat 22-Aug-2026 1:15 PM,Away,Carlton,Docklands,L,-37,32,Michael Frederick,,5,4,6,11,1,0,0,2,0,4,0,2,0,0,0,4,10,0,0,5,0,0,79
2026,R25,Sat 22-Aug-2026 1:15 PM,Away,Carlton,Docklands,L,-37,9,Luke Jackson,,7,4,7,14,1,2,24,5,2,2,4,2,4,2,0,9,6,1,2,2,0,1,72
2026,R25,Sat 22-Aug-2026 1:15 PM,Away,Carlton,Docklands,L,-37,44,Matthew Johnson,,6,1,11,17,0,0,0,1,1,3,5,2,1,1,0,7,7,0,0,0,0,0,75
2026,R25,Sat 22-Aug-2026 1:15 PM,Away,Carlton,Docklands,L,-37,21,Oscar McDonald,,10,7,1,11,1,0,0,1,1,1,0,2,0,1,0,0,10,0,1,3,0,0,94
2026,R25,Sat 22-Aug-2026 1:15 PM,Away,Carlton,Docklands,L,-37,17,Judd McVee,,7,4,6,13,0,0,0,0,4,0,0,1,0,0,0,2,9,0,0,1,0,0,84
2026,R25,Sat 22-Aug-2026 1:15 PM,Away,Carlton,Docklands,L,-37,11,Tobyn Murray,,6,2,7,13,1,1,0,4,0,0,1,3,1,0,0,4,9,0,0,0,0,0,82
2026,R25,Sat 22-Aug-2026 1:15 PM,Away,Carlton,Docklands,L,-37,30,Nathan ODriscoll,,6,2,6,12,0,0,0,1,0,1,0,1,2,0,0,5,7,0,1,0,0,0,83
2026,R25,Sat 22-Aug-2026 1:15 PM,Away,Carlton,Docklands,L,-37,25,Alex Pearce,,3,2,2,5,0,0,0,1,1,0,0,1,0,1,0,1,4,0,0,4,0,0,75
2026,R25,Sat 22-Aug-2026 1:15 PM,Away,Carlton,Docklands,L,-37,13,Luke Ryan,,11,5,4,15,0,0,0,2,5,0,0,3,0,2,0,5,5,1,0,3,0,0,85
2026,R25,Sat 22-Aug-2026 1:15 PM,Away,Carlton,Docklands,L,-37,45,Chris Scerri,,2,2,5,7,0,0,0,0,0,2,1,0,0,0,0,2,5,0,0,0,0,1,82
2026,R25,Sat 22-Aug-2026 1:15 PM,Away,Carlton,Docklands,L,-37,3,Caleb Serong,,13,2,10,23,0,0,0,3,1,5,5,4,2,0,0,8,16,0,0,2,0,1,76
2026,R25,Sat 22-Aug-2026 1:15 PM,Away,Carlton,Docklands,L,-37,35,Josh Treacy,,6,5,1,7,3,2,0,1,0,0,0,1,0,0,0,1,6,1,5,4,0,0,84
2026,R25,Sat 22-Aug-2026 1:15 PM,Away,Carlton,Docklands,L,-37,20,Patrick Voss,,3,2,3,6,2,0,0,1,0,0,0,4,0,2,0,0,7,0,2,1,0,0,91
2026,R25,Sat 22-Aug-2026 1:15 PM,Away,Carlton,Docklands,L,-37,23,Karl Worner,,9,6,5,14,0,0,0,1,4,0,0,2,0,1,0,3,9,1,0,2,3,0,87
2026,R25,Sat 22-Aug-2026 1:15 PM,Away,Carlton,Docklands,L,-37,26,Hayden Young,,12,3,11,23,0,0,0,0,0,8,2,1,0,0,0,10,14,0,0,2,0,1,66
2026,QF,Thu 03-Sep-2026 6:10 PM,Final,Hawthorn,Perth Stadium,L,-32,24,Jye Amiss,,5,4,0,5,1,1,0,2,0,0,0,3,0,1,0,4,1,3,2,1,0,0,90
2026,QF,Thu 03-Sep-2026 6:10 PM,Final,Hawthorn,Perth Stadium,L,-32,10,Shai Bolton,,12,2,9,21,0,0,0,1,2,5,5,6,1,1,0,10,12,0,0,1,1,0,73
2026,QF,Thu 03-Sep-2026 6:10 PM,Final,Hawthorn,Perth Stadium,L,-32,8,Andrew Brayshaw,,18,5,12,30,1,1,0,4,1,8,2,4,1,1,0,9,21,0,1,0,0,1,79
2026,QF,Thu 03-Sep-2026 6:10 PM,Final,Hawthorn,Perth Stadium,L,-32,5,Heath Chapman,,13,8,9,22,0,0,0,2,7,2,1,6,0,2,0,7,14,1,0,3,0,0,86
2026,QF,Thu 03-Sep-2026 6:10 PM,Final,Hawthorn,Perth Stadium,L,-32,6,Jordan Clark,,24,11,14,38,0,1,0,0,3,7,2,5,0,1,0,9,25,1,1,1,0,1,85
2026,QF,Thu 03-Sep-2026 6:10 PM,Final,Hawthorn,Perth Stadium,L,-32,18,Mason Cox,,3,3,1,4,0,0,5,0,1,1,0,1,0,0,0,0,4,0,0,1,0,0,43
2026,QF,Thu 03-Sep-2026 6:10 PM,Final,Hawthorn,Perth Stadium,L,-32,43,Isaiah Dudley,,12,5,2,14,0,2,0,2,1,5,0,1,1,0,0,3,10,0,1,0,0,0,77
2026,QF,Thu 03-Sep-2026 6:10 PM,Final,Hawthorn,Perth Stadium,L,-32,28,Neil Erasmus,,13,7,11,24,0,0,0,2,2,1,3,3,0,1,0,8,15,1,1,1,2,0,85
2026,QF,Thu 03-Sep-2026 6:10 PM,Final,Hawthorn,Perth Stadium,L,-32,32,Michael Frederick,,4,4,6,10,0,0,0,3,1,1,0,0,1,0,0,6,6,0,0,2,0,0,68
2026,QF,Thu 03-Sep-2026 6:10 PM,Final,Hawthorn,Perth Stadium,L,-32,9,Luke Jackson,,7,6,15,22,1,1,26,1,1,2,6,2,2,1,0,15,6,3,1,3,0,0,80
2026,QF,Thu 03-Sep-2026 6:10 PM,Final,Hawthorn,Perth Stadium,L,-32,44,Matthew Johnson,,6,2,8,14,0,1,0,5,0,3,0,5,1,0,0,4,10,0,0,0,1,1,77
2026,QF,Thu 03-Sep-2026 6:10 PM,Final,Hawthorn,Perth Stadium,L,-32,21,Oscar McDonald,,12,10,5,17,0,0,0,1,3,0,0,2,0,1,0,4,11,1,0,6,0,0,89
2026,QF,Thu 03-Sep-2026 6:10 PM,Final,Hawthorn,Perth Stadium,L,-32,30,Nathan ODriscoll,,9,5,9,18,0,0,0,2,3,3,0,2,0,1,0,4,15,0,0,1,0,0,80
2026,QF,Thu 03-Sep-2026 6:10 PM,Final,Hawthorn,Perth Stadium,L,-32,25,Alex Pearce,,3,3,15,18,0,0,0,0,0,0,1,1,1,0,0,11,7,2,0,5,0,0,85
2026,QF,Thu 03-Sep-2026 6:10 PM,Final,Hawthorn,Perth Stadium,L,-32,16,Murphy Reid,,11,2,13,24,0,0,0,1,1,3,1,3,0,0,0,3,21,0,0,0,0,0,81
2026,QF,Thu 03-Sep-2026 6:10 PM,Final,Hawthorn,Perth Stadium,L,-32,13,Luke Ryan,,18,10,5,23,0,0,0,4,3,1,0,0,0,0,0,3,16,1,0,3,0,0,73
2026,QF,Thu 03-Sep-2026 6:10 PM,Final,Hawthorn,Perth Stadium,L,-32,3,Caleb Serong,,8,3,12,20,0,0,0,2,3,3,6,1,0,1,0,10,13,0,0,1,3,0,77
2026,QF,Thu 03-Sep-2026 6:10 PM,Final,Hawthorn,Perth Stadium,L,-32,39,Sam Switkowski,,6,4,9,15,1,1,0,3,0,3,1,2,0,0,0,7,7,0,2,2,0,0,81
2026,QF,Thu 03-Sep-2026 6:10 PM,Final,Hawthorn,Perth Stadium,L,-32,35,Josh Treacy,,1,0,3,4,1,0,0,2,0,0,0,3,1,2,0,3,2,0,0,2,0,0,91
2026,QF,Thu 03-Sep-2026 6:10 PM,Final,Hawthorn,Perth Stadium,L,-32,20,Patrick Voss,,3,1,8,11,0,1,0,3,0,1,1,2,0,0,0,3,7,0,0,0,0,1,91
2026,QF,Thu 03-Sep-2026 6:10 PM,Final,Hawthorn,Perth Stadium,L,-32,31,Brandon Walker,,5,2,7,12,0,0,0,1,2,1,0,3,0,0,0,7,6,1,0,2,3,0,59
2026,QF,Thu 03-Sep-2026 6:10 PM,Final,Hawthorn,Perth Stadium,L,-32,23,Karl Worner,,14,6,8,22,0,0,0,3,7,2,1,2,3,0,0,5,15,0,0,5,6,1,80
2026,QF,Thu 03-Sep-2026 6:10 PM,Final,Hawthorn,Perth Stadium,L,-32,26,Hayden Young,,10,3,5,15,0,0,0,4,0,5,1,2,1,0,0,5,9,0,0,3,0,0,67
2026,SF,Fri 11-Sep-2026 6:10 PM,Final,Geelong,Perth Stadium,W,14,24,Jye Amiss,,3,3,1,4,2,1,0,1,0,0,0,3,0,2,0,3,2,2,3,2,0,1,91
2026,SF,Fri 11-Sep-2026 6:10 PM,Final,Geelong,Perth Stadium,W,14,10,Shai Bolton,,14,3,12,26,2,0,0,8,2,7,4,3,1,0,0,5,21,0,1,1,3,1,80
2026,SF,Fri 11-Sep-2026 6:10 PM,Final,Geelong,Perth Stadium,W,14,8,Andrew Brayshaw,,9,2,15,24,0,0,0,4,1,2,4,2,0,0,0,5,18,0,0,1,0,1,81
2026,SF,Fri 11-Sep-2026 6:10 PM,Final,Geelong,Perth Stadium,W,14,5,Heath Chapman,,6,4,10,16,0,0,0,3,3,0,0,4,1,2,0,6,9,0,0,0,0,0,83
2026,SF,Fri 11-Sep-2026 6:10 PM,Final,Geelong,Perth Stadium,W,14,6,Jordan Clark,,14,1,11,25,0,0,0,3,6,6,2,2,0,0,0,6,14,0,0,0,0,1,83
2026,SF,Fri 11-Sep-2026 6:10 PM,Final,Geelong,Perth Stadium,W,14,18,Mason Cox,,4,2,1,5,1,0,11,1,1,1,2,1,2,0,0,3,2,0,1,2,0,0,43
2026,SF,Fri 11-Sep-2026 6:10 PM,Final,Geelong,Perth Stadium,W,14,43,Isaiah Dudley,,6,3,2,8,2,1,0,1,0,2,0,1,1,0,0,4,5,0,3,2,0,0,73
2026,SF,Fri 11-Sep-2026 6:10 PM,Final,Geelong,Perth Stadium,W,14,28,Neil Erasmus,,8,3,9,17,0,0,0,2,0,3,3,2,0,0,0,7,8,0,0,1,1,0,75
2026,SF,Fri 11-Sep-2026 6:10 PM,Final,Geelong,Perth Stadium,W,14,32,Michael Frederick,,6,4,0,6,2,0,0,3,0,0,0,1,0,1,0,0,6,0,1,0,0,0,71
2026,SF,Fri 11-Sep-2026 6:10 PM,Final,Geelong,Perth Stadium,W,14,9,Luke Jackson,,6,2,19,25,2,0,35,4,0,0,8,3,2,1,0,15,9,1,0,2,0,1,82
2026,SF,Fri 11-Sep-2026 6:10 PM,Final,Geelong,Perth Stadium,W,14,44,Matthew Johnson,,5,3,10,15,0,0,0,2,1,3,1,1,2,0,0,6,10,0,0,2,3,1,79
2026,SF,Fri 11-Sep-2026 6:10 PM,Final,Geelong,Perth Stadium,W,14,21,Oscar McDonald,,8,2,4,12,0,0,0,0,3,2,0,6,1,1,0,6,6,1,0,6,0,0,100
2026,SF,Fri 11-Sep-2026 6:10 PM,Final,Geelong,Perth Stadium,W,14,17,Judd McVee,,5,1,7,12,0,0,0,1,1,2,0,4,0,0,0,2,9,0,0,2,1,0,66
2026,SF,Fri 11-Sep-2026 6:10 PM,Final,Geelong,Perth Stadium,W,14,25,Alex Pearce,,4,3,9,13,0,0,0,0,0,0,1,2,0,1,0,7,6,1,0,4,0,0,90
2026,SF,Fri 11-Sep-2026 6:10 PM,Final,Geelong,Perth Stadium,W,14,16,Murphy Reid,,10,1,13,23,0,1,0,5,0,4,2,5,1,1,0,8,16,0,1,0,3,2,82
2026,SF,Fri 11-Sep-2026 6:10 PM,Final,Geelong,Perth Stadium,W,14,13,Luke Ryan,,13,7,7,20,0,0,0,2,3,1,0,4,0,2,0,4,15,0,0,4,0,0,73
2026,SF,Fri 11-Sep-2026 6:10 PM,Final,Geelong,Perth Stadium,W,14,3,Caleb Serong,,12,1,11,23,1,0,0,5,2,4,6,3,0,0,0,11,13,0,1,1,0,2,74
2026,SF,Fri 11-Sep-2026 6:10 PM,Final,Geelong,Perth Stadium,W,14,39,Sam Switkowski,,4,4,7,11,0,0,0,2,0,4,1,3,0,1,0,5,6,0,0,1,0,1,77
2026,SF,Fri 11-Sep-2026 6:10 PM,Final,Geelong,Perth Stadium,W,14,35,Josh Treacy,,10,8,3,13,1,1,0,4,0,6,0,3,2,1,0,9,8,3,1,8,0,2,91
2026,SF,Fri 11-Sep-2026 6:10 PM,Final,Geelong,Perth Stadium,W,14,20,Patrick Voss,,9,5,3,12,4,1,0,1,0,2,0,2,1,1,0,6,6,2,3,0,0,0,89
2026,SF,Fri 11-Sep-2026 6:10 PM,Final,Geelong,Perth Stadium,W,14,34,Corey Wagner,,8,3,5,13,0,0,0,8,3,1,1,2,0,1,0,3,9,0,0,1,0,1,71
2026,SF,Fri 11-Sep-2026 6:10 PM,Final,Geelong,Perth Stadium,W,14,23,Karl Worner,,10,5,8,18,0,0,0,4,4,1,3,1,1,0,0,8,8,0,0,3,0,0,80
2026,SF,Fri 11-Sep-2026 6:10 PM,Final,Geelong,Perth Stadium,W,14,26,Hayden Young,,14,4,9,23,1,1,0,4,0,9,6,4,1,0,0,12,9,1,1,1,3,0,66
2026,PF,Fri 18-Sep-2026 7:40 PM,Final,Sydney,S.C.G.,W,12,24,Jye Amiss,,5,2,5,10,1,0,0,0,0,2,0,2,0,2,0,5,5,1,2,0,0,0,95
2026,PF,Fri 18-Sep-2026 7:40 PM,Final,Sydney,S.C.G.,W,12,10,Shai Bolton,,13,3,7,20,2,0,0,8,0,7,3,4,3,1,0,11,10,1,0,1,1,1,73
2026,PF,Fri 18-Sep-2026 7:40 PM,Final,Sydney,S.C.G.,W,12,8,Andrew Brayshaw,,12,5,17,29,0,0,0,6,0,5,5,6,1,2,0,13,17,1,0,2,1,0,79
2026,PF,Fri 18-Sep-2026 7:40 PM,Final,Sydney,S.C.G.,W,12,5,Heath Chapman,,11,6,9,20,0,0,0,0,7,1,0,1,0,0,0,7,10,1,0,4,0,0,85
2026,PF,Fri 18-Sep-2026 7:40 PM,Final,Sydney,S.C.G.,W,12,6,Jordan Clark,,10,0,9,19,0,1,0,0,5,2,1,6,0,4,0,7,12,0,0,0,0,0,79
2026,PF,Fri 18-Sep-2026 7:40 PM,Final,Sydney,S.C.G.,W,12,18,Mason Cox,,2,3,2,4,1,0,21,0,0,0,0,0,0,0,0,3,1,2,1,2,0,0,43
2026,PF,Fri 18-Sep-2026 7:40 PM,Final,Sydney,S.C.G.,W,12,43,Isaiah Dudley,,11,3,5,16,2,1,0,5,0,1,2,1,1,0,0,6,10,0,1,0,0,0,76
2026,PF,Fri 18-Sep-2026 7:40 PM,Final,Sydney,S.C.G.,W,12,28,Neil Erasmus,,14,5,3,17,1,0,0,2,2,2,2,5,2,1,0,6,10,0,0,2,0,0,80
2026,PF,Fri 18-Sep-2026 7:40 PM,Final,Sydney,S.C.G.,W,12,32,Michael Frederick,,8,1,5,13,1,1,0,5,0,3,2,1,2,0,0,4,10,0,0,3,3,0,72
2026,PF,Fri 18-Sep-2026 7:40 PM,Final,Sydney,S.C.G.,W,12,9,Luke Jackson,,9,4,6,15,2,0,27,5,0,2,3,2,1,2,0,10,3,3,2,3,0,0,80
2026,PF,Fri 18-Sep-2026 7:40 PM,Final,Sydney,S.C.G.,W,12,44,Matthew Johnson,,15,3,4,19,0,0,0,6,2,5,3,3,2,1,0,10,9,1,0,2,0,1,72
2026,PF,Fri 18-Sep-2026 7:40 PM,Final,Sydney,S.C.G.,W,12,21,Oscar McDonald,,7,4,3,10,0,0,0,4,3,1,0,3,0,2,0,5,5,2,0,6,0,1,96
2026,PF,Fri 18-Sep-2026 7:40 PM,Final,Sydney,S.C.G.,W,12,17,Judd McVee,,7,1,8,15,0,0,0,1,2,2,1,2,1,1,0,7,8,0,0,3,0,1,82
2026,PF,Fri 18-Sep-2026 7:40 PM,Final,Sydney,S.C.G.,W,12,25,Alex Pearce,,2,2,7,9,0,0,0,0,2,0,0,3,1,2,0,7,3,2,0,5,0,0,94
2026,PF,Fri 18-Sep-2026 7:40 PM,Final,Sydney,S.C.G.,W,12,16,Murphy Reid,,6,2,14,20,0,0,0,3,1,4,3,3,1,1,0,7,16,0,0,0,0,1,82
2026,PF,Fri 18-Sep-2026 7:40 PM,Final,Sydney,S.C.G.,W,12,13,Luke Ryan,,13,4,4,17,0,0,0,1,7,2,1,2,0,0,0,4,8,0,0,0,0,0,72
2026,PF,Fri 18-Sep-2026 7:40 PM,Final,Sydney,S.C.G.,W,12,3,Caleb Serong,,19,1,9,28,0,3,0,2,2,10,10,0,1,0,0,13,15,0,0,1,0,0,78
2026,PF,Fri 18-Sep-2026 7:40 PM,Final,Sydney,S.C.G.,W,12,39,Sam Switkowski,,4,2,8,12,0,0,0,0,0,3,1,0,0,0,0,6,5,1,0,0,0,0,75
2026,PF,Fri 18-Sep-2026 7:40 PM,Final,Sydney,S.C.G.,W,12,35,Josh Treacy,,6,2,2,8,0,0,0,0,0,2,0,3,1,0,0,3,3,1,0,1,0,1,87
2026,PF,Fri 18-Sep-2026 7:40 PM,Final,Sydney,S.C.G.,W,12,20,Patrick Voss,,8,5,2,10,1,2,0,4,0,3,0,4,1,3,0,6,5,1,1,0,0,0,90
2026,PF,Fri 18-Sep-2026 7:40 PM,Final,Sydney,S.C.G.,W,12,34,Corey Wagner,,10,5,6,16,0,0,0,4,2,5,3,3,2,2,0,8,8,0,0,1,0,1,69
2026,PF,Fri 18-Sep-2026 7:40 PM,Final,Sydney,S.C.G.,W,12,23,Karl Worner,,7,2,7,14,0,0,0,1,4,0,0,3,0,0,0,4,9,0,0,5,1,0,76
2026,PF,Fri 18-Sep-2026 7:40 PM,Final,Sydney,S.C.G.,W,12,26,Hayden Young,,12,5,16,28,1,0,0,7,0,5,4,1,0,0,0,11,17,0,1,1,2,1,68
2026,GF,Sat 26-Sep-2026 2:30 PM,Final,Brisbane Lions,M.C.G.,L,-7,24,Jye Amiss,,8,4,2,10,2,0,0,2,0,2,0,0,1,0,0,8,3,4,2,1,0,0,95
2026,GF,Sat 26-Sep-2026 2:30 PM,Final,Brisbane Lions,M.C.G.,L,-7,10,Shai Bolton,,17,7,9,26,0,2,0,5,1,9,2,4,2,0,0,10,16,0,0,1,3,1,79
2026,GF,Sat 26-Sep-2026 2:30 PM,Final,Brisbane Lions,M.C.G.,L,-7,8,Andrew Brayshaw,,9,3,7,16,0,0,0,7,3,4,6,4,2,0,0,9,10,0,0,5,1,0,81
2026,GF,Sat 26-Sep-2026 2:30 PM,Final,Brisbane Lions,M.C.G.,L,-7,5,Heath Chapman,,4,4,6,10,0,0,0,2,2,2,1,1,0,1,0,5,5,1,0,4,0,0,85
2026,GF,Sat 26-Sep-2026 2:30 PM,Final,Brisbane Lions,M.C.G.,L,-7,6,Jordan Clark,,11,4,3,14,0,0,0,0,7,1,0,1,1,0,0,5,5,0,0,2,0,0,85
2026,GF,Sat 26-Sep-2026 2:30 PM,Final,Brisbane Lions,M.C.G.,L,-7,18,Mason Cox,,2,0,0,2,0,0,4,0,0,0,0,0,0,0,0,1,1,0,0,1,0,0,32
2026,GF,Sat 26-Sep-2026 2:30 PM,Final,Brisbane Lions,M.C.G.,L,-7,43,Isaiah Dudley,,10,1,3,13,2,1,0,0,1,5,1,2,0,2,0,5,8,0,0,0,2,1,64
2026,GF,Sat 26-Sep-2026 2:30 PM,Final,Brisbane Lions,M.C.G.,L,-7,28,Neil Erasmus,,4,0,7,11,0,0,0,4,0,1,3,1,0,0,0,8,5,0,0,0,0,0,68
2026,GF,Sat 26-Sep-2026 2:30 PM,Final,Brisbane Lions,M.C.G.,L,-7,32,Michael Frederick,,9,5,0,9,1,1,0,4,0,3,2,0,2,0,0,4,6,0,1,0,0,0,78
2026,GF,Sat 26-Sep-2026 2:30 PM,Final,Brisbane Lions,M.C.G.,L,-7,9,Luke Jackson,,10,2,5,15,0,0,47,4,0,2,4,2,1,0,0,8,5,2,0,3,0,1,86
2026,GF,Sat 26-Sep-2026 2:30 PM,Final,Brisbane Lions,M.C.G.,L,-7,44,Matthew Johnson,,10,6,6,16,0,2,0,3,1,3,2,1,0,0,0,7,9,1,1,1,0,1,77
2026,GF,Sat 26-Sep-2026 2:30 PM,Final,Brisbane Lions,M.C.G.,L,-7,21,Oscar McDonald,,8,5,5,13,0,1,0,2,3,1,0,2,1,1,0,7,5,2,0,7,0,0,100
2026,GF,Sat 26-Sep-2026 2:30 PM,Final,Brisbane Lions,M.C.G.,L,-7,17,Judd McVee,,10,4,0,10,0,0,0,1,2,0,1,2,0,1,0,5,4,1,0,2,0,0,78
2026,GF,Sat 26-Sep-2026 2:30 PM,Final,Brisbane Lions,M.C.G.,L,-7,25,Alex Pearce,,1,0,1,2,0,0,0,0,1,0,0,1,0,1,0,0,1,0,0,2,0,0,49
2026,GF,Sat 26-Sep-2026 2:30 PM,Final,Brisbane Lions,M.C.G.,L,-7,16,Murphy Reid,,13,2,8,21,1,0,0,4,0,6,3,3,0,0,0,6,12,1,0,1,2,0,83
2026,GF,Sat 26-Sep-2026 2:30 PM,Final,Brisbane Lions,M.C.G.,L,-7,13,Luke Ryan,,10,2,3,13,0,0,0,4,5,0,0,0,0,0,0,3,5,0,0,3,1,0,78
2026,GF,Sat 26-Sep-2026 2:30 PM,Final,Brisbane Lions,M.C.G.,L,-7,3,Caleb Serong,,15,1,9,24,0,0,0,1,0,5,13,6,0,0,0,17,6,0,0,0,0,2,78
2026,GF,Sat 26-Sep-2026 2:30 PM,Final,Brisbane Lions,M.C.G.,L,-7,39,Sam Switkowski,,6,6,10,16,0,0,0,4,0,4,2,1,0,0,0,6,10,1,2,1,0,1,86
2026,GF,Sat 26-Sep-2026 2:30 PM,Final,Brisbane Lions,M.C.G.,L,-7,35,Josh Treacy,,8,6,1,9,1,2,0,4,0,3,0,0,0,0,0,5,5,3,2,3,0,1,97
2026,GF,Sat 26-Sep-2026 2:30 PM,Final,Brisbane Lions,M.C.G.,L,-7,20,Patrick Voss,,6,5,3,9,3,2,0,5,0,2,0,0,1,0,0,4,6,0,4,0,0,0,93
2026,GF,Sat 26-Sep-2026 2:30 PM,Final,Brisbane Lions,M.C.G.,L,-7,34,Corey Wagner,,6,2,5,11,0,0,0,3,1,2,0,0,0,0,0,4,6,0,0,1,0,1,69
2026,GF,Sat 26-Sep-2026 2:30 PM,Final,Brisbane Lions,M.C.G.,L,-7,23,Karl Worner,,12,3,4,16,0,1,0,2,7,2,1,1,0,0,0,4,7,1,0,3,2,0,82
2026,GF,Sat 26-Sep-2026 2:30 PM,Final,Brisbane Lions,M.C.G.,L,-7,26,Hayden Young,,14,5,8,22,2,1,0,9,0,5,4,3,1,1,0,8,15,0,1,1,1,1,76
2025,R2,Sat 15-Mar-2025 1:20 PM,Away,Geelong,Kardinia Park,L,-78,24,Jye Amiss,,4,2,3,7,0,0,0,2,0,0,0,3,1,1,0,4,3,1,0,1,0,0,86
2025,R2,Sat 15-Mar-2025 1:20 PM,Away,Geelong,Kardinia Park,L,-78,41,Bailey Banfield,,6,0,5,11,1,1,0,2,0,0,0,2,0,0,0,4,6,0,0,2,0,1,79
2025,R2,Sat 15-Mar-2025 1:20 PM,Away,Geelong,Kardinia Park,L,-78,8,Andrew Brayshaw,,8,1,18,26,1,1,0,6,0,5,6,3,1,0,0,11,15,0,0,0,1,1,85
2025,R2,Sat 15-Mar-2025 1:20 PM,Away,Geelong,Kardinia Park,L,-78,5,Heath Chapman,on,3,0,3,6,0,0,0,0,2,1,0,1,0,0,0,1,4,0,0,1,0,0,41
2025,R2,Sat 15-Mar-2025 1:20 PM,Away,Geelong,Kardinia Park,L,-78,6,Jordan Clark,,11,5,12,23,0,0,0,2,3,1,1,1,1,0,0,6,17,0,0,3,0,0,87
2025,R2,Sat 15-Mar-2025 1:20 PM,Away,Geelong,Kardinia Park,L,-78,36,Brennan Cox,,7,3,2,9,1,0,0,1,2,0,1,6,0,3,0,5,3,2,1,6,0,0,74
2025,R2,Sat 15-Mar-2025 1:20 PM,Away,Geelong,Kardinia Park,L,-78,37,Josh Draper,,5,5,4,9,0,0,0,2,2,0,0,1,0,1,0,2,8,0,0,1,0,0,74
2025,R2,Sat 15-Mar-2025 1:20 PM,Away,Geelong,Kardinia Park,L,-78,32,Michael Frederick,,10,4,3,13,2,0,0,4,0,5,0,3,0,0,0,2,9,0,1,0,0,2,81
2025,R2,Sat 15-Mar-2025 1:20 PM,Away,Geelong,Kardinia Park,L,-78,9,Luke Jackson,,7,2,9,16,0,0,39,3,1,4,4,3,3,2,0,6,9,0,0,1,0,0,86
2025,R2,Sat 15-Mar-2025 1:20 PM,Away,Geelong,Kardinia Park,L,-78,44,Matthew Johnson,,12,3,15,27,0,0,0,4,2,4,3,4,1,1,0,9,17,0,0,2,0,0,80
2025,R2,Sat 15-Mar-2025 1:20 PM,Away,Geelong,Kardinia Park,L,-78,30,Nathan ODriscoll,,11,2,14,25,0,0,0,4,0,3,2,3,2,0,0,8,18,0,0,3,0,1,76
2025,R2,Sat 15-Mar-2025 1:20 PM,Away,Geelong,Kardinia Park,L,-78,2,Jaeger OMeara,,9,6,22,31,0,1,0,3,0,4,6,5,0,1,0,12,19,0,0,1,0,0,82
2025,R2,Sat 15-Mar-2025 1:20 PM,Away,Geelong,Kardinia Park,L,-78,25,Alex Pearce,,9,4,2,11,0,0,0,2,3,1,0,3,3,2,0,6,5,1,0,7,1,0,93
2025,R2,Sat 15-Mar-2025 1:20 PM,Away,Geelong,Kardinia Park,L,-78,16,Murphy Reid,,10,3,3,13,4,0,0,0,0,1,0,4,0,0,0,3,10,0,3,0,0,0,79
2025,R2,Sat 15-Mar-2025 1:20 PM,Away,Geelong,Kardinia Park,L,-78,18,Liam Reidy,,4,1,2,6,0,0,18,2,0,1,1,3,1,3,0,2,4,0,0,2,0,1,75
2025,R2,Sat 15-Mar-2025 1:20 PM,Away,Geelong,Kardinia Park,L,-78,13,Luke Ryan,,13,4,5,18,0,0,0,2,5,0,1,1,0,1,0,3,9,0,0,5,0,0,88
2025,R2,Sat 15-Mar-2025 1:20 PM,Away,Geelong,Kardinia Park,L,-78,3,Caleb Serong,,14,1,13,27,0,0,0,3,1,7,11,2,2,0,0,16,11,0,0,2,0,0,77
2025,R2,Sat 15-Mar-2025 1:20 PM,Away,Geelong,Kardinia Park,L,-78,14,Jeremy Sharp,,8,3,11,19,0,0,0,3,2,1,4,4,0,2,0,5,14,0,0,1,2,0,92
2025,R2,Sat 15-Mar-2025 1:20 PM,Away,Geelong,Kardinia Park,L,-78,39,Sam Switkowski,off,4,1,3,7,0,0,0,1,0,4,0,1,0,0,0,4,3,0,0,1,0,0,42
2025,R2,Sat 15-Mar-2025 1:20 PM,Away,Geelong,Kardinia Park,L,-78,35,Josh Treacy,,5,3,4,9,1,1,0,1,0,0,0,7,0,5,0,3,6,0,3,1,0,1,90
2025,R2,Sat 15-Mar-2025 1:20 PM,Away,Geelong,Kardinia Park,L,-78,34,Corey Wagner,,12,1,12,24,0,0,0,2,7,0,0,4,0,0,0,6,17,0,0,1,1,1,85
2025,R2,Sat 15-Mar-2025 1:20 PM,Away,Geelong,Kardinia Park,L,-78,31,Brandon Walker,,7,1,6,13,0,0,0,5,2,0,1,3,3,1,0,7,7,1,0,1,0,0,77
2025,R2,Sat 15-Mar-2025 1:20 PM,Away,Geelong,Kardinia Park,L,-78,23,Karl Worner,,4,0,7,11,0,0,0,5,0,1,0,2,1,1,0,4,5,0,0,3,0,0,71
2025,R3,Sun 23-Mar-2025 3:10 PM,Home,Sydney,Perth Stadium,L,-3,24,Jye Amiss,,5,4,3,8,1,0,0,1,1,1,1,0,1,0,0,5,3,2,1,0,0,0,91
2025,R3,Sun 23-Mar-2025 3:10 PM,Home,Sydney,Perth Stadium,L,-3,41,Bailey Banfield,,4,1,6,10,1,0,0,0,0,2,1,3,0,0,0,4,7,0,1,2,0,0,79
2025,R3,Sun 23-Mar-2025 3:10 PM,Home,Sydney,Perth Stadium,L,-3,15,Shai Bolton,,9,0,6,15,0,0,0,4,0,2,4,5,0,3,0,7,9,0,0,1,1,1,77
2025,R3,Sun 23-Mar-2025 3:10 PM,Home,Sydney,Perth Stadium,L,-3,8,Andrew Brayshaw,,6,2,13,19,0,0,0,8,0,6,3,2,1,2,1,8,13,0,0,2,2,0,86
2025,R3,Sun 23-Mar-2025 3:10 PM,Home,Sydney,Perth Stadium,L,-3,5,Heath Chapman,,8,4,4,12,0,0,0,3,2,0,0,2,1,0,0,4,10,0,0,3,0,0,75
2025,R3,Sun 23-Mar-2025 3:10 PM,Home,Sydney,Perth Stadium,L,-3,6,Jordan Clark,,15,5,9,24,0,0,0,2,8,4,0,3,0,1,0,12,7,3,0,2,1,1,92
2025,R3,Sun 23-Mar-2025 3:10 PM,Home,Sydney,Perth Stadium,L,-3,36,Brennan Cox,,9,7,3,12,0,0,0,0,1,0,0,0,1,0,0,5,7,1,0,4,0,0,84
2025,R3,Sun 23-Mar-2025 3:10 PM,Home,Sydney,Perth Stadium,L,-3,37,Josh Draper,on,5,1,2,7,0,0,0,2,0,1,0,0,2,0,0,5,2,0,0,4,0,1,46
2025,R3,Sun 23-Mar-2025 3:10 PM,Home,Sydney,Perth Stadium,L,-3,28,Neil Erasmus,,8,3,6,14,0,1,0,2,2,3,1,4,2,2,0,3,11,0,0,0,0,0,66
2025,R3,Sun 23-Mar-2025 3:10 PM,Home,Sydney,Perth Stadium,L,-3,32,Michael Frederick,,6,3,6,12,0,2,0,0,0,1,1,2,1,0,0,8,3,1,0,0,0,0,83
2025,R3,Sun 23-Mar-2025 3:10 PM,Home,Sydney,Perth Stadium,L,-3,9,Luke Jackson,,6,3,14,20,1,0,28,5,0,5,0,5,1,2,0,7,13,1,1,2,0,0,85
2025,R3,Sun 23-Mar-2025 3:10 PM,Home,Sydney,Perth Stadium,L,-3,44,Matthew Johnson,,11,6,6,17,0,0,0,2,2,8,0,7,0,1,0,2,14,0,0,1,0,0,70
2025,R3,Sun 23-Mar-2025 3:10 PM,Home,Sydney,Perth Stadium,L,-3,30,Nathan ODriscoll,,15,3,10,25,0,0,0,2,3,8,4,3,0,1,0,9,16,0,0,1,1,1,71
2025,R3,Sun 23-Mar-2025 3:10 PM,Home,Sydney,Perth Stadium,L,-3,2,Jaeger OMeara,,11,4,21,32,0,0,0,2,3,1,5,6,1,3,0,14,20,0,0,2,0,0,88
2025,R3,Sun 23-Mar-2025 3:10 PM,Home,Sydney,Perth Stadium,L,-3,25,Alex Pearce,,6,5,5,11,0,0,0,0,3,0,0,0,0,0,2,7,4,3,0,5,0,0,93
2025,R3,Sun 23-Mar-2025 3:10 PM,Home,Sydney,Perth Stadium,L,-3,16,Murphy Reid,,9,1,5,14,0,1,0,2,0,4,0,1,1,0,0,6,7,0,0,3,0,1,68
2025,R3,Sun 23-Mar-2025 3:10 PM,Home,Sydney,Perth Stadium,L,-3,13,Luke Ryan,,19,7,4,23,0,0,0,1,8,1,0,2,0,0,0,2,15,0,0,3,0,0,91
2025,R3,Sun 23-Mar-2025 3:10 PM,Home,Sydney,Perth Stadium,L,-3,3,Caleb Serong,,9,2,10,19,1,1,0,6,2,3,5,2,2,1,0,9,10,0,1,2,1,0,87
2025,R3,Sun 23-Mar-2025 3:10 PM,Home,Sydney,Perth Stadium,L,-3,14,Jeremy Sharp,,10,4,8,18,0,0,0,0,1,3,0,0,0,0,0,4,15,0,0,2,0,1,82
2025,R3,Sun 23-Mar-2025 3:10 PM,Home,Sydney,Perth Stadium,L,-3,35,Josh Treacy,,8,7,5,13,4,2,5,2,0,2,0,1,0,1,0,7,6,2,4,0,0,0,92
2025,R3,Sun 23-Mar-2025 3:10 PM,Home,Sydney,Perth Stadium,L,-3,20,Patrick Voss,,9,6,4,13,1,3,1,1,1,1,0,6,0,1,0,6,7,0,4,2,0,0,75
2025,R3,Sun 23-Mar-2025 3:10 PM,Home,Sydney,Perth Stadium,L,-3,34,Corey Wagner,,13,5,7,20,0,0,0,3,7,2,0,0,1,0,0,4,14,0,0,1,0,0,85
2025,R3,Sun 23-Mar-2025 3:10 PM,Home,Sydney,Perth Stadium,L,-3,31,Brandon Walker,off,2,0,3,5,0,0,0,0,1,1,0,0,0,0,0,2,3,0,0,1,0,0,34
2025,R4,Sun 30-Mar-2025 3:10 PM,Away,West Coast,Perth Stadium,W,38,11,James Aish,on,1,0,2,3,0,0,0,1,1,0,0,0,2,0,0,2,1,0,0,1,0,0,20
2025,R4,Sun 30-Mar-2025 3:10 PM,Away,West Coast,Perth Stadium,W,38,24,Jye Amiss,,7,6,3,10,4,1,0,1,0,1,0,1,1,0,0,1,9,0,6,0,0,0,91
2025,R4,Sun 30-Mar-2025 3:10 PM,Away,West Coast,Perth Stadium,W,38,41,Bailey Banfield,,9,2,9,18,0,0,0,2,0,3,2,2,1,0,0,10,9,0,0,4,0,2,78
2025,R4,Sun 30-Mar-2025 3:10 PM,Away,West Coast,Perth Stadium,W,38,15,Shai Bolton,,7,3,14,21,0,2,0,2,0,5,2,8,2,2,0,12,11,0,1,2,5,1,79
2025,R4,Sun 30-Mar-2025 3:10 PM,Away,West Coast,Perth Stadium,W,38,8,Andrew Brayshaw,,17,1,12,29,0,2,0,7,4,9,6,4,2,0,3,9,20,0,0,0,0,2,78
2025,R4,Sun 30-Mar-2025 3:10 PM,Away,West Coast,Perth Stadium,W,38,5,Heath Chapman,,10,5,2,12,0,0,0,1,3,4,0,2,0,2,0,3,9,1,0,2,0,1,87
2025,R4,Sun 30-Mar-2025 3:10 PM,Away,West Coast,Perth Stadium,W,38,6,Jordan Clark,,15,6,3,18,1,0,0,4,3,4,0,2,0,1,0,3,12,1,0,0,0,0,91
2025,R4,Sun 30-Mar-2025 3:10 PM,Away,West Coast,Perth Stadium,W,38,36,Brennan Cox,,5,3,1,6,0,0,0,0,1,0,0,0,0,0,0,2,4,1,0,4,0,0,80
2025,R4,Sun 30-Mar-2025 3:10 PM,Away,West Coast,Perth Stadium,W,38,37,Josh Draper,,3,2,1,4,0,0,0,0,1,1,1,1,0,0,0,2,2,1,0,3,0,0,88
2025,R4,Sun 30-Mar-2025 3:10 PM,Away,West Coast,Perth Stadium,W,38,43,Isaiah Dudley,,9,3,1,10,2,0,0,0,0,4,0,0,0,0,0,2,9,0,1,1,1,0,69
2025,R4,Sun 30-Mar-2025 3:10 PM,Away,West Coast,Perth Stadium,W,38,28,Neil Erasmus,,8,5,10,18,0,1,0,1,2,3,4,1,0,1,0,6,13,0,0,1,0,1,65
2025,R4,Sun 30-Mar-2025 3:10 PM,Away,West Coast,Perth Stadium,W,38,32,Michael Frederick,,10,7,4,14,1,0,0,0,0,5,0,3,0,1,0,3,12,2,2,0,0,1,81
2025,R4,Sun 30-Mar-2025 3:10 PM,Away,West Coast,Perth Stadium,W,38,9,Luke Jackson,,7,5,10,17,1,0,35,2,1,3,4,1,0,1,1,7,10,1,1,3,0,0,79
2025,R4,Sun 30-Mar-2025 3:10 PM,Away,West Coast,Perth Stadium,W,38,44,Matthew Johnson,,10,5,7,17,1,1,0,2,0,3,3,1,1,0,0,4,12,0,0,0,0,0,84
2025,R4,Sun 30-Mar-2025 3:10 PM,Away,West Coast,Perth Stadium,W,38,30,Nathan ODriscoll,,15,4,7,22,1,0,0,6,0,6,5,6,4,2,0,12,10,1,0,0,0,1,83
2025,R4,Sun 30-Mar-2025 3:10 PM,Away,West Coast,Perth Stadium,W,38,25,Alex Pearce,,7,5,1,8,0,0,0,0,2,1,0,0,0,0,0,2,6,0,0,4,0,0,88
2025,R4,Sun 30-Mar-2025 3:10 PM,Away,West Coast,Perth Stadium,W,38,16,Murphy Reid,,9,2,10,19,0,2,0,5,0,3,1,1,0,0,0,6,11,0,1,2,0,2,79
2025,R4,Sun 30-Mar-2025 3:10 PM,Away,West Coast,Perth Stadium,W,38,13,Luke Ryan,,14,6,2,16,0,0,0,1,3,1,1,1,2,0,0,3,10,0,0,5,0,1,83
2025,R4,Sun 30-Mar-2025 3:10 PM,Away,West Coast,Perth Stadium,W,38,3,Caleb Serong,,18,2,17,35,0,0,0,1,4,4,10,8,2,0,2,17,17,0,0,1,0,0,79
2025,R4,Sun 30-Mar-2025 3:10 PM,Away,West Coast,Perth Stadium,W,38,14,Jeremy Sharp,off,5,2,4,9,0,1,0,1,0,2,1,2,0,1,0,1,7,0,0,0,0,0,75
2025,R4,Sun 30-Mar-2025 3:10 PM,Away,West Coast,Perth Stadium,W,38,35,Josh Treacy,,6,5,7,13,3,0,0,1,0,0,0,3,2,2,0,7,6,3,3,0,0,1,83
2025,R4,Sun 30-Mar-2025 3:10 PM,Away,West Coast,Perth Stadium,W,38,20,Patrick Voss,,9,7,3,12,1,3,3,1,0,2,0,6,2,3,0,5,7,2,6,0,0,1,78
2025,R4,Sun 30-Mar-2025 3:10 PM,Away,West Coast,Perth Stadium,W,38,23,Karl Worner,,9,3,4,13,0,0,0,0,2,1,0,2,0,0,0,3,8,0,0,3,0,0,83
2025,R5,Sun 06-Apr-2025 3:10 PM,Home,Western Bulldogs,Perth Stadium,W,16,24,Jye Amiss,,4,3,3,7,1,0,0,2,0,0,0,2,0,1,0,3,4,0,0,3,0,0,87
2025,R5,Sun 06-Apr-2025 3:10 PM,Home,Western Bulldogs,Perth Stadium,W,16,41,Bailey Banfield,,6,1,7,13,1,0,0,3,1,3,2,2,0,1,0,5,10,0,0,0,0,0,83
2025,R5,Sun 06-Apr-2025 3:10 PM,Home,Western Bulldogs,Perth Stadium,W,16,15,Shai Bolton,,10,4,4,14,2,1,0,2,1,4,1,2,0,1,0,1,14,0,3,2,9,1,76
2025,R5,Sun 06-Apr-2025 3:10 PM,Home,Western Bulldogs,Perth Stadium,W,16,8,Andrew Brayshaw,,12,2,17,29,1,0,0,9,1,3,4,3,1,0,3,13,17,0,0,1,0,4,84
2025,R5,Sun 06-Apr-2025 3:10 PM,Home,Western Bulldogs,Perth Stadium,W,16,5,Heath Chapman,,8,7,7,15,0,0,0,1,5,0,0,2,2,0,0,2,13,0,0,3,0,0,80
2025,R5,Sun 06-Apr-2025 3:10 PM,Home,Western Bulldogs,Perth Stadium,W,16,6,Jordan Clark,,18,5,8,26,0,0,0,3,10,2,0,5,1,2,0,7,19,0,0,4,1,0,85
2025,R5,Sun 06-Apr-2025 3:10 PM,Home,Western Bulldogs,Perth Stadium,W,16,36,Brennan Cox,,10,7,6,16,0,0,0,2,3,0,0,4,0,2,0,8,7,3,0,5,0,0,83
2025,R5,Sun 06-Apr-2025 3:10 PM,Home,Western Bulldogs,Perth Stadium,W,16,37,Josh Draper,,5,2,3,8,0,0,0,2,3,0,0,2,1,2,0,3,5,0,0,12,0,0,87
2025,R5,Sun 06-Apr-2025 3:10 PM,Home,Western Bulldogs,Perth Stadium,W,16,43,Isaiah Dudley,,5,3,7,12,1,0,0,3,0,2,0,2,0,0,0,1,11,0,0,0,0,0,71
2025,R5,Sun 06-Apr-2025 3:10 PM,Home,Western Bulldogs,Perth Stadium,W,16,32,Michael Frederick,,11,5,2,13,3,1,0,3,0,4,0,3,0,1,0,3,11,1,1,2,0,0,78
2025,R5,Sun 06-Apr-2025 3:10 PM,Home,Western Bulldogs,Perth Stadium,W,16,9,Luke Jackson,,5,2,11,16,1,0,30,0,2,1,3,2,1,2,0,7,9,0,0,3,0,2,59
2025,R5,Sun 06-Apr-2025 3:10 PM,Home,Western Bulldogs,Perth Stadium,W,16,44,Matthew Johnson,,5,1,8,13,0,0,0,3,1,3,1,3,1,1,0,6,7,0,0,2,2,0,68
2025,R5,Sun 06-Apr-2025 3:10 PM,Home,Western Bulldogs,Perth Stadium,W,16,30,Nathan ODriscoll,,8,3,4,12,0,1,0,7,2,1,2,4,1,2,0,3,10,0,0,0,0,0,55
2025,R5,Sun 06-Apr-2025 3:10 PM,Home,Western Bulldogs,Perth Stadium,W,16,2,Jaeger OMeara,,4,1,11,15,0,0,0,4,0,2,2,6,1,4,0,7,9,0,0,1,0,0,76
2025,R5,Sun 06-Apr-2025 3:10 PM,Home,Western Bulldogs,Perth Stadium,W,16,25,Alex Pearce,,4,5,9,13,0,0,0,3,2,0,0,5,0,3,0,8,5,1,0,4,0,0,91
2025,R5,Sun 06-Apr-2025 3:10 PM,Home,Western Bulldogs,Perth Stadium,W,16,16,Murphy Reid,,7,3,9,16,1,0,0,1,0,2,1,4,1,2,0,10,6,0,0,1,1,2,91
2025,R5,Sun 06-Apr-2025 3:10 PM,Home,Western Bulldogs,Perth Stadium,W,16,13,Luke Ryan,,23,6,3,26,0,0,0,4,10,2,2,1,0,0,0,5,15,1,0,6,0,0,97
2025,R5,Sun 06-Apr-2025 3:10 PM,Home,Western Bulldogs,Perth Stadium,W,16,3,Caleb Serong,,15,0,23,38,0,0,0,7,1,8,15,5,2,0,2,24,15,0,0,3,0,2,85
2025,R5,Sun 06-Apr-2025 3:10 PM,Home,Western Bulldogs,Perth Stadium,W,16,14,Jeremy Sharp,,10,4,11,21,1,0,0,0,3,2,2,4,0,1,0,9,11,0,0,1,0,0,97
2025,R5,Sun 06-Apr-2025 3:10 PM,Home,Western Bulldogs,Perth Stadium,W,16,35,Josh Treacy,,12,8,3,15,3,2,4,3,1,2,0,2,1,1,0,3,12,1,4,4,2,1,97
2025,R5,Sun 06-Apr-2025 3:10 PM,Home,Western Bulldogs,Perth Stadium,W,16,20,Patrick Voss,,3,0,6,9,0,1,6,5,2,1,3,2,2,1,0,7,2,0,0,0,0,1,83
2025,R5,Sun 06-Apr-2025 3:10 PM,Home,Western Bulldogs,Perth Stadium,W,16,34,Corey Wagner,off,2,0,4,6,0,0,0,0,0,2,1,1,0,0,0,1,5,0,0,2,0,0,54
2025,R5,Sun 06-Apr-2025 3:10 PM,Home,Western Bulldogs,Perth Stadium,W,16,23,Karl Worner,on,4,2,4,8,0,0,0,0,2,0,0,1,0,0,0,4,3,0,0,1,0,0,31
2025,R6,Sun 13-Apr-2025 12:05 PM,Away,Richmond,Barossa Park,W,61,24,Jye Amiss,,1,1,1,2,0,0,0,1,0,0,0,2,0,1,0,1,2,0,1,3,0,0,88
2025,R6,Sun 13-Apr-2025 12:05 PM,Away,Richmond,Barossa Park,W,61,41,Bailey Banfield,,7,3,7,14,0,0,0,0,1,4,1,2,1,0,0,4,11,0,0,1,0,0,80
2025,R6,Sun 13-Apr-2025 12:05 PM,Away,Richmond,Barossa Park,W,61,15,Shai Bolton,,13,6,6,19,2,3,0,1,0,6,1,4,1,2,0,8,11,0,3,0,2,2,84
2025,R6,Sun 13-Apr-2025 12:05 PM,Away,Richmond,Barossa Park,W,61,8,Andrew Brayshaw,,12,2,19,31,0,0,0,10,3,7,6,3,3,0,2,14,16,0,0,1,0,1,80
2025,R6,Sun 13-Apr-2025 12:05 PM,Away,Richmond,Barossa Park,W,61,5,Heath Chapman,,18,10,8,26,0,0,0,1,4,3,1,1,2,1,0,3,21,0,0,1,0,0,87
2025,R6,Sun 13-Apr-2025 12:05 PM,Away,Richmond,Barossa Park,W,61,6,Jordan Clark,,14,5,9,23,0,1,0,3,2,4,4,3,1,0,0,8,15,0,0,2,2,1,89
2025,R6,Sun 13-Apr-2025 12:05 PM,Away,Richmond,Barossa Park,W,61,36,Brennan Cox,,10,8,8,18,0,0,0,0,1,0,0,2,0,0,0,8,9,3,0,5,0,0,78
2025,R6,Sun 13-Apr-2025 12:05 PM,Away,Richmond,Barossa Park,W,61,4,Sean Darcy,,3,0,6,9,0,0,22,4,0,3,2,4,1,1,0,7,4,0,0,2,0,0,63
2025,R6,Sun 13-Apr-2025 12:05 PM,Away,Richmond,Barossa Park,W,61,37,Josh Draper,,3,2,7,10,0,0,3,1,2,0,0,1,0,0,0,6,4,0,0,2,0,0,87
2025,R6,Sun 13-Apr-2025 12:05 PM,Away,Richmond,Barossa Park,W,61,43,Isaiah Dudley,on,4,3,2,6,0,1,0,0,0,2,0,0,0,0,0,1,5,1,1,0,4,0,23
2025,R6,Sun 13-Apr-2025 12:05 PM,Away,Richmond,Barossa Park,W,61,32,Michael Frederick,,9,5,4,13,3,0,0,2,2,4,0,4,0,0,0,0,12,0,1,0,0,2,83
2025,R6,Sun 13-Apr-2025 12:05 PM,Away,Richmond,Barossa Park,W,61,44,Matthew Johnson,,6,4,11,17,0,1,0,7,0,3,5,4,1,2,0,9,10,0,2,1,0,1,78
2025,R6,Sun 13-Apr-2025 12:05 PM,Away,Richmond,Barossa Park,W,61,2,Jaeger OMeara,,8,1,13,21,0,0,0,3,2,3,6,3,2,1,1,11,12,0,0,0,2,0,76
2025,R6,Sun 13-Apr-2025 12:05 PM,Away,Richmond,Barossa Park,W,61,25,Alex Pearce,,11,7,3,14,1,0,0,2,3,0,0,1,2,1,0,6,8,2,1,5,2,0,91
2025,R6,Sun 13-Apr-2025 12:05 PM,Away,Richmond,Barossa Park,W,61,16,Murphy Reid,,7,1,2,9,1,2,0,3,0,3,4,1,1,1,0,4,5,0,0,0,0,0,82
2025,R6,Sun 13-Apr-2025 12:05 PM,Away,Richmond,Barossa Park,W,61,13,Luke Ryan,off,10,6,6,16,0,0,0,0,3,1,0,1,0,0,0,1,13,0,0,2,0,0,71
2025,R6,Sun 13-Apr-2025 12:05 PM,Away,Richmond,Barossa Park,W,61,3,Caleb Serong,,17,4,12,29,0,0,0,4,1,6,6,4,4,2,0,13,13,0,0,0,0,3,79
2025,R6,Sun 13-Apr-2025 12:05 PM,Away,Richmond,Barossa Park,W,61,14,Jeremy Sharp,,11,8,10,21,0,0,0,0,2,0,2,0,0,0,0,4,17,0,0,1,6,0,91
2025,R6,Sun 13-Apr-2025 12:05 PM,Away,Richmond,Barossa Park,W,61,39,Sam Switkowski,,4,1,2,6,0,0,0,5,0,2,0,2,0,1,0,1,5,0,1,0,1,0,69
2025,R6,Sun 13-Apr-2025 12:05 PM,Away,Richmond,Barossa Park,W,61,35,Josh Treacy,,10,8,1,11,6,1,1,3,0,3,0,1,1,0,3,2,9,1,6,1,0,0,88
2025,R6,Sun 13-Apr-2025 12:05 PM,Away,Richmond,Barossa Park,W,61,20,Patrick Voss,,4,1,6,10,1,0,9,5,0,1,3,4,0,2,0,6,4,0,0,1,0,1,80
2025,R6,Sun 13-Apr-2025 12:05 PM,Away,Richmond,Barossa Park,W,61,23,Karl Worner,,13,9,6,19,0,0,0,2,2,3,0,2,0,0,0,4,15,2,0,2,0,0,83
2025,R6,Sun 13-Apr-2025 12:05 PM,Away,Richmond,Barossa Park,W,61,26,Hayden Young,,13,3,5,18,2,0,0,5,0,7,2,2,0,0,0,8,10,2,1,0,0,1,69
2025,R7,Sat 19-Apr-2025 1:20 PM,Away,Melbourne,M.C.G.,L,-10,11,James Aish,,9,4,5,14,0,0,0,0,2,1,0,1,1,0,0,3,11,0,0,1,0,0,74
2025,R7,Sat 19-Apr-2025 1:20 PM,Away,Melbourne,M.C.G.,L,-10,24,Jye Amiss,,7,2,1,8,3,2,0,2,0,1,0,1,1,1,0,2,5,0,2,1,0,2,90
2025,R7,Sat 19-Apr-2025 1:20 PM,Away,Melbourne,M.C.G.,L,-10,41,Bailey Banfield,off,2,1,3,5,0,0,0,1,0,1,0,1,0,1,0,2,3,0,0,0,0,0,55
2025,R7,Sat 19-Apr-2025 1:20 PM,Away,Melbourne,M.C.G.,L,-10,15,Shai Bolton,,15,9,5,20,3,1,0,0,1,7,2,2,0,1,0,5,16,1,2,1,2,2,86
2025,R7,Sat 19-Apr-2025 1:20 PM,Away,Melbourne,M.C.G.,L,-10,8,Andrew Brayshaw,,15,3,18,33,1,0,0,3,3,4,8,4,4,2,1,17,16,0,0,0,0,0,77
2025,R7,Sat 19-Apr-2025 1:20 PM,Away,Melbourne,M.C.G.,L,-10,6,Jordan Clark,,14,5,8,22,0,0,0,3,5,2,1,1,1,0,0,7,12,0,0,5,2,0,82
2025,R7,Sat 19-Apr-2025 1:20 PM,Away,Melbourne,M.C.G.,L,-10,36,Brennan Cox,,4,3,3,7,0,0,0,1,3,0,0,3,0,2,0,3,5,1,0,11,0,0,82
2025,R7,Sat 19-Apr-2025 1:20 PM,Away,Melbourne,M.C.G.,L,-10,4,Sean Darcy,,2,2,2,4,2,0,20,3,0,0,1,2,0,2,0,4,3,0,2,3,0,0,73
2025,R7,Sat 19-Apr-2025 1:20 PM,Away,Melbourne,M.C.G.,L,-10,37,Josh Draper,,5,1,5,10,0,0,0,2,3,0,1,1,1,1,0,6,5,0,0,1,1,0,91
2025,R7,Sat 19-Apr-2025 1:20 PM,Away,Melbourne,M.C.G.,L,-10,43,Isaiah Dudley,on,3,2,2,5,1,0,0,0,0,2,0,0,0,0,0,0,5,0,1,0,0,0,28
2025,R7,Sat 19-Apr-2025 1:20 PM,Away,Melbourne,M.C.G.,L,-10,32,Michael Frederick,,5,1,3,8,0,2,0,4,1,1,0,0,0,0,0,3,4,0,1,2,0,2,87
2025,R7,Sat 19-Apr-2025 1:20 PM,Away,Melbourne,M.C.G.,L,-10,44,Matthew Johnson,,2,1,11,13,0,0,0,1,0,2,3,0,1,0,0,7,7,0,0,1,0,0,78
2025,R7,Sat 19-Apr-2025 1:20 PM,Away,Melbourne,M.C.G.,L,-10,21,Oscar McDonald,,6,5,3,9,1,0,5,4,0,1,0,2,0,2,0,1,8,1,1,1,0,0,77
2025,R7,Sat 19-Apr-2025 1:20 PM,Away,Melbourne,M.C.G.,L,-10,2,Jaeger OMeara,,9,5,6,15,0,0,0,4,0,3,3,1,0,1,0,4,10,0,0,0,1,1,55
2025,R7,Sat 19-Apr-2025 1:20 PM,Away,Melbourne,M.C.G.,L,-10,25,Alex Pearce,,4,3,8,12,0,0,0,1,3,0,2,4,2,4,0,9,4,1,0,5,0,0,97
2025,R7,Sat 19-Apr-2025 1:20 PM,Away,Melbourne,M.C.G.,L,-10,16,Murphy Reid,,14,3,3,17,1,2,0,2,0,6,1,1,1,0,0,5,11,0,1,0,0,2,71
2025,R7,Sat 19-Apr-2025 1:20 PM,Away,Melbourne,M.C.G.,L,-10,13,Luke Ryan,,13,3,4,17,0,0,0,3,9,0,0,1,2,0,0,5,5,1,0,2,0,0,91
2025,R7,Sat 19-Apr-2025 1:20 PM,Away,Melbourne,M.C.G.,L,-10,3,Caleb Serong,,9,0,18,27,0,0,0,4,3,3,5,2,3,1,0,13,15,0,0,0,0,1,82
2025,R7,Sat 19-Apr-2025 1:20 PM,Away,Melbourne,M.C.G.,L,-10,14,Jeremy Sharp,,12,4,6,18,1,3,0,1,0,3,2,0,0,0,0,5,12,0,0,0,1,0,97
2025,R7,Sat 19-Apr-2025 1:20 PM,Away,Melbourne,M.C.G.,L,-10,39,Sam Switkowski,,5,6,11,16,0,0,0,0,1,5,1,1,0,1,0,4,12,0,0,1,0,2,72
2025,R7,Sat 19-Apr-2025 1:20 PM,Away,Melbourne,M.C.G.,L,-10,35,Josh Treacy,,5,4,1,6,1,1,0,2,0,2,0,1,0,0,0,1,5,0,2,2,0,0,95
2025,R7,Sat 19-Apr-2025 1:20 PM,Away,Melbourne,M.C.G.,L,-10,23,Karl Worner,,12,8,3,15,0,0,0,1,4,1,0,0,0,0,0,0,14,0,0,0,0,0,83
2025,R7,Sat 19-Apr-2025 1:20 PM,Away,Melbourne,M.C.G.,L,-10,26,Hayden Young,,13,5,12,25,0,0,0,4,1,4,3,6,2,2,0,10,16,0,0,1,1,0,76
2025,R8,Fri 25-Apr-2025 6:10 PM,Home,Adelaide,Perth Stadium,W,18,24,Jye Amiss,,4,3,2,6,2,0,0,1,0,1,0,2,2,2,0,3,4,0,1,4,0,0,72
2025,R8,Fri 25-Apr-2025 6:10 PM,Home,Adelaide,Perth Stadium,W,18,15,Shai Bolton,,11,0,11,22,1,2,0,1,0,5,3,2,2,1,0,11,11,0,0,0,3,1,84
2025,R8,Fri 25-Apr-2025 6:10 PM,Home,Adelaide,Perth Stadium,W,18,8,Andrew Brayshaw,,17,4,20,37,0,1,0,5,5,8,6,0,3,0,3,17,19,1,0,2,1,0,86
2025,R8,Fri 25-Apr-2025 6:10 PM,Home,Adelaide,Perth Stadium,W,18,5,Heath Chapman,,5,2,2,7,0,0,0,1,0,3,0,1,1,1,0,1,6,0,0,3,0,0,74
2025,R8,Fri 25-Apr-2025 6:10 PM,Home,Adelaide,Perth Stadium,W,18,6,Jordan Clark,,17,6,10,27,0,0,0,4,2,5,0,4,0,2,0,5,20,0,0,3,0,1,94
2025,R8,Fri 25-Apr-2025 6:10 PM,Home,Adelaide,Perth Stadium,W,18,36,Brennan Cox,,10,5,4,14,0,0,0,1,4,0,0,4,1,2,0,6,7,0,0,5,0,0,84
2025,R8,Fri 25-Apr-2025 6:10 PM,Home,Adelaide,Perth Stadium,W,18,4,Sean Darcy,,5,0,3,8,0,0,36,5,0,2,5,6,4,3,0,5,3,0,0,4,0,0,79
2025,R8,Fri 25-Apr-2025 6:10 PM,Home,Adelaide,Perth Stadium,W,18,37,Josh Draper,,6,6,5,11,0,0,0,0,3,2,1,2,0,1,0,3,8,1,0,3,0,0,79
2025,R8,Fri 25-Apr-2025 6:10 PM,Home,Adelaide,Perth Stadium,W,18,43,Isaiah Dudley,off,3,0,1,4,0,1,0,4,0,2,0,2,1,0,0,2,1,0,0,3,0,2,60
2025,R8,Fri 25-Apr-2025 6:10 PM,Home,Adelaide,Perth Stadium,W,18,32,Michael Frederick,,8,6,3,11,2,1,0,1,0,1,0,1,1,0,0,4,7,0,2,1,1,0,81
2025,R8,Fri 25-Apr-2025 6:10 PM,Home,Adelaide,Perth Stadium,W,18,44,Matthew Johnson,,13,8,14,27,0,0,0,3,2,5,2,7,0,3,0,7,19,1,0,2,1,1,80
2025,R8,Fri 25-Apr-2025 6:10 PM,Home,Adelaide,Perth Stadium,W,18,21,Oscar McDonald,,8,4,1,9,2,0,2,3,0,2,0,2,0,2,0,3,6,0,1,1,0,3,80
2025,R8,Fri 25-Apr-2025 6:10 PM,Home,Adelaide,Perth Stadium,W,18,19,Quinton Narkle,on,1,0,2,3,0,1,0,0,0,0,0,0,0,0,0,1,2,0,0,0,0,0,16
2025,R8,Fri 25-Apr-2025 6:10 PM,Home,Adelaide,Perth Stadium,W,18,25,Alex Pearce,,4,4,6,10,0,0,0,3,0,1,1,2,1,2,0,6,5,0,0,4,0,0,95
2025,R8,Fri 25-Apr-2025 6:10 PM,Home,Adelaide,Perth Stadium,W,18,16,Murphy Reid,,3,0,3,6,1,1,0,4,0,1,2,2,1,1,0,2,6,0,0,1,0,0,73
2025,R8,Fri 25-Apr-2025 6:10 PM,Home,Adelaide,Perth Stadium,W,18,13,Luke Ryan,,20,9,3,23,0,0,0,1,10,1,0,2,0,1,0,2,11,1,0,1,0,0,93
2025,R8,Fri 25-Apr-2025 6:10 PM,Home,Adelaide,Perth Stadium,W,18,3,Caleb Serong,,6,0,26,32,0,0,0,2,2,2,10,5,0,1,2,19,14,0,0,1,0,0,79
2025,R8,Fri 25-Apr-2025 6:10 PM,Home,Adelaide,Perth Stadium,W,18,14,Jeremy Sharp,,1,0,4,5,0,0,0,2,0,0,1,0,0,0,0,1,4,0,0,0,0,0,92
2025,R8,Fri 25-Apr-2025 6:10 PM,Home,Adelaide,Perth Stadium,W,18,39,Sam Switkowski,,4,1,6,10,1,0,0,2,0,0,1,0,1,0,0,4,6,0,0,0,0,1,79
2025,R8,Fri 25-Apr-2025 6:10 PM,Home,Adelaide,Perth Stadium,W,18,35,Josh Treacy,,13,7,2,15,2,3,0,0,0,3,0,2,3,2,1,8,8,2,2,4,0,0,91
2025,R8,Fri 25-Apr-2025 6:10 PM,Home,Adelaide,Perth Stadium,W,18,34,Corey Wagner,,7,2,9,16,0,0,0,5,2,3,1,1,0,0,0,6,13,0,0,3,0,0,72
2025,R8,Fri 25-Apr-2025 6:10 PM,Home,Adelaide,Perth Stadium,W,18,23,Karl Worner,,8,4,9,17,0,0,0,2,2,3,2,1,2,0,0,4,12,1,0,3,0,0,81
2025,R8,Fri 25-Apr-2025 6:10 PM,Home,Adelaide,Perth Stadium,W,18,26,Hayden Young,,10,3,10,20,1,0,0,3,1,3,3,1,1,1,0,8,14,0,1,1,1,0,75
2025,R9,Fri 02-May-2025 7:40 PM,Away,St Kilda,Docklands,L,-61,24,Jye Amiss,,5,5,3,8,2,0,0,1,0,1,0,2,2,2,0,2,6,0,1,0,0,0,82
2025,R9,Fri 02-May-2025 7:40 PM,Away,St Kilda,Docklands,L,-61,15,Shai Bolton,,3,1,4,7,0,0,0,2,0,2,1,6,0,2,0,4,3,1,1,0,1,0,86
2025,R9,Fri 02-May-2025 7:40 PM,Away,St Kilda,Docklands,L,-61,8,Andrew Brayshaw,,12,4,6,18,0,0,0,7,2,4,1,6,2,4,0,6,14,0,0,2,0,0,84
2025,R9,Fri 02-May-2025 7:40 PM,Away,St Kilda,Docklands,L,-61,5,Heath Chapman,,8,3,0,8,0,0,0,3,4,0,0,5,0,2,0,0,7,0,0,3,0,0,80
2025,R9,Fri 02-May-2025 7:40 PM,Away,St Kilda,Docklands,L,-61,6,Jordan Clark,,9,2,7,16,0,0,0,4,4,1,0,5,1,1,0,3,10,0,0,3,0,0,96
2025,R9,Fri 02-May-2025 7:40 PM,Away,St Kilda,Docklands,L,-61,36,Brennan Cox,,11,10,3,14,0,0,0,0,7,0,0,3,1,2,0,7,9,4,0,5,0,0,83
2025,R9,Fri 02-May-2025 7:40 PM,Away,St Kilda,Docklands,L,-61,4,Sean Darcy,,6,2,2,8,0,0,32,4,4,1,2,1,2,1,0,5,2,1,0,0,0,0,68
2025,R9,Fri 02-May-2025 7:40 PM,Away,St Kilda,Docklands,L,-61,37,Josh Draper,,6,4,7,13,0,0,3,5,1,0,0,5,0,3,0,7,6,0,0,3,0,0,83
2025,R9,Fri 02-May-2025 7:40 PM,Away,St Kilda,Docklands,L,-61,43,Isaiah Dudley,,4,1,3,7,1,1,0,8,1,0,0,0,0,0,0,2,5,0,0,2,0,1,83
2025,R9,Fri 02-May-2025 7:40 PM,Away,St Kilda,Docklands,L,-61,32,Michael Frederick,,5,4,5,10,0,1,0,4,1,2,0,4,0,1,0,2,8,0,1,2,0,0,80
2025,R9,Fri 02-May-2025 7:40 PM,Away,St Kilda,Docklands,L,-61,9,Luke Jackson,,5,3,6,11,0,0,16,3,1,0,2,1,2,0,0,8,3,2,0,2,0,0,72
2025,R9,Fri 02-May-2025 7:40 PM,Away,St Kilda,Docklands,L,-61,44,Matthew Johnson,,11,10,10,21,0,0,0,4,1,5,2,7,2,2,0,5,16,0,0,2,2,0,78
2025,R9,Fri 02-May-2025 7:40 PM,Away,St Kilda,Docklands,L,-61,19,Quinton Narkle,on,5,2,2,7,1,0,0,2,1,0,0,0,0,0,0,1,6,0,0,0,0,0,48
2025,R9,Fri 02-May-2025 7:40 PM,Away,St Kilda,Docklands,L,-61,25,Alex Pearce,,11,6,7,18,0,0,0,3,3,3,0,3,3,1,0,8,10,4,0,5,0,0,96
2025,R9,Fri 02-May-2025 7:40 PM,Away,St Kilda,Docklands,L,-61,16,Murphy Reid,,4,2,11,15,0,1,0,0,0,1,3,2,1,1,0,10,5,1,1,0,0,0,73
2025,R9,Fri 02-May-2025 7:40 PM,Away,St Kilda,Docklands,L,-61,13,Luke Ryan,,19,7,5,24,0,0,0,3,6,3,0,3,1,1,0,4,14,0,0,2,0,0,82
2025,R9,Fri 02-May-2025 7:40 PM,Away,St Kilda,Docklands,L,-61,3,Caleb Serong,,4,1,11,15,0,0,0,8,2,1,8,3,2,2,0,12,4,0,0,1,0,0,85
2025,R9,Fri 02-May-2025 7:40 PM,Away,St Kilda,Docklands,L,-61,14,Jeremy Sharp,,11,3,6,17,0,0,0,1,0,3,1,3,1,0,0,1,16,0,0,0,2,0,92
2025,R9,Fri 02-May-2025 7:40 PM,Away,St Kilda,Docklands,L,-61,39,Sam Switkowski,,3,3,4,7,0,0,0,3,1,2,0,1,0,1,0,1,6,0,0,2,0,0,84
2025,R9,Fri 02-May-2025 7:40 PM,Away,St Kilda,Docklands,L,-61,35,Josh Treacy,,4,4,2,6,0,0,0,0,1,1,0,2,0,0,0,3,3,3,0,1,0,1,86
2025,R9,Fri 02-May-2025 7:40 PM,Away,St Kilda,Docklands,L,-61,34,Corey Wagner,,9,0,4,13,0,0,0,16,2,3,1,3,1,2,0,6,7,0,0,2,0,1,76
2025,R9,Fri 02-May-2025 7:40 PM,Away,St Kilda,Docklands,L,-61,23,Karl Worner,,7,4,8,15,0,0,0,2,4,0,1,0,0,0,0,4,9,0,0,3,0,0,76
2025,R9,Fri 02-May-2025 7:40 PM,Away,St Kilda,Docklands,L,-61,26,Hayden Young,off,3,1,5,8,1,0,0,4,0,1,0,2,0,2,0,2,6,0,0,0,0,0,27
2025,R10,Thu 08-May-2025 6:10 PM,Home,Collingwood,Perth Stadium,L,-14,24,Jye Amiss,,6,4,6,12,0,2,0,0,0,0,1,2,1,0,0,3,9,1,1,1,0,1,89
2025,R10,Thu 08-May-2025 6:10 PM,Home,Collingwood,Perth Stadium,L,-14,15,Shai Bolton,,15,3,13,28,1,0,0,3,0,7,9,5,2,1,0,14,15,0,0,3,5,0,85
2025,R10,Thu 08-May-2025 6:10 PM,Home,Collingwood,Perth Stadium,L,-14,8,Andrew Brayshaw,,9,5,25,34,1,0,0,5,1,6,6,1,1,0,0,14,23,0,0,7,0,2,86
2025,R10,Thu 08-May-2025 6:10 PM,Home,Collingwood,Perth Stadium,L,-14,5,Heath Chapman,,11,6,6,17,0,0,0,2,2,1,2,3,1,1,0,6,12,0,0,3,0,0,88
2025,R10,Thu 08-May-2025 6:10 PM,Home,Collingwood,Perth Stadium,L,-14,6,Jordan Clark,,24,8,9,33,0,0,0,4,0,5,2,3,4,0,0,8,22,1,0,3,1,0,90
2025,R10,Thu 08-May-2025 6:10 PM,Home,Collingwood,Perth Stadium,L,-14,36,Brennan Cox,,7,4,6,13,0,0,0,2,1,1,0,2,2,1,0,6,8,1,0,5,0,0,81
2025,R10,Thu 08-May-2025 6:10 PM,Home,Collingwood,Perth Stadium,L,-14,4,Sean Darcy,off,1,0,6,7,0,0,15,4,0,1,4,3,0,2,0,8,0,0,0,2,0,0,39
2025,R10,Thu 08-May-2025 6:10 PM,Home,Collingwood,Perth Stadium,L,-14,43,Isaiah Dudley,,7,4,0,7,1,2,0,3,0,2,0,2,0,1,0,1,6,0,3,0,0,1,72
2025,R10,Thu 08-May-2025 6:10 PM,Home,Collingwood,Perth Stadium,L,-14,28,Neil Erasmus,on,2,2,2,4,0,0,0,0,0,1,0,1,0,0,0,2,3,0,0,1,0,0,13
2025,R10,Thu 08-May-2025 6:10 PM,Home,Collingwood,Perth Stadium,L,-14,32,Michael Frederick,,6,3,7,13,1,0,0,1,0,4,0,2,0,0,0,3,10,0,0,1,0,1,84
2025,R10,Thu 08-May-2025 6:10 PM,Home,Collingwood,Perth Stadium,L,-14,9,Luke Jackson,,5,5,14,19,0,0,17,5,0,3,3,2,0,1,0,11,9,3,0,1,0,1,85
2025,R10,Thu 08-May-2025 6:10 PM,Home,Collingwood,Perth Stadium,L,-14,44,Matthew Johnson,,10,4,12,22,0,3,0,3,0,6,4,4,1,1,0,9,13,0,0,3,2,1,85
2025,R10,Thu 08-May-2025 6:10 PM,Home,Collingwood,Perth Stadium,L,-14,25,Alex Pearce,,10,7,3,13,1,0,0,0,1,0,0,0,1,0,0,4,9,1,0,2,0,0,96
2025,R10,Thu 08-May-2025 6:10 PM,Home,Collingwood,Perth Stadium,L,-14,16,Murphy Reid,,4,3,2,6,1,0,0,2,0,1,0,2,0,0,0,2,4,0,1,0,0,0,77
2025,R10,Thu 08-May-2025 6:10 PM,Home,Collingwood,Perth Stadium,L,-14,13,Luke Ryan,,24,12,6,30,0,0,0,1,7,2,0,3,1,1,0,5,19,0,0,3,0,0,96
2025,R10,Thu 08-May-2025 6:10 PM,Home,Collingwood,Perth Stadium,L,-14,3,Caleb Serong,,14,3,11,25,0,1,0,4,0,8,7,1,1,0,0,9,18,0,0,2,0,1,78
2025,R10,Thu 08-May-2025 6:10 PM,Home,Collingwood,Perth Stadium,L,-14,14,Jeremy Sharp,,7,2,6,13,1,0,0,0,1,3,1,3,0,0,0,4,9,0,0,0,0,0,92
2025,R10,Thu 08-May-2025 6:10 PM,Home,Collingwood,Perth Stadium,L,-14,29,Cooper Simpson,,11,6,7,18,0,0,0,0,2,3,0,3,0,2,0,2,17,0,0,1,0,0,73
2025,R10,Thu 08-May-2025 6:10 PM,Home,Collingwood,Perth Stadium,L,-14,39,Sam Switkowski,,6,4,13,19,1,0,0,0,0,1,1,1,0,1,0,5,14,0,0,1,0,1,82
2025,R10,Thu 08-May-2025 6:10 PM,Home,Collingwood,Perth Stadium,L,-14,35,Josh Treacy,,6,5,5,11,2,0,0,2,0,2,0,4,0,2,0,8,3,3,0,0,0,0,91
2025,R10,Thu 08-May-2025 6:10 PM,Home,Collingwood,Perth Stadium,L,-14,20,Patrick Voss,,5,2,0,5,2,0,1,0,0,1,0,1,1,0,0,3,2,1,1,0,0,0,74
2025,R10,Thu 08-May-2025 6:10 PM,Home,Collingwood,Perth Stadium,L,-14,34,Corey Wagner,,7,4,7,14,0,0,0,5,2,2,3,2,0,1,0,4,10,0,0,0,0,0,67
2025,R10,Thu 08-May-2025 6:10 PM,Home,Collingwood,Perth Stadium,L,-14,23,Karl Worner,,9,6,3,12,0,0,0,2,2,2,0,1,1,1,0,3,9,0,0,0,0,0,76
2025,R11,Sat 17-May-2025 4:15 PM,Away,Greater Western Sydney,Showground,W,34,24,Jye Amiss,,4,4,4,8,2,0,0,0,0,1,0,1,1,0,0,4,4,2,2,1,0,0,85
2025,R11,Sat 17-May-2025 4:15 PM,Away,Greater Western Sydney,Showground,W,34,41,Bailey Banfield,on,2,0,3,5,1,0,0,2,0,0,0,2,0,1,0,2,3,0,0,0,0,0,20
2025,R11,Sat 17-May-2025 4:15 PM,Away,Greater Western Sydney,Showground,W,34,15,Shai Bolton,,16,8,8,24,3,3,0,3,1,4,3,4,1,1,0,12,14,0,1,2,0,1,86
2025,R11,Sat 17-May-2025 4:15 PM,Away,Greater Western Sydney,Showground,W,34,8,Andrew Brayshaw,,9,3,21,30,0,0,0,6,1,3,3,6,1,0,2,11,19,1,0,1,0,0,79
2025,R11,Sat 17-May-2025 4:15 PM,Away,Greater Western Sydney,Showground,W,34,5,Heath Chapman,,10,4,5,15,0,0,0,1,8,1,3,3,0,1,0,8,5,2,0,5,0,0,80
2025,R11,Sat 17-May-2025 4:15 PM,Away,Greater Western Sydney,Showground,W,34,6,Jordan Clark,,14,6,7,21,0,1,0,2,5,3,3,1,0,0,0,5,12,0,0,1,0,0,90
2025,R11,Sat 17-May-2025 4:15 PM,Away,Greater Western Sydney,Showground,W,34,36,Brennan Cox,,3,3,3,6,0,0,0,1,1,1,0,1,0,1,0,3,4,0,0,7,0,0,88
2025,R11,Sat 17-May-2025 4:15 PM,Away,Greater Western Sydney,Showground,W,34,43,Isaiah Dudley,off,7,4,1,8,0,2,0,0,0,4,0,3,0,2,0,2,6,0,0,0,0,0,65
2025,R11,Sat 17-May-2025 4:15 PM,Away,Greater Western Sydney,Showground,W,34,28,Neil Erasmus,,10,4,9,19,0,0,0,2,1,5,5,4,0,2,0,7,12,0,0,1,0,1,61
2025,R11,Sat 17-May-2025 4:15 PM,Away,Greater Western Sydney,Showground,W,34,32,Michael Frederick,,8,5,8,16,3,2,0,3,0,2,2,3,2,1,0,7,10,0,4,1,0,2,77
2025,R11,Sat 17-May-2025 4:15 PM,Away,Greater Western Sydney,Showground,W,34,9,Luke Jackson,,11,4,10,21,0,1,32,1,1,4,7,2,2,2,1,15,5,2,1,2,0,1,78
2025,R11,Sat 17-May-2025 4:15 PM,Away,Greater Western Sydney,Showground,W,34,44,Matthew Johnson,,7,1,7,14,0,1,0,2,0,1,2,3,1,2,0,5,9,0,0,2,0,0,76
2025,R11,Sat 17-May-2025 4:15 PM,Away,Greater Western Sydney,Showground,W,34,25,Alex Pearce,,2,2,2,4,0,0,0,0,0,0,0,2,0,2,0,1,3,0,0,2,0,0,91
2025,R11,Sat 17-May-2025 4:15 PM,Away,Greater Western Sydney,Showground,W,34,16,Murphy Reid,,8,1,7,15,1,0,0,3,0,4,0,2,2,1,0,6,9,0,1,0,1,1,69
2025,R11,Sat 17-May-2025 4:15 PM,Away,Greater Western Sydney,Showground,W,34,13,Luke Ryan,,16,5,2,18,0,0,0,4,9,0,0,2,1,2,0,1,8,0,0,4,1,0,88
2025,R11,Sat 17-May-2025 4:15 PM,Away,Greater Western Sydney,Showground,W,34,3,Caleb Serong,,17,3,19,36,0,1,0,3,1,5,8,4,0,1,3,12,22,0,0,1,0,0,84
2025,R11,Sat 17-May-2025 4:15 PM,Away,Greater Western Sydney,Showground,W,34,14,Jeremy Sharp,,2,1,1,3,0,0,0,0,0,1,0,0,0,0,0,1,2,0,0,2,0,0,80
2025,R11,Sat 17-May-2025 4:15 PM,Away,Greater Western Sydney,Showground,W,34,29,Cooper Simpson,,11,2,3,14,1,0,0,3,3,5,0,1,1,0,0,1,12,0,0,0,0,0,79
2025,R11,Sat 17-May-2025 4:15 PM,Away,Greater Western Sydney,Showground,W,34,39,Sam Switkowski,,7,3,9,16,0,1,0,5,0,3,2,1,2,1,0,6,8,0,0,1,0,1,78
2025,R11,Sat 17-May-2025 4:15 PM,Away,Greater Western Sydney,Showground,W,34,35,Josh Treacy,,7,2,4,11,1,1,1,2,0,4,0,0,2,0,0,6,5,0,1,1,0,0,93
2025,R11,Sat 17-May-2025 4:15 PM,Away,Greater Western Sydney,Showground,W,34,20,Patrick Voss,,6,1,5,11,1,2,4,5,1,3,2,1,2,0,0,9,2,0,1,0,0,0,84
2025,R11,Sat 17-May-2025 4:15 PM,Away,Greater Western Sydney,Showground,W,34,34,Corey Wagner,,8,2,5,13,0,0,0,1,1,2,3,1,1,1,0,6,7,0,0,0,0,1,83
2025,R11,Sat 17-May-2025 4:15 PM,Away,Greater Western Sydney,Showground,W,34,23,Karl Worner,,5,4,3,8,0,0,0,0,2,0,0,0,0,0,0,1,6,0,0,3,0,0,84
2025,R12,Sat 24-May-2025 6:10 PM,Home,Port Adelaide,Perth Stadium,W,49,24,Jye Amiss,,5,3,4,9,1,2,0,3,0,3,0,2,0,1,0,4,5,2,2,2,0,0,86
2025,R12,Sat 24-May-2025 6:10 PM,Home,Port Adelaide,Perth Stadium,W,49,41,Bailey Banfield,on,16,8,1,17,0,0,0,3,4,2,1,2,0,0,0,3,13,0,0,1,0,0,69
2025,R12,Sat 24-May-2025 6:10 PM,Home,Port Adelaide,Perth Stadium,W,49,15,Shai Bolton,,6,1,12,18,1,0,0,4,1,3,5,2,0,0,0,11,7,0,0,0,1,0,82
2025,R12,Sat 24-May-2025 6:10 PM,Home,Port Adelaide,Perth Stadium,W,49,8,Andrew Brayshaw,,8,3,13,21,0,0,0,8,2,3,1,2,0,1,0,6,16,0,0,2,0,1,84
2025,R12,Sat 24-May-2025 6:10 PM,Home,Port Adelaide,Perth Stadium,W,49,5,Heath Chapman,,15,9,6,21,0,0,0,2,7,2,0,1,0,0,0,6,14,1,0,5,0,0,71
2025,R12,Sat 24-May-2025 6:10 PM,Home,Port Adelaide,Perth Stadium,W,49,6,Jordan Clark,,13,6,7,20,0,0,0,1,5,0,1,5,0,2,0,7,12,0,0,5,0,0,89
2025,R12,Sat 24-May-2025 6:10 PM,Home,Port Adelaide,Perth Stadium,W,49,36,Brennan Cox,,6,3,7,13,0,0,0,1,2,0,0,3,1,1,0,7,7,0,0,4,0,0,85
2025,R12,Sat 24-May-2025 6:10 PM,Home,Port Adelaide,Perth Stadium,W,49,43,Isaiah Dudley,,9,5,3,12,2,0,0,2,0,4,1,4,0,2,0,6,7,0,1,0,0,3,73
2025,R12,Sat 24-May-2025 6:10 PM,Home,Port Adelaide,Perth Stadium,W,49,28,Neil Erasmus,,11,3,6,17,0,0,0,1,3,2,4,3,0,1,0,8,9,0,0,0,0,0,66
2025,R12,Sat 24-May-2025 6:10 PM,Home,Port Adelaide,Perth Stadium,W,49,32,Michael Frederick,,6,1,4,10,1,1,0,6,0,3,2,1,2,0,0,7,4,0,0,0,0,0,77
2025,R12,Sat 24-May-2025 6:10 PM,Home,Port Adelaide,Perth Stadium,W,49,9,Luke Jackson,,10,1,11,21,1,1,38,2,1,6,8,4,1,1,3,15,7,1,1,2,0,1,81
2025,R12,Sat 24-May-2025 6:10 PM,Home,Port Adelaide,Perth Stadium,W,49,44,Matthew Johnson,,16,6,5,21,1,1,0,4,3,3,6,7,1,1,0,8,12,0,0,1,0,0,80
2025,R12,Sat 24-May-2025 6:10 PM,Home,Port Adelaide,Perth Stadium,W,49,25,Alex Pearce,,7,7,5,12,1,0,0,1,3,1,0,1,0,1,0,5,7,2,0,1,0,0,94
2025,R12,Sat 24-May-2025 6:10 PM,Home,Port Adelaide,Perth Stadium,W,49,16,Murphy Reid,,9,3,9,18,4,0,0,4,0,1,1,2,0,0,1,8,9,0,1,0,0,0,84
2025,R12,Sat 24-May-2025 6:10 PM,Home,Port Adelaide,Perth Stadium,W,49,13,Luke Ryan,,19,7,3,22,0,0,0,0,6,0,0,1,3,0,0,6,11,0,0,4,0,0,96
2025,R12,Sat 24-May-2025 6:10 PM,Home,Port Adelaide,Perth Stadium,W,49,3,Caleb Serong,,16,3,13,29,0,0,0,4,5,3,12,5,1,1,2,18,11,0,0,1,0,0,85
2025,R12,Sat 24-May-2025 6:10 PM,Home,Port Adelaide,Perth Stadium,W,49,14,Jeremy Sharp,,4,1,7,11,0,0,0,3,1,2,0,0,1,0,0,6,5,0,0,0,0,0,90
2025,R12,Sat 24-May-2025 6:10 PM,Home,Port Adelaide,Perth Stadium,W,49,29,Cooper Simpson,off,0,0,0,0,0,0,0,0,0,0,0,0,0,0,0,0,0,0,0,0,0,0,3
2025,R12,Sat 24-May-2025 6:10 PM,Home,Port Adelaide,Perth Stadium,W,49,39,Sam Switkowski,,5,2,6,11,2,0,0,4,0,2,2,0,1,0,0,6,4,0,0,1,0,1,76
2025,R12,Sat 24-May-2025 6:10 PM,Home,Port Adelaide,Perth Stadium,W,49,35,Josh Treacy,,6,4,6,12,0,0,0,0,0,3,0,3,0,0,0,7,6,3,0,4,0,0,89
2025,R12,Sat 24-May-2025 6:10 PM,Home,Port Adelaide,Perth Stadium,W,49,20,Patrick Voss,,8,6,5,13,1,1,4,1,0,4,2,2,1,0,0,5,9,0,3,1,0,0,84
2025,R12,Sat 24-May-2025 6:10 PM,Home,Port Adelaide,Perth Stadium,W,49,34,Corey Wagner,,14,6,4,18,0,0,0,4,2,8,1,1,0,0,0,4,15,0,0,0,0,1,72
2025,R12,Sat 24-May-2025 6:10 PM,Home,Port Adelaide,Perth Stadium,W,49,23,Karl Worner,,10,4,8,18,0,0,0,4,3,0,1,2,1,1,0,7,9,1,0,2,0,0,82
2025,R13,Sat 31-May-2025 1:20 PM,Away,Gold Coast,Carrara,W,11,24,Jye Amiss,,3,3,6,9,1,0,0,0,0,1,1,1,0,1,0,5,4,0,1,2,0,0,87
2025,R13,Sat 31-May-2025 1:20 PM,Away,Gold Coast,Carrara,W,11,41,Bailey Banfield,,6,3,7,13,0,0,0,0,0,2,2,2,1,0,0,8,5,0,0,4,0,0,80
2025,R13,Sat 31-May-2025 1:20 PM,Away,Gold Coast,Carrara,W,11,15,Shai Bolton,,13,4,7,20,3,2,0,6,0,3,2,8,2,3,0,10,10,1,1,0,3,0,81
2025,R13,Sat 31-May-2025 1:20 PM,Away,Gold Coast,Carrara,W,11,8,Andrew Brayshaw,,13,3,17,30,1,0,0,7,1,2,5,4,3,2,2,9,20,0,0,0,0,0,82
2025,R13,Sat 31-May-2025 1:20 PM,Away,Gold Coast,Carrara,W,11,5,Heath Chapman,,7,1,6,13,0,0,0,6,0,3,0,3,1,1,0,6,7,0,0,3,0,0,79
2025,R13,Sat 31-May-2025 1:20 PM,Away,Gold Coast,Carrara,W,11,6,Jordan Clark,,24,6,6,30,0,0,0,4,11,4,5,1,2,0,0,13,14,1,0,2,0,1,91
2025,R13,Sat 31-May-2025 1:20 PM,Away,Gold Coast,Carrara,W,11,36,Brennan Cox,,3,1,7,10,0,0,0,1,0,0,0,4,0,3,0,5,5,0,0,6,0,0,86
2025,R13,Sat 31-May-2025 1:20 PM,Away,Gold Coast,Carrara,W,11,4,Sean Darcy,,1,0,2,3,0,0,29,5,1,1,2,2,1,2,0,3,0,0,0,1,0,0,50
2025,R13,Sat 31-May-2025 1:20 PM,Away,Gold Coast,Carrara,W,11,37,Josh Draper,,1,0,2,3,0,0,0,1,0,0,1,2,0,2,0,3,0,0,0,6,0,0,92
2025,R13,Sat 31-May-2025 1:20 PM,Away,Gold Coast,Carrara,W,11,28,Neil Erasmus,,10,1,9,19,0,0,0,7,2,3,2,0,1,0,0,7,13,0,0,0,0,1,68
2025,R13,Sat 31-May-2025 1:20 PM,Away,Gold Coast,Carrara,W,11,32,Michael Frederick,,5,1,2,7,1,1,0,3,1,2,0,1,0,1,0,3,5,0,0,1,0,0,74
2025,R13,Sat 31-May-2025 1:20 PM,Away,Gold Coast,Carrara,W,11,7,Nat Fyfe,on,3,2,4,7,0,0,0,1,0,1,1,2,0,2,0,3,3,0,0,1,0,0,20
2025,R13,Sat 31-May-2025 1:20 PM,Away,Gold Coast,Carrara,W,11,9,Luke Jackson,,12,2,15,27,0,0,21,7,1,8,4,4,1,2,0,13,12,1,0,1,0,1,81
2025,R13,Sat 31-May-2025 1:20 PM,Away,Gold Coast,Carrara,W,11,44,Matthew Johnson,,5,1,13,18,0,0,0,5,1,1,3,1,1,0,0,7,11,0,0,0,0,0,82
2025,R13,Sat 31-May-2025 1:20 PM,Away,Gold Coast,Carrara,W,11,16,Murphy Reid,,8,1,6,14,0,0,0,0,1,3,1,3,0,2,0,5,10,0,0,1,0,0,85
2025,R13,Sat 31-May-2025 1:20 PM,Away,Gold Coast,Carrara,W,11,13,Luke Ryan,,14,4,4,18,0,0,0,1,12,1,1,3,0,2,0,8,6,0,0,7,0,0,97
2025,R13,Sat 31-May-2025 1:20 PM,Away,Gold Coast,Carrara,W,11,3,Caleb Serong,,18,2,9,27,0,1,0,8,2,11,6,5,3,1,1,11,16,0,1,0,0,1,90
2025,R13,Sat 31-May-2025 1:20 PM,Away,Gold Coast,Carrara,W,11,14,Jeremy Sharp,,3,1,1,4,0,0,0,3,0,1,0,0,1,0,0,1,3,0,0,0,1,0,87
2025,R13,Sat 31-May-2025 1:20 PM,Away,Gold Coast,Carrara,W,11,39,Sam Switkowski,,7,2,10,17,1,0,0,7,1,4,2,0,1,0,0,8,8,0,1,1,1,2,83
2025,R13,Sat 31-May-2025 1:20 PM,Away,Gold Coast,Carrara,W,11,35,Josh Treacy,,8,5,7,15,0,0,0,2,0,2,0,2,0,0,0,5,11,1,0,5,0,2,92
2025,R13,Sat 31-May-2025 1:20 PM,Away,Gold Coast,Carrara,W,11,20,Patrick Voss,,7,3,0,7,3,1,0,9,0,2,0,4,1,3,0,3,4,2,1,1,0,0,78
2025,R13,Sat 31-May-2025 1:20 PM,Away,Gold Coast,Carrara,W,11,34,Corey Wagner,,17,4,1,18,1,1,0,2,4,6,0,0,1,0,0,6,9,0,0,3,0,0,82
2025,R13,Sat 31-May-2025 1:20 PM,Away,Gold Coast,Carrara,W,11,23,Karl Worner,off,5,3,5,10,0,0,0,1,5,0,1,3,0,1,0,2,7,0,0,4,0,0,54
2025,R15,Sat 14-Jun-2025 5:35 PM,Away,North Melbourne,Perth Stadium,W,6,24,Jye Amiss,,4,3,3,7,0,2,0,1,0,1,0,2,0,2,0,5,2,1,2,2,0,1,86
2025,R15,Sat 14-Jun-2025 5:35 PM,Away,North Melbourne,Perth Stadium,W,6,41,Bailey Banfield,,12,7,1,13,0,0,0,1,5,0,0,3,2,0,0,5,10,1,0,3,1,0,75
2025,R15,Sat 14-Jun-2025 5:35 PM,Away,North Melbourne,Perth Stadium,W,6,15,Shai Bolton,,13,0,8,21,1,0,0,1,1,4,2,5,0,2,0,8,14,0,0,1,5,0,85
2025,R15,Sat 14-Jun-2025 5:35 PM,Away,North Melbourne,Perth Stadium,W,6,8,Andrew Brayshaw,,18,6,13,31,0,1,0,9,5,6,9,7,4,1,2,15,15,0,0,1,0,0,85
2025,R15,Sat 14-Jun-2025 5:35 PM,Away,North Melbourne,Perth Stadium,W,6,5,Heath Chapman,,5,5,8,13,0,0,0,2,2,1,0,1,0,1,0,6,7,0,0,7,0,0,83
2025,R15,Sat 14-Jun-2025 5:35 PM,Away,North Melbourne,Perth Stadium,W,6,6,Jordan Clark,,19,5,7,26,0,0,0,3,8,3,2,7,2,1,0,11,14,0,0,3,1,0,91
2025,R15,Sat 14-Jun-2025 5:35 PM,Away,North Melbourne,Perth Stadium,W,6,36,Brennan Cox,,6,6,4,10,0,0,0,2,3,0,0,3,1,2,0,4,5,2,0,14,0,0,96
2025,R15,Sat 14-Jun-2025 5:35 PM,Away,North Melbourne,Perth Stadium,W,6,4,Sean Darcy,,3,2,4,7,0,0,23,1,0,2,0,3,1,0,0,1,6,0,0,3,0,0,61
2025,R15,Sat 14-Jun-2025 5:35 PM,Away,North Melbourne,Perth Stadium,W,6,37,Josh Draper,,2,1,1,3,0,0,0,2,1,0,0,4,0,4,0,3,1,0,0,9,0,0,74
2025,R15,Sat 14-Jun-2025 5:35 PM,Away,North Melbourne,Perth Stadium,W,6,28,Neil Erasmus,off,8,0,4,12,0,0,0,1,3,1,2,2,3,0,0,7,6,0,0,2,0,0,44
2025,R15,Sat 14-Jun-2025 5:35 PM,Away,North Melbourne,Perth Stadium,W,6,32,Michael Frederick,,3,2,5,8,0,1,0,1,0,2,0,2,0,0,0,2,6,0,1,2,0,0,81
2025,R15,Sat 14-Jun-2025 5:35 PM,Away,North Melbourne,Perth Stadium,W,6,7,Nat Fyfe,on,0,1,9,9,0,0,0,1,1,1,2,3,0,1,0,4,7,0,0,0,0,0,28
2025,R15,Sat 14-Jun-2025 5:35 PM,Away,North Melbourne,Perth Stadium,W,6,9,Luke Jackson,,7,3,8,15,2,0,17,4,1,1,4,0,1,0,0,9,5,0,1,4,0,0,85
2025,R15,Sat 14-Jun-2025 5:35 PM,Away,North Melbourne,Perth Stadium,W,6,44,Matthew Johnson,,11,6,9,20,0,0,0,4,0,2,2,1,0,0,0,6,13,0,0,1,0,0,80
2025,R15,Sat 14-Jun-2025 5:35 PM,Away,North Melbourne,Perth Stadium,W,6,16,Murphy Reid,,8,3,8,16,1,0,0,1,0,1,0,4,0,3,0,6,10,1,1,1,0,0,81
2025,R15,Sat 14-Jun-2025 5:35 PM,Away,North Melbourne,Perth Stadium,W,6,13,Luke Ryan,,11,3,8,19,0,0,0,6,4,0,0,1,1,1,0,4,11,0,0,8,0,0,95
2025,R15,Sat 14-Jun-2025 5:35 PM,Away,North Melbourne,Perth Stadium,W,6,3,Caleb Serong,,19,2,17,36,1,0,0,10,3,6,8,5,3,0,3,16,18,0,0,0,1,0,87
2025,R15,Sat 14-Jun-2025 5:35 PM,Away,North Melbourne,Perth Stadium,W,6,14,Jeremy Sharp,,6,1,8,14,0,0,0,1,5,0,2,1,0,0,0,4,9,0,0,1,0,0,87
2025,R15,Sat 14-Jun-2025 5:35 PM,Away,North Melbourne,Perth Stadium,W,6,39,Sam Switkowski,,7,5,7,14,1,0,0,1,0,6,1,1,0,1,0,2,11,0,0,1,2,2,66
2025,R15,Sat 14-Jun-2025 5:35 PM,Away,North Melbourne,Perth Stadium,W,6,35,Josh Treacy,,12,8,2,14,0,2,0,2,2,7,0,3,0,0,0,10,5,6,2,3,0,1,88
2025,R15,Sat 14-Jun-2025 5:35 PM,Away,North Melbourne,Perth Stadium,W,6,20,Patrick Voss,,9,2,2,11,3,2,0,2,0,1,0,3,2,2,0,5,7,1,1,1,0,1,86
2025,R15,Sat 14-Jun-2025 5:35 PM,Away,North Melbourne,Perth Stadium,W,6,34,Corey Wagner,,9,1,5,14,1,0,0,7,2,3,2,3,2,1,0,6,8,0,0,0,0,0,70
2025,R15,Sat 14-Jun-2025 5:35 PM,Away,North Melbourne,Perth Stadium,W,6,23,Karl Worner,,6,1,9,15,0,0,0,3,3,0,1,1,3,1,0,8,9,1,0,2,0,0,85
2025,R16,Thu 19-Jun-2025 6:10 PM,Home,Essendon,Perth Stadium,W,41,11,James Aish,on,1,0,5,6,0,0,0,1,0,1,1,0,0,0,0,2,4,0,0,1,0,0,18
2025,R16,Thu 19-Jun-2025 6:10 PM,Home,Essendon,Perth Stadium,W,41,24,Jye Amiss,,4,4,6,10,0,0,0,0,0,2,0,2,0,1,0,6,4,2,0,1,0,2,85
2025,R16,Thu 19-Jun-2025 6:10 PM,Home,Essendon,Perth Stadium,W,41,41,Bailey Banfield,,7,1,6,13,0,0,0,3,2,0,0,2,1,0,0,5,8,0,0,0,0,0,76
2025,R16,Thu 19-Jun-2025 6:10 PM,Home,Essendon,Perth Stadium,W,41,15,Shai Bolton,,7,0,8,15,2,2,0,1,0,1,3,3,1,1,0,8,8,0,0,1,0,0,84
2025,R16,Thu 19-Jun-2025 6:10 PM,Home,Essendon,Perth Stadium,W,41,8,Andrew Brayshaw,,14,3,15,29,1,1,0,4,1,3,4,1,0,0,0,11,18,0,0,0,0,0,79
2025,R16,Thu 19-Jun-2025 6:10 PM,Home,Essendon,Perth Stadium,W,41,5,Heath Chapman,,15,4,7,22,0,0,0,2,4,3,0,2,2,0,0,5,16,0,0,2,0,0,78
2025,R16,Thu 19-Jun-2025 6:10 PM,Home,Essendon,Perth Stadium,W,41,6,Jordan Clark,,23,8,10,33,0,0,0,5,3,3,0,5,3,1,0,8,22,1,0,4,0,0,92
2025,R16,Thu 19-Jun-2025 6:10 PM,Home,Essendon,Perth Stadium,W,41,36,Brennan Cox,,7,9,6,13,0,0,0,1,0,0,0,1,0,0,0,4,9,1,0,2,0,0,84
2025,R16,Thu 19-Jun-2025 6:10 PM,Home,Essendon,Perth Stadium,W,41,37,Josh Draper,,7,3,1,8,0,0,0,2,1,0,0,2,1,0,0,1,6,0,0,2,0,0,93
2025,R16,Thu 19-Jun-2025 6:10 PM,Home,Essendon,Perth Stadium,W,41,28,Neil Erasmus,,7,4,14,21,0,0,0,1,0,1,7,2,1,0,0,8,14,0,0,1,0,0,61
2025,R16,Thu 19-Jun-2025 6:10 PM,Home,Essendon,Perth Stadium,W,41,32,Michael Frederick,,4,2,1,5,2,1,0,1,0,1,0,1,1,0,0,1,4,0,1,2,0,0,80
2025,R16,Thu 19-Jun-2025 6:10 PM,Home,Essendon,Perth Stadium,W,41,7,Nat Fyfe,off,5,3,6,11,0,0,0,1,0,4,1,3,0,1,0,3,8,0,0,1,0,2,67
2025,R16,Thu 19-Jun-2025 6:10 PM,Home,Essendon,Perth Stadium,W,41,9,Luke Jackson,,11,4,10,21,3,0,48,4,1,2,10,3,3,2,3,14,8,1,1,1,0,0,81
2025,R16,Thu 19-Jun-2025 6:10 PM,Home,Essendon,Perth Stadium,W,41,44,Matthew Johnson,,5,5,13,18,0,0,0,1,1,4,3,3,1,2,0,8,13,0,0,1,1,2,79
2025,R16,Thu 19-Jun-2025 6:10 PM,Home,Essendon,Perth Stadium,W,41,30,Nathan ODriscoll,,11,7,6,17,1,1,0,0,0,4,1,1,1,0,0,4,14,0,0,4,0,0,80
2025,R16,Thu 19-Jun-2025 6:10 PM,Home,Essendon,Perth Stadium,W,41,16,Murphy Reid,,7,3,6,13,1,0,0,4,0,4,1,3,0,2,0,4,9,0,1,1,0,2,86
2025,R16,Thu 19-Jun-2025 6:10 PM,Home,Essendon,Perth Stadium,W,41,13,Luke Ryan,,24,12,8,32,0,0,0,2,5,1,0,2,1,2,1,8,19,2,0,5,0,0,93
2025,R16,Thu 19-Jun-2025 6:10 PM,Home,Essendon,Perth Stadium,W,41,3,Caleb Serong,,24,5,11,35,2,0,0,4,1,10,7,2,3,1,2,10,22,1,0,0,2,0,83
2025,R16,Thu 19-Jun-2025 6:10 PM,Home,Essendon,Perth Stadium,W,41,14,Jeremy Sharp,,8,6,4,12,0,1,0,3,0,1,0,2,0,0,0,1,11,0,1,1,0,0,74
2025,R16,Thu 19-Jun-2025 6:10 PM,Home,Essendon,Perth Stadium,W,41,35,Josh Treacy,,6,3,5,11,3,0,1,2,0,3,0,0,2,0,0,6,5,1,1,5,0,1,88
2025,R16,Thu 19-Jun-2025 6:10 PM,Home,Essendon,Perth Stadium,W,41,20,Patrick Voss,,6,2,7,13,1,2,4,3,1,1,3,3,1,2,0,9,4,0,1,0,0,1,81
2025,R16,Thu 19-Jun-2025 6:10 PM,Home,Essendon,Perth Stadium,W,41,34,Corey Wagner,,12,4,4,16,0,0,0,2,3,6,2,3,1,1,0,6,10,1,0,1,1,0,72
2025,R16,Thu 19-Jun-2025 6:10 PM,Home,Essendon,Perth Stadium,W,41,23,Karl Worner,,10,7,8,18,0,0,0,2,2,2,1,2,0,0,0,2,15,1,0,2,0,0,84
2025,R17,Sun 29-Jun-2025 3:10 PM,Home,St Kilda,Perth Stadium,W,12,24,Jye Amiss,,4,2,0,4,0,1,0,2,0,1,0,0,1,0,0,2,2,1,1,0,0,1,91
2025,R17,Sun 29-Jun-2025 3:10 PM,Home,St Kilda,Perth Stadium,W,12,41,Bailey Banfield,,8,3,4,12,0,0,0,2,2,1,0,1,1,0,0,2,11,0,0,3,1,0,80
2025,R17,Sun 29-Jun-2025 3:10 PM,Home,St Kilda,Perth Stadium,W,12,15,Shai Bolton,,10,4,5,15,1,1,0,3,0,2,0,4,0,2,0,4,11,0,2,1,0,0,87
2025,R17,Sun 29-Jun-2025 3:10 PM,Home,St Kilda,Perth Stadium,W,12,8,Andrew Brayshaw,,15,4,10,25,0,1,0,6,1,6,2,5,3,2,0,6,19,0,1,0,0,0,76
2025,R17,Sun 29-Jun-2025 3:10 PM,Home,St Kilda,Perth Stadium,W,12,5,Heath Chapman,,7,2,2,9,0,0,0,1,0,2,0,3,0,2,0,1,7,0,0,2,0,0,80
2025,R17,Sun 29-Jun-2025 3:10 PM,Home,St Kilda,Perth Stadium,W,12,6,Jordan Clark,,19,10,12,31,1,0,0,2,5,2,2,5,3,2,2,13,17,2,1,1,0,0,84
2025,R17,Sun 29-Jun-2025 3:10 PM,Home,St Kilda,Perth Stadium,W,12,36,Brennan Cox,,9,7,3,12,0,0,0,2,3,0,0,0,0,0,0,3,8,2,0,5,0,0,84
2025,R17,Sun 29-Jun-2025 3:10 PM,Home,St Kilda,Perth Stadium,W,12,4,Sean Darcy,,10,4,7,17,1,0,41,0,0,4,7,3,2,2,0,13,5,1,1,4,0,0,69
2025,R17,Sun 29-Jun-2025 3:10 PM,Home,St Kilda,Perth Stadium,W,12,43,Isaiah Dudley,,4,0,1,5,1,0,0,2,0,2,1,1,1,0,0,2,2,0,0,2,0,0,77
2025,R17,Sun 29-Jun-2025 3:10 PM,Home,St Kilda,Perth Stadium,W,12,28,Neil Erasmus,,10,6,7,17,0,1,0,6,1,6,3,1,1,0,0,8,9,0,1,1,1,1,72
2025,R17,Sun 29-Jun-2025 3:10 PM,Home,St Kilda,Perth Stadium,W,12,32,Michael Frederick,,6,3,8,14,0,1,0,1,0,2,0,1,0,0,0,5,9,0,0,0,1,2,81
2025,R17,Sun 29-Jun-2025 3:10 PM,Home,St Kilda,Perth Stadium,W,12,7,Nat Fyfe,,0,0,0,0,0,0,0,0,0,0,0,0,0,0,0,0,0,0,0,0,0,0,0
2025,R17,Sun 29-Jun-2025 3:10 PM,Home,St Kilda,Perth Stadium,W,12,9,Luke Jackson,,6,4,9,15,2,1,16,8,0,3,1,3,1,1,3,11,4,3,4,0,0,1,88
2025,R17,Sun 29-Jun-2025 3:10 PM,Home,St Kilda,Perth Stadium,W,12,44,Matthew Johnson,,7,5,11,18,0,0,0,2,1,0,2,1,1,1,0,3,15,0,0,1,1,0,81
2025,R17,Sun 29-Jun-2025 3:10 PM,Home,St Kilda,Perth Stadium,W,12,21,Oscar McDonald,,9,6,4,13,0,0,0,0,3,1,0,2,1,1,0,3,10,0,0,2,0,0,93
2025,R17,Sun 29-Jun-2025 3:10 PM,Home,St Kilda,Perth Stadium,W,12,30,Nathan ODriscoll,,13,4,4,17,1,1,0,3,3,3,1,2,0,0,0,5,11,0,1,1,1,0,82
2025,R17,Sun 29-Jun-2025 3:10 PM,Home,St Kilda,Perth Stadium,W,12,16,Murphy Reid,,9,2,6,15,1,2,0,1,0,3,0,0,0,0,0,4,11,0,0,2,0,1,76
2025,R17,Sun 29-Jun-2025 3:10 PM,Home,St Kilda,Perth Stadium,W,12,13,Luke Ryan,,14,7,4,18,0,0,0,2,7,1,0,1,0,0,0,4,7,1,0,1,0,0,92
2025,R17,Sun 29-Jun-2025 3:10 PM,Home,St Kilda,Perth Stadium,W,12,3,Caleb Serong,,9,2,9,18,0,0,0,3,3,3,9,1,2,1,0,12,6,0,0,1,1,1,80
2025,R17,Sun 29-Jun-2025 3:10 PM,Home,St Kilda,Perth Stadium,W,12,35,Josh Treacy,,7,4,1,8,3,1,0,2,0,1,0,0,1,0,0,3,5,2,3,3,0,0,93
2025,R17,Sun 29-Jun-2025 3:10 PM,Home,St Kilda,Perth Stadium,W,12,20,Patrick Voss,,3,2,5,8,0,1,0,1,0,2,0,2,0,1,0,2,6,0,0,1,0,1,80
2025,R17,Sun 29-Jun-2025 3:10 PM,Home,St Kilda,Perth Stadium,W,12,34,Corey Wagner,,5,2,4,9,0,0,0,7,0,3,3,2,2,2,0,7,4,0,0,2,0,0,68
2025,R17,Sun 29-Jun-2025 3:10 PM,Home,St Kilda,Perth Stadium,W,12,23,Karl Worner,,9,3,3,12,0,1,0,1,2,1,0,1,1,0,0,4,6,1,0,5,0,0,88
2025,R18,Sun 06-Jul-2025 1:10 PM,Away,Sydney,S.C.G.,L,-11,24,Jye Amiss,,6,5,1,7,1,1,0,1,0,2,0,1,1,0,0,3,4,1,2,1,0,0,79
2025,R18,Sun 06-Jul-2025 1:10 PM,Away,Sydney,S.C.G.,L,-11,41,Bailey Banfield,,11,5,4,15,0,0,0,5,4,1,0,1,2,1,0,5,11,0,0,3,1,0,74
2025,R18,Sun 06-Jul-2025 1:10 PM,Away,Sydney,S.C.G.,L,-11,15,Shai Bolton,,10,2,7,17,0,0,0,3,0,7,5,3,0,2,0,10,7,0,0,0,3,0,82
2025,R18,Sun 06-Jul-2025 1:10 PM,Away,Sydney,S.C.G.,L,-11,8,Andrew Brayshaw,,11,4,13,24,0,0,0,3,2,4,4,1,2,0,2,11,14,0,0,2,0,0,88
2025,R18,Sun 06-Jul-2025 1:10 PM,Away,Sydney,S.C.G.,L,-11,5,Heath Chapman,,8,6,5,13,0,0,0,3,2,3,0,3,1,1,0,6,8,1,0,4,0,0,81
2025,R18,Sun 06-Jul-2025 1:10 PM,Away,Sydney,S.C.G.,L,-11,6,Jordan Clark,,8,2,5,13,0,0,0,3,4,1,0,3,0,2,0,3,8,1,0,1,1,0,89
2025,R18,Sun 06-Jul-2025 1:10 PM,Away,Sydney,S.C.G.,L,-11,36,Brennan Cox,,3,2,3,6,0,0,0,0,1,0,0,4,0,2,0,0,6,0,0,7,0,0,89
2025,R18,Sun 06-Jul-2025 1:10 PM,Away,Sydney,S.C.G.,L,-11,4,Sean Darcy,,5,1,5,10,0,0,22,1,0,2,6,6,1,3,0,8,2,0,0,2,0,1,67
2025,R18,Sun 06-Jul-2025 1:10 PM,Away,Sydney,S.C.G.,L,-11,43,Isaiah Dudley,,4,3,6,10,1,1,0,1,1,2,0,1,1,1,0,6,4,0,1,1,0,1,65
2025,R18,Sun 06-Jul-2025 1:10 PM,Away,Sydney,S.C.G.,L,-11,28,Neil Erasmus,,4,0,7,11,0,0,0,5,0,3,2,3,1,2,0,5,7,0,0,0,0,0,59
2025,R18,Sun 06-Jul-2025 1:10 PM,Away,Sydney,S.C.G.,L,-11,32,Michael Frederick,,13,5,1,14,1,2,0,3,1,3,0,2,2,0,0,7,7,1,1,1,0,1,82
2025,R18,Sun 06-Jul-2025 1:10 PM,Away,Sydney,S.C.G.,L,-11,9,Luke Jackson,,7,6,6,13,2,0,13,5,1,0,1,5,2,3,0,6,8,1,2,0,0,0,87
2025,R18,Sun 06-Jul-2025 1:10 PM,Away,Sydney,S.C.G.,L,-11,44,Matthew Johnson,,10,3,10,20,0,1,0,1,1,4,5,3,0,2,0,7,15,0,0,0,1,1,76
2025,R18,Sun 06-Jul-2025 1:10 PM,Away,Sydney,S.C.G.,L,-11,30,Nathan ODriscoll,,8,4,18,26,0,1,0,3,4,2,3,4,0,0,0,10,17,0,0,2,0,0,88
2025,R18,Sun 06-Jul-2025 1:10 PM,Away,Sydney,S.C.G.,L,-11,2,Jaeger OMeara,on,3,4,5,8,1,0,0,1,0,0,0,0,0,0,0,2,6,1,1,0,0,0,28
2025,R18,Sun 06-Jul-2025 1:10 PM,Away,Sydney,S.C.G.,L,-11,25,Alex Pearce,,3,3,5,8,0,0,0,2,2,0,0,1,3,0,0,5,4,0,0,2,0,0,88
2025,R18,Sun 06-Jul-2025 1:10 PM,Away,Sydney,S.C.G.,L,-11,16,Murphy Reid,,10,3,5,15,1,1,0,0,1,6,2,1,0,0,0,7,9,0,1,2,0,2,85
2025,R18,Sun 06-Jul-2025 1:10 PM,Away,Sydney,S.C.G.,L,-11,13,Luke Ryan,,14,7,7,21,0,0,0,2,3,0,1,2,1,0,0,6,10,1,0,3,0,0,96
2025,R18,Sun 06-Jul-2025 1:10 PM,Away,Sydney,S.C.G.,L,-11,3,Caleb Serong,,6,0,5,11,1,0,0,3,1,2,1,2,0,0,0,7,6,0,0,2,0,0,84
2025,R18,Sun 06-Jul-2025 1:10 PM,Away,Sydney,S.C.G.,L,-11,35,Josh Treacy,,4,4,7,11,2,0,0,0,0,3,0,2,0,2,0,3,9,0,2,1,0,1,94
2025,R18,Sun 06-Jul-2025 1:10 PM,Away,Sydney,S.C.G.,L,-11,20,Patrick Voss,off,3,2,3,6,1,1,0,0,0,3,0,1,0,1,0,3,3,0,0,0,0,0,54
2025,R18,Sun 06-Jul-2025 1:10 PM,Away,Sydney,S.C.G.,L,-11,34,Corey Wagner,,17,5,5,22,1,0,0,6,4,2,2,1,1,0,0,5,18,0,1,0,1,1,83
2025,R18,Sun 06-Jul-2025 1:10 PM,Away,Sydney,S.C.G.,L,-11,23,Karl Worner,,8,5,8,16,0,0,0,2,2,1,0,1,0,0,0,2,14,0,0,3,1,0,83
2025,R19,Sat 12-Jul-2025 6:10 PM,Home,Hawthorn,Perth Stadium,W,13,24,Jye Amiss,,6,4,2,8,2,0,0,0,0,0,0,2,1,0,0,3,6,0,4,0,0,1,90
2025,R19,Sat 12-Jul-2025 6:10 PM,Home,Hawthorn,Perth Stadium,W,13,41,Bailey Banfield,off,2,1,3,5,0,0,0,7,0,1,0,0,0,0,0,1,5,0,0,3,0,0,59
2025,R19,Sat 12-Jul-2025 6:10 PM,Home,Hawthorn,Perth Stadium,W,13,15,Shai Bolton,,7,2,12,19,2,1,0,3,1,2,4,2,1,1,0,6,14,0,2,3,0,0,87
2025,R19,Sat 12-Jul-2025 6:10 PM,Home,Hawthorn,Perth Stadium,W,13,8,Andrew Brayshaw,,16,4,13,29,0,0,0,14,2,3,6,5,2,2,3,10,15,1,0,0,0,1,82
2025,R19,Sat 12-Jul-2025 6:10 PM,Home,Hawthorn,Perth Stadium,W,13,5,Heath Chapman,,8,4,4,12,0,0,0,5,2,1,1,1,1,0,0,4,7,0,0,2,0,0,82
2025,R19,Sat 12-Jul-2025 6:10 PM,Home,Hawthorn,Perth Stadium,W,13,6,Jordan Clark,,21,7,10,31,0,0,0,3,9,6,2,3,0,1,2,5,20,1,0,1,0,0,91
2025,R19,Sat 12-Jul-2025 6:10 PM,Home,Hawthorn,Perth Stadium,W,13,36,Brennan Cox,,8,3,0,8,0,0,0,2,5,1,0,1,3,0,0,2,7,0,0,12,0,0,87
2025,R19,Sat 12-Jul-2025 6:10 PM,Home,Hawthorn,Perth Stadium,W,13,4,Sean Darcy,,3,1,9,12,1,1,26,2,0,0,1,2,0,1,0,10,2,0,1,7,0,1,60
2025,R19,Sat 12-Jul-2025 6:10 PM,Home,Hawthorn,Perth Stadium,W,13,43,Isaiah Dudley,on,1,0,1,2,0,0,0,1,0,0,0,1,0,0,0,1,1,0,0,0,0,0,21
2025,R19,Sat 12-Jul-2025 6:10 PM,Home,Hawthorn,Perth Stadium,W,13,32,Michael Frederick,,10,3,3,13,2,0,0,3,0,5,2,4,2,1,0,6,7,0,0,1,1,1,81
2025,R19,Sat 12-Jul-2025 6:10 PM,Home,Hawthorn,Perth Stadium,W,13,9,Luke Jackson,,5,1,8,13,0,0,30,6,0,3,1,1,2,1,0,7,6,1,0,2,0,1,84
2025,R19,Sat 12-Jul-2025 6:10 PM,Home,Hawthorn,Perth Stadium,W,13,44,Matthew Johnson,,12,2,9,21,0,0,0,9,4,2,7,4,3,2,0,11,9,0,0,2,1,1,76
2025,R19,Sat 12-Jul-2025 6:10 PM,Home,Hawthorn,Perth Stadium,W,13,21,Oscar McDonald,,6,5,1,7,0,0,0,2,3,0,0,2,0,0,0,3,4,2,0,5,0,0,90
2025,R19,Sat 12-Jul-2025 6:10 PM,Home,Hawthorn,Perth Stadium,W,13,30,Nathan ODriscoll,,10,5,8,18,0,0,0,4,5,3,1,2,0,0,0,4,14,0,0,0,0,0,74
2025,R19,Sat 12-Jul-2025 6:10 PM,Home,Hawthorn,Perth Stadium,W,13,2,Jaeger OMeara,,4,0,5,9,0,0,0,8,0,1,2,2,1,1,0,8,1,0,0,1,0,1,77
2025,R19,Sat 12-Jul-2025 6:10 PM,Home,Hawthorn,Perth Stadium,W,13,16,Murphy Reid,,8,1,5,13,0,0,0,5,1,4,2,3,2,0,0,5,7,0,0,2,0,1,82
2025,R19,Sat 12-Jul-2025 6:10 PM,Home,Hawthorn,Perth Stadium,W,13,13,Luke Ryan,,15,5,7,22,0,0,0,5,7,0,0,6,1,2,0,7,11,0,0,6,0,0,95
2025,R19,Sat 12-Jul-2025 6:10 PM,Home,Hawthorn,Perth Stadium,W,13,3,Caleb Serong,,16,3,13,29,0,0,0,5,1,8,9,6,0,0,0,17,10,0,0,1,0,1,86
2025,R19,Sat 12-Jul-2025 6:10 PM,Home,Hawthorn,Perth Stadium,W,13,39,Sam Switkowski,,6,2,10,16,3,0,0,3,0,4,1,1,1,0,0,6,10,0,1,0,0,0,68
2025,R19,Sat 12-Jul-2025 6:10 PM,Home,Hawthorn,Perth Stadium,W,13,35,Josh Treacy,,10,5,3,13,1,0,0,3,0,3,0,4,3,1,0,8,5,2,1,3,0,0,92
2025,R19,Sat 12-Jul-2025 6:10 PM,Home,Hawthorn,Perth Stadium,W,13,20,Patrick Voss,,7,3,2,9,1,1,0,4,0,1,0,5,0,3,0,5,4,1,1,2,0,1,85
2025,R19,Sat 12-Jul-2025 6:10 PM,Home,Hawthorn,Perth Stadium,W,13,34,Corey Wagner,,12,4,6,18,0,0,0,7,0,2,1,3,0,1,0,5,12,0,0,0,0,1,81
2025,R19,Sat 12-Jul-2025 6:10 PM,Home,Hawthorn,Perth Stadium,W,13,23,Karl Worner,,7,2,5,12,0,0,0,2,2,1,0,3,0,1,0,1,11,0,0,4,0,0,70
2025,R20,Sun 20-Jul-2025 3:15 PM,Away,Collingwood,M.C.G.,W,1,24,Jye Amiss,,3,2,0,3,2,0,0,0,0,0,0,1,1,1,0,2,2,1,2,1,0,0,83
2025,R20,Sun 20-Jul-2025 3:15 PM,Away,Collingwood,M.C.G.,W,1,41,Bailey Banfield,,11,6,9,20,0,0,0,0,3,2,3,3,1,1,0,6,14,0,0,2,2,0,73
2025,R20,Sun 20-Jul-2025 3:15 PM,Away,Collingwood,M.C.G.,W,1,15,Shai Bolton,,9,2,5,14,0,3,0,2,0,2,1,4,1,0,0,7,8,1,1,0,3,2,81
2025,R20,Sun 20-Jul-2025 3:15 PM,Away,Collingwood,M.C.G.,W,1,8,Andrew Brayshaw,,8,3,13,21,0,0,0,10,3,5,2,6,0,3,0,9,14,0,0,2,0,1,79
2025,R20,Sun 20-Jul-2025 3:15 PM,Away,Collingwood,M.C.G.,W,1,5,Heath Chapman,,7,5,3,10,0,0,0,4,4,0,1,1,1,0,0,3,7,0,0,2,0,0,81
2025,R20,Sun 20-Jul-2025 3:15 PM,Away,Collingwood,M.C.G.,W,1,6,Jordan Clark,,15,3,9,24,0,0,0,5,9,1,2,0,1,0,0,8,11,0,0,2,1,0,94
2025,R20,Sun 20-Jul-2025 3:15 PM,Away,Collingwood,M.C.G.,W,1,36,Brennan Cox,,10,7,3,13,0,0,0,0,5,0,1,2,1,2,0,3,11,0,0,10,0,0,82
2025,R20,Sun 20-Jul-2025 3:15 PM,Away,Collingwood,M.C.G.,W,1,4,Sean Darcy,,5,3,10,15,1,0,29,4,0,1,6,3,3,2,0,8,7,0,0,4,0,1,69
2025,R20,Sun 20-Jul-2025 3:15 PM,Away,Collingwood,M.C.G.,W,1,32,Michael Frederick,,4,3,4,8,0,1,0,2,0,2,0,0,0,0,0,0,8,0,0,0,0,0,84
2025,R20,Sun 20-Jul-2025 3:15 PM,Away,Collingwood,M.C.G.,W,1,9,Luke Jackson,,5,4,11,16,1,0,10,6,0,1,2,2,0,2,0,8,9,2,1,2,0,0,85
2025,R20,Sun 20-Jul-2025 3:15 PM,Away,Collingwood,M.C.G.,W,1,44,Matthew Johnson,,7,3,7,14,0,0,0,2,0,0,1,2,2,0,0,8,7,0,0,1,0,0,71
2025,R20,Sun 20-Jul-2025 3:15 PM,Away,Collingwood,M.C.G.,W,1,21,Oscar McDonald,,8,5,3,11,0,0,0,2,2,1,0,5,1,3,0,2,9,0,0,1,0,0,96
2025,R20,Sun 20-Jul-2025 3:15 PM,Away,Collingwood,M.C.G.,W,1,30,Nathan ODriscoll,,5,2,8,13,0,0,0,4,2,0,1,2,0,1,0,7,6,0,0,2,0,0,87
2025,R20,Sun 20-Jul-2025 3:15 PM,Away,Collingwood,M.C.G.,W,1,2,Jaeger OMeara,,9,2,14,23,1,0,0,4,1,2,4,2,0,1,0,9,14,0,0,2,0,0,75
2025,R20,Sun 20-Jul-2025 3:15 PM,Away,Collingwood,M.C.G.,W,1,16,Murphy Reid,,7,4,7,14,0,0,0,2,0,3,1,4,1,3,0,4,10,0,0,0,0,0,75
2025,R20,Sun 20-Jul-2025 3:15 PM,Away,Collingwood,M.C.G.,W,1,13,Luke Ryan,,17,6,8,25,0,0,0,1,7,0,0,3,1,1,0,4,14,1,0,4,0,0,93
2025,R20,Sun 20-Jul-2025 3:15 PM,Away,Collingwood,M.C.G.,W,1,3,Caleb Serong,,21,3,16,37,1,0,0,3,5,7,9,4,1,0,2,16,20,0,0,3,0,1,84
2025,R20,Sun 20-Jul-2025 3:15 PM,Away,Collingwood,M.C.G.,W,1,39,Sam Switkowski,,4,5,10,14,0,0,0,5,1,2,2,0,2,0,0,6,8,1,0,0,1,1,75
2025,R20,Sun 20-Jul-2025 3:15 PM,Away,Collingwood,M.C.G.,W,1,35,Josh Treacy,,5,3,4,9,0,0,0,2,1,2,0,2,1,0,0,3,5,1,0,1,1,0,88
2025,R20,Sun 20-Jul-2025 3:15 PM,Away,Collingwood,M.C.G.,W,1,20,Patrick Voss,,10,5,2,12,6,1,0,2,0,4,0,3,2,1,3,4,9,1,5,1,0,0,94
2025,R20,Sun 20-Jul-2025 3:15 PM,Away,Collingwood,M.C.G.,W,1,34,Corey Wagner,,5,1,5,10,0,0,0,2,2,1,2,2,0,1,0,4,7,0,0,1,0,1,70
2025,R20,Sun 20-Jul-2025 3:15 PM,Away,Collingwood,M.C.G.,W,1,23,Karl Worner,off,8,5,7,15,0,0,0,1,3,1,0,5,0,2,0,5,9,0,0,3,1,0,53
2025,R20,Sun 20-Jul-2025 3:15 PM,Away,Collingwood,M.C.G.,W,1,26,Hayden Young,on,6,1,5,11,0,0,0,2,3,3,1,2,0,0,0,5,6,0,0,0,0,2,28
2025,R21,Sat 26-Jul-2025 2:15 PM,Home,West Coast,Perth Stadium,W,49,24,Jye Amiss,,8,6,2,10,3,2,0,1,3,0,0,4,1,2,0,4,6,2,5,1,0,0,85
2025,R21,Sat 26-Jul-2025 2:15 PM,Home,West Coast,Perth Stadium,W,49,41,Bailey Banfield,,10,5,7,17,0,1,0,1,3,1,1,2,2,1,0,4,10,0,0,2,0,0,86
2025,R21,Sat 26-Jul-2025 2:15 PM,Home,West Coast,Perth Stadium,W,49,15,Shai Bolton,,14,4,11,25,1,3,0,1,0,4,2,4,1,1,0,10,14,0,0,1,2,0,85
2025,R21,Sat 26-Jul-2025 2:15 PM,Home,West Coast,Perth Stadium,W,49,8,Andrew Brayshaw,,12,1,20,32,0,1,0,2,2,7,8,5,3,3,2,9,24,0,0,1,1,2,75
2025,R21,Sat 26-Jul-2025 2:15 PM,Home,West Coast,Perth Stadium,W,49,5,Heath Chapman,,4,3,6,10,0,0,0,2,2,0,0,3,0,3,0,6,5,1,0,2,0,0,85
2025,R21,Sat 26-Jul-2025 2:15 PM,Home,West Coast,Perth Stadium,W,49,6,Jordan Clark,,16,3,5,21,0,0,0,1,4,4,0,3,0,1,0,2,18,0,0,3,1,0,87
2025,R21,Sat 26-Jul-2025 2:15 PM,Home,West Coast,Perth Stadium,W,49,36,Brennan Cox,,3,4,7,10,0,0,0,2,0,0,0,2,0,0,0,6,4,3,0,5,0,0,87
2025,R21,Sat 26-Jul-2025 2:15 PM,Home,West Coast,Perth Stadium,W,49,4,Sean Darcy,,6,1,5,11,0,0,30,2,1,1,6,3,1,3,0,7,4,0,0,2,0,0,69
2025,R21,Sat 26-Jul-2025 2:15 PM,Home,West Coast,Perth Stadium,W,49,43,Isaiah Dudley,,8,3,2,10,1,0,0,1,0,1,2,1,0,0,0,5,6,0,1,1,0,2,73
2025,R21,Sat 26-Jul-2025 2:15 PM,Home,West Coast,Perth Stadium,W,49,28,Neil Erasmus,on,1,1,5,6,0,0,0,1,1,0,0,1,1,0,0,3,4,0,0,1,0,0,20
2025,R21,Sat 26-Jul-2025 2:15 PM,Home,West Coast,Perth Stadium,W,49,32,Michael Frederick,,8,3,2,10,4,1,0,3,1,3,1,3,1,2,0,5,6,0,1,1,2,0,79
2025,R21,Sat 26-Jul-2025 2:15 PM,Home,West Coast,Perth Stadium,W,49,9,Luke Jackson,,7,5,14,21,1,0,12,4,1,5,6,2,2,1,1,9,12,1,1,2,0,0,85
2025,R21,Sat 26-Jul-2025 2:15 PM,Home,West Coast,Perth Stadium,W,49,21,Oscar McDonald,,5,3,0,5,0,0,0,2,1,1,0,2,0,2,0,2,4,1,0,7,0,0,93
2025,R21,Sat 26-Jul-2025 2:15 PM,Home,West Coast,Perth Stadium,W,49,30,Nathan ODriscoll,,5,2,3,8,0,1,0,2,1,2,0,1,1,0,0,1,7,0,0,0,0,1,78
2025,R21,Sat 26-Jul-2025 2:15 PM,Home,West Coast,Perth Stadium,W,49,2,Jaeger OMeara,,8,3,8,16,0,0,0,3,0,2,3,4,3,1,0,6,11,0,0,0,0,1,73
2025,R21,Sat 26-Jul-2025 2:15 PM,Home,West Coast,Perth Stadium,W,49,16,Murphy Reid,,11,4,12,23,1,1,0,3,1,6,0,3,0,0,0,5,18,0,1,0,2,3,85
2025,R21,Sat 26-Jul-2025 2:15 PM,Home,West Coast,Perth Stadium,W,49,13,Luke Ryan,,10,4,5,15,0,0,0,0,3,0,0,1,0,1,0,4,8,0,0,2,0,0,79
2025,R21,Sat 26-Jul-2025 2:15 PM,Home,West Coast,Perth Stadium,W,49,3,Caleb Serong,,8,0,12,20,0,1,0,5,1,4,8,2,5,1,0,17,5,0,0,2,0,1,85
2025,R21,Sat 26-Jul-2025 2:15 PM,Home,West Coast,Perth Stadium,W,49,39,Sam Switkowski,,9,2,9,18,1,1,0,2,0,3,2,0,1,0,0,7,11,0,0,1,3,1,71
2025,R21,Sat 26-Jul-2025 2:15 PM,Home,West Coast,Perth Stadium,W,49,35,Josh Treacy,,6,2,3,9,0,1,0,3,0,4,0,3,1,1,0,4,4,1,0,1,0,0,93
2025,R21,Sat 26-Jul-2025 2:15 PM,Home,West Coast,Perth Stadium,W,49,20,Patrick Voss,,8,6,1,9,3,2,0,0,0,2,0,3,0,2,0,3,5,2,4,3,0,1,88
2025,R21,Sat 26-Jul-2025 2:15 PM,Home,West Coast,Perth Stadium,W,49,23,Karl Worner,,6,3,7,13,0,1,0,3,3,0,0,1,0,0,0,3,10,0,0,3,0,0,82
2025,R21,Sat 26-Jul-2025 2:15 PM,Home,West Coast,Perth Stadium,W,49,26,Hayden Young,off,15,4,8,23,3,0,0,1,2,6,7,4,3,0,3,9,14,0,0,2,2,0,57
2025,R22,Sun 03-Aug-2025 3:10 PM,Home,Carlton,Perth Stadium,W,27,24,Jye Amiss,,7,5,1,8,3,0,0,0,0,2,0,2,1,1,0,3,6,1,2,4,0,1,87
2025,R22,Sun 03-Aug-2025 3:10 PM,Home,Carlton,Perth Stadium,W,27,41,Bailey Banfield,,11,4,5,16,0,0,0,2,3,0,0,2,1,1,0,4,10,0,0,2,1,1,72
2025,R22,Sun 03-Aug-2025 3:10 PM,Home,Carlton,Perth Stadium,W,27,15,Shai Bolton,,7,1,9,16,0,1,0,3,0,1,0,5,0,2,0,9,8,0,0,2,0,1,85
2025,R22,Sun 03-Aug-2025 3:10 PM,Home,Carlton,Perth Stadium,W,27,8,Andrew Brayshaw,,12,4,11,23,0,0,0,8,2,3,10,8,0,4,0,14,12,0,0,7,0,0,85
2025,R22,Sun 03-Aug-2025 3:10 PM,Home,Carlton,Perth Stadium,W,27,5,Heath Chapman,,6,4,2,8,0,0,0,3,1,3,0,1,0,1,0,2,6,1,0,4,0,1,92
2025,R22,Sun 03-Aug-2025 3:10 PM,Home,Carlton,Perth Stadium,W,27,6,Jordan Clark,,21,1,9,30,0,0,0,4,8,4,5,2,2,0,0,10,14,0,0,2,4,2,85
2025,R22,Sun 03-Aug-2025 3:10 PM,Home,Carlton,Perth Stadium,W,27,36,Brennan Cox,,7,4,2,9,0,0,0,2,2,0,0,0,3,0,0,5,5,0,0,7,0,0,83
2025,R22,Sun 03-Aug-2025 3:10 PM,Home,Carlton,Perth Stadium,W,27,4,Sean Darcy,,7,1,3,10,0,0,24,6,0,3,5,5,4,1,0,10,1,1,0,1,0,0,64
2025,R22,Sun 03-Aug-2025 3:10 PM,Home,Carlton,Perth Stadium,W,27,43,Isaiah Dudley,,2,0,6,8,2,0,0,1,0,0,0,1,1,1,0,4,4,0,0,1,0,1,67
2025,R22,Sun 03-Aug-2025 3:10 PM,Home,Carlton,Perth Stadium,W,27,28,Neil Erasmus,on,6,3,10,16,0,0,0,6,1,2,1,1,2,0,0,8,9,0,0,0,0,0,53
2025,R22,Sun 03-Aug-2025 3:10 PM,Home,Carlton,Perth Stadium,W,27,32,Michael Frederick,,6,2,4,10,0,0,0,4,1,2,1,4,0,0,0,3,6,0,0,0,0,0,82
2025,R22,Sun 03-Aug-2025 3:10 PM,Home,Carlton,Perth Stadium,W,27,9,Luke Jackson,,7,1,20,27,1,0,18,6,1,1,8,3,4,2,3,21,8,1,0,2,0,0,85
2025,R22,Sun 03-Aug-2025 3:10 PM,Home,Carlton,Perth Stadium,W,27,21,Oscar McDonald,,7,4,5,12,1,0,0,4,4,1,2,2,1,1,0,6,6,0,0,7,0,0,92
2025,R22,Sun 03-Aug-2025 3:10 PM,Home,Carlton,Perth Stadium,W,27,30,Nathan ODriscoll,,7,1,3,10,0,1,0,4,1,2,0,1,0,0,0,3,6,0,0,1,0,0,84
2025,R22,Sun 03-Aug-2025 3:10 PM,Home,Carlton,Perth Stadium,W,27,2,Jaeger OMeara,,9,2,6,15,0,0,0,7,1,3,4,5,0,1,0,7,9,0,0,0,0,0,81
2025,R22,Sun 03-Aug-2025 3:10 PM,Home,Carlton,Perth Stadium,W,27,16,Murphy Reid,,5,1,5,10,1,0,0,0,0,3,1,3,0,1,0,6,5,0,0,0,0,1,80
2025,R22,Sun 03-Aug-2025 3:10 PM,Home,Carlton,Perth Stadium,W,27,13,Luke Ryan,,7,2,10,17,0,0,0,1,5,0,0,2,0,0,0,5,8,0,0,3,0,0,93
2025,R22,Sun 03-Aug-2025 3:10 PM,Home,Carlton,Perth Stadium,W,27,3,Caleb Serong,,10,0,9,19,0,0,0,6,0,4,8,7,0,2,1,15,6,0,0,1,0,0,84
2025,R22,Sun 03-Aug-2025 3:10 PM,Home,Carlton,Perth Stadium,W,27,39,Sam Switkowski,,7,2,4,11,1,1,0,6,0,1,3,2,2,0,0,10,3,1,1,1,0,0,80
2025,R22,Sun 03-Aug-2025 3:10 PM,Home,Carlton,Perth Stadium,W,27,35,Josh Treacy,,10,5,3,13,3,0,0,1,1,5,0,3,2,1,0,7,6,3,2,1,0,2,92
2025,R22,Sun 03-Aug-2025 3:10 PM,Home,Carlton,Perth Stadium,W,27,20,Patrick Voss,,7,3,3,10,3,0,0,2,0,4,0,6,2,2,0,6,5,2,1,5,2,1,83
2025,R22,Sun 03-Aug-2025 3:10 PM,Home,Carlton,Perth Stadium,W,27,23,Karl Worner,,10,3,5,15,0,0,0,9,3,0,1,3,2,0,0,4,11,1,0,4,1,0,83
2025,R22,Sun 03-Aug-2025 3:10 PM,Home,Carlton,Perth Stadium,W,27,26,Hayden Young,off,1,0,1,2,0,0,0,2,1,0,1,1,0,0,0,2,0,0,0,0,0,0,8
2025,R23,Sat 09-Aug-2025 7:40 PM,Away,Port Adelaide,Adelaide Oval,W,6,24,Jye Amiss,,3,3,2,5,0,0,0,0,1,1,0,1,0,1,0,3,2,1,0,1,0,0,84
2025,R23,Sat 09-Aug-2025 7:40 PM,Away,Port Adelaide,Adelaide Oval,W,6,41,Bailey Banfield,,9,0,6,15,0,0,0,1,2,1,0,6,0,3,0,6,9,0,0,2,2,0,74
2025,R23,Sat 09-Aug-2025 7:40 PM,Away,Port Adelaide,Adelaide Oval,W,6,15,Shai Bolton,,11,6,8,19,2,2,0,3,0,3,3,1,0,0,0,8,10,1,2,0,0,1,86
2025,R23,Sat 09-Aug-2025 7:40 PM,Away,Port Adelaide,Adelaide Oval,W,6,8,Andrew Brayshaw,,8,2,15,23,0,0,0,5,0,2,9,2,2,2,0,14,11,0,0,3,0,0,81
2025,R23,Sat 09-Aug-2025 7:40 PM,Away,Port Adelaide,Adelaide Oval,W,6,5,Heath Chapman,,8,4,2,10,0,0,0,1,2,1,0,2,1,2,0,2,9,0,0,0,1,0,79
2025,R23,Sat 09-Aug-2025 7:40 PM,Away,Port Adelaide,Adelaide Oval,W,6,6,Jordan Clark,,9,0,11,20,0,0,0,3,4,4,0,1,0,0,0,5,12,0,0,1,0,1,91
2025,R23,Sat 09-Aug-2025 7:40 PM,Away,Port Adelaide,Adelaide Oval,W,6,36,Brennan Cox,,5,2,2,7,0,0,0,2,4,0,1,3,1,1,0,3,4,0,0,8,0,0,93
2025,R23,Sat 09-Aug-2025 7:40 PM,Away,Port Adelaide,Adelaide Oval,W,6,4,Sean Darcy,,10,4,5,15,0,0,15,1,1,3,4,6,1,4,0,5,10,0,0,2,0,0,67
2025,R23,Sat 09-Aug-2025 7:40 PM,Away,Port Adelaide,Adelaide Oval,W,6,43,Isaiah Dudley,off,1,0,1,2,0,1,0,0,0,0,0,2,0,1,0,0,3,0,0,0,0,0,47
2025,R23,Sat 09-Aug-2025 7:40 PM,Away,Port Adelaide,Adelaide Oval,W,6,28,Neil Erasmus,,12,6,14,26,0,0,0,3,3,3,6,1,1,0,0,12,15,0,0,1,0,1,78
2025,R23,Sat 09-Aug-2025 7:40 PM,Away,Port Adelaide,Adelaide Oval,W,6,32,Michael Frederick,,13,5,4,17,2,2,0,2,1,3,1,1,1,1,0,3,15,0,1,1,0,1,79
2025,R23,Sat 09-Aug-2025 7:40 PM,Away,Port Adelaide,Adelaide Oval,W,6,7,Nat Fyfe,on,2,0,5,7,0,0,0,0,0,1,3,2,0,1,0,5,2,0,0,0,0,0,26
2025,R23,Sat 09-Aug-2025 7:40 PM,Away,Port Adelaide,Adelaide Oval,W,6,9,Luke Jackson,,12,9,11,23,0,1,8,3,0,3,0,3,1,1,2,7,16,2,1,0,0,1,83
2025,R23,Sat 09-Aug-2025 7:40 PM,Away,Port Adelaide,Adelaide Oval,W,6,30,Nathan ODriscoll,,6,3,6,12,0,0,0,2,2,2,1,4,0,2,0,6,7,0,0,2,0,0,84
2025,R23,Sat 09-Aug-2025 7:40 PM,Away,Port Adelaide,Adelaide Oval,W,6,2,Jaeger OMeara,,17,4,9,26,0,0,0,2,1,9,5,9,0,5,0,7,21,0,0,1,0,0,83
2025,R23,Sat 09-Aug-2025 7:40 PM,Away,Port Adelaide,Adelaide Oval,W,6,25,Alex Pearce,,5,5,4,9,1,0,0,1,1,0,0,1,0,1,0,4,5,2,1,2,0,0,81
2025,R23,Sat 09-Aug-2025 7:40 PM,Away,Port Adelaide,Adelaide Oval,W,6,16,Murphy Reid,,6,2,8,14,2,1,0,0,0,1,1,2,0,1,0,3,12,0,2,0,0,1,72
2025,R23,Sat 09-Aug-2025 7:40 PM,Away,Port Adelaide,Adelaide Oval,W,6,13,Luke Ryan,,14,6,3,17,0,0,0,3,6,0,0,2,0,1,0,2,9,0,0,5,0,0,95
2025,R23,Sat 09-Aug-2025 7:40 PM,Away,Port Adelaide,Adelaide Oval,W,6,3,Caleb Serong,,15,2,13,28,1,1,0,2,2,7,7,4,1,0,3,16,11,2,0,1,0,0,81
2025,R23,Sat 09-Aug-2025 7:40 PM,Away,Port Adelaide,Adelaide Oval,W,6,39,Sam Switkowski,,5,2,7,12,0,1,0,2,0,2,2,2,0,0,0,3,8,0,0,2,0,1,80
2025,R23,Sat 09-Aug-2025 7:40 PM,Away,Port Adelaide,Adelaide Oval,W,6,35,Josh Treacy,,4,2,6,10,2,0,0,2,0,2,0,1,1,0,0,7,4,1,1,3,0,0,92
2025,R23,Sat 09-Aug-2025 7:40 PM,Away,Port Adelaide,Adelaide Oval,W,6,20,Patrick Voss,,7,5,3,10,3,0,0,1,0,4,0,3,2,2,0,5,6,2,2,0,0,0,78
2025,R23,Sat 09-Aug-2025 7:40 PM,Away,Port Adelaide,Adelaide Oval,W,6,23,Karl Worner,,8,4,7,15,0,2,0,0,1,2,0,0,0,0,0,1,13,0,1,7,0,0,86
2025,R24,Fri 15-Aug-2025 6:35 PM,Home,Brisbane Lions,Perth Stadium,L,-57,24,Jye Amiss,,3,1,0,3,0,1,0,0,0,1,0,0,1,0,0,1,2,0,1,0,0,0,79
2025,R24,Fri 15-Aug-2025 6:35 PM,Home,Brisbane Lions,Perth Stadium,L,-57,41,Bailey Banfield,,12,5,3,15,0,0,0,2,3,3,1,6,1,2,0,6,9,0,0,5,0,0,90
2025,R24,Fri 15-Aug-2025 6:35 PM,Home,Brisbane Lions,Perth Stadium,L,-57,15,Shai Bolton,,3,1,6,9,0,0,0,2,0,2,1,3,0,0,0,5,5,0,0,1,3,0,75
2025,R24,Fri 15-Aug-2025 6:35 PM,Home,Brisbane Lions,Perth Stadium,L,-57,8,Andrew Brayshaw,,14,0,8,22,1,0,0,6,0,6,3,3,5,1,0,11,10,0,0,3,0,1,88
2025,R24,Fri 15-Aug-2025 6:35 PM,Home,Brisbane Lions,Perth Stadium,L,-57,5,Heath Chapman,,4,4,3,7,0,0,0,3,2,1,0,0,0,0,0,2,6,1,0,1,0,0,77
2025,R24,Fri 15-Aug-2025 6:35 PM,Home,Brisbane Lions,Perth Stadium,L,-57,6,Jordan Clark,,17,4,7,24,0,1,0,3,5,5,0,3,2,1,0,6,15,0,0,3,0,0,83
2025,R24,Fri 15-Aug-2025 6:35 PM,Home,Brisbane Lions,Perth Stadium,L,-57,36,Brennan Cox,,5,5,3,8,0,0,0,0,3,0,0,2,0,2,0,0,8,0,0,8,0,0,82
2025,R24,Fri 15-Aug-2025 6:35 PM,Home,Brisbane Lions,Perth Stadium,L,-57,4,Sean Darcy,,6,2,6,12,0,1,27,1,0,1,4,2,1,1,0,9,3,2,1,3,0,0,75
2025,R24,Fri 15-Aug-2025 6:35 PM,Home,Brisbane Lions,Perth Stadium,L,-57,28,Neil Erasmus,,7,1,10,17,0,0,0,1,0,0,1,1,0,0,0,5,12,0,0,1,0,0,75
2025,R24,Fri 15-Aug-2025 6:35 PM,Home,Brisbane Lions,Perth Stadium,L,-57,32,Michael Frederick,,9,4,4,13,0,2,0,2,1,3,0,0,0,0,0,3,10,0,1,0,0,0,87
2025,R24,Fri 15-Aug-2025 6:35 PM,Home,Brisbane Lions,Perth Stadium,L,-57,7,Nat Fyfe,on,2,1,6,8,0,0,0,1,0,4,1,2,0,1,0,2,5,0,0,0,0,0,21
2025,R24,Fri 15-Aug-2025 6:35 PM,Home,Brisbane Lions,Perth Stadium,L,-57,9,Luke Jackson,,6,2,5,11,1,1,9,1,0,3,0,2,2,0,0,4,9,1,2,3,0,1,81
2025,R24,Fri 15-Aug-2025 6:35 PM,Home,Brisbane Lions,Perth Stadium,L,-57,30,Nathan ODriscoll,,3,1,2,5,0,0,0,1,0,3,0,1,0,0,0,1,3,0,0,1,0,0,87
2025,R24,Fri 15-Aug-2025 6:35 PM,Home,Brisbane Lions,Perth Stadium,L,-57,2,Jaeger OMeara,,6,2,6,12,0,1,0,1,1,1,2,3,0,1,0,5,7,0,0,0,0,0,71
2025,R24,Fri 15-Aug-2025 6:35 PM,Home,Brisbane Lions,Perth Stadium,L,-57,25,Alex Pearce,,9,7,4,13,0,0,0,0,4,1,0,4,1,3,0,5,8,1,0,11,0,1,84
2025,R24,Fri 15-Aug-2025 6:35 PM,Home,Brisbane Lions,Perth Stadium,L,-57,16,Murphy Reid,,6,1,7,13,1,1,0,1,0,4,1,0,2,0,0,7,6,0,0,0,1,0,79
2025,R24,Fri 15-Aug-2025 6:35 PM,Home,Brisbane Lions,Perth Stadium,L,-57,13,Luke Ryan,,16,5,2,18,0,0,0,1,6,0,0,1,1,1,0,2,10,0,0,2,1,0,98
2025,R24,Fri 15-Aug-2025 6:35 PM,Home,Brisbane Lions,Perth Stadium,L,-57,3,Caleb Serong,,11,1,15,26,0,0,0,5,3,3,8,3,0,1,0,16,11,0,0,0,0,0,81
2025,R24,Fri 15-Aug-2025 6:35 PM,Home,Brisbane Lions,Perth Stadium,L,-57,39,Sam Switkowski,,5,1,4,9,0,0,0,3,0,1,0,3,0,1,0,3,6,0,0,2,0,1,75
2025,R24,Fri 15-Aug-2025 6:35 PM,Home,Brisbane Lions,Perth Stadium,L,-57,35,Josh Treacy,,9,7,4,13,2,2,0,3,0,2,0,3,0,1,0,6,9,2,4,2,0,0,93
2025,R24,Fri 15-Aug-2025 6:35 PM,Home,Brisbane Lions,Perth Stadium,L,-57,20,Patrick Voss,,3,2,4,7,0,1,0,0,0,1,0,2,0,2,0,3,4,0,1,0,0,0,91
2025,R24,Fri 15-Aug-2025 6:35 PM,Home,Brisbane Lions,Perth Stadium,L,-57,34,Corey Wagner,off,6,1,5,11,0,0,0,2,2,3,4,1,1,0,0,6,5,0,0,0,0,1,43
2025,R24,Fri 15-Aug-2025 6:35 PM,Home,Brisbane Lions,Perth Stadium,L,-57,23,Karl Worner,,6,3,7,13,0,0,0,2,5,0,0,4,1,2,0,5,8,0,0,0,0,0,85
2025,R25,Sun 24-Aug-2025 3:15 PM,Away,Western Bulldogs,Docklands,W,15,24,Jye Amiss,,8,5,2,10,3,1,0,3,0,1,1,3,1,0,0,5,6,0,4,1,0,0,87
2025,R25,Sun 24-Aug-2025 3:15 PM,Away,Western Bulldogs,Docklands,W,15,41,Bailey Banfield,,14,8,6,20,0,0,0,4,8,1,1,2,1,0,0,8,12,1,1,3,0,1,76
2025,R25,Sun 24-Aug-2025 3:15 PM,Away,Western Bulldogs,Docklands,W,15,15,Shai Bolton,,9,3,10,19,2,1,0,4,2,1,3,1,0,0,0,8,12,1,2,1,2,1,83
2025,R25,Sun 24-Aug-2025 3:15 PM,Away,Western Bulldogs,Docklands,W,15,8,Andrew Brayshaw,,11,1,8,19,0,0,0,7,1,2,2,3,2,2,0,8,11,0,0,0,0,1,80
2025,R25,Sun 24-Aug-2025 3:15 PM,Away,Western Bulldogs,Docklands,W,15,5,Heath Chapman,,9,3,5,14,0,0,0,1,2,3,0,1,1,0,0,3,11,1,0,2,0,1,80
2025,R25,Sun 24-Aug-2025 3:15 PM,Away,Western Bulldogs,Docklands,W,15,6,Jordan Clark,,14,5,9,23,0,0,0,0,4,4,1,3,0,3,0,9,12,1,0,3,0,0,94
2025,R25,Sun 24-Aug-2025 3:15 PM,Away,Western Bulldogs,Docklands,W,15,36,Brennan Cox,,5,5,6,11,0,0,0,3,1,0,0,2,1,1,0,4,7,1,0,13,0,0,89
2025,R25,Sun 24-Aug-2025 3:15 PM,Away,Western Bulldogs,Docklands,W,15,4,Sean Darcy,,2,1,5,7,0,0,29,3,1,1,0,1,0,1,0,3,4,0,0,6,0,1,64
2025,R25,Sun 24-Aug-2025 3:15 PM,Away,Western Bulldogs,Docklands,W,15,28,Neil Erasmus,,7,2,13,20,1,0,0,0,1,1,6,2,1,1,0,12,9,0,0,1,0,0,75
2025,R25,Sun 24-Aug-2025 3:15 PM,Away,Western Bulldogs,Docklands,W,15,32,Michael Frederick,,7,2,6,13,2,1,0,3,0,5,1,1,0,0,0,4,9,0,0,0,1,0,82
2025,R25,Sun 24-Aug-2025 3:15 PM,Away,Western Bulldogs,Docklands,W,15,7,Nat Fyfe,on,1,0,0,1,0,0,0,2,0,0,0,0,1,0,0,0,1,0,0,0,0,0,16
2025,R25,Sun 24-Aug-2025 3:15 PM,Away,Western Bulldogs,Docklands,W,15,9,Luke Jackson,,4,3,8,12,2,1,9,4,0,2,1,1,2,0,0,6,7,1,2,5,0,0,83
2025,R25,Sun 24-Aug-2025 3:15 PM,Away,Western Bulldogs,Docklands,W,15,2,Jaeger OMeara,,6,2,5,11,0,0,0,3,2,3,1,1,1,0,0,5,7,0,0,2,0,1,86
2025,R25,Sun 24-Aug-2025 3:15 PM,Away,Western Bulldogs,Docklands,W,15,25,Alex Pearce,,2,1,6,8,0,0,0,0,1,1,0,0,2,0,0,6,1,1,0,4,0,0,84
2025,R25,Sun 24-Aug-2025 3:15 PM,Away,Western Bulldogs,Docklands,W,15,16,Murphy Reid,,9,0,10,19,1,2,0,2,0,6,0,1,1,0,0,8,11,0,0,1,0,1,81
2025,R25,Sun 24-Aug-2025 3:15 PM,Away,Western Bulldogs,Docklands,W,15,13,Luke Ryan,,18,6,2,20,0,0,0,3,12,1,0,1,0,0,1,2,8,0,0,5,1,0,92
2025,R25,Sun 24-Aug-2025 3:15 PM,Away,Western Bulldogs,Docklands,W,15,3,Caleb Serong,,15,0,9,24,0,0,0,5,1,8,7,6,0,1,2,10,13,0,0,2,1,0,87
2025,R25,Sun 24-Aug-2025 3:15 PM,Away,Western Bulldogs,Docklands,W,15,39,Sam Switkowski,,8,1,9,17,0,1,0,4,0,4,1,1,2,1,0,4,10,0,0,2,0,4,76
2025,R25,Sun 24-Aug-2025 3:15 PM,Away,Western Bulldogs,Docklands,W,15,35,Josh Treacy,,11,8,2,13,3,1,1,3,0,4,0,3,1,1,0,4,9,2,3,1,0,1,90
2025,R25,Sun 24-Aug-2025 3:15 PM,Away,Western Bulldogs,Docklands,W,15,20,Patrick Voss,,6,3,4,10,3,1,0,2,0,2,0,0,0,0,0,6,5,1,2,1,1,0,86
2025,R25,Sun 24-Aug-2025 3:15 PM,Away,Western Bulldogs,Docklands,W,15,34,Corey Wagner,off,6,3,0,6,0,0,0,4,1,1,2,1,0,0,0,2,6,0,0,1,0,0,57
2025,R25,Sun 24-Aug-2025 3:15 PM,Away,Western Bulldogs,Docklands,W,15,23,Karl Worner,,7,4,5,12,0,0,0,5,3,1,0,2,0,1,0,1,11,0,0,2,0,1,84
2025,R25,Sun 24-Aug-2025 3:15 PM,Away,Western Bulldogs,Docklands,W,15,26,Hayden Young,,9,0,7,16,0,0,0,4,0,6,6,1,0,0,0,11,7,0,0,2,1,0,65
2025,EF,Sat 06-Sep-2025 5:35 PM,Final,Gold Coast,Perth Stadium,L,-1,24,Jye Amiss,off,2,2,0,2,1,1,0,1,0,0,0,1,0,1,0,0,2,0,2,0,0,0,66
2025,EF,Sat 06-Sep-2025 5:35 PM,Final,Gold Coast,Perth Stadium,L,-1,41,Bailey Banfield,,7,3,4,11,0,0,0,4,3,1,0,3,0,1,0,4,6,0,0,5,0,0,64
2025,EF,Sat 06-Sep-2025 5:35 PM,Final,Gold Coast,Perth Stadium,L,-1,15,Shai Bolton,,8,1,7,15,1,1,0,6,0,1,5,9,2,6,0,8,10,0,1,4,0,0,87
2025,EF,Sat 06-Sep-2025 5:35 PM,Final,Gold Coast,Perth Stadium,L,-1,8,Andrew Brayshaw,,15,5,17,32,0,0,0,6,1,9,6,2,0,1,0,10,22,0,1,1,0,2,83
2025,EF,Sat 06-Sep-2025 5:35 PM,Final,Gold Coast,Perth Stadium,L,-1,5,Heath Chapman,,7,5,8,15,0,0,0,2,5,1,0,0,0,0,0,1,13,0,0,2,0,0,88
2025,EF,Sat 06-Sep-2025 5:35 PM,Final,Gold Coast,Perth Stadium,L,-1,6,Jordan Clark,,11,1,9,20,0,0,0,4,4,1,1,1,0,0,0,4,11,0,0,1,0,0,96
2025,EF,Sat 06-Sep-2025 5:35 PM,Final,Gold Coast,Perth Stadium,L,-1,36,Brennan Cox,,5,3,3,8,0,0,0,3,1,0,0,3,0,2,0,2,6,0,0,9,0,0,91
2025,EF,Sat 06-Sep-2025 5:35 PM,Final,Gold Coast,Perth Stadium,L,-1,4,Sean Darcy,,8,1,4,12,0,0,29,6,0,2,5,4,1,2,0,11,5,1,0,3,0,1,64
2025,EF,Sat 06-Sep-2025 5:35 PM,Final,Gold Coast,Perth Stadium,L,-1,43,Isaiah Dudley,,3,2,2,5,2,0,0,3,1,1,0,2,0,0,0,1,5,0,2,2,0,1,61
2025,EF,Sat 06-Sep-2025 5:35 PM,Final,Gold Coast,Perth Stadium,L,-1,28,Neil Erasmus,,10,2,8,18,1,0,0,6,1,1,5,2,2,0,0,8,8,0,0,1,0,0,78
2025,EF,Sat 06-Sep-2025 5:35 PM,Final,Gold Coast,Perth Stadium,L,-1,32,Michael Frederick,,5,2,2,7,0,1,0,0,0,4,0,2,0,1,0,3,4,0,1,0,0,2,82
2025,EF,Sat 06-Sep-2025 5:35 PM,Final,Gold Coast,Perth Stadium,L,-1,7,Nat Fyfe,on,4,2,1,5,0,0,0,0,1,1,0,0,0,0,0,2,4,1,0,1,0,0,14
2025,EF,Sat 06-Sep-2025 5:35 PM,Final,Gold Coast,Perth Stadium,L,-1,9,Luke Jackson,,8,3,10,18,1,1,12,8,1,4,2,0,1,0,0,11,7,3,1,1,0,0,86
2025,EF,Sat 06-Sep-2025 5:35 PM,Final,Gold Coast,Perth Stadium,L,-1,30,Nathan ODriscoll,,5,1,7,12,0,0,0,3,1,1,2,2,0,1,0,3,9,0,0,0,0,0,71
2025,EF,Sat 06-Sep-2025 5:35 PM,Final,Gold Coast,Perth Stadium,L,-1,2,Jaeger OMeara,,3,0,6,9,0,0,0,4,0,0,1,3,0,1,0,7,5,0,0,2,0,0,82
2025,EF,Sat 06-Sep-2025 5:35 PM,Final,Gold Coast,Perth Stadium,L,-1,25,Alex Pearce,,7,8,6,13,0,0,0,2,2,0,1,2,1,1,0,10,5,4,0,8,0,0,85
2025,EF,Sat 06-Sep-2025 5:35 PM,Final,Gold Coast,Perth Stadium,L,-1,16,Murphy Reid,,10,2,10,20,1,1,0,2,0,6,1,3,1,1,0,11,7,0,0,0,2,1,90
2025,EF,Sat 06-Sep-2025 5:35 PM,Final,Gold Coast,Perth Stadium,L,-1,13,Luke Ryan,,20,7,3,23,0,0,0,1,9,2,0,2,2,1,0,4,12,0,0,8,0,0,91
2025,EF,Sat 06-Sep-2025 5:35 PM,Final,Gold Coast,Perth Stadium,L,-1,3,Caleb Serong,,20,2,15,35,0,0,0,9,0,11,13,3,5,0,0,21,16,0,0,1,1,2,81
2025,EF,Sat 06-Sep-2025 5:35 PM,Final,Gold Coast,Perth Stadium,L,-1,35,Josh Treacy,,12,7,3,15,2,0,0,3,0,6,0,4,2,0,0,10,6,4,1,0,0,0,94
2025,EF,Sat 06-Sep-2025 5:35 PM,Final,Gold Coast,Perth Stadium,L,-1,20,Patrick Voss,,6,4,3,9,3,0,0,0,0,0,0,5,0,3,0,2,6,1,2,0,0,0,85
2025,EF,Sat 06-Sep-2025 5:35 PM,Final,Gold Coast,Perth Stadium,L,-1,23,Karl Worner,,8,7,6,14,0,0,0,0,6,1,0,2,0,0,0,2,13,0,0,2,1,0,85
2025,EF,Sat 06-Sep-2025 5:35 PM,Final,Gold Coast,Perth Stadium,L,-1,26,Hayden Young,,14,1,14,28,0,0,0,3,0,6,7,1,1,0,0,16,14,0,0,3,0,1,74
