season,api_round,date_local,opponent,freo_side,match_id,jumper,player,player_id,behinds,bounces,centre_bounce_attendances,centre_clearances,clangers,contest_def_loss_percentage,contest_def_losses,contest_def_one_on_ones,contest_off_one_on_ones,contest_off_wins,contest_off_wins_percentage,contested_marks,contested_possession_rate,contested_possessions,def_half_pressure_acts,disposal_efficiency,disposals,effective_disposals,effective_kicks,f50_ground_ball_gets,frees_against,frees_for,goal_accuracy,goal_assists,goals,ground_ball_gets,handballs,hitout_to_advantage_rate,hitout_win_percentage,hitouts,hitouts_to_advantage,inside50s,intercept_marks,intercepts,kick_efficiency,kick_to_handball_ratio,kickins,kickins_playon,kicks,marks,marks_inside50,marks_on_lead,metres_gained,one_percenters,pressure_acts,rating_points,rebound50s,ruck_contests,score_involvements,score_launches,shots_at_goal,spoils,stoppage_clearances,tackles,tackles_inside50,time_on_ground_pct,total_clearances,total_possessions,turnovers,uncontested_possessions
2025,Round 1,2025-03-15,Geelong,away,CD_M20250140103,24,Jye Amiss,CD_I1020594,0.0,0.0,0.0,0.0,3.0,0.0,0.0,0.0,3.0,0.0,0.0,1.0,57.1,4.0,1.0,42.9,7.0,3.0,2.0,2.0,1.0,1.0,0.0,0.0,0.0,2.0,3.0,0.0,0.0,0.0,0.0,0.0,0.0,0.0,50.0,1.3,0.0,0.0,4.0,2.0,0.0,0.0,64.0,1.0,4.0,-0.9,0.0,0.0,2.0,0.0,0.0,1.0,0.0,2.0,1.0,86.0,0.0,7.0,2.0,3.0
2025,Round 1,2025-03-15,Geelong,away,CD_M20250140103,41,Bailey Banfield,CD_I998180,1.0,0.0,1.0,0.0,2.0,0.0,0.0,0.0,0.0,0.0,0.0,0.0,40.0,4.0,1.0,54.5,11.0,6.0,2.0,3.0,0.0,0.0,25.0,1.0,1.0,3.0,5.0,0.0,0.0,0.0,0.0,0.0,0.0,1.0,33.3,1.2,0.0,0.0,6.0,0.0,0.0,0.0,77.0,2.0,13.0,6.3,0.0,0.0,7.0,0.0,4.0,0.0,0.0,2.0,1.0,79.0,0.0,10.0,4.0,6.0
2025,Round 1,2025-03-15,Geelong,away,CD_M20250140103,8,Andrew Brayshaw,CD_I1002232,1.0,1.0,29.0,3.0,3.0,0.0,0.0,0.0,0.0,0.0,0.0,0.0,42.3,11.0,14.0,76.9,26.0,20.0,4.0,0.0,0.0,1.0,50.0,1.0,1.0,7.0,18.0,0.0,0.0,0.0,0.0,5.0,0.0,1.0,50.0,0.4,0.0,0.0,8.0,1.0,0.0,0.0,361.0,0.0,28.0,17.8,0.0,0.0,7.0,1.0,2.0,0.0,3.0,6.0,0.0,85.0,6.0,26.0,2.0,15.0
2025,Round 1,2025-03-15,Geelong,away,CD_M20250140103,5,Heath Chapman,CD_I1013224,0.0,0.0,0.0,0.0,1.0,0.0,0.0,0.0,0.0,0.0,0.0,0.0,20.0,1.0,1.0,66.7,6.0,4.0,1.0,0.0,0.0,0.0,0.0,0.0,0.0,1.0,3.0,0.0,0.0,0.0,0.0,1.0,0.0,1.0,33.3,1.0,2.0,1.0,3.0,0.0,0.0,0.0,111.0,1.0,3.0,1.4,2.0,0.0,2.0,1.0,0.0,1.0,0.0,0.0,0.0,41.0,0.0,5.0,2.0,4.0
2025,Round 1,2025-03-15,Geelong,away,CD_M20250140103,6,Jordan Clark,CD_I1006152,0.0,0.0,0.0,0.0,1.0,0.0,0.0,1.0,0.0,0.0,0.0,0.0,26.1,6.0,11.0,91.3,23.0,21.0,11.0,0.0,0.0,1.0,0.0,0.0,0.0,5.0,12.0,0.0,0.0,0.0,0.0,1.0,1.0,5.0,100.0,0.9,0.0,0.0,11.0,5.0,0.0,0.0,262.0,3.0,14.0,8.2,3.0,0.0,1.0,1.0,0.0,3.0,1.0,2.0,0.0,87.0,1.0,23.0,3.0,17.0
2025,Round 1,2025-03-15,Geelong,away,CD_M20250140103,36,Brennan Cox,CD_I997033,0.0,0.0,0.0,0.0,6.0,0.0,0.0,2.0,1.0,1.0,100.0,2.0,62.5,5.0,4.0,55.6,9.0,5.0,3.0,0.0,3.0,0.0,100.0,0.0,1.0,3.0,2.0,0.0,0.0,0.0,0.0,0.0,2.0,4.0,42.9,3.5,1.0,1.0,7.0,3.0,1.0,0.0,135.0,6.0,5.0,7.0,2.0,0.0,2.0,0.0,1.0,6.0,1.0,1.0,0.0,74.0,1.0,8.0,4.0,3.0
2025,Round 1,2025-03-15,Geelong,away,CD_M20250140103,37,Joshua Draper,CD_I1020668,0.0,0.0,0.0,0.0,1.0,0.0,0.0,0.0,0.0,0.0,0.0,0.0,20.0,2.0,7.0,88.9,9.0,8.0,5.0,0.0,1.0,0.0,0.0,0.0,0.0,2.0,4.0,0.0,0.0,0.0,0.0,0.0,1.0,2.0,100.0,1.3,0.0,0.0,5.0,5.0,0.0,0.0,73.0,1.0,8.0,4.4,2.0,0.0,2.0,0.0,0.0,1.0,0.0,2.0,0.0,74.0,0.0,10.0,1.0,8.0
2025,Round 1,2025-03-15,Geelong,away,CD_M20250140103,32,Michael Frederick,CD_I999321,0.0,0.0,0.0,0.0,3.0,0.0,0.0,0.0,0.0,0.0,0.0,0.0,18.2,2.0,3.0,76.9,13.0,10.0,8.0,1.0,0.0,0.0,100.0,2.0,2.0,2.0,3.0,0.0,0.0,0.0,0.0,5.0,1.0,2.0,80.0,3.3,0.0,0.0,10.0,4.0,1.0,0.0,270.0,0.0,8.0,11.9,0.0,0.0,8.0,2.0,2.0,0.0,0.0,4.0,2.0,81.0,0.0,11.0,2.0,9.0
2025,Round 1,2025-03-15,Geelong,away,CD_M20250140103,9,Luke Jackson,CD_I1009399,0.0,0.0,22.0,2.0,3.0,0.0,0.0,0.0,0.0,0.0,0.0,0.0,40.0,6.0,6.0,81.3,16.0,13.0,5.0,1.0,2.0,3.0,0.0,0.0,0.0,4.0,9.0,30.8,58.2,39.0,12.0,4.0,0.0,1.0,71.4,0.8,0.0,0.0,7.0,2.0,0.0,0.0,294.0,1.0,13.0,14.8,1.0,67.0,6.0,2.0,0.0,1.0,2.0,3.0,0.0,86.0,4.0,15.0,4.0,9.0
2025,Round 1,2025-03-15,Geelong,away,CD_M20250140103,44,Matthew Johnson,CD_I1016825,0.0,0.0,17.0,2.0,4.0,0.0,0.0,0.0,0.0,0.0,0.0,0.0,34.6,9.0,10.0,70.4,27.0,19.0,8.0,0.0,1.0,1.0,0.0,0.0,0.0,7.0,15.0,0.0,0.0,0.0,0.0,4.0,1.0,5.0,66.7,0.8,0.0,0.0,12.0,3.0,0.0,0.0,369.0,2.0,16.0,12.4,2.0,0.0,4.0,2.0,0.0,1.0,1.0,4.0,0.0,80.0,3.0,26.0,2.0,17.0
2025,Round 1,2025-03-15,Geelong,away,CD_M20250140103,30,Nathan O'Driscoll,CD_I1013220,0.0,0.0,23.0,1.0,3.0,0.0,0.0,0.0,0.0,0.0,0.0,0.0,30.8,8.0,10.0,64.0,25.0,16.0,5.0,1.0,0.0,2.0,0.0,1.0,0.0,6.0,14.0,0.0,0.0,0.0,0.0,3.0,0.0,2.0,45.5,0.8,0.0,0.0,11.0,2.0,0.0,1.0,361.0,3.0,16.0,7.7,0.0,0.0,7.0,1.0,1.0,0.0,1.0,4.0,0.0,76.0,2.0,26.0,4.0,18.0
2025,Round 1,2025-03-15,Geelong,away,CD_M20250140103,2,Jaeger O'Meara,CD_I294613,1.0,0.0,8.0,0.0,5.0,0.0,0.0,0.0,0.0,0.0,0.0,0.0,38.7,12.0,13.0,74.2,31.0,23.0,5.0,1.0,1.0,0.0,0.0,0.0,0.0,4.0,22.0,0.0,0.0,0.0,0.0,4.0,0.0,1.0,55.6,0.4,0.0,0.0,9.0,6.0,0.0,0.0,332.0,1.0,19.0,7.8,0.0,0.0,5.0,1.0,1.0,1.0,6.0,3.0,0.0,82.0,6.0,31.0,4.0,19.0
2025,Round 1,2025-03-15,Geelong,away,CD_M20250140103,25,Alex Pearce,CD_I298409,0.0,1.0,0.0,0.0,3.0,33.3,1.0,3.0,1.0,1.0,100.0,1.0,54.5,6.0,6.0,90.9,11.0,10.0,9.0,0.0,2.0,3.0,0.0,0.0,0.0,2.0,2.0,0.0,0.0,0.0,0.0,1.0,3.0,7.0,100.0,4.5,0.0,0.0,9.0,4.0,0.0,0.0,336.0,7.0,7.0,11.7,3.0,0.0,4.0,2.0,0.0,7.0,0.0,2.0,0.0,93.0,0.0,11.0,2.0,5.0
2025,Round 1,2025-03-15,Geelong,away,CD_M20250140103,16,Murphy Reid,CD_I1028513,0.0,0.0,0.0,0.0,4.0,0.0,0.0,0.0,1.0,1.0,100.0,0.0,23.1,3.0,1.0,69.2,13.0,9.0,6.0,2.0,0.0,0.0,80.0,0.0,4.0,3.0,3.0,0.0,0.0,0.0,0.0,1.0,0.0,1.0,60.0,3.3,0.0,0.0,10.0,3.0,3.0,1.0,261.0,0.0,6.0,13.6,0.0,0.0,7.0,1.0,5.0,0.0,0.0,0.0,0.0,79.0,0.0,13.0,4.0,10.0
2025,Round 1,2025-03-15,Geelong,away,CD_M20250140103,18,Liam Reidy,CD_I1023346,0.0,0.0,12.0,0.0,3.0,0.0,0.0,0.0,1.0,1.0,100.0,0.0,33.3,2.0,5.0,50.0,6.0,3.0,2.0,0.0,3.0,1.0,0.0,1.0,0.0,1.0,2.0,22.2,46.2,18.0,4.0,1.0,0.0,1.0,50.0,2.0,0.0,0.0,4.0,1.0,0.0,0.0,80.0,2.0,10.0,1.0,0.0,39.0,3.0,1.0,0.0,2.0,1.0,2.0,0.0,75.0,1.0,6.0,0.0,4.0
2025,Round 1,2025-03-15,Geelong,away,CD_M20250140103,13,Luke Ryan,CD_I998659,0.0,0.0,0.0,0.0,1.0,66.7,2.0,3.0,0.0,0.0,0.0,0.0,25.0,3.0,7.0,83.3,18.0,15.0,10.0,0.0,1.0,0.0,0.0,0.0,0.0,3.0,5.0,0.0,0.0,0.0,0.0,0.0,0.0,3.0,76.9,2.6,5.0,5.0,13.0,4.0,0.0,0.0,390.0,5.0,7.0,8.2,5.0,0.0,1.0,1.0,0.0,5.0,1.0,2.0,0.0,88.0,1.0,12.0,3.0,9.0
2025,Round 1,2025-03-15,Geelong,away,CD_M20250140103,3,Caleb Serong,CD_I1009420,0.0,0.0,24.0,9.0,2.0,0.0,0.0,0.0,0.0,0.0,0.0,0.0,59.3,16.0,7.0,77.8,27.0,21.0,10.0,0.0,0.0,2.0,0.0,0.0,0.0,9.0,13.0,0.0,0.0,0.0,0.0,7.0,0.0,1.0,71.4,1.1,0.0,0.0,14.0,1.0,0.0,0.0,551.0,2.0,15.0,25.5,1.0,0.0,8.0,1.0,0.0,0.0,2.0,3.0,0.0,77.0,11.0,27.0,5.0,11.0
2025,Round 1,2025-03-15,Geelong,away,CD_M20250140103,14,Jeremy Sharp,CD_I1009380,0.0,2.0,0.0,1.0,4.0,100.0,1.0,1.0,0.0,0.0,0.0,0.0,26.3,5.0,13.0,78.9,19.0,15.0,5.0,0.0,2.0,0.0,0.0,0.0,0.0,4.0,11.0,0.0,0.0,0.0,0.0,1.0,2.0,2.0,62.5,0.7,0.0,0.0,8.0,3.0,0.0,0.0,228.0,1.0,16.0,8.2,2.0,0.0,7.0,1.0,1.0,1.0,3.0,3.0,0.0,92.0,4.0,19.0,1.0,14.0
2025,Round 1,2025-03-15,Geelong,away,CD_M20250140103,39,Sam Switkowski,CD_I992059,0.0,0.0,0.0,0.0,1.0,0.0,0.0,0.0,1.0,0.0,0.0,0.0,57.1,4.0,4.0,57.1,7.0,4.0,1.0,2.0,0.0,0.0,0.0,0.0,0.0,4.0,3.0,0.0,0.0,0.0,0.0,4.0,0.0,0.0,25.0,1.3,0.0,0.0,4.0,1.0,0.0,1.0,154.0,1.0,10.0,5.5,0.0,0.0,0.0,0.0,1.0,0.0,0.0,1.0,0.0,42.0,0.0,7.0,1.0,3.0
2025,Round 1,2025-03-15,Geelong,away,CD_M20250140103,35,Josh Treacy,CD_I1012819,1.0,0.0,0.0,0.0,7.0,0.0,0.0,0.0,3.0,1.0,33.3,0.0,33.3,3.0,0.0,66.7,9.0,6.0,2.0,3.0,5.0,0.0,25.0,1.0,1.0,3.0,4.0,0.0,0.0,0.0,0.0,0.0,0.0,0.0,40.0,1.3,0.0,0.0,5.0,3.0,3.0,3.0,132.0,1.0,4.0,0.9,0.0,0.0,7.0,0.0,4.0,1.0,0.0,1.0,1.0,90.0,0.0,9.0,5.0,6.0
2025,Round 1,2025-03-15,Geelong,away,CD_M20250140103,34,Corey Wagner,CD_I993940,0.0,1.0,0.0,0.0,4.0,100.0,1.0,1.0,0.0,0.0,0.0,0.0,26.1,6.0,7.0,75.0,24.0,18.0,8.0,0.0,0.0,0.0,0.0,1.0,0.0,6.0,12.0,0.0,0.0,0.0,0.0,0.0,0.0,5.0,66.7,1.0,1.0,1.0,12.0,1.0,0.0,0.0,466.0,1.0,7.0,7.7,7.0,0.0,3.0,1.0,0.0,1.0,0.0,2.0,0.0,85.0,0.0,23.0,3.0,17.0
2025,Round 1,2025-03-15,Geelong,away,CD_M20250140103,31,Brandon Walker,CD_I1009410,0.0,0.0,0.0,0.0,3.0,0.0,0.0,1.0,0.0,0.0,0.0,1.0,50.0,7.0,15.0,92.3,13.0,12.0,6.0,0.0,1.0,3.0,0.0,0.0,0.0,3.0,6.0,0.0,0.0,0.0,0.0,0.0,1.0,6.0,85.7,1.2,0.0,0.0,7.0,1.0,0.0,0.0,98.0,1.0,15.0,4.7,2.0,0.0,1.0,0.0,0.0,0.0,1.0,5.0,0.0,77.0,1.0,14.0,4.0,7.0
2025,Round 1,2025-03-15,Geelong,away,CD_M20250140103,23,Karl Worner,CD_I1021015,0.0,0.0,0.0,0.0,2.0,0.0,0.0,0.0,0.0,0.0,0.0,0.0,44.4,4.0,7.0,72.7,11.0,8.0,2.0,0.0,1.0,1.0,0.0,0.0,0.0,3.0,7.0,0.0,0.0,0.0,0.0,1.0,0.0,5.0,50.0,0.6,0.0,0.0,4.0,0.0,0.0,0.0,173.0,3.0,11.0,4.4,0.0,0.0,2.0,0.0,0.0,3.0,0.0,5.0,0.0,71.0,0.0,9.0,3.0,5.0
2025,Round 2,2025-03-23,Sydney,home,CD_M20250140208,24,Jye Amiss,CD_I1020594,0.0,0.0,0.0,0.0,0.0,0.0,0.0,0.0,1.0,1.0,100.0,2.0,62.5,5.0,1.0,37.5,8.0,3.0,1.0,2.0,0.0,1.0,50.0,0.0,1.0,2.0,3.0,0.0,0.0,0.0,0.0,1.0,0.0,0.0,20.0,1.7,0.0,0.0,5.0,4.0,1.0,2.0,87.0,0.0,5.0,6.9,1.0,0.0,2.0,0.0,2.0,0.0,1.0,1.0,0.0,91.0,1.0,8.0,1.0,3.0
2025,Round 2,2025-03-23,Sydney,home,CD_M20250140208,41,Bailey Banfield,CD_I998180,0.0,0.0,0.0,0.0,3.0,0.0,0.0,0.0,0.0,0.0,0.0,0.0,36.4,4.0,4.0,70.0,10.0,7.0,2.0,1.0,0.0,0.0,100.0,0.0,1.0,3.0,6.0,0.0,0.0,0.0,0.0,2.0,0.0,1.0,50.0,0.7,0.0,0.0,4.0,1.0,1.0,0.0,121.0,2.0,13.0,7.4,0.0,0.0,3.0,1.0,1.0,0.0,1.0,0.0,0.0,79.0,1.0,11.0,4.0,7.0
2025,Round 2,2025-03-23,Sydney,home,CD_M20250140208,15,Shai Bolton,CD_I993993,0.0,1.0,9.0,2.0,5.0,0.0,0.0,0.0,0.0,0.0,0.0,0.0,43.8,7.0,4.0,66.7,15.0,10.0,4.0,2.0,3.0,0.0,0.0,1.0,0.0,6.0,6.0,0.0,0.0,0.0,0.0,2.0,0.0,0.0,44.4,1.5,0.0,0.0,9.0,0.0,0.0,0.0,215.0,1.0,15.0,9.9,0.0,0.0,6.0,2.0,2.0,0.0,2.0,4.0,2.0,77.0,4.0,16.0,5.0,9.0
2025,Round 2,2025-03-23,Sydney,home,CD_M20250140208,8,Andrew Brayshaw,CD_I1002232,0.0,2.0,13.0,2.0,2.0,0.0,0.0,0.0,0.0,0.0,0.0,0.0,38.1,8.0,13.0,100.0,19.0,19.0,6.0,0.0,2.0,1.0,0.0,0.0,0.0,6.0,13.0,0.0,0.0,0.0,0.0,6.0,0.0,1.0,100.0,0.5,0.0,0.0,6.0,2.0,0.0,0.0,414.0,2.0,26.0,17.2,0.0,0.0,5.0,1.0,0.0,0.0,1.0,8.0,1.0,86.0,3.0,21.0,2.0,13.0
2025,Round 2,2025-03-23,Sydney,home,CD_M20250140208,5,Heath Chapman,CD_I1013224,0.0,0.0,0.0,0.0,2.0,0.0,0.0,0.0,0.0,0.0,0.0,0.0,28.6,4.0,6.0,58.3,12.0,7.0,5.0,0.0,0.0,1.0,0.0,0.0,0.0,2.0,4.0,0.0,0.0,0.0,0.0,0.0,1.0,4.0,62.5,2.0,0.0,0.0,8.0,4.0,0.0,0.0,207.0,3.0,9.0,5.4,2.0,0.0,2.0,1.0,1.0,2.0,0.0,3.0,1.0,75.0,0.0,14.0,3.0,10.0
2025,Round 2,2025-03-23,Sydney,home,CD_M20250140208,6,Jordan Clark,CD_I1006152,0.0,1.0,0.0,0.0,3.0,0.0,0.0,1.0,0.0,0.0,0.0,3.0,63.2,12.0,10.0,75.0,24.0,18.0,12.0,0.0,1.0,0.0,0.0,1.0,0.0,9.0,9.0,0.0,0.0,0.0,0.0,4.0,3.0,10.0,80.0,1.7,5.0,5.0,15.0,5.0,0.0,0.0,540.0,2.0,13.0,17.7,8.0,0.0,4.0,1.0,1.0,1.0,0.0,2.0,0.0,92.0,0.0,19.0,6.0,7.0
2025,Round 2,2025-03-23,Sydney,home,CD_M20250140208,36,Brennan Cox,CD_I997033,0.0,0.0,0.0,0.0,0.0,25.0,1.0,4.0,0.0,0.0,0.0,1.0,41.7,5.0,0.0,100.0,12.0,12.0,9.0,0.0,0.0,1.0,0.0,0.0,0.0,3.0,3.0,0.0,0.0,0.0,0.0,0.0,2.0,6.0,100.0,3.0,0.0,0.0,9.0,7.0,0.0,0.0,134.0,4.0,1.0,10.3,1.0,0.0,3.0,2.0,0.0,3.0,0.0,0.0,0.0,84.0,0.0,12.0,0.0,7.0
2025,Round 2,2025-03-23,Sydney,home,CD_M20250140208,37,Joshua Draper,CD_I1020668,0.0,0.0,0.0,0.0,0.0,0.0,0.0,0.0,0.0,0.0,0.0,0.0,71.4,5.0,3.0,85.7,7.0,6.0,4.0,0.0,0.0,2.0,0.0,1.0,0.0,3.0,2.0,0.0,0.0,0.0,0.0,1.0,0.0,5.0,80.0,2.5,0.0,0.0,5.0,1.0,0.0,0.0,107.0,4.0,5.0,6.8,0.0,0.0,1.0,1.0,0.0,4.0,0.0,2.0,0.0,46.0,0.0,7.0,0.0,2.0
2025,Round 2,2025-03-23,Sydney,home,CD_M20250140208,28,Neil Erasmus,CD_I1020250,1.0,0.0,4.0,0.0,4.0,0.0,0.0,0.0,0.0,0.0,0.0,0.0,21.4,3.0,5.0,42.9,14.0,6.0,2.0,1.0,2.0,2.0,0.0,0.0,0.0,1.0,6.0,0.0,0.0,0.0,0.0,3.0,0.0,1.0,25.0,1.3,0.0,0.0,8.0,3.0,0.0,0.0,299.0,0.0,19.0,1.3,2.0,0.0,5.0,1.0,1.0,0.0,1.0,2.0,2.0,66.0,1.0,14.0,5.0,11.0
2025,Round 2,2025-03-23,Sydney,home,CD_M20250140208,32,Michael Frederick,CD_I999321,2.0,0.0,0.0,0.0,2.0,0.0,0.0,0.0,0.0,0.0,0.0,1.0,72.7,8.0,7.0,41.7,12.0,5.0,1.0,3.0,0.0,1.0,0.0,0.0,0.0,6.0,6.0,0.0,0.0,0.0,0.0,1.0,0.0,1.0,16.7,1.0,0.0,0.0,6.0,3.0,0.0,0.0,135.0,0.0,12.0,2.6,0.0,0.0,3.0,0.0,2.0,0.0,1.0,0.0,0.0,83.0,1.0,11.0,1.0,3.0
2025,Round 2,2025-03-23,Sydney,home,CD_M20250140208,9,Luke Jackson,CD_I1009399,0.0,0.0,20.0,0.0,5.0,0.0,0.0,0.0,1.0,0.0,0.0,1.0,35.0,7.0,11.0,65.0,20.0,13.0,4.0,1.0,2.0,1.0,100.0,0.0,1.0,5.0,14.0,17.9,45.2,28.0,5.0,5.0,1.0,3.0,66.7,0.4,0.0,0.0,6.0,3.0,1.0,0.0,298.0,2.0,21.0,11.8,0.0,62.0,5.0,2.0,1.0,2.0,0.0,5.0,1.0,85.0,0.0,20.0,4.0,13.0
2025,Round 2,2025-03-23,Sydney,home,CD_M20250140208,44,Matthew Johnson,CD_I1016825,0.0,0.0,4.0,0.0,7.0,0.0,0.0,0.0,0.0,0.0,0.0,0.0,12.5,2.0,3.0,64.7,17.0,11.0,8.0,0.0,1.0,0.0,0.0,0.0,0.0,2.0,6.0,0.0,0.0,0.0,0.0,8.0,2.0,3.0,72.7,1.8,0.0,0.0,11.0,6.0,0.0,0.0,388.0,1.0,11.0,8.6,2.0,0.0,3.0,1.0,0.0,0.0,0.0,2.0,0.0,70.0,0.0,16.0,5.0,14.0
2025,Round 2,2025-03-23,Sydney,home,CD_M20250140208,30,Nathan O'Driscoll,CD_I1013220,0.0,1.0,0.0,0.0,3.0,0.0,0.0,0.0,0.0,0.0,0.0,0.0,36.0,9.0,4.0,60.0,25.0,15.0,8.0,1.0,1.0,0.0,0.0,1.0,0.0,8.0,10.0,0.0,0.0,0.0,0.0,8.0,0.0,3.0,53.3,1.5,0.0,0.0,15.0,3.0,0.0,0.0,523.0,1.0,11.0,15.9,3.0,0.0,5.0,0.0,0.0,0.0,4.0,2.0,0.0,71.0,4.0,25.0,4.0,16.0
2025,Round 2,2025-03-23,Sydney,home,CD_M20250140208,2,Jaeger O'Meara,CD_I294613,0.0,0.0,17.0,3.0,6.0,0.0,0.0,1.0,0.0,0.0,0.0,0.0,41.2,14.0,6.0,71.9,32.0,23.0,6.0,1.0,3.0,1.0,0.0,0.0,0.0,11.0,21.0,0.0,0.0,0.0,0.0,1.0,0.0,4.0,54.5,0.5,0.0,0.0,11.0,4.0,0.0,0.0,307.0,2.0,12.0,11.8,3.0,0.0,6.0,2.0,0.0,2.0,2.0,2.0,0.0,88.0,5.0,34.0,6.0,20.0
2025,Round 2,2025-03-23,Sydney,home,CD_M20250140208,25,Alex Pearce,CD_I298409,0.0,0.0,0.0,0.0,0.0,100.0,1.0,1.0,0.0,0.0,0.0,3.0,63.6,7.0,2.0,90.9,11.0,10.0,6.0,0.0,0.0,0.0,0.0,0.0,0.0,4.0,5.0,0.0,0.0,0.0,0.0,0.0,4.0,8.0,100.0,1.2,0.0,0.0,6.0,5.0,0.0,0.0,154.0,5.0,4.0,12.7,3.0,0.0,1.0,1.0,0.0,5.0,0.0,0.0,0.0,93.0,0.0,11.0,1.0,4.0
2025,Round 2,2025-03-23,Sydney,home,CD_M20250140208,16,Murphy Reid,CD_I1028513,1.0,0.0,0.0,0.0,1.0,0.0,0.0,0.0,1.0,0.0,0.0,0.0,46.2,6.0,3.0,78.6,14.0,11.0,6.0,1.0,0.0,1.0,0.0,1.0,0.0,5.0,5.0,0.0,0.0,0.0,0.0,4.0,0.0,3.0,66.7,1.8,0.0,0.0,9.0,1.0,0.0,1.0,251.0,3.0,12.0,13.7,0.0,0.0,5.0,1.0,1.0,2.0,0.0,2.0,0.0,68.0,0.0,13.0,2.0,7.0
2025,Round 2,2025-03-23,Sydney,home,CD_M20250140208,13,Luke Ryan,CD_I998659,0.0,0.0,0.0,0.0,2.0,0.0,0.0,0.0,0.0,0.0,0.0,0.0,11.8,2.0,5.0,82.6,23.0,19.0,15.0,0.0,0.0,0.0,0.0,0.0,0.0,2.0,4.0,0.0,0.0,0.0,0.0,1.0,2.0,5.0,78.9,4.8,6.0,5.0,19.0,7.0,0.0,0.0,625.0,3.0,6.0,4.5,8.0,0.0,1.0,0.0,0.0,2.0,0.0,1.0,0.0,91.0,0.0,17.0,3.0,15.0
2025,Round 2,2025-03-23,Sydney,home,CD_M20250140208,3,Caleb Serong,CD_I1009420,1.0,1.0,19.0,3.0,2.0,0.0,0.0,0.0,0.0,0.0,0.0,0.0,47.4,9.0,8.0,63.2,19.0,12.0,3.0,0.0,1.0,2.0,50.0,0.0,1.0,6.0,10.0,0.0,0.0,0.0,0.0,3.0,0.0,3.0,33.3,0.9,0.0,0.0,9.0,2.0,1.0,0.0,228.0,2.0,24.0,7.2,2.0,0.0,4.0,1.0,2.0,1.0,2.0,6.0,0.0,87.0,5.0,19.0,3.0,10.0
2025,Round 2,2025-03-23,Sydney,home,CD_M20250140208,14,Jeremy Sharp,CD_I1009380,0.0,0.0,0.0,0.0,0.0,0.0,0.0,0.0,0.0,0.0,0.0,0.0,21.1,4.0,3.0,83.3,18.0,15.0,8.0,1.0,0.0,0.0,0.0,1.0,0.0,3.0,8.0,0.0,0.0,0.0,0.0,3.0,0.0,3.0,80.0,1.3,0.0,0.0,10.0,4.0,0.0,0.0,275.0,2.0,6.0,10.5,1.0,0.0,1.0,1.0,0.0,1.0,0.0,0.0,0.0,82.0,0.0,19.0,2.0,15.0
2025,Round 2,2025-03-23,Sydney,home,CD_M20250140208,35,Josh Treacy,CD_I1012819,2.0,0.0,1.0,0.0,1.0,0.0,0.0,0.0,3.0,2.0,66.7,2.0,53.8,7.0,1.0,84.6,13.0,11.0,6.0,2.0,1.0,0.0,66.7,0.0,4.0,5.0,5.0,20.0,100.0,5.0,1.0,2.0,0.0,1.0,75.0,1.6,0.0,0.0,8.0,7.0,4.0,3.0,243.0,0.0,12.0,16.3,0.0,5.0,8.0,0.0,6.0,0.0,0.0,2.0,2.0,92.0,0.0,13.0,2.0,6.0
2025,Round 2,2025-03-23,Sydney,home,CD_M20250140208,20,Patrick Voss,CD_I1017754,3.0,0.0,1.0,0.0,6.0,0.0,0.0,0.0,4.0,1.0,25.0,0.0,46.2,6.0,2.0,38.5,13.0,5.0,3.0,4.0,1.0,0.0,20.0,0.0,1.0,6.0,4.0,100.0,20.0,1.0,1.0,1.0,1.0,3.0,33.3,2.3,0.0,0.0,9.0,6.0,4.0,1.0,239.0,2.0,5.0,-6.3,1.0,5.0,7.0,0.0,5.0,1.0,0.0,1.0,0.0,75.0,0.0,13.0,7.0,7.0
2025,Round 2,2025-03-23,Sydney,home,CD_M20250140208,34,Corey Wagner,CD_I993940,0.0,0.0,0.0,0.0,0.0,50.0,1.0,2.0,0.0,0.0,0.0,0.0,22.2,4.0,5.0,90.0,20.0,18.0,11.0,0.0,0.0,1.0,0.0,0.0,0.0,3.0,7.0,0.0,0.0,0.0,0.0,2.0,1.0,4.0,84.6,1.9,2.0,2.0,13.0,5.0,0.0,0.0,487.0,1.0,9.0,9.1,7.0,0.0,5.0,1.0,0.0,1.0,0.0,3.0,0.0,85.0,0.0,18.0,2.0,14.0
2025,Round 2,2025-03-23,Sydney,home,CD_M20250140208,31,Brandon Walker,CD_I1009410,0.0,0.0,0.0,0.0,0.0,0.0,0.0,0.0,0.0,0.0,0.0,0.0,40.0,2.0,1.0,80.0,5.0,4.0,2.0,0.0,0.0,0.0,0.0,0.0,0.0,2.0,3.0,0.0,0.0,0.0,0.0,1.0,0.0,2.0,100.0,0.7,0.0,0.0,2.0,0.0,0.0,0.0,66.0,1.0,3.0,3.9,1.0,0.0,1.0,0.0,0.0,1.0,0.0,0.0,0.0,34.0,0.0,5.0,0.0,3.0
2025,Round 3,2025-03-30,West Coast,away,CD_M20250140307,11,James Aish,CD_I295067,0.0,0.0,0.0,0.0,0.0,0.0,0.0,0.0,0.0,0.0,0.0,0.0,66.7,2.0,6.0,100.0,3.0,3.0,1.0,0.0,0.0,2.0,0.0,0.0,0.0,1.0,2.0,0.0,0.0,0.0,0.0,0.0,0.0,2.0,100.0,0.5,0.0,0.0,1.0,0.0,0.0,0.0,23.0,1.0,7.0,2.2,1.0,0.0,1.0,1.0,0.0,1.0,0.0,1.0,0.0,20.0,0.0,3.0,0.0,1.0
2025,Round 3,2025-03-30,West Coast,away,CD_M20250140307,24,Jye Amiss,CD_I1020594,1.0,0.0,0.0,0.0,1.0,0.0,0.0,0.0,2.0,0.0,0.0,0.0,10.0,1.0,0.0,80.0,10.0,8.0,5.0,0.0,0.0,1.0,66.7,0.0,4.0,0.0,3.0,0.0,0.0,0.0,0.0,1.0,0.0,0.0,71.4,2.3,0.0,0.0,7.0,6.0,6.0,1.0,181.0,0.0,4.0,5.3,0.0,0.0,7.0,0.0,6.0,0.0,0.0,1.0,1.0,91.0,0.0,10.0,1.0,9.0
2025,Round 3,2025-03-30,West Coast,away,CD_M20250140307,41,Bailey Banfield,CD_I998180,0.0,0.0,0.0,0.0,2.0,0.0,0.0,0.0,0.0,0.0,0.0,0.0,52.6,10.0,7.0,72.2,18.0,13.0,6.0,1.0,0.0,1.0,0.0,2.0,0.0,7.0,9.0,0.0,0.0,0.0,0.0,3.0,0.0,3.0,66.7,1.0,0.0,0.0,9.0,2.0,0.0,0.0,257.0,4.0,14.0,13.6,0.0,0.0,5.0,2.0,1.0,1.0,2.0,2.0,0.0,78.0,2.0,19.0,2.0,9.0
2025,Round 3,2025-03-30,West Coast,away,CD_M20250140307,15,Shai Bolton,CD_I993993,2.0,5.0,11.0,1.0,8.0,0.0,0.0,0.0,0.0,0.0,0.0,0.0,52.2,12.0,0.0,66.7,21.0,14.0,3.0,4.0,2.0,2.0,0.0,1.0,0.0,9.0,14.0,0.0,0.0,0.0,0.0,5.0,0.0,4.0,42.9,0.5,0.0,0.0,7.0,3.0,1.0,2.0,322.0,2.0,16.0,14.8,0.0,0.0,10.0,2.0,2.0,0.0,1.0,2.0,2.0,79.0,2.0,23.0,7.0,11.0
2025,Round 3,2025-03-30,West Coast,away,CD_M20250140307,8,Andrew Brayshaw,CD_I1002232,2.0,0.0,20.0,3.0,4.0,0.0,0.0,0.0,0.0,0.0,0.0,0.0,31.0,9.0,9.0,69.0,29.0,20.0,8.0,1.0,0.0,2.0,0.0,2.0,0.0,3.0,12.0,0.0,0.0,0.0,0.0,9.0,0.0,3.0,47.1,1.4,0.0,0.0,17.0,1.0,0.0,0.0,696.0,0.0,15.0,15.8,4.0,0.0,11.0,3.0,2.0,0.0,3.0,7.0,1.0,78.0,6.0,29.0,6.0,20.0
2025,Round 3,2025-03-30,West Coast,away,CD_M20250140307,5,Heath Chapman,CD_I1013224,0.0,0.0,0.0,0.0,2.0,0.0,0.0,1.0,0.0,0.0,0.0,1.0,25.0,3.0,7.0,83.3,12.0,10.0,9.0,0.0,2.0,0.0,0.0,1.0,0.0,2.0,2.0,0.0,0.0,0.0,0.0,4.0,2.0,5.0,90.0,5.0,0.0,0.0,10.0,5.0,0.0,0.0,373.0,2.0,9.0,7.5,3.0,0.0,4.0,2.0,0.0,2.0,0.0,1.0,0.0,87.0,0.0,12.0,4.0,9.0
2025,Round 3,2025-03-30,West Coast,away,CD_M20250140307,6,Jordan Clark,CD_I1006152,0.0,0.0,0.0,0.0,2.0,0.0,0.0,0.0,1.0,1.0,100.0,1.0,20.0,3.0,5.0,88.9,18.0,16.0,13.0,0.0,1.0,0.0,100.0,0.0,1.0,2.0,3.0,0.0,0.0,0.0,0.0,4.0,1.0,3.0,86.7,5.0,2.0,2.0,15.0,6.0,0.0,1.0,498.0,0.0,13.0,12.0,3.0,0.0,4.0,2.0,1.0,0.0,0.0,4.0,0.0,91.0,0.0,15.0,5.0,12.0
2025,Round 3,2025-03-30,West Coast,away,CD_M20250140307,36,Brennan Cox,CD_I997033,0.0,0.0,0.0,0.0,0.0,50.0,1.0,2.0,0.0,0.0,0.0,1.0,33.3,2.0,2.0,83.3,6.0,5.0,4.0,0.0,0.0,0.0,0.0,0.0,0.0,1.0,1.0,0.0,0.0,0.0,0.0,0.0,2.0,4.0,80.0,5.0,0.0,0.0,5.0,3.0,0.0,0.0,64.0,4.0,2.0,5.2,1.0,0.0,2.0,1.0,0.0,3.0,0.0,0.0,0.0,80.0,0.0,6.0,1.0,4.0
2025,Round 3,2025-03-30,West Coast,away,CD_M20250140307,37,Joshua Draper,CD_I1020668,0.0,0.0,0.0,0.0,1.0,0.0,0.0,1.0,0.0,0.0,0.0,1.0,50.0,2.0,2.0,100.0,4.0,4.0,3.0,0.0,0.0,0.0,0.0,0.0,0.0,0.0,1.0,0.0,0.0,0.0,0.0,1.0,1.0,1.0,100.0,3.0,0.0,0.0,3.0,2.0,0.0,0.0,129.0,3.0,2.0,2.6,1.0,0.0,0.0,0.0,0.0,2.0,1.0,0.0,0.0,88.0,1.0,4.0,1.0,2.0
2025,Round 3,2025-03-30,West Coast,away,CD_M20250140307,43,Isaiah Dudley,CD_I1011558,0.0,1.0,0.0,0.0,0.0,0.0,0.0,0.0,0.0,0.0,0.0,0.0,18.2,2.0,0.0,80.0,10.0,8.0,7.0,0.0,0.0,0.0,66.7,0.0,2.0,1.0,1.0,0.0,0.0,0.0,0.0,4.0,0.0,1.0,77.8,9.0,0.0,0.0,9.0,3.0,1.0,1.0,248.0,1.0,9.0,12.8,0.0,0.0,6.0,0.0,3.0,0.0,0.0,0.0,0.0,69.0,0.0,11.0,0.0,9.0
2025,Round 3,2025-03-30,West Coast,away,CD_M20250140307,28,Neil Erasmus,CD_I1020250,1.0,0.0,11.0,2.0,1.0,0.0,0.0,0.0,0.0,0.0,0.0,0.0,31.6,6.0,4.0,83.3,18.0,15.0,6.0,0.0,1.0,0.0,0.0,1.0,0.0,4.0,10.0,0.0,0.0,0.0,0.0,3.0,0.0,2.0,75.0,0.8,0.0,0.0,8.0,5.0,0.0,0.0,222.0,1.0,13.0,6.3,2.0,0.0,5.0,0.0,1.0,1.0,2.0,1.0,0.0,65.0,4.0,19.0,3.0,13.0
2025,Round 3,2025-03-30,West Coast,away,CD_M20250140307,32,Michael Frederick,CD_I999321,0.0,0.0,0.0,0.0,3.0,0.0,0.0,0.0,1.0,0.0,0.0,2.0,20.0,3.0,1.0,64.3,14.0,9.0,7.0,0.0,1.0,0.0,50.0,1.0,1.0,1.0,4.0,0.0,0.0,0.0,0.0,5.0,0.0,0.0,70.0,2.5,0.0,0.0,10.0,7.0,2.0,2.0,338.0,0.0,7.0,12.4,0.0,0.0,6.0,0.0,2.0,0.0,0.0,0.0,0.0,81.0,0.0,15.0,4.0,12.0
2025,Round 3,2025-03-30,West Coast,away,CD_M20250140307,9,Luke Jackson,CD_I1009399,0.0,0.0,24.0,3.0,1.0,0.0,0.0,0.0,0.0,0.0,0.0,1.0,41.2,7.0,4.0,82.4,17.0,14.0,5.0,0.0,1.0,0.0,100.0,0.0,1.0,5.0,10.0,51.4,55.6,35.0,18.0,3.0,4.0,6.0,71.4,0.7,0.0,0.0,7.0,5.0,1.0,0.0,191.0,3.0,9.0,24.7,1.0,63.0,9.0,7.0,1.0,2.0,1.0,2.0,0.0,79.0,4.0,17.0,1.0,10.0
2025,Round 3,2025-03-30,West Coast,away,CD_M20250140307,44,Matthew Johnson,CD_I1016825,1.0,0.0,20.0,3.0,1.0,0.0,0.0,0.0,0.0,0.0,0.0,0.0,25.0,4.0,11.0,76.5,17.0,13.0,8.0,1.0,0.0,1.0,50.0,0.0,1.0,3.0,7.0,0.0,0.0,0.0,0.0,3.0,0.0,0.0,80.0,1.4,0.0,0.0,10.0,5.0,0.0,0.0,298.0,0.0,15.0,6.6,0.0,0.0,4.0,0.0,2.0,0.0,0.0,2.0,0.0,84.0,3.0,16.0,3.0,12.0
2025,Round 3,2025-03-30,West Coast,away,CD_M20250140307,30,Nathan O'Driscoll,CD_I1013220,0.0,0.0,2.0,1.0,6.0,0.0,0.0,0.0,0.0,0.0,0.0,1.0,54.5,12.0,2.0,72.7,22.0,16.0,10.0,1.0,2.0,4.0,100.0,1.0,1.0,7.0,7.0,0.0,0.0,0.0,0.0,6.0,1.0,6.0,66.7,2.1,0.0,0.0,15.0,4.0,0.0,0.0,360.0,0.0,9.0,13.6,0.0,0.0,5.0,1.0,1.0,0.0,4.0,6.0,2.0,83.0,5.0,22.0,5.0,10.0
2025,Round 3,2025-03-30,West Coast,away,CD_M20250140307,25,Alex Pearce,CD_I298409,0.0,0.0,0.0,0.0,0.0,0.0,0.0,1.0,0.0,0.0,0.0,0.0,25.0,2.0,6.0,100.0,8.0,8.0,7.0,0.0,0.0,0.0,0.0,0.0,0.0,2.0,1.0,0.0,0.0,0.0,0.0,1.0,3.0,6.0,100.0,7.0,0.0,0.0,7.0,5.0,0.0,0.0,171.0,4.0,7.0,11.1,2.0,0.0,1.0,1.0,0.0,3.0,0.0,0.0,0.0,88.0,0.0,8.0,0.0,6.0
2025,Round 3,2025-03-30,West Coast,away,CD_M20250140307,16,Murphy Reid,CD_I1028513,2.0,0.0,0.0,0.0,1.0,0.0,0.0,0.0,2.0,1.0,50.0,0.0,35.3,6.0,3.0,73.7,19.0,14.0,6.0,2.0,0.0,0.0,0.0,2.0,0.0,6.0,10.0,0.0,0.0,0.0,0.0,3.0,0.0,0.0,66.7,0.9,0.0,0.0,9.0,2.0,1.0,0.0,225.0,2.0,12.0,11.3,0.0,0.0,10.0,1.0,2.0,1.0,1.0,5.0,3.0,79.0,1.0,17.0,0.0,11.0
2025,Round 3,2025-03-30,West Coast,away,CD_M20250140307,13,Luke Ryan,CD_I998659,0.0,0.0,0.0,0.0,1.0,100.0,1.0,1.0,0.0,0.0,0.0,0.0,23.1,3.0,1.0,81.3,16.0,13.0,11.0,0.0,0.0,2.0,0.0,1.0,0.0,1.0,2.0,0.0,0.0,0.0,0.0,1.0,2.0,4.0,78.6,7.0,4.0,4.0,14.0,6.0,0.0,0.0,321.0,5.0,4.0,8.3,3.0,0.0,5.0,3.0,0.0,5.0,1.0,1.0,0.0,83.0,1.0,13.0,3.0,10.0
2025,Round 3,2025-03-30,West Coast,away,CD_M20250140307,3,Caleb Serong,CD_I1009420,0.0,0.0,20.0,3.0,8.0,0.0,0.0,0.0,0.0,0.0,0.0,0.0,50.0,17.0,4.0,62.9,35.0,22.0,8.0,1.0,0.0,2.0,0.0,0.0,0.0,9.0,17.0,0.0,0.0,0.0,0.0,4.0,0.0,5.0,44.4,1.1,0.0,0.0,18.0,2.0,0.0,0.0,498.0,1.0,10.0,15.8,4.0,0.0,4.0,1.0,0.0,0.0,7.0,1.0,0.0,79.0,10.0,34.0,7.0,17.0
2025,Round 3,2025-03-30,West Coast,away,CD_M20250140307,14,Jeremy Sharp,CD_I1009380,1.0,0.0,0.0,0.0,2.0,0.0,0.0,0.0,0.0,0.0,0.0,0.0,12.5,1.0,1.0,77.8,9.0,7.0,3.0,0.0,1.0,0.0,0.0,0.0,0.0,1.0,4.0,0.0,0.0,0.0,0.0,2.0,0.0,2.0,60.0,1.3,0.0,0.0,5.0,2.0,0.0,0.0,121.0,0.0,4.0,-0.7,0.0,0.0,2.0,0.0,1.0,0.0,1.0,1.0,0.0,75.0,1.0,8.0,2.0,7.0
2025,Round 3,2025-03-30,West Coast,away,CD_M20250140307,35,Josh Treacy,CD_I1012819,0.0,0.0,0.0,0.0,3.0,0.0,0.0,0.0,3.0,2.0,66.7,3.0,53.8,7.0,1.0,92.3,13.0,12.0,5.0,0.0,2.0,2.0,100.0,1.0,3.0,2.0,7.0,0.0,0.0,0.0,0.0,0.0,0.0,1.0,83.3,0.9,0.0,0.0,6.0,5.0,3.0,1.0,220.0,0.0,8.0,12.8,0.0,0.0,5.0,1.0,3.0,0.0,0.0,1.0,0.0,83.0,0.0,13.0,4.0,6.0
2025,Round 3,2025-03-30,West Coast,away,CD_M20250140307,20,Patrick Voss,CD_I1017754,3.0,0.0,4.0,0.0,6.0,0.0,0.0,0.0,4.0,0.0,0.0,2.0,41.7,5.0,2.0,41.7,12.0,5.0,4.0,0.0,3.0,2.0,16.7,1.0,1.0,1.0,3.0,0.0,23.1,3.0,0.0,2.0,0.0,1.0,44.4,3.0,0.0,0.0,9.0,7.0,6.0,3.0,236.0,0.0,17.0,-2.7,0.0,13.0,5.0,0.0,6.0,0.0,0.0,1.0,1.0,78.0,0.0,12.0,3.0,7.0
2025,Round 3,2025-03-30,West Coast,away,CD_M20250140307,23,Karl Worner,CD_I1021015,0.0,0.0,0.0,0.0,2.0,0.0,0.0,0.0,0.0,0.0,0.0,0.0,27.3,3.0,2.0,76.9,13.0,10.0,6.0,0.0,0.0,0.0,0.0,0.0,0.0,3.0,4.0,0.0,0.0,0.0,0.0,1.0,1.0,5.0,66.7,2.3,1.0,1.0,9.0,3.0,0.0,0.0,213.0,3.0,3.0,2.1,2.0,0.0,4.0,3.0,0.0,2.0,0.0,0.0,0.0,83.0,0.0,11.0,3.0,8.0
2025,Round 4,2025-04-06,Western Bulldogs,home,CD_M20250140408,24,Jye Amiss,CD_I1020594,0.0,0.0,0.0,0.0,2.0,0.0,0.0,0.0,2.0,1.0,50.0,0.0,42.9,3.0,1.0,42.9,7.0,3.0,2.0,2.0,1.0,0.0,100.0,0.0,1.0,3.0,3.0,0.0,0.0,0.0,0.0,0.0,0.0,0.0,50.0,1.3,0.0,0.0,4.0,3.0,0.0,0.0,58.0,3.0,7.0,2.1,0.0,0.0,2.0,0.0,1.0,3.0,0.0,2.0,0.0,87.0,0.0,7.0,2.0,4.0
2025,Round 4,2025-04-06,Western Bulldogs,home,CD_M20250140408,41,Bailey Banfield,CD_I998180,0.0,0.0,0.0,0.0,2.0,0.0,0.0,0.0,0.0,0.0,0.0,0.0,33.3,5.0,4.0,76.9,13.0,10.0,4.0,1.0,1.0,0.0,100.0,0.0,1.0,4.0,7.0,0.0,0.0,0.0,0.0,3.0,0.0,0.0,66.7,0.9,0.0,0.0,6.0,1.0,0.0,0.0,261.0,0.0,11.0,11.1,1.0,0.0,5.0,0.0,1.0,0.0,2.0,3.0,1.0,83.0,2.0,15.0,3.0,10.0
2025,Round 4,2025-04-06,Western Bulldogs,home,CD_M20250140408,15,Shai Bolton,CD_I993993,1.0,9.0,14.0,1.0,2.0,0.0,0.0,0.0,0.0,0.0,0.0,0.0,6.7,1.0,4.0,64.3,14.0,9.0,6.0,0.0,1.0,0.0,50.0,1.0,2.0,1.0,4.0,0.0,0.0,0.0,0.0,4.0,0.0,0.0,60.0,2.5,0.0,0.0,10.0,4.0,3.0,1.0,430.0,2.0,12.0,9.1,1.0,0.0,7.0,1.0,4.0,1.0,0.0,2.0,0.0,76.0,1.0,15.0,3.0,14.0
2025,Round 4,2025-04-06,Western Bulldogs,home,CD_M20250140408,8,Andrew Brayshaw,CD_I1002232,0.0,0.0,25.0,2.0,3.0,0.0,0.0,0.0,0.0,0.0,0.0,0.0,43.3,13.0,16.0,72.4,29.0,21.0,8.0,1.0,0.0,1.0,100.0,4.0,1.0,8.0,17.0,0.0,0.0,0.0,0.0,3.0,0.0,3.0,66.7,0.7,0.0,0.0,12.0,2.0,0.0,0.0,360.0,1.0,30.0,16.9,1.0,0.0,9.0,1.0,1.0,1.0,2.0,9.0,0.0,84.0,4.0,30.0,4.0,17.0
2025,Round 4,2025-04-06,Western Bulldogs,home,CD_M20250140408,5,Heath Chapman,CD_I1013224,0.0,0.0,0.0,0.0,2.0,0.0,0.0,0.0,0.0,0.0,0.0,0.0,13.3,2.0,4.0,100.0,15.0,15.0,8.0,0.0,0.0,2.0,0.0,0.0,0.0,1.0,7.0,0.0,0.0,0.0,0.0,0.0,2.0,4.0,100.0,1.1,0.0,0.0,8.0,7.0,0.0,0.0,238.0,3.0,4.0,6.9,5.0,0.0,1.0,1.0,0.0,3.0,0.0,1.0,0.0,80.0,0.0,15.0,0.0,13.0
2025,Round 4,2025-04-06,Western Bulldogs,home,CD_M20250140408,6,Jordan Clark,CD_I1006152,0.0,1.0,0.0,0.0,5.0,0.0,0.0,0.0,0.0,0.0,0.0,0.0,26.9,7.0,8.0,69.2,26.0,18.0,13.0,0.0,2.0,1.0,0.0,0.0,0.0,6.0,8.0,0.0,0.0,0.0,0.0,2.0,0.0,5.0,72.2,2.3,2.0,1.0,18.0,5.0,0.0,0.0,644.0,4.0,13.0,8.7,10.0,0.0,2.0,0.0,0.0,4.0,0.0,3.0,0.0,85.0,0.0,26.0,7.0,19.0
2025,Round 4,2025-04-06,Western Bulldogs,home,CD_M20250140408,36,Brennan Cox,CD_I997033,0.0,0.0,0.0,0.0,4.0,0.0,0.0,2.0,1.0,1.0,100.0,3.0,53.3,8.0,4.0,87.5,16.0,14.0,8.0,0.0,2.0,0.0,0.0,0.0,0.0,4.0,6.0,0.0,0.0,0.0,0.0,0.0,4.0,10.0,80.0,1.7,1.0,1.0,10.0,7.0,0.0,0.0,229.0,5.0,6.0,17.8,3.0,0.0,4.0,4.0,0.0,4.0,0.0,2.0,1.0,83.0,0.0,15.0,1.0,7.0
2025,Round 4,2025-04-06,Western Bulldogs,home,CD_M20250140408,37,Joshua Draper,CD_I1020668,0.0,0.0,0.0,0.0,2.0,33.3,1.0,3.0,0.0,0.0,0.0,0.0,37.5,3.0,7.0,87.5,8.0,7.0,4.0,0.0,2.0,1.0,0.0,0.0,0.0,2.0,3.0,0.0,0.0,0.0,0.0,0.0,0.0,3.0,80.0,1.7,0.0,0.0,5.0,2.0,0.0,0.0,140.0,12.0,8.0,7.9,3.0,0.0,1.0,1.0,0.0,12.0,0.0,2.0,0.0,87.0,0.0,8.0,2.0,5.0
2025,Round 4,2025-04-06,Western Bulldogs,home,CD_M20250140408,43,Isaiah Dudley,CD_I1011558,0.0,0.0,0.0,0.0,2.0,0.0,0.0,0.0,1.0,0.0,0.0,0.0,8.3,1.0,6.0,75.0,12.0,9.0,4.0,1.0,0.0,0.0,100.0,0.0,1.0,1.0,7.0,0.0,0.0,0.0,0.0,2.0,0.0,0.0,80.0,0.7,0.0,0.0,5.0,3.0,0.0,2.0,140.0,0.0,17.0,4.3,0.0,0.0,3.0,0.0,1.0,0.0,0.0,3.0,1.0,71.0,0.0,12.0,2.0,11.0
2025,Round 4,2025-04-06,Western Bulldogs,home,CD_M20250140408,32,Michael Frederick,CD_I999321,1.0,0.0,0.0,0.0,3.0,0.0,0.0,0.0,1.0,1.0,100.0,1.0,21.4,3.0,3.0,61.5,13.0,8.0,7.0,0.0,1.0,0.0,75.0,0.0,3.0,1.0,2.0,0.0,0.0,0.0,0.0,4.0,0.0,1.0,63.6,5.5,0.0,0.0,11.0,5.0,1.0,1.0,343.0,2.0,7.0,13.0,0.0,0.0,6.0,0.0,4.0,1.0,0.0,3.0,1.0,78.0,0.0,14.0,2.0,11.0
2025,Round 4,2025-04-06,Western Bulldogs,home,CD_M20250140408,9,Luke Jackson,CD_I1009399,0.0,0.0,24.0,2.0,2.0,0.0,0.0,0.0,0.0,0.0,0.0,0.0,43.8,7.0,1.0,93.8,16.0,15.0,5.0,0.0,2.0,1.0,100.0,2.0,1.0,5.0,11.0,40.0,52.6,30.0,12.0,1.0,0.0,2.0,100.0,0.5,0.0,0.0,5.0,2.0,0.0,0.0,140.0,3.0,3.0,18.4,2.0,57.0,9.0,4.0,1.0,3.0,1.0,0.0,0.0,59.0,3.0,16.0,1.0,9.0
2025,Round 4,2025-04-06,Western Bulldogs,home,CD_M20250140408,44,Matthew Johnson,CD_I1016825,0.0,2.0,13.0,0.0,3.0,0.0,0.0,0.0,0.0,0.0,0.0,0.0,46.2,6.0,8.0,76.9,13.0,10.0,3.0,0.0,1.0,1.0,0.0,0.0,0.0,6.0,8.0,0.0,0.0,0.0,0.0,3.0,0.0,4.0,60.0,0.6,0.0,0.0,5.0,1.0,0.0,0.0,203.0,2.0,16.0,8.5,1.0,0.0,4.0,1.0,0.0,1.0,1.0,3.0,0.0,68.0,1.0,13.0,2.0,7.0
2025,Round 4,2025-04-06,Western Bulldogs,home,CD_M20250140408,30,Nathan O'Driscoll,CD_I1013220,1.0,0.0,0.0,0.0,4.0,0.0,0.0,0.0,0.0,0.0,0.0,0.0,23.1,3.0,11.0,50.0,12.0,6.0,3.0,0.0,2.0,1.0,0.0,0.0,0.0,1.0,4.0,0.0,0.0,0.0,0.0,1.0,0.0,1.0,37.5,2.0,0.0,0.0,8.0,3.0,0.0,1.0,268.0,0.0,15.0,-0.8,2.0,0.0,2.0,1.0,1.0,0.0,2.0,7.0,1.0,55.0,2.0,13.0,6.0,10.0
2025,Round 4,2025-04-06,Western Bulldogs,home,CD_M20250140408,2,Jaeger O'Meara,CD_I294613,0.0,0.0,13.0,0.0,6.0,0.0,0.0,0.0,0.0,0.0,0.0,0.0,43.8,7.0,11.0,80.0,15.0,12.0,4.0,0.0,4.0,1.0,0.0,0.0,0.0,6.0,11.0,0.0,0.0,0.0,0.0,2.0,0.0,3.0,100.0,0.4,0.0,0.0,4.0,1.0,0.0,0.0,99.0,1.0,15.0,4.7,0.0,0.0,1.0,0.0,0.0,0.0,2.0,4.0,1.0,76.0,2.0,16.0,3.0,9.0
2025,Round 4,2025-04-06,Western Bulldogs,home,CD_M20250140408,25,Alex Pearce,CD_I298409,0.0,0.0,0.0,0.0,5.0,66.7,2.0,3.0,0.0,0.0,0.0,1.0,61.5,8.0,6.0,76.9,13.0,10.0,2.0,0.0,3.0,0.0,0.0,0.0,0.0,7.0,9.0,0.0,0.0,0.0,0.0,0.0,3.0,11.0,50.0,0.4,0.0,0.0,4.0,5.0,0.0,0.0,113.0,4.0,6.0,9.2,2.0,0.0,0.0,0.0,0.0,3.0,0.0,3.0,0.0,91.0,0.0,13.0,4.0,5.0
2025,Round 4,2025-04-06,Western Bulldogs,home,CD_M20250140408,16,Murphy Reid,CD_I1028513,0.0,1.0,0.0,0.0,4.0,0.0,0.0,0.0,0.0,0.0,0.0,0.0,62.5,10.0,5.0,68.8,16.0,11.0,4.0,4.0,2.0,1.0,33.3,2.0,1.0,8.0,9.0,0.0,0.0,0.0,0.0,2.0,0.0,1.0,57.1,0.8,0.0,0.0,7.0,3.0,0.0,0.0,152.0,1.0,11.0,9.0,0.0,0.0,5.0,0.0,3.0,1.0,1.0,1.0,0.0,91.0,1.0,16.0,2.0,6.0
2025,Round 4,2025-04-06,Western Bulldogs,home,CD_M20250140408,13,Luke Ryan,CD_I998659,0.0,0.0,0.0,0.0,1.0,0.0,0.0,0.0,1.0,0.0,0.0,1.0,25.0,5.0,12.0,88.5,26.0,23.0,20.0,0.0,0.0,0.0,0.0,0.0,0.0,2.0,3.0,0.0,0.0,0.0,0.0,2.0,2.0,7.0,87.0,7.7,6.0,6.0,23.0,6.0,0.0,0.0,730.0,6.0,15.0,14.8,10.0,0.0,2.0,1.0,0.0,3.0,2.0,4.0,0.0,97.0,2.0,20.0,5.0,15.0
2025,Round 4,2025-04-06,Western Bulldogs,home,CD_M20250140408,3,Caleb Serong,CD_I1009420,0.0,0.0,28.0,4.0,5.0,0.0,0.0,0.0,0.0,0.0,0.0,0.0,61.5,24.0,13.0,71.1,38.0,27.0,6.0,0.0,0.0,2.0,0.0,2.0,0.0,17.0,23.0,0.0,0.0,0.0,0.0,8.0,0.0,2.0,40.0,0.7,0.0,0.0,15.0,0.0,0.0,0.0,556.0,3.0,27.0,29.3,1.0,0.0,9.0,3.0,0.0,0.0,11.0,7.0,0.0,85.0,15.0,39.0,3.0,15.0
2025,Round 4,2025-04-06,Western Bulldogs,home,CD_M20250140408,14,Jeremy Sharp,CD_I1009380,0.0,0.0,0.0,0.0,4.0,0.0,0.0,0.0,0.0,0.0,0.0,0.0,45.0,9.0,5.0,61.9,21.0,13.0,6.0,1.0,1.0,0.0,100.0,0.0,1.0,8.0,11.0,0.0,0.0,0.0,0.0,2.0,1.0,2.0,60.0,0.9,0.0,0.0,10.0,4.0,0.0,0.0,349.0,1.0,6.0,11.5,3.0,0.0,4.0,2.0,1.0,1.0,2.0,0.0,0.0,97.0,2.0,20.0,3.0,11.0
2025,Round 4,2025-04-06,Western Bulldogs,home,CD_M20250140408,35,Josh Treacy,CD_I1012819,2.0,2.0,0.0,0.0,2.0,0.0,0.0,0.0,2.0,1.0,50.0,1.0,20.0,3.0,4.0,66.7,15.0,10.0,7.0,1.0,1.0,1.0,60.0,1.0,3.0,1.0,3.0,25.0,57.1,4.0,1.0,2.0,0.0,1.0,58.3,4.0,0.0,0.0,12.0,8.0,4.0,5.0,347.0,4.0,11.0,8.8,1.0,7.0,8.0,0.0,5.0,3.0,0.0,3.0,2.0,97.0,0.0,15.0,3.0,12.0
2025,Round 4,2025-04-06,Western Bulldogs,home,CD_M20250140408,20,Patrick Voss,CD_I1017754,1.0,0.0,7.0,1.0,2.0,0.0,0.0,0.0,0.0,0.0,0.0,0.0,77.8,7.0,13.0,66.7,9.0,6.0,2.0,1.0,1.0,2.0,0.0,1.0,0.0,5.0,6.0,33.3,15.4,6.0,2.0,1.0,0.0,0.0,66.7,0.5,0.0,0.0,3.0,0.0,0.0,0.0,101.0,0.0,20.0,6.4,2.0,39.0,4.0,2.0,1.0,0.0,2.0,5.0,0.0,83.0,3.0,9.0,3.0,2.0
2025,Round 4,2025-04-06,Western Bulldogs,home,CD_M20250140408,34,Corey Wagner,CD_I993940,0.0,0.0,0.0,0.0,1.0,0.0,0.0,0.0,0.0,0.0,0.0,0.0,16.7,1.0,7.0,83.3,6.0,5.0,1.0,0.0,0.0,0.0,0.0,0.0,0.0,1.0,4.0,0.0,0.0,0.0,0.0,2.0,0.0,0.0,50.0,0.5,0.0,0.0,2.0,0.0,0.0,0.0,103.0,2.0,9.0,7.2,0.0,0.0,3.0,0.0,0.0,0.0,1.0,0.0,0.0,54.0,1.0,6.0,0.0,5.0
2025,Round 4,2025-04-06,Western Bulldogs,home,CD_M20250140408,23,Karl Worner,CD_I1021015,0.0,0.0,0.0,0.0,1.0,0.0,0.0,0.0,0.0,0.0,0.0,0.0,57.1,4.0,7.0,87.5,8.0,7.0,3.0,0.0,0.0,0.0,0.0,0.0,0.0,4.0,4.0,0.0,0.0,0.0,0.0,0.0,0.0,5.0,75.0,1.0,0.0,0.0,4.0,2.0,0.0,0.0,122.0,1.0,7.0,4.3,2.0,0.0,0.0,0.0,0.0,1.0,0.0,0.0,0.0,31.0,0.0,7.0,1.0,3.0
2025,Round 5,2025-04-13,Richmond,away,CD_M20250140507,24,Jye Amiss,CD_I1020594,0.0,0.0,0.0,0.0,2.0,0.0,0.0,0.0,5.0,0.0,0.0,0.0,33.3,1.0,0.0,50.0,2.0,1.0,0.0,0.0,1.0,0.0,0.0,0.0,0.0,0.0,1.0,0.0,0.0,0.0,0.0,0.0,0.0,0.0,0.0,1.0,0.0,0.0,1.0,1.0,1.0,1.0,34.0,3.0,5.0,-2.1,0.0,0.0,0.0,0.0,1.0,2.0,0.0,1.0,1.0,88.0,0.0,3.0,1.0,2.0
2025,Round 5,2025-04-13,Richmond,away,CD_M20250140507,41,Bailey Banfield,CD_I998180,0.0,0.0,0.0,0.0,2.0,0.0,0.0,0.0,1.0,1.0,100.0,0.0,26.7,4.0,5.0,78.6,14.0,11.0,4.0,0.0,0.0,1.0,0.0,0.0,0.0,2.0,7.0,0.0,0.0,0.0,0.0,4.0,0.0,1.0,57.1,1.0,0.0,0.0,7.0,3.0,0.0,0.0,307.0,1.0,10.0,8.8,1.0,0.0,4.0,0.0,0.0,0.0,1.0,0.0,0.0,80.0,1.0,15.0,3.0,11.0
2025,Round 5,2025-04-13,Richmond,away,CD_M20250140507,15,Shai Bolton,CD_I993993,3.0,2.0,8.0,1.0,4.0,0.0,0.0,0.0,0.0,0.0,0.0,0.0,42.1,8.0,2.0,68.4,19.0,13.0,7.0,3.0,2.0,1.0,33.3,2.0,2.0,7.0,6.0,0.0,0.0,0.0,0.0,6.0,0.0,3.0,53.8,2.2,0.0,0.0,13.0,6.0,3.0,2.0,488.0,0.0,6.0,15.0,0.0,0.0,10.0,3.0,6.0,0.0,0.0,1.0,0.0,84.0,1.0,19.0,5.0,11.0
2025,Round 5,2025-04-13,Richmond,away,CD_M20250140507,8,Andrew Brayshaw,CD_I1002232,0.0,0.0,23.0,4.0,3.0,0.0,0.0,0.0,0.0,0.0,0.0,0.0,46.7,14.0,11.0,83.9,31.0,26.0,11.0,0.0,0.0,3.0,0.0,1.0,0.0,9.0,19.0,0.0,0.0,0.0,0.0,7.0,0.0,5.0,91.7,0.6,0.0,0.0,12.0,2.0,0.0,0.0,517.0,1.0,31.0,23.7,3.0,0.0,7.0,3.0,0.0,0.0,2.0,10.0,1.0,80.0,6.0,30.0,4.0,16.0
2025,Round 5,2025-04-13,Richmond,away,CD_M20250140507,5,Heath Chapman,CD_I1013224,0.0,0.0,0.0,1.0,1.0,0.0,0.0,0.0,0.0,0.0,0.0,0.0,12.5,3.0,3.0,84.6,26.0,22.0,15.0,0.0,1.0,2.0,0.0,0.0,0.0,1.0,8.0,0.0,0.0,0.0,0.0,3.0,1.0,4.0,83.3,2.3,0.0,0.0,18.0,10.0,0.0,0.0,550.0,1.0,6.0,7.9,4.0,0.0,5.0,1.0,0.0,1.0,0.0,1.0,0.0,87.0,1.0,24.0,2.0,21.0
2025,Round 5,2025-04-13,Richmond,away,CD_M20250140507,6,Jordan Clark,CD_I1006152,1.0,2.0,0.0,1.0,3.0,0.0,0.0,1.0,0.0,0.0,0.0,0.0,34.8,8.0,9.0,82.6,23.0,19.0,10.0,0.0,0.0,1.0,0.0,1.0,0.0,7.0,9.0,0.0,0.0,0.0,0.0,4.0,0.0,3.0,71.4,1.6,1.0,1.0,14.0,5.0,0.0,0.0,374.0,2.0,11.0,11.6,2.0,0.0,6.0,3.0,1.0,2.0,3.0,3.0,0.0,89.0,4.0,23.0,2.0,15.0
2025,Round 5,2025-04-13,Richmond,away,CD_M20250140507,36,Brennan Cox,CD_I997033,0.0,0.0,0.0,0.0,2.0,33.3,1.0,3.0,0.0,0.0,0.0,3.0,47.1,8.0,3.0,88.9,18.0,16.0,9.0,0.0,0.0,0.0,0.0,0.0,0.0,5.0,8.0,0.0,0.0,0.0,0.0,0.0,3.0,8.0,90.0,1.3,1.0,1.0,10.0,8.0,0.0,0.0,206.0,5.0,3.0,11.1,1.0,0.0,1.0,0.0,0.0,5.0,0.0,0.0,0.0,78.0,0.0,17.0,3.0,9.0
2025,Round 5,2025-04-13,Richmond,away,CD_M20250140507,4,Sean Darcy,CD_I998145,0.0,0.0,20.0,1.0,4.0,0.0,0.0,0.0,2.0,0.0,0.0,0.0,63.6,7.0,3.0,55.6,9.0,5.0,3.0,1.0,1.0,1.0,0.0,0.0,0.0,5.0,6.0,45.5,36.1,22.0,10.0,3.0,0.0,0.0,100.0,0.5,0.0,0.0,3.0,0.0,0.0,0.0,147.0,2.0,12.0,8.2,0.0,61.0,1.0,1.0,0.0,1.0,1.0,4.0,1.0,63.0,2.0,11.0,2.0,4.0
2025,Round 5,2025-04-13,Richmond,away,CD_M20250140507,37,Joshua Draper,CD_I1020668,0.0,0.0,0.0,0.0,1.0,0.0,0.0,2.0,0.0,0.0,0.0,0.0,60.0,6.0,1.0,80.0,10.0,8.0,2.0,0.0,0.0,0.0,0.0,0.0,0.0,6.0,7.0,66.7,100.0,3.0,2.0,0.0,0.0,6.0,66.7,0.4,0.0,0.0,3.0,2.0,0.0,0.0,41.0,2.0,5.0,7.1,2.0,3.0,1.0,1.0,0.0,2.0,0.0,1.0,0.0,87.0,0.0,10.0,1.0,4.0
2025,Round 5,2025-04-13,Richmond,away,CD_M20250140507,43,Isaiah Dudley,CD_I1011558,1.0,4.0,0.0,0.0,0.0,0.0,0.0,0.0,1.0,1.0,100.0,1.0,16.7,1.0,2.0,83.3,6.0,5.0,3.0,0.0,0.0,0.0,0.0,0.0,0.0,0.0,2.0,0.0,0.0,0.0,0.0,2.0,0.0,0.0,75.0,2.0,0.0,0.0,4.0,3.0,1.0,0.0,163.0,0.0,5.0,3.4,0.0,0.0,3.0,0.0,1.0,0.0,0.0,0.0,0.0,23.0,0.0,6.0,0.0,5.0
2025,Round 5,2025-04-13,Richmond,away,CD_M20250140507,32,Michael Frederick,CD_I999321,0.0,0.0,0.0,0.0,4.0,0.0,0.0,0.0,0.0,0.0,0.0,0.0,0.0,0.0,4.0,69.2,13.0,9.0,6.0,0.0,0.0,0.0,100.0,2.0,3.0,0.0,4.0,0.0,0.0,0.0,0.0,4.0,0.0,0.0,66.7,2.3,0.0,0.0,9.0,5.0,1.0,0.0,301.0,0.0,15.0,9.2,2.0,0.0,6.0,0.0,3.0,0.0,0.0,2.0,1.0,83.0,0.0,12.0,3.0,12.0
2025,Round 5,2025-04-13,Richmond,away,CD_M20250140507,44,Matthew Johnson,CD_I1016825,1.0,0.0,9.0,0.0,4.0,0.0,0.0,0.0,1.0,0.0,0.0,0.0,47.4,9.0,5.0,70.6,17.0,12.0,2.0,0.0,2.0,1.0,0.0,1.0,0.0,6.0,11.0,0.0,0.0,0.0,0.0,3.0,0.0,1.0,33.3,0.5,0.0,0.0,6.0,4.0,2.0,0.0,218.0,1.0,14.0,7.9,0.0,0.0,3.0,1.0,2.0,0.0,5.0,7.0,0.0,78.0,5.0,19.0,1.0,10.0
2025,Round 5,2025-04-13,Richmond,away,CD_M20250140507,2,Jaeger O'Meara,CD_I294613,0.0,2.0,9.0,1.0,3.0,0.0,0.0,0.0,0.0,0.0,0.0,0.0,47.8,11.0,6.0,71.4,21.0,15.0,4.0,1.0,1.0,2.0,0.0,0.0,0.0,7.0,13.0,0.0,0.0,0.0,0.0,3.0,0.0,3.0,50.0,0.6,0.0,0.0,8.0,1.0,0.0,0.0,289.0,0.0,13.0,17.6,2.0,0.0,5.0,3.0,0.0,0.0,5.0,3.0,0.0,76.0,6.0,23.0,3.0,12.0
2025,Round 5,2025-04-13,Richmond,away,CD_M20250140507,25,Alex Pearce,CD_I298409,0.0,2.0,0.0,0.0,1.0,33.3,1.0,3.0,0.0,0.0,0.0,2.0,42.9,6.0,4.0,85.7,14.0,12.0,10.0,0.0,1.0,2.0,100.0,0.0,1.0,2.0,3.0,0.0,0.0,0.0,0.0,0.0,4.0,10.0,90.9,3.7,0.0,0.0,11.0,7.0,1.0,0.0,208.0,5.0,4.0,13.0,3.0,0.0,4.0,2.0,1.0,4.0,0.0,2.0,0.0,91.0,0.0,14.0,5.0,8.0
2025,Round 5,2025-04-13,Richmond,away,CD_M20250140507,16,Murphy Reid,CD_I1028513,2.0,0.0,1.0,1.0,1.0,0.0,0.0,0.0,0.0,0.0,0.0,0.0,44.4,4.0,2.0,77.8,9.0,7.0,5.0,0.0,1.0,1.0,33.3,0.0,1.0,3.0,2.0,0.0,0.0,0.0,0.0,3.0,0.0,0.0,71.4,3.5,0.0,0.0,7.0,1.0,0.0,1.0,257.0,0.0,14.0,8.7,0.0,0.0,6.0,3.0,3.0,0.0,3.0,3.0,2.0,82.0,4.0,9.0,2.0,5.0
2025,Round 5,2025-04-13,Richmond,away,CD_M20250140507,13,Luke Ryan,CD_I998659,0.0,0.0,0.0,0.0,1.0,100.0,2.0,2.0,0.0,0.0,0.0,0.0,7.1,1.0,5.0,93.8,16.0,15.0,9.0,0.0,0.0,0.0,0.0,0.0,0.0,1.0,6.0,0.0,0.0,0.0,0.0,1.0,2.0,3.0,90.0,1.7,2.0,2.0,10.0,6.0,0.0,0.0,226.0,2.0,6.0,4.2,3.0,0.0,3.0,1.0,0.0,2.0,0.0,0.0,0.0,71.0,0.0,14.0,2.0,13.0
2025,Round 5,2025-04-13,Richmond,away,CD_M20250140507,3,Caleb Serong,CD_I1009420,0.0,0.0,22.0,5.0,4.0,0.0,0.0,0.0,0.0,0.0,0.0,0.0,50.0,13.0,9.0,58.6,29.0,17.0,9.0,0.0,2.0,4.0,0.0,3.0,0.0,6.0,12.0,0.0,0.0,0.0,0.0,6.0,1.0,3.0,52.9,1.4,0.0,0.0,17.0,4.0,0.0,0.0,461.0,0.0,23.0,11.2,1.0,0.0,5.0,1.0,0.0,0.0,1.0,4.0,0.0,79.0,6.0,26.0,3.0,13.0
2025,Round 5,2025-04-13,Richmond,away,CD_M20250140507,14,Jeremy Sharp,CD_I1009380,0.0,6.0,0.0,0.0,0.0,0.0,0.0,0.0,0.0,0.0,0.0,0.0,19.0,4.0,1.0,90.5,21.0,19.0,9.0,0.0,0.0,0.0,0.0,0.0,0.0,4.0,10.0,0.0,0.0,0.0,0.0,0.0,0.0,3.0,81.8,1.1,0.0,0.0,11.0,8.0,0.0,0.0,362.0,1.0,7.0,9.0,2.0,0.0,2.0,0.0,0.0,1.0,2.0,0.0,0.0,91.0,2.0,21.0,2.0,17.0
2025,Round 5,2025-04-13,Richmond,away,CD_M20250140507,39,Sam Switkowski,CD_I992059,0.0,1.0,0.0,0.0,2.0,0.0,0.0,0.0,0.0,0.0,0.0,0.0,16.7,1.0,0.0,50.0,6.0,3.0,2.0,0.0,1.0,0.0,0.0,0.0,0.0,0.0,2.0,0.0,0.0,0.0,0.0,2.0,0.0,0.0,50.0,2.0,0.0,0.0,4.0,1.0,1.0,0.0,178.0,0.0,13.0,2.8,0.0,0.0,3.0,0.0,1.0,0.0,0.0,5.0,1.0,69.0,0.0,6.0,1.0,5.0
2025,Round 5,2025-04-13,Richmond,away,CD_M20250140507,35,Josh Treacy,CD_I1012819,1.0,0.0,0.0,0.0,1.0,0.0,0.0,0.0,3.0,1.0,33.3,1.0,18.2,2.0,0.0,81.8,11.0,9.0,8.0,1.0,0.0,1.0,85.7,0.0,6.0,1.0,1.0,0.0,50.0,1.0,0.0,3.0,1.0,1.0,80.0,10.0,0.0,0.0,10.0,8.0,6.0,3.0,278.0,1.0,8.0,14.7,0.0,2.0,9.0,0.0,7.0,1.0,0.0,3.0,2.0,88.0,0.0,11.0,1.0,9.0
2025,Round 5,2025-04-13,Richmond,away,CD_M20250140507,20,Patrick Voss,CD_I1017754,0.0,0.0,7.0,0.0,4.0,0.0,0.0,0.0,1.0,0.0,0.0,0.0,60.0,6.0,1.0,80.0,10.0,8.0,3.0,2.0,2.0,0.0,100.0,1.0,1.0,3.0,6.0,11.1,29.0,9.0,1.0,1.0,0.0,0.0,75.0,0.7,0.0,0.0,4.0,1.0,0.0,0.0,101.0,1.0,13.0,7.7,0.0,31.0,4.0,2.0,1.0,0.0,3.0,5.0,3.0,80.0,3.0,10.0,2.0,4.0
2025,Round 5,2025-04-13,Richmond,away,CD_M20250140507,23,Karl Worner,CD_I1021015,0.0,0.0,0.0,0.0,2.0,0.0,0.0,1.0,0.0,0.0,0.0,2.0,21.1,4.0,2.0,89.5,19.0,17.0,11.0,0.0,0.0,0.0,0.0,0.0,0.0,2.0,6.0,0.0,0.0,0.0,0.0,3.0,4.0,6.0,84.6,2.2,1.0,1.0,13.0,9.0,0.0,0.0,313.0,2.0,2.0,10.6,2.0,0.0,3.0,1.0,0.0,2.0,0.0,2.0,0.0,83.0,0.0,19.0,3.0,15.0
2025,Round 5,2025-04-13,Richmond,away,CD_M20250140507,26,Hayden Young,CD_I1009256,0.0,0.0,9.0,0.0,2.0,0.0,0.0,0.0,1.0,0.0,0.0,2.0,44.4,8.0,2.0,55.6,18.0,10.0,6.0,1.0,0.0,0.0,100.0,1.0,2.0,4.0,5.0,0.0,0.0,0.0,0.0,7.0,1.0,3.0,46.2,2.6,0.0,0.0,13.0,3.0,1.0,0.0,397.0,0.0,11.0,16.6,0.0,0.0,6.0,2.0,2.0,0.0,2.0,5.0,4.0,69.0,2.0,18.0,3.0,10.0
2025,Round 6,2025-04-19,Melbourne,away,CD_M20250140604,11,James Aish,CD_I295067,0.0,0.0,0.0,0.0,1.0,0.0,0.0,0.0,0.0,0.0,0.0,0.0,21.4,3.0,1.0,85.7,14.0,12.0,8.0,0.0,0.0,1.0,0.0,0.0,0.0,1.0,5.0,0.0,0.0,0.0,0.0,1.0,0.0,3.0,88.9,1.8,0.0,0.0,9.0,4.0,0.0,0.0,299.0,1.0,2.0,6.5,2.0,0.0,3.0,0.0,0.0,0.0,0.0,0.0,0.0,74.0,0.0,14.0,3.0,11.0
2025,Round 6,2025-04-19,Melbourne,away,CD_M20250140604,24,Jye Amiss,CD_I1020594,2.0,0.0,0.0,0.0,1.0,0.0,0.0,0.0,5.0,1.0,20.0,0.0,28.6,2.0,0.0,75.0,8.0,6.0,5.0,1.0,1.0,1.0,60.0,2.0,3.0,1.0,1.0,0.0,0.0,0.0,0.0,1.0,0.0,0.0,71.4,7.0,0.0,0.0,7.0,2.0,2.0,2.0,189.0,1.0,6.0,10.3,0.0,0.0,8.0,0.0,5.0,1.0,0.0,2.0,2.0,90.0,0.0,7.0,1.0,5.0
2025,Round 6,2025-04-19,Melbourne,away,CD_M20250140604,41,Bailey Banfield,CD_I998180,0.0,0.0,0.0,0.0,1.0,0.0,0.0,0.0,0.0,0.0,0.0,0.0,40.0,2.0,3.0,100.0,5.0,5.0,2.0,0.0,1.0,0.0,0.0,0.0,0.0,2.0,3.0,0.0,0.0,0.0,0.0,1.0,0.0,2.0,100.0,0.7,0.0,0.0,2.0,1.0,0.0,0.0,77.0,0.0,6.0,3.1,0.0,0.0,2.0,0.0,0.0,0.0,0.0,1.0,0.0,55.0,0.0,5.0,2.0,3.0
2025,Round 6,2025-04-19,Melbourne,away,CD_M20250140604,15,Shai Bolton,CD_I993993,1.0,2.0,10.0,0.0,2.0,0.0,0.0,0.0,1.0,0.0,0.0,1.0,23.8,5.0,5.0,80.0,20.0,16.0,12.0,1.0,1.0,0.0,60.0,2.0,3.0,4.0,5.0,0.0,0.0,0.0,0.0,7.0,0.0,2.0,80.0,3.0,0.0,0.0,15.0,9.0,2.0,4.0,535.0,1.0,12.0,18.3,1.0,0.0,12.0,3.0,5.0,1.0,2.0,0.0,0.0,86.0,2.0,21.0,3.0,16.0
2025,Round 6,2025-04-19,Melbourne,away,CD_M20250140604,8,Andrew Brayshaw,CD_I1002232,0.0,0.0,23.0,4.0,4.0,0.0,0.0,0.0,0.0,0.0,0.0,0.0,51.5,17.0,9.0,81.8,33.0,27.0,11.0,0.0,2.0,4.0,100.0,0.0,1.0,12.0,18.0,0.0,0.0,0.0,0.0,4.0,0.0,4.0,73.3,0.8,0.0,0.0,15.0,3.0,0.0,0.0,457.0,0.0,26.0,26.4,3.0,0.0,10.0,2.0,1.0,0.0,4.0,3.0,0.0,77.0,8.0,33.0,6.0,16.0
2025,Round 6,2025-04-19,Melbourne,away,CD_M20250140604,6,Jordan Clark,CD_I1006152,0.0,2.0,0.0,0.0,1.0,0.0,0.0,0.0,0.0,0.0,0.0,0.0,36.8,7.0,9.0,63.6,22.0,14.0,8.0,0.0,0.0,1.0,0.0,0.0,0.0,5.0,8.0,0.0,0.0,0.0,0.0,2.0,1.0,8.0,57.1,1.8,4.0,3.0,14.0,5.0,0.0,0.0,428.0,5.0,13.0,13.6,5.0,0.0,5.0,3.0,1.0,4.0,1.0,3.0,0.0,82.0,1.0,19.0,5.0,12.0
2025,Round 6,2025-04-19,Melbourne,away,CD_M20250140604,36,Brennan Cox,CD_I997033,0.0,0.0,0.0,0.0,3.0,0.0,0.0,6.0,1.0,0.0,0.0,1.0,37.5,3.0,2.0,71.4,7.0,5.0,3.0,0.0,2.0,0.0,0.0,0.0,0.0,1.0,3.0,0.0,0.0,0.0,0.0,0.0,2.0,5.0,75.0,1.3,0.0,0.0,4.0,3.0,0.0,0.0,176.0,11.0,5.0,8.3,3.0,0.0,2.0,1.0,0.0,10.0,0.0,1.0,0.0,82.0,0.0,8.0,1.0,5.0
2025,Round 6,2025-04-19,Melbourne,away,CD_M20250140604,4,Sean Darcy,CD_I998145,0.0,0.0,27.0,0.0,2.0,0.0,0.0,0.0,0.0,0.0,0.0,0.0,57.1,4.0,7.0,100.0,4.0,4.0,2.0,0.0,2.0,0.0,100.0,0.0,2.0,2.0,2.0,25.0,32.8,20.0,5.0,0.0,0.0,2.0,100.0,1.0,0.0,0.0,2.0,2.0,2.0,0.0,39.0,3.0,10.0,7.5,0.0,61.0,5.0,3.0,2.0,2.0,1.0,3.0,0.0,73.0,1.0,7.0,0.0,3.0
2025,Round 6,2025-04-19,Melbourne,away,CD_M20250140604,37,Joshua Draper,CD_I1020668,0.0,1.0,0.0,0.0,1.0,100.0,2.0,2.0,0.0,0.0,0.0,0.0,54.5,6.0,7.0,70.0,10.0,7.0,3.0,0.0,1.0,1.0,0.0,0.0,0.0,5.0,5.0,0.0,0.0,0.0,0.0,0.0,0.0,3.0,60.0,1.0,0.0,0.0,5.0,1.0,0.0,0.0,146.0,1.0,7.0,8.4,3.0,0.0,1.0,0.0,0.0,1.0,1.0,2.0,0.0,91.0,1.0,11.0,1.0,5.0
2025,Round 6,2025-04-19,Melbourne,away,CD_M20250140604,43,Isaiah Dudley,CD_I1011558,0.0,0.0,0.0,0.0,0.0,0.0,0.0,0.0,0.0,0.0,0.0,0.0,0.0,0.0,2.0,80.0,5.0,4.0,2.0,0.0,0.0,0.0,100.0,0.0,1.0,0.0,2.0,0.0,0.0,0.0,0.0,2.0,0.0,0.0,66.7,1.5,0.0,0.0,3.0,2.0,1.0,0.0,122.0,0.0,5.0,4.1,0.0,0.0,3.0,0.0,1.0,0.0,0.0,0.0,0.0,28.0,0.0,5.0,0.0,5.0
2025,Round 6,2025-04-19,Melbourne,away,CD_M20250140604,32,Michael Frederick,CD_I999321,2.0,0.0,0.0,0.0,0.0,0.0,0.0,0.0,0.0,0.0,0.0,0.0,42.9,3.0,7.0,75.0,8.0,6.0,3.0,0.0,0.0,0.0,0.0,2.0,0.0,2.0,3.0,0.0,0.0,0.0,0.0,1.0,0.0,2.0,60.0,1.7,0.0,0.0,5.0,1.0,1.0,0.0,127.0,2.0,14.0,8.1,1.0,0.0,5.0,1.0,2.0,1.0,0.0,4.0,0.0,87.0,0.0,7.0,0.0,4.0
2025,Round 6,2025-04-19,Melbourne,away,CD_M20250140604,44,Matthew Johnson,CD_I1016825,0.0,0.0,4.0,1.0,0.0,100.0,1.0,1.0,0.0,0.0,0.0,0.0,50.0,7.0,6.0,92.3,13.0,12.0,2.0,0.0,0.0,1.0,0.0,0.0,0.0,7.0,11.0,0.0,0.0,0.0,0.0,2.0,0.0,2.0,100.0,0.2,0.0,0.0,2.0,1.0,0.0,0.0,45.0,1.0,15.0,11.9,0.0,0.0,5.0,3.0,0.0,1.0,2.0,1.0,0.0,78.0,3.0,14.0,2.0,7.0
2025,Round 6,2025-04-19,Melbourne,away,CD_M20250140604,21,Oscar McDonald,CD_I992472,0.0,0.0,7.0,0.0,2.0,0.0,0.0,0.0,2.0,0.0,0.0,1.0,11.1,1.0,3.0,100.0,9.0,9.0,6.0,0.0,2.0,0.0,100.0,0.0,1.0,0.0,3.0,0.0,20.0,5.0,0.0,1.0,0.0,0.0,100.0,2.0,0.0,0.0,6.0,5.0,1.0,1.0,177.0,1.0,8.0,4.3,0.0,25.0,4.0,0.0,1.0,1.0,0.0,4.0,1.0,77.0,0.0,9.0,3.0,8.0
2025,Round 6,2025-04-19,Melbourne,away,CD_M20250140604,2,Jaeger O'Meara,CD_I294613,0.0,1.0,17.0,1.0,1.0,100.0,1.0,1.0,0.0,0.0,0.0,0.0,28.6,4.0,8.0,86.7,15.0,13.0,7.0,0.0,1.0,0.0,0.0,1.0,0.0,4.0,6.0,0.0,0.0,0.0,0.0,3.0,1.0,2.0,77.8,1.5,0.0,0.0,9.0,5.0,0.0,0.0,242.0,0.0,13.0,13.5,0.0,0.0,6.0,1.0,0.0,0.0,2.0,4.0,1.0,55.0,3.0,14.0,2.0,10.0
2025,Round 6,2025-04-19,Melbourne,away,CD_M20250140604,25,Alex Pearce,CD_I298409,0.0,0.0,0.0,0.0,4.0,40.0,2.0,5.0,0.0,0.0,0.0,1.0,69.2,9.0,8.0,83.3,12.0,10.0,2.0,0.0,4.0,2.0,0.0,0.0,0.0,6.0,8.0,0.0,0.0,0.0,0.0,0.0,1.0,7.0,50.0,0.5,0.0,0.0,4.0,3.0,0.0,0.0,139.0,5.0,9.0,10.8,3.0,0.0,5.0,2.0,0.0,5.0,2.0,1.0,0.0,97.0,2.0,13.0,2.0,4.0
2025,Round 6,2025-04-19,Melbourne,away,CD_M20250140604,16,Murphy Reid,CD_I1028513,2.0,0.0,0.0,0.0,1.0,0.0,0.0,0.0,1.0,1.0,100.0,0.0,31.3,5.0,4.0,70.6,17.0,12.0,10.0,1.0,0.0,1.0,25.0,2.0,1.0,3.0,3.0,0.0,0.0,0.0,0.0,6.0,0.0,0.0,71.4,4.7,0.0,0.0,14.0,3.0,1.0,1.0,418.0,0.0,12.0,9.9,0.0,0.0,8.0,0.0,4.0,0.0,1.0,2.0,0.0,71.0,1.0,16.0,3.0,11.0
2025,Round 6,2025-04-19,Melbourne,away,CD_M20250140604,13,Luke Ryan,CD_I998659,0.0,0.0,0.0,0.0,1.0,50.0,1.0,2.0,0.0,0.0,0.0,1.0,50.0,5.0,11.0,82.4,17.0,14.0,12.0,0.0,0.0,2.0,0.0,0.0,0.0,2.0,4.0,0.0,0.0,0.0,0.0,0.0,1.0,6.0,92.3,3.3,6.0,6.0,13.0,3.0,0.0,0.0,439.0,2.0,12.0,10.4,9.0,0.0,3.0,2.0,0.0,2.0,0.0,3.0,0.0,91.0,0.0,10.0,3.0,5.0
2025,Round 6,2025-04-19,Melbourne,away,CD_M20250140604,3,Caleb Serong,CD_I1009420,0.0,0.0,28.0,3.0,2.0,0.0,0.0,0.0,0.0,0.0,0.0,0.0,46.4,13.0,11.0,63.0,27.0,17.0,7.0,1.0,1.0,3.0,0.0,1.0,0.0,12.0,18.0,0.0,0.0,0.0,0.0,3.0,0.0,2.0,77.8,0.5,0.0,0.0,9.0,0.0,0.0,0.0,345.0,0.0,22.0,13.2,3.0,0.0,7.0,1.0,0.0,0.0,2.0,4.0,0.0,82.0,5.0,28.0,6.0,15.0
2025,Round 6,2025-04-19,Melbourne,away,CD_M20250140604,14,Jeremy Sharp,CD_I1009380,3.0,1.0,0.0,0.0,0.0,0.0,0.0,0.0,0.0,0.0,0.0,0.0,29.4,5.0,7.0,72.2,18.0,13.0,8.0,0.0,0.0,0.0,25.0,0.0,1.0,4.0,6.0,0.0,0.0,0.0,0.0,3.0,1.0,2.0,66.7,2.0,0.0,0.0,12.0,4.0,0.0,0.0,382.0,0.0,10.0,10.9,0.0,0.0,6.0,2.0,4.0,0.0,2.0,1.0,0.0,97.0,2.0,17.0,1.0,12.0
2025,Round 6,2025-04-19,Melbourne,away,CD_M20250140604,39,Sam Switkowski,CD_I992059,0.0,0.0,0.0,0.0,1.0,0.0,0.0,0.0,0.0,0.0,0.0,0.0,25.0,4.0,3.0,75.0,16.0,12.0,3.0,1.0,1.0,0.0,0.0,2.0,0.0,3.0,11.0,0.0,0.0,0.0,0.0,5.0,0.0,2.0,60.0,0.5,0.0,0.0,5.0,6.0,0.0,1.0,116.0,1.0,9.0,4.3,1.0,0.0,10.0,1.0,0.0,1.0,1.0,0.0,0.0,72.0,1.0,16.0,1.0,12.0
2025,Round 6,2025-04-19,Melbourne,away,CD_M20250140604,35,Josh Treacy,CD_I1012819,1.0,0.0,0.0,0.0,1.0,0.0,0.0,0.0,3.0,0.0,0.0,0.0,16.7,1.0,5.0,66.7,6.0,4.0,3.0,0.0,0.0,0.0,50.0,0.0,1.0,1.0,1.0,0.0,0.0,0.0,0.0,2.0,0.0,0.0,60.0,5.0,0.0,0.0,5.0,4.0,2.0,1.0,124.0,2.0,10.0,-0.7,0.0,0.0,5.0,0.0,2.0,1.0,0.0,2.0,0.0,95.0,0.0,6.0,1.0,5.0
2025,Round 6,2025-04-19,Melbourne,away,CD_M20250140604,23,Karl Worner,CD_I1021015,0.0,0.0,0.0,0.0,0.0,0.0,0.0,1.0,0.0,0.0,0.0,0.0,0.0,0.0,7.0,100.0,15.0,15.0,12.0,0.0,0.0,0.0,0.0,0.0,0.0,0.0,3.0,0.0,0.0,0.0,0.0,1.0,1.0,2.0,100.0,4.0,0.0,0.0,12.0,8.0,0.0,0.0,286.0,0.0,9.0,2.7,4.0,0.0,2.0,1.0,0.0,0.0,0.0,1.0,0.0,83.0,0.0,14.0,3.0,14.0
2025,Round 6,2025-04-19,Melbourne,away,CD_M20250140604,26,Hayden Young,CD_I1009256,0.0,1.0,20.0,2.0,6.0,0.0,0.0,0.0,0.0,0.0,0.0,0.0,38.5,10.0,4.0,68.0,25.0,17.0,8.0,1.0,2.0,2.0,0.0,0.0,0.0,6.0,12.0,0.0,0.0,0.0,0.0,4.0,1.0,3.0,61.5,1.1,0.0,0.0,13.0,5.0,0.0,0.0,484.0,1.0,11.0,8.8,1.0,0.0,5.0,1.0,0.0,0.0,1.0,4.0,0.0,76.0,3.0,26.0,4.0,16.0
2025,Round 7,2025-04-25,Adelaide,home,CD_M20250140703,24,Jye Amiss,CD_I1020594,0.0,0.0,0.0,0.0,2.0,0.0,0.0,0.0,2.0,1.0,50.0,0.0,42.9,3.0,0.0,83.3,6.0,5.0,3.0,1.0,2.0,2.0,100.0,0.0,2.0,1.0,2.0,0.0,0.0,0.0,0.0,1.0,0.0,0.0,75.0,2.0,0.0,0.0,4.0,3.0,1.0,0.0,66.0,4.0,4.0,4.5,0.0,0.0,4.0,0.0,2.0,4.0,0.0,1.0,1.0,72.0,0.0,7.0,2.0,4.0
2025,Round 7,2025-04-25,Adelaide,home,CD_M20250140703,15,Shai Bolton,CD_I993993,2.0,3.0,11.0,1.0,2.0,0.0,0.0,0.0,0.0,0.0,0.0,0.0,50.0,11.0,4.0,63.6,22.0,14.0,4.0,3.0,1.0,2.0,33.3,1.0,1.0,7.0,11.0,0.0,0.0,0.0,0.0,5.0,0.0,2.0,36.4,1.0,0.0,0.0,11.0,0.0,0.0,0.0,293.0,0.0,14.0,11.3,0.0,0.0,6.0,1.0,3.0,0.0,2.0,1.0,1.0,84.0,3.0,22.0,2.0,11.0
2025,Round 7,2025-04-25,Adelaide,home,CD_M20250140703,8,Andrew Brayshaw,CD_I1002232,1.0,1.0,19.0,2.0,0.0,0.0,0.0,0.0,0.0,0.0,0.0,1.0,47.2,17.0,5.0,70.3,37.0,26.0,10.0,2.0,0.0,3.0,0.0,0.0,0.0,9.0,20.0,0.0,0.0,0.0,0.0,8.0,1.0,8.0,58.8,0.9,0.0,0.0,17.0,4.0,0.0,0.0,522.0,2.0,17.0,20.6,5.0,0.0,9.0,5.0,1.0,1.0,4.0,5.0,0.0,86.0,6.0,36.0,3.0,19.0
2025,Round 7,2025-04-25,Adelaide,home,CD_M20250140703,5,Heath Chapman,CD_I1013224,0.0,0.0,0.0,0.0,1.0,0.0,0.0,0.0,0.0,0.0,0.0,0.0,14.3,1.0,6.0,57.1,7.0,4.0,3.0,0.0,1.0,1.0,0.0,0.0,0.0,0.0,2.0,0.0,0.0,0.0,0.0,3.0,1.0,2.0,60.0,2.5,0.0,0.0,5.0,2.0,0.0,0.0,149.0,3.0,9.0,2.0,0.0,0.0,3.0,0.0,0.0,2.0,0.0,1.0,0.0,74.0,0.0,7.0,1.0,6.0
2025,Round 7,2025-04-25,Adelaide,home,CD_M20250140703,6,Jordan Clark,CD_I1006152,0.0,0.0,0.0,0.0,4.0,100.0,1.0,1.0,0.0,0.0,0.0,0.0,20.0,5.0,8.0,74.1,27.0,20.0,12.0,0.0,2.0,0.0,0.0,1.0,0.0,5.0,10.0,0.0,0.0,0.0,0.0,5.0,0.0,4.0,70.6,1.7,2.0,2.0,17.0,6.0,0.0,0.0,501.0,3.0,9.0,5.1,2.0,0.0,7.0,2.0,0.0,3.0,0.0,4.0,0.0,94.0,0.0,25.0,4.0,20.0
2025,Round 7,2025-04-25,Adelaide,home,CD_M20250140703,36,Brennan Cox,CD_I997033,0.0,0.0,0.0,0.0,4.0,50.0,1.0,2.0,0.0,0.0,0.0,0.0,46.2,6.0,6.0,57.1,14.0,8.0,6.0,0.0,2.0,1.0,0.0,0.0,0.0,4.0,4.0,0.0,0.0,0.0,0.0,0.0,1.0,7.0,60.0,2.5,1.0,1.0,10.0,5.0,0.0,0.0,248.0,5.0,7.0,2.3,4.0,0.0,3.0,3.0,0.0,3.0,0.0,1.0,0.0,84.0,0.0,13.0,5.0,7.0
2025,Round 7,2025-04-25,Adelaide,home,CD_M20250140703,4,Sean Darcy,CD_I998145,0.0,0.0,20.0,1.0,6.0,0.0,0.0,0.0,0.0,0.0,0.0,0.0,62.5,5.0,2.0,50.0,8.0,4.0,1.0,0.0,3.0,4.0,0.0,0.0,0.0,0.0,3.0,38.9,45.6,36.0,14.0,2.0,0.0,0.0,20.0,1.7,0.0,0.0,5.0,0.0,0.0,0.0,140.0,4.0,7.0,8.2,0.0,79.0,1.0,0.0,0.0,4.0,4.0,5.0,1.0,79.0,5.0,8.0,3.0,3.0
2025,Round 7,2025-04-25,Adelaide,home,CD_M20250140703,37,Joshua Draper,CD_I1020668,0.0,0.0,0.0,0.0,2.0,100.0,1.0,1.0,0.0,0.0,0.0,1.0,27.3,3.0,2.0,90.9,11.0,10.0,5.0,0.0,1.0,0.0,0.0,0.0,0.0,2.0,5.0,0.0,0.0,0.0,0.0,2.0,2.0,3.0,83.3,1.2,0.0,0.0,6.0,6.0,0.0,0.0,209.0,3.0,2.0,6.1,3.0,0.0,1.0,0.0,0.0,3.0,1.0,0.0,0.0,79.0,1.0,11.0,2.0,8.0
2025,Round 7,2025-04-25,Adelaide,home,CD_M20250140703,43,Isaiah Dudley,CD_I1011558,1.0,0.0,0.0,0.0,2.0,0.0,0.0,0.0,0.0,0.0,0.0,0.0,66.7,2.0,0.0,25.0,4.0,1.0,1.0,0.0,0.0,1.0,0.0,2.0,0.0,1.0,1.0,0.0,0.0,0.0,0.0,2.0,0.0,1.0,33.3,3.0,0.0,0.0,3.0,0.0,0.0,0.0,89.0,3.0,10.0,0.6,0.0,0.0,3.0,0.0,2.0,1.0,0.0,4.0,1.0,60.0,0.0,3.0,2.0,1.0
2025,Round 7,2025-04-25,Adelaide,home,CD_M20250140703,32,Michael Frederick,CD_I999321,1.0,1.0,0.0,0.0,1.0,0.0,0.0,0.0,0.0,0.0,0.0,0.0,36.4,4.0,2.0,81.8,11.0,9.0,6.0,0.0,0.0,1.0,50.0,0.0,2.0,3.0,3.0,0.0,0.0,0.0,0.0,1.0,0.0,1.0,75.0,2.7,0.0,0.0,8.0,6.0,2.0,1.0,254.0,1.0,11.0,8.0,0.0,0.0,4.0,1.0,4.0,1.0,0.0,1.0,1.0,81.0,0.0,11.0,0.0,7.0
2025,Round 7,2025-04-25,Adelaide,home,CD_M20250140703,44,Matthew Johnson,CD_I1016825,0.0,1.0,9.0,1.0,7.0,0.0,0.0,0.0,1.0,1.0,100.0,1.0,26.9,7.0,10.0,59.3,27.0,16.0,7.0,0.0,3.0,0.0,0.0,1.0,0.0,6.0,14.0,0.0,0.0,0.0,0.0,5.0,2.0,2.0,53.8,0.9,0.0,0.0,13.0,8.0,0.0,0.0,462.0,2.0,22.0,12.0,2.0,0.0,4.0,1.0,0.0,0.0,1.0,3.0,0.0,80.0,2.0,26.0,7.0,19.0
2025,Round 7,2025-04-25,Adelaide,home,CD_M20250140703,21,Oscar McDonald,CD_I992472,0.0,0.0,4.0,0.0,2.0,0.0,0.0,0.0,3.0,0.0,0.0,0.0,33.3,3.0,1.0,88.9,9.0,8.0,7.0,2.0,2.0,0.0,100.0,3.0,2.0,3.0,1.0,0.0,13.3,2.0,0.0,2.0,0.0,0.0,87.5,8.0,0.0,0.0,8.0,4.0,1.0,1.0,292.0,1.0,10.0,14.9,0.0,15.0,7.0,0.0,2.0,1.0,0.0,3.0,1.0,80.0,0.0,9.0,2.0,6.0
2025,Round 7,2025-04-25,Adelaide,home,CD_M20250140703,19,Quinton Narkle,CD_I999824,1.0,0.0,0.0,0.0,0.0,0.0,0.0,0.0,0.0,0.0,0.0,0.0,33.3,1.0,0.0,66.7,3.0,2.0,0.0,0.0,0.0,0.0,0.0,0.0,0.0,1.0,2.0,0.0,0.0,0.0,0.0,0.0,0.0,1.0,0.0,0.5,0.0,0.0,1.0,0.0,0.0,0.0,37.0,0.0,1.0,1.3,0.0,0.0,2.0,0.0,1.0,0.0,0.0,0.0,0.0,16.0,0.0,3.0,0.0,2.0
2025,Round 7,2025-04-25,Adelaide,home,CD_M20250140703,25,Alex Pearce,CD_I298409,0.0,0.0,0.0,0.0,2.0,0.0,0.0,2.0,0.0,0.0,0.0,0.0,54.5,6.0,9.0,100.0,10.0,10.0,4.0,0.0,2.0,1.0,0.0,0.0,0.0,5.0,6.0,0.0,0.0,0.0,0.0,1.0,1.0,6.0,100.0,0.7,0.0,0.0,4.0,4.0,0.0,0.0,74.0,4.0,14.0,8.2,0.0,0.0,1.0,1.0,0.0,3.0,1.0,3.0,0.0,95.0,1.0,11.0,1.0,5.0
2025,Round 7,2025-04-25,Adelaide,home,CD_M20250140703,16,Murphy Reid,CD_I1028513,1.0,0.0,0.0,0.0,2.0,0.0,0.0,0.0,0.0,0.0,0.0,0.0,25.0,2.0,2.0,50.0,6.0,3.0,1.0,0.0,1.0,1.0,50.0,0.0,1.0,0.0,3.0,0.0,0.0,0.0,0.0,1.0,0.0,0.0,33.3,1.0,0.0,0.0,3.0,0.0,0.0,0.0,136.0,1.0,15.0,2.9,0.0,0.0,5.0,1.0,2.0,0.0,2.0,4.0,1.0,73.0,2.0,8.0,1.0,6.0
2025,Round 7,2025-04-25,Adelaide,home,CD_M20250140703,13,Luke Ryan,CD_I998659,0.0,0.0,0.0,0.0,2.0,0.0,0.0,1.0,0.0,0.0,0.0,1.0,15.4,2.0,6.0,73.9,23.0,17.0,14.0,0.0,1.0,0.0,0.0,0.0,0.0,1.0,3.0,0.0,0.0,0.0,0.0,1.0,3.0,4.0,70.0,6.7,10.0,10.0,20.0,9.0,0.0,0.0,681.0,1.0,7.0,8.3,10.0,0.0,4.0,2.0,0.0,0.0,0.0,1.0,0.0,93.0,0.0,13.0,4.0,11.0
2025,Round 7,2025-04-25,Adelaide,home,CD_M20250140703,3,Caleb Serong,CD_I1009420,0.0,0.0,19.0,4.0,5.0,0.0,0.0,0.0,0.0,0.0,0.0,0.0,57.6,19.0,4.0,65.6,32.0,21.0,1.0,3.0,1.0,0.0,0.0,0.0,0.0,15.0,26.0,0.0,0.0,0.0,0.0,2.0,0.0,2.0,16.7,0.2,0.0,0.0,6.0,0.0,0.0,0.0,176.0,1.0,11.0,16.5,2.0,0.0,8.0,5.0,0.0,0.0,6.0,2.0,0.0,79.0,10.0,33.0,5.0,14.0
2025,Round 7,2025-04-25,Adelaide,home,CD_M20250140703,14,Jeremy Sharp,CD_I1009380,0.0,0.0,0.0,0.0,0.0,0.0,0.0,0.0,0.0,0.0,0.0,0.0,20.0,1.0,3.0,80.0,5.0,4.0,1.0,0.0,0.0,0.0,0.0,0.0,0.0,1.0,4.0,0.0,0.0,0.0,0.0,0.0,0.0,0.0,100.0,0.3,0.0,0.0,1.0,0.0,0.0,0.0,38.0,0.0,11.0,2.2,0.0,0.0,2.0,1.0,0.0,0.0,1.0,2.0,0.0,92.0,1.0,5.0,0.0,4.0
2025,Round 7,2025-04-25,Adelaide,home,CD_M20250140703,39,Sam Switkowski,CD_I992059,0.0,0.0,0.0,1.0,0.0,0.0,0.0,0.0,0.0,0.0,0.0,0.0,40.0,4.0,8.0,90.0,10.0,9.0,4.0,2.0,0.0,1.0,100.0,1.0,1.0,3.0,6.0,0.0,0.0,0.0,0.0,0.0,0.0,1.0,100.0,0.7,0.0,0.0,4.0,1.0,0.0,0.0,57.0,0.0,24.0,10.9,0.0,0.0,6.0,2.0,1.0,0.0,0.0,2.0,0.0,79.0,1.0,10.0,0.0,6.0
2025,Round 7,2025-04-25,Adelaide,home,CD_M20250140703,35,Josh Treacy,CD_I1012819,3.0,0.0,0.0,0.0,2.0,0.0,0.0,0.0,1.0,0.0,0.0,2.0,50.0,8.0,0.0,66.7,15.0,10.0,9.0,1.0,2.0,3.0,40.0,0.0,2.0,2.0,2.0,0.0,0.0,0.0,0.0,3.0,1.0,1.0,69.2,6.5,0.0,0.0,13.0,7.0,2.0,3.0,450.0,4.0,5.0,9.4,0.0,0.0,9.0,0.0,5.0,3.0,0.0,0.0,0.0,91.0,0.0,16.0,5.0,8.0
2025,Round 7,2025-04-25,Adelaide,home,CD_M20250140703,34,Corey Wagner,CD_I993940,0.0,0.0,2.0,0.0,1.0,0.0,0.0,0.0,0.0,0.0,0.0,0.0,31.6,6.0,9.0,75.0,16.0,12.0,4.0,0.0,0.0,0.0,0.0,0.0,0.0,4.0,9.0,0.0,0.0,0.0,0.0,3.0,0.0,3.0,57.1,0.8,0.0,0.0,7.0,2.0,0.0,0.0,171.0,3.0,16.0,10.6,2.0,0.0,4.0,0.0,0.0,0.0,1.0,5.0,1.0,72.0,1.0,19.0,1.0,13.0
2025,Round 7,2025-04-25,Adelaide,home,CD_M20250140703,23,Karl Worner,CD_I1021015,0.0,0.0,0.0,0.0,1.0,0.0,0.0,0.0,0.0,0.0,0.0,1.0,25.0,4.0,4.0,82.4,17.0,14.0,5.0,0.0,0.0,2.0,0.0,0.0,0.0,2.0,9.0,0.0,0.0,0.0,0.0,3.0,1.0,3.0,62.5,0.9,0.0,0.0,8.0,4.0,0.0,0.0,299.0,3.0,5.0,9.0,2.0,0.0,3.0,0.0,0.0,3.0,2.0,2.0,0.0,81.0,2.0,16.0,1.0,12.0
2025,Round 7,2025-04-25,Adelaide,home,CD_M20250140703,26,Hayden Young,CD_I1009256,0.0,1.0,12.0,1.0,1.0,0.0,0.0,0.0,0.0,0.0,0.0,0.0,36.4,8.0,7.0,70.0,20.0,14.0,6.0,0.0,1.0,1.0,100.0,0.0,1.0,3.0,10.0,0.0,0.0,0.0,0.0,3.0,0.0,0.0,60.0,1.0,0.0,0.0,10.0,3.0,1.0,1.0,276.0,1.0,20.0,9.9,1.0,0.0,6.0,0.0,1.0,0.0,2.0,3.0,0.0,75.0,3.0,22.0,3.0,14.0
2025,Round 8,2025-05-02,St Kilda,away,CD_M20250140802,24,Jye Amiss,CD_I1020594,0.0,0.0,0.0,0.0,2.0,0.0,0.0,0.0,1.0,0.0,0.0,0.0,25.0,2.0,1.0,75.0,8.0,6.0,4.0,0.0,2.0,2.0,100.0,0.0,2.0,0.0,3.0,0.0,0.0,0.0,0.0,1.0,0.0,0.0,80.0,1.7,0.0,0.0,5.0,5.0,1.0,1.0,177.0,0.0,5.0,4.6,0.0,0.0,3.0,0.0,2.0,0.0,0.0,1.0,1.0,82.0,0.0,8.0,3.0,6.0
2025,Round 8,2025-05-02,St Kilda,away,CD_M20250140802,15,Shai Bolton,CD_I993993,0.0,1.0,6.0,0.0,6.0,0.0,0.0,0.0,0.0,0.0,0.0,1.0,57.1,4.0,3.0,42.9,7.0,3.0,0.0,0.0,2.0,0.0,0.0,0.0,0.0,3.0,4.0,0.0,0.0,0.0,0.0,2.0,0.0,1.0,0.0,0.8,0.0,0.0,3.0,1.0,1.0,0.0,86.0,0.0,8.0,-1.9,0.0,0.0,1.0,0.0,2.0,0.0,1.0,2.0,1.0,86.0,1.0,7.0,2.0,3.0
2025,Round 8,2025-05-02,St Kilda,away,CD_M20250140802,8,Andrew Brayshaw,CD_I1002232,0.0,0.0,12.0,0.0,6.0,0.0,0.0,0.0,0.0,0.0,0.0,0.0,30.0,6.0,11.0,72.2,18.0,13.0,9.0,1.0,4.0,2.0,0.0,0.0,0.0,5.0,6.0,0.0,0.0,0.0,0.0,4.0,1.0,5.0,75.0,2.0,0.0,0.0,12.0,4.0,0.0,1.0,343.0,2.0,19.0,7.3,2.0,0.0,5.0,0.0,0.0,1.0,1.0,7.0,1.0,84.0,1.0,20.0,4.0,14.0
2025,Round 8,2025-05-02,St Kilda,away,CD_M20250140802,5,Heath Chapman,CD_I1013224,0.0,0.0,0.0,0.0,5.0,0.0,0.0,0.0,0.0,0.0,0.0,0.0,0.0,0.0,9.0,75.0,8.0,6.0,6.0,0.0,2.0,0.0,0.0,0.0,0.0,0.0,0.0,0.0,0.0,0.0,0.0,0.0,1.0,3.0,75.0,8.0,0.0,0.0,8.0,3.0,0.0,0.0,279.0,3.0,10.0,1.5,4.0,0.0,0.0,0.0,0.0,2.0,0.0,3.0,0.0,80.0,0.0,7.0,3.0,7.0
2025,Round 8,2025-05-02,St Kilda,away,CD_M20250140802,6,Jordan Clark,CD_I1006152,0.0,0.0,0.0,0.0,5.0,0.0,0.0,0.0,0.0,0.0,0.0,0.0,23.1,3.0,11.0,75.0,16.0,12.0,6.0,0.0,1.0,1.0,0.0,0.0,0.0,3.0,7.0,0.0,0.0,0.0,0.0,1.0,0.0,6.0,66.7,1.3,2.0,2.0,9.0,2.0,0.0,0.0,318.0,3.0,17.0,7.0,4.0,0.0,1.0,0.0,0.0,1.0,0.0,4.0,0.0,96.0,0.0,13.0,3.0,10.0
2025,Round 8,2025-05-02,St Kilda,away,CD_M20250140802,36,Brennan Cox,CD_I997033,0.0,0.0,0.0,0.0,3.0,100.0,1.0,1.0,0.0,0.0,0.0,4.0,43.8,7.0,4.0,85.7,14.0,12.0,9.0,0.0,2.0,1.0,0.0,0.0,0.0,2.0,3.0,0.0,0.0,0.0,0.0,0.0,5.0,8.0,81.8,3.7,0.0,0.0,11.0,10.0,0.0,1.0,247.0,5.0,7.0,10.4,7.0,0.0,1.0,1.0,0.0,5.0,0.0,0.0,0.0,83.0,0.0,16.0,3.0,9.0
2025,Round 8,2025-05-02,St Kilda,away,CD_M20250140802,4,Sean Darcy,CD_I998145,0.0,0.0,16.0,0.0,1.0,0.0,0.0,0.0,1.0,1.0,100.0,1.0,71.4,5.0,6.0,75.0,8.0,6.0,5.0,0.0,1.0,2.0,0.0,0.0,0.0,1.0,2.0,15.6,50.8,32.0,5.0,1.0,1.0,2.0,83.3,3.0,0.0,0.0,6.0,2.0,0.0,0.0,52.0,0.0,14.0,5.6,4.0,63.0,2.0,2.0,0.0,0.0,2.0,4.0,2.0,68.0,2.0,7.0,0.0,2.0
2025,Round 8,2025-05-02,St Kilda,away,CD_M20250140802,37,Joshua Draper,CD_I1020668,0.0,0.0,5.0,0.0,5.0,0.0,0.0,0.0,0.0,0.0,0.0,0.0,53.8,7.0,6.0,76.9,13.0,10.0,5.0,0.0,3.0,0.0,0.0,0.0,0.0,6.0,7.0,33.3,25.0,3.0,1.0,0.0,0.0,5.0,83.3,0.9,0.0,0.0,6.0,4.0,0.0,0.0,147.0,3.0,11.0,5.2,1.0,12.0,0.0,0.0,0.0,2.0,0.0,5.0,1.0,83.0,0.0,13.0,4.0,6.0
2025,Round 8,2025-05-02,St Kilda,away,CD_M20250140802,43,Isaiah Dudley,CD_I1011558,1.0,0.0,0.0,0.0,0.0,0.0,0.0,0.0,0.0,0.0,0.0,0.0,28.6,2.0,4.0,71.4,7.0,5.0,2.0,1.0,0.0,0.0,50.0,1.0,1.0,2.0,3.0,0.0,0.0,0.0,0.0,0.0,0.0,0.0,50.0,1.3,0.0,0.0,4.0,1.0,0.0,0.0,133.0,2.0,22.0,7.8,1.0,0.0,3.0,0.0,2.0,1.0,0.0,8.0,6.0,83.0,0.0,7.0,1.0,5.0
2025,Round 8,2025-05-02,St Kilda,away,CD_M20250140802,32,Michael Frederick,CD_I999321,1.0,0.0,0.0,0.0,4.0,0.0,0.0,0.0,0.0,0.0,0.0,0.0,20.0,2.0,9.0,70.0,10.0,7.0,4.0,1.0,1.0,0.0,0.0,0.0,0.0,2.0,5.0,0.0,0.0,0.0,0.0,2.0,1.0,2.0,80.0,1.0,0.0,0.0,5.0,4.0,1.0,0.0,173.0,2.0,14.0,0.2,1.0,0.0,2.0,0.0,1.0,1.0,0.0,4.0,0.0,80.0,0.0,10.0,3.0,8.0
2025,Round 8,2025-05-02,St Kilda,away,CD_M20250140802,9,Luke Jackson,CD_I1009399,0.0,0.0,10.0,1.0,1.0,0.0,0.0,0.0,2.0,0.0,0.0,2.0,72.7,8.0,1.0,90.9,11.0,10.0,5.0,0.0,0.0,2.0,0.0,0.0,0.0,4.0,6.0,6.3,48.5,16.0,1.0,0.0,0.0,0.0,100.0,0.8,0.0,0.0,5.0,3.0,0.0,0.0,47.0,2.0,8.0,7.6,1.0,33.0,2.0,0.0,0.0,2.0,1.0,3.0,0.0,72.0,2.0,11.0,1.0,3.0
2025,Round 8,2025-05-02,St Kilda,away,CD_M20250140802,44,Matthew Johnson,CD_I1016825,0.0,2.0,13.0,1.0,7.0,0.0,0.0,0.0,0.0,0.0,0.0,0.0,23.8,5.0,11.0,57.1,21.0,12.0,7.0,0.0,2.0,2.0,0.0,0.0,0.0,3.0,10.0,0.0,0.0,0.0,0.0,5.0,0.0,1.0,63.6,1.1,0.0,0.0,11.0,10.0,0.0,1.0,503.0,2.0,16.0,5.0,1.0,0.0,1.0,0.0,0.0,1.0,1.0,4.0,0.0,78.0,2.0,21.0,6.0,16.0
2025,Round 8,2025-05-02,St Kilda,away,CD_M20250140802,19,Quinton Narkle,CD_I999824,0.0,0.0,0.0,0.0,0.0,0.0,0.0,0.0,0.0,0.0,0.0,0.0,14.3,1.0,3.0,100.0,7.0,7.0,5.0,1.0,0.0,0.0,100.0,0.0,1.0,1.0,2.0,0.0,0.0,0.0,0.0,0.0,1.0,1.0,100.0,2.5,0.0,0.0,5.0,2.0,0.0,0.0,121.0,0.0,6.0,8.7,1.0,0.0,3.0,0.0,1.0,0.0,0.0,2.0,0.0,48.0,0.0,7.0,0.0,6.0
2025,Round 8,2025-05-02,St Kilda,away,CD_M20250140802,25,Alex Pearce,CD_I298409,0.0,0.0,0.0,0.0,3.0,25.0,1.0,4.0,0.0,0.0,0.0,4.0,44.4,8.0,9.0,88.9,18.0,16.0,9.0,0.0,1.0,3.0,0.0,0.0,0.0,3.0,7.0,0.0,0.0,0.0,0.0,3.0,4.0,10.0,81.8,1.6,0.0,0.0,11.0,6.0,0.0,0.0,339.0,5.0,10.0,19.1,3.0,0.0,2.0,2.0,0.0,4.0,0.0,3.0,0.0,96.0,0.0,18.0,3.0,10.0
2025,Round 8,2025-05-02,St Kilda,away,CD_M20250140802,16,Murphy Reid,CD_I1028513,1.0,0.0,3.0,1.0,2.0,0.0,0.0,0.0,0.0,0.0,0.0,1.0,66.7,10.0,3.0,46.7,15.0,7.0,1.0,3.0,1.0,1.0,0.0,0.0,0.0,8.0,11.0,0.0,0.0,0.0,0.0,1.0,0.0,0.0,25.0,0.4,0.0,0.0,4.0,2.0,1.0,0.0,140.0,0.0,11.0,5.5,0.0,0.0,2.0,0.0,1.0,0.0,2.0,0.0,0.0,73.0,3.0,15.0,4.0,5.0
2025,Round 8,2025-05-02,St Kilda,away,CD_M20250140802,13,Luke Ryan,CD_I998659,0.0,0.0,0.0,0.0,3.0,0.0,0.0,2.0,0.0,0.0,0.0,0.0,22.2,4.0,6.0,91.7,24.0,22.0,17.0,0.0,1.0,1.0,0.0,0.0,0.0,3.0,5.0,0.0,0.0,0.0,0.0,3.0,1.0,7.0,89.5,3.8,6.0,6.0,19.0,7.0,0.0,0.0,602.0,2.0,7.0,9.8,6.0,0.0,0.0,0.0,0.0,2.0,0.0,3.0,0.0,82.0,0.0,18.0,6.0,14.0
2025,Round 8,2025-05-02,St Kilda,away,CD_M20250140802,3,Caleb Serong,CD_I1009420,0.0,0.0,21.0,2.0,3.0,0.0,0.0,0.0,0.0,0.0,0.0,0.0,75.0,12.0,13.0,73.3,15.0,11.0,2.0,1.0,2.0,2.0,0.0,0.0,0.0,7.0,11.0,0.0,0.0,0.0,0.0,1.0,0.0,1.0,50.0,0.4,0.0,0.0,4.0,1.0,0.0,0.0,159.0,1.0,26.0,10.8,2.0,0.0,2.0,2.0,0.0,0.0,6.0,8.0,0.0,85.0,8.0,16.0,2.0,4.0
2025,Round 8,2025-05-02,St Kilda,away,CD_M20250140802,14,Jeremy Sharp,CD_I1009380,0.0,2.0,0.0,0.0,3.0,0.0,0.0,0.0,1.0,0.0,0.0,0.0,5.9,1.0,4.0,58.8,17.0,10.0,5.0,0.0,0.0,1.0,0.0,0.0,0.0,0.0,6.0,0.0,0.0,0.0,0.0,3.0,0.0,0.0,45.5,1.8,0.0,0.0,11.0,3.0,0.0,0.0,369.0,0.0,5.0,2.0,0.0,0.0,2.0,0.0,0.0,0.0,1.0,1.0,0.0,92.0,1.0,17.0,4.0,16.0
2025,Round 8,2025-05-02,St Kilda,away,CD_M20250140802,39,Sam Switkowski,CD_I992059,0.0,0.0,0.0,0.0,1.0,0.0,0.0,0.0,1.0,0.0,0.0,0.0,14.3,1.0,5.0,71.4,7.0,5.0,1.0,0.0,1.0,0.0,0.0,0.0,0.0,1.0,4.0,0.0,0.0,0.0,0.0,2.0,0.0,1.0,33.3,0.8,0.0,0.0,3.0,3.0,0.0,1.0,96.0,2.0,16.0,0.7,1.0,0.0,1.0,0.0,0.0,1.0,0.0,3.0,0.0,84.0,0.0,7.0,2.0,6.0
2025,Round 8,2025-05-02,St Kilda,away,CD_M20250140802,35,Josh Treacy,CD_I1012819,0.0,0.0,0.0,0.0,2.0,0.0,0.0,0.0,3.0,1.0,33.3,3.0,50.0,3.0,3.0,50.0,6.0,3.0,1.0,0.0,0.0,0.0,0.0,1.0,0.0,0.0,2.0,0.0,0.0,0.0,0.0,1.0,0.0,0.0,25.0,2.0,0.0,0.0,4.0,4.0,0.0,1.0,78.0,1.0,7.0,3.2,1.0,0.0,1.0,0.0,0.0,0.0,0.0,0.0,0.0,86.0,0.0,6.0,2.0,3.0
2025,Round 8,2025-05-02,St Kilda,away,CD_M20250140802,34,Corey Wagner,CD_I993940,0.0,0.0,3.0,0.0,3.0,0.0,0.0,0.0,0.0,0.0,0.0,0.0,46.2,6.0,15.0,76.9,13.0,10.0,7.0,1.0,2.0,1.0,0.0,1.0,0.0,5.0,4.0,0.0,0.0,0.0,0.0,3.0,0.0,3.0,77.8,2.3,0.0,0.0,9.0,0.0,0.0,0.0,230.0,2.0,24.0,13.9,2.0,0.0,3.0,0.0,0.0,0.0,1.0,16.0,3.0,76.0,1.0,13.0,1.0,7.0
2025,Round 8,2025-05-02,St Kilda,away,CD_M20250140802,23,Karl Worner,CD_I1021015,0.0,0.0,0.0,0.0,0.0,0.0,0.0,1.0,0.0,0.0,0.0,0.0,30.8,4.0,7.0,80.0,15.0,12.0,6.0,0.0,0.0,0.0,0.0,0.0,0.0,3.0,8.0,0.0,0.0,0.0,0.0,0.0,0.0,3.0,85.7,0.9,2.0,2.0,7.0,4.0,0.0,0.0,126.0,3.0,8.0,8.0,4.0,0.0,2.0,1.0,0.0,3.0,1.0,2.0,0.0,76.0,1.0,13.0,2.0,9.0
2025,Round 8,2025-05-02,St Kilda,away,CD_M20250140802,26,Hayden Young,CD_I1009256,0.0,0.0,3.0,0.0,2.0,0.0,0.0,0.0,1.0,0.0,0.0,0.0,25.0,2.0,1.0,62.5,8.0,5.0,3.0,0.0,2.0,0.0,100.0,0.0,1.0,1.0,5.0,0.0,0.0,0.0,0.0,1.0,0.0,1.0,100.0,0.6,0.0,0.0,3.0,1.0,0.0,0.0,63.0,0.0,7.0,2.4,0.0,0.0,1.0,0.0,1.0,0.0,0.0,4.0,3.0,27.0,0.0,8.0,1.0,6.0
2025,Round 9,2025-05-08,Collingwood,home,CD_M20250140901,24,Jye Amiss,CD_I1020594,2.0,0.0,0.0,0.0,2.0,0.0,0.0,0.0,1.0,1.0,100.0,1.0,25.0,3.0,0.0,75.0,12.0,9.0,3.0,1.0,0.0,1.0,0.0,1.0,0.0,1.0,6.0,0.0,0.0,0.0,0.0,0.0,0.0,0.0,50.0,1.0,0.0,0.0,6.0,4.0,1.0,0.0,128.0,1.0,4.0,0.5,0.0,0.0,5.0,1.0,3.0,1.0,1.0,0.0,0.0,89.0,1.0,12.0,1.0,9.0
2025,Round 9,2025-05-08,Collingwood,home,CD_M20250140901,15,Shai Bolton,CD_I993993,0.0,5.0,16.0,4.0,5.0,0.0,0.0,0.0,0.0,0.0,0.0,0.0,48.3,14.0,3.0,75.0,28.0,21.0,10.0,1.0,1.0,2.0,100.0,0.0,1.0,9.0,13.0,0.0,0.0,0.0,0.0,7.0,0.0,2.0,66.7,1.2,0.0,0.0,15.0,3.0,0.0,0.0,482.0,3.0,13.0,18.2,0.0,0.0,6.0,2.0,1.0,0.0,5.0,3.0,0.0,85.0,9.0,29.0,4.0,15.0
2025,Round 9,2025-05-08,Collingwood,home,CD_M20250140901,8,Andrew Brayshaw,CD_I1002232,0.0,0.0,28.0,3.0,1.0,0.0,0.0,0.0,0.0,0.0,0.0,0.0,37.8,14.0,8.0,88.2,34.0,30.0,7.0,0.0,0.0,1.0,100.0,2.0,1.0,8.0,25.0,0.0,0.0,0.0,0.0,6.0,1.0,4.0,77.8,0.4,0.0,0.0,9.0,5.0,0.0,0.0,336.0,7.0,19.0,25.4,1.0,0.0,8.0,2.0,1.0,2.0,3.0,5.0,1.0,86.0,6.0,37.0,1.0,23.0
2025,Round 9,2025-05-08,Collingwood,home,CD_M20250140901,5,Heath Chapman,CD_I1013224,0.0,0.0,0.0,1.0,3.0,100.0,1.0,1.0,0.0,0.0,0.0,0.0,33.3,6.0,7.0,64.7,17.0,11.0,6.0,0.0,1.0,1.0,0.0,0.0,0.0,4.0,6.0,0.0,0.0,0.0,0.0,1.0,0.0,4.0,54.5,1.8,0.0,0.0,11.0,6.0,0.0,0.0,372.0,3.0,9.0,7.8,2.0,0.0,3.0,0.0,0.0,1.0,1.0,2.0,0.0,88.0,2.0,18.0,5.0,12.0
2025,Round 9,2025-05-08,Collingwood,home,CD_M20250140901,6,Jordan Clark,CD_I1006152,0.0,1.0,1.0,2.0,3.0,0.0,0.0,0.0,0.0,0.0,0.0,1.0,26.7,8.0,7.0,78.8,33.0,26.0,19.0,0.0,0.0,4.0,0.0,0.0,0.0,3.0,9.0,0.0,0.0,0.0,0.0,5.0,2.0,8.0,79.2,2.7,2.0,2.0,24.0,8.0,0.0,0.0,462.0,3.0,10.0,21.1,0.0,0.0,5.0,0.0,1.0,3.0,0.0,4.0,1.0,90.0,2.0,30.0,4.0,22.0
2025,Round 9,2025-05-08,Collingwood,home,CD_M20250140901,36,Brennan Cox,CD_I997033,0.0,0.0,0.0,0.0,2.0,0.0,0.0,1.0,1.0,1.0,100.0,1.0,42.9,6.0,4.0,92.3,13.0,12.0,6.0,0.0,1.0,2.0,0.0,0.0,0.0,3.0,6.0,0.0,0.0,0.0,0.0,1.0,0.0,4.0,85.7,1.2,0.0,0.0,7.0,4.0,0.0,0.0,153.0,5.0,8.0,6.9,1.0,0.0,1.0,1.0,0.0,4.0,0.0,2.0,0.0,81.0,0.0,14.0,1.0,8.0
2025,Round 9,2025-05-08,Collingwood,home,CD_M20250140901,4,Sean Darcy,CD_I998145,0.0,0.0,12.0,1.0,3.0,0.0,0.0,0.0,0.0,0.0,0.0,0.0,100.0,8.0,3.0,28.6,7.0,2.0,0.0,0.0,2.0,0.0,0.0,0.0,0.0,2.0,6.0,26.7,45.5,15.0,4.0,1.0,0.0,0.0,0.0,0.2,0.0,0.0,1.0,0.0,0.0,0.0,28.0,2.0,6.0,5.1,0.0,33.0,1.0,1.0,0.0,1.0,3.0,4.0,0.0,39.0,4.0,8.0,0.0,0.0
2025,Round 9,2025-05-08,Collingwood,home,CD_M20250140901,43,Isaiah Dudley,CD_I1011558,2.0,0.0,0.0,0.0,2.0,0.0,0.0,0.0,1.0,0.0,0.0,0.0,14.3,1.0,1.0,42.9,7.0,3.0,3.0,1.0,1.0,0.0,25.0,1.0,1.0,1.0,0.0,0.0,0.0,0.0,0.0,2.0,0.0,0.0,42.9,7.0,0.0,0.0,7.0,4.0,3.0,0.0,233.0,0.0,8.0,0.3,0.0,0.0,4.0,0.0,4.0,0.0,0.0,3.0,2.0,72.0,0.0,7.0,3.0,6.0
2025,Round 9,2025-05-08,Collingwood,home,CD_M20250140901,28,Neil Erasmus,CD_I1020250,0.0,0.0,4.0,0.0,1.0,0.0,0.0,0.0,0.0,0.0,0.0,0.0,40.0,2.0,0.0,50.0,4.0,2.0,2.0,1.0,0.0,0.0,0.0,0.0,0.0,2.0,2.0,0.0,0.0,0.0,0.0,1.0,0.0,0.0,100.0,1.0,0.0,0.0,2.0,2.0,0.0,0.0,50.0,1.0,3.0,3.5,0.0,0.0,1.0,0.0,0.0,0.0,0.0,0.0,0.0,13.0,0.0,5.0,1.0,3.0
2025,Round 9,2025-05-08,Collingwood,home,CD_M20250140901,32,Michael Frederick,CD_I999321,0.0,0.0,0.0,0.0,2.0,0.0,0.0,0.0,2.0,0.0,0.0,0.0,23.1,3.0,1.0,69.2,13.0,9.0,4.0,0.0,0.0,0.0,100.0,1.0,1.0,3.0,7.0,0.0,0.0,0.0,0.0,4.0,0.0,2.0,66.7,0.9,0.0,0.0,6.0,3.0,0.0,2.0,208.0,1.0,6.0,7.5,0.0,0.0,4.0,0.0,1.0,1.0,0.0,1.0,1.0,84.0,0.0,13.0,2.0,10.0
2025,Round 9,2025-05-08,Collingwood,home,CD_M20250140901,9,Luke Jackson,CD_I1009399,0.0,0.0,19.0,2.0,2.0,100.0,1.0,1.0,0.0,0.0,0.0,3.0,55.0,11.0,6.0,84.2,19.0,16.0,4.0,0.0,1.0,0.0,0.0,1.0,0.0,8.0,14.0,29.4,30.9,17.0,5.0,3.0,3.0,4.0,80.0,0.4,0.0,0.0,5.0,5.0,0.0,1.0,217.0,1.0,13.0,14.9,0.0,55.0,7.0,5.0,0.0,1.0,1.0,5.0,1.0,85.0,3.0,20.0,2.0,9.0
2025,Round 9,2025-05-08,Collingwood,home,CD_M20250140901,44,Matthew Johnson,CD_I1016825,3.0,2.0,3.0,0.0,4.0,0.0,0.0,0.0,0.0,0.0,0.0,0.0,40.9,9.0,7.0,63.6,22.0,14.0,5.0,2.0,1.0,1.0,0.0,1.0,0.0,6.0,12.0,0.0,0.0,0.0,0.0,6.0,0.0,3.0,50.0,0.8,0.0,0.0,10.0,4.0,0.0,1.0,431.0,3.0,19.0,9.1,0.0,0.0,6.0,4.0,3.0,1.0,4.0,3.0,0.0,85.0,4.0,22.0,4.0,13.0
2025,Round 9,2025-05-08,Collingwood,home,CD_M20250140901,25,Alex Pearce,CD_I298409,0.0,0.0,0.0,0.0,0.0,0.0,0.0,1.0,0.0,0.0,0.0,1.0,30.8,4.0,4.0,76.9,13.0,10.0,8.0,0.0,0.0,1.0,100.0,0.0,1.0,3.0,3.0,0.0,0.0,0.0,0.0,0.0,1.0,4.0,80.0,3.3,0.0,0.0,10.0,7.0,0.0,0.0,163.0,2.0,4.0,6.1,1.0,0.0,3.0,1.0,1.0,2.0,0.0,0.0,0.0,96.0,0.0,13.0,2.0,9.0
2025,Round 9,2025-05-08,Collingwood,home,CD_M20250140901,16,Murphy Reid,CD_I1028513,0.0,0.0,0.0,0.0,2.0,0.0,0.0,0.0,1.0,0.0,0.0,0.0,33.3,2.0,0.0,50.0,6.0,3.0,2.0,2.0,0.0,0.0,50.0,0.0,1.0,2.0,2.0,0.0,0.0,0.0,0.0,1.0,0.0,1.0,50.0,2.0,0.0,0.0,4.0,3.0,1.0,0.0,124.0,0.0,7.0,5.1,0.0,0.0,3.0,0.0,2.0,0.0,0.0,2.0,2.0,77.0,0.0,6.0,3.0,4.0
2025,Round 9,2025-05-08,Collingwood,home,CD_M20250140901,13,Luke Ryan,CD_I998659,0.0,0.0,0.0,0.0,3.0,50.0,1.0,2.0,0.0,0.0,0.0,0.0,20.8,5.0,3.0,86.7,30.0,26.0,21.0,0.0,1.0,1.0,0.0,0.0,0.0,4.0,6.0,0.0,0.0,0.0,0.0,2.0,1.0,7.0,87.5,4.0,5.0,5.0,24.0,12.0,0.0,0.0,527.0,3.0,5.0,8.3,7.0,0.0,2.0,1.0,0.0,3.0,0.0,1.0,0.0,96.0,0.0,24.0,6.0,19.0
2025,Round 9,2025-05-08,Collingwood,home,CD_M20250140901,3,Caleb Serong,CD_I1009420,1.0,0.0,26.0,4.0,1.0,0.0,0.0,0.0,0.0,0.0,0.0,0.0,33.3,9.0,9.0,80.0,25.0,20.0,9.0,0.0,0.0,1.0,0.0,1.0,0.0,5.0,11.0,0.0,0.0,0.0,0.0,8.0,0.0,1.0,64.3,1.3,0.0,0.0,14.0,3.0,0.0,0.0,541.0,2.0,18.0,17.3,0.0,1.0,6.0,1.0,1.0,0.0,3.0,4.0,0.0,78.0,7.0,27.0,5.0,18.0
2025,Round 9,2025-05-08,Collingwood,home,CD_M20250140901,14,Jeremy Sharp,CD_I1009380,0.0,0.0,0.0,1.0,3.0,0.0,0.0,0.0,0.0,0.0,0.0,0.0,30.8,4.0,1.0,61.5,13.0,8.0,4.0,1.0,0.0,0.0,100.0,0.0,1.0,4.0,6.0,0.0,0.0,0.0,0.0,3.0,0.0,1.0,57.1,1.2,0.0,0.0,7.0,2.0,0.0,0.0,158.0,0.0,4.0,4.7,1.0,0.0,3.0,0.0,1.0,0.0,0.0,0.0,0.0,92.0,1.0,13.0,2.0,9.0
2025,Round 9,2025-05-08,Collingwood,home,CD_M20250140901,29,Cooper Simpson,CD_I1027656,0.0,0.0,0.0,0.0,3.0,100.0,1.0,1.0,0.0,0.0,0.0,0.0,10.5,2.0,4.0,77.8,18.0,14.0,7.0,0.0,2.0,0.0,0.0,0.0,0.0,2.0,7.0,0.0,0.0,0.0,0.0,3.0,1.0,3.0,63.6,1.6,0.0,0.0,11.0,6.0,0.0,0.0,283.0,1.0,7.0,0.9,2.0,0.0,3.0,1.0,1.0,1.0,0.0,0.0,0.0,73.0,0.0,19.0,5.0,17.0
2025,Round 9,2025-05-08,Collingwood,home,CD_M20250140901,39,Sam Switkowski,CD_I992059,0.0,0.0,0.0,0.0,1.0,0.0,0.0,0.0,0.0,0.0,0.0,0.0,26.3,5.0,1.0,84.2,19.0,16.0,3.0,1.0,1.0,0.0,100.0,1.0,1.0,4.0,13.0,0.0,0.0,0.0,0.0,1.0,0.0,2.0,50.0,0.5,0.0,0.0,6.0,4.0,0.0,0.0,108.0,1.0,9.0,11.2,0.0,0.0,4.0,0.0,1.0,0.0,1.0,0.0,0.0,82.0,1.0,19.0,2.0,14.0
2025,Round 9,2025-05-08,Collingwood,home,CD_M20250140901,35,Josh Treacy,CD_I1012819,0.0,0.0,0.0,0.0,4.0,0.0,0.0,0.0,5.0,2.0,40.0,3.0,72.7,8.0,2.0,63.6,11.0,7.0,4.0,5.0,2.0,0.0,100.0,0.0,2.0,5.0,5.0,0.0,0.0,0.0,0.0,2.0,0.0,1.0,66.7,1.2,0.0,0.0,6.0,5.0,0.0,0.0,247.0,0.0,10.0,13.4,0.0,0.0,4.0,0.0,2.0,0.0,0.0,2.0,2.0,91.0,0.0,11.0,4.0,3.0
2025,Round 9,2025-05-08,Collingwood,home,CD_M20250140901,20,Patrick Voss,CD_I1017754,0.0,0.0,2.0,0.0,1.0,0.0,0.0,0.0,2.0,1.0,50.0,1.0,60.0,3.0,0.0,60.0,5.0,3.0,3.0,1.0,0.0,1.0,100.0,0.0,2.0,1.0,0.0,0.0,50.0,1.0,0.0,1.0,0.0,0.0,60.0,5.0,0.0,0.0,5.0,2.0,1.0,0.0,140.0,0.0,6.0,7.3,0.0,2.0,2.0,0.0,2.0,0.0,0.0,0.0,0.0,74.0,0.0,5.0,2.0,2.0
2025,Round 9,2025-05-08,Collingwood,home,CD_M20250140901,34,Corey Wagner,CD_I993940,0.0,0.0,13.0,2.0,2.0,100.0,1.0,1.0,0.0,0.0,0.0,0.0,28.6,4.0,6.0,78.6,14.0,11.0,6.0,0.0,1.0,0.0,0.0,0.0,0.0,3.0,7.0,0.0,0.0,0.0,0.0,2.0,0.0,0.0,85.7,1.0,0.0,0.0,7.0,4.0,0.0,0.0,262.0,0.0,11.0,4.4,2.0,0.0,0.0,0.0,0.0,0.0,1.0,5.0,0.0,67.0,3.0,14.0,2.0,10.0
2025,Round 9,2025-05-08,Collingwood,home,CD_M20250140901,23,Karl Worner,CD_I1021015,0.0,0.0,0.0,0.0,1.0,100.0,1.0,1.0,0.0,0.0,0.0,0.0,25.0,3.0,5.0,83.3,12.0,10.0,8.0,0.0,1.0,1.0,0.0,0.0,0.0,2.0,3.0,0.0,0.0,0.0,0.0,2.0,2.0,4.0,88.9,3.0,0.0,0.0,9.0,6.0,0.0,0.0,193.0,0.0,8.0,5.1,2.0,0.0,3.0,2.0,0.0,0.0,0.0,2.0,0.0,76.0,0.0,12.0,0.0,9.0
2025,Round 10,2025-05-17,Greater Western Sydney,away,CD_M20250141005,24,Jye Amiss,CD_I1020594,0.0,0.0,0.0,0.0,1.0,0.0,0.0,0.0,1.0,0.0,0.0,2.0,50.0,4.0,0.0,75.0,8.0,6.0,3.0,0.0,0.0,1.0,100.0,0.0,2.0,1.0,4.0,0.0,0.0,0.0,0.0,1.0,1.0,1.0,75.0,1.0,0.0,0.0,4.0,4.0,2.0,0.0,97.0,1.0,1.0,6.8,0.0,0.0,3.0,0.0,2.0,1.0,0.0,0.0,0.0,85.0,0.0,8.0,2.0,4.0
2025,Round 10,2025-05-17,Greater Western Sydney,away,CD_M20250141005,41,Bailey Banfield,CD_I998180,0.0,0.0,0.0,0.0,2.0,0.0,0.0,0.0,0.0,0.0,0.0,0.0,40.0,2.0,0.0,60.0,5.0,3.0,1.0,0.0,1.0,0.0,100.0,0.0,1.0,2.0,3.0,0.0,0.0,0.0,0.0,0.0,0.0,2.0,50.0,0.7,0.0,0.0,2.0,0.0,0.0,0.0,79.0,0.0,4.0,4.2,0.0,0.0,1.0,0.0,1.0,0.0,0.0,2.0,0.0,20.0,0.0,5.0,2.0,3.0
2025,Round 10,2025-05-17,Greater Western Sydney,away,CD_M20250141005,15,Shai Bolton,CD_I993993,3.0,0.0,12.0,3.0,4.0,0.0,0.0,0.0,0.0,0.0,0.0,0.0,46.2,12.0,5.0,66.7,24.0,16.0,9.0,5.0,1.0,1.0,50.0,1.0,3.0,9.0,8.0,0.0,0.0,0.0,0.0,4.0,0.0,5.0,56.3,2.0,0.0,0.0,16.0,8.0,1.0,3.0,417.0,2.0,21.0,20.2,1.0,0.0,10.0,3.0,6.0,0.0,0.0,3.0,2.0,86.0,3.0,26.0,7.0,14.0
2025,Round 10,2025-05-17,Greater Western Sydney,away,CD_M20250141005,8,Andrew Brayshaw,CD_I1002232,0.0,0.0,18.0,1.0,6.0,0.0,0.0,1.0,0.0,0.0,0.0,1.0,36.7,11.0,11.0,63.3,30.0,19.0,5.0,1.0,0.0,1.0,0.0,0.0,0.0,8.0,21.0,0.0,0.0,0.0,0.0,3.0,1.0,2.0,55.6,0.4,0.0,0.0,9.0,3.0,0.0,1.0,307.0,1.0,19.0,11.4,1.0,0.0,7.0,1.0,0.0,0.0,2.0,6.0,2.0,79.0,3.0,30.0,3.0,19.0
2025,Round 10,2025-05-17,Greater Western Sydney,away,CD_M20250141005,5,Heath Chapman,CD_I1013224,0.0,0.0,0.0,0.0,3.0,40.0,2.0,5.0,0.0,0.0,0.0,2.0,61.5,8.0,10.0,86.7,15.0,13.0,8.0,0.0,1.0,0.0,0.0,0.0,0.0,6.0,5.0,0.0,0.0,0.0,0.0,1.0,2.0,7.0,80.0,2.0,0.0,0.0,10.0,4.0,0.0,0.0,443.0,5.0,11.0,10.2,8.0,0.0,6.0,5.0,0.0,5.0,3.0,1.0,0.0,80.0,3.0,13.0,2.0,5.0
2025,Round 10,2025-05-17,Greater Western Sydney,away,CD_M20250141005,6,Jordan Clark,CD_I1006152,1.0,0.0,0.0,0.0,1.0,0.0,0.0,0.0,0.0,0.0,0.0,0.0,29.4,5.0,9.0,81.0,21.0,17.0,12.0,0.0,0.0,0.0,0.0,0.0,0.0,5.0,7.0,0.0,0.0,0.0,0.0,3.0,2.0,4.0,85.7,2.0,4.0,4.0,14.0,6.0,0.0,0.0,401.0,1.0,11.0,11.8,5.0,0.0,3.0,1.0,1.0,1.0,3.0,2.0,0.0,90.0,3.0,17.0,2.0,12.0
2025,Round 10,2025-05-17,Greater Western Sydney,away,CD_M20250141005,36,Brennan Cox,CD_I997033,0.0,0.0,0.0,0.0,1.0,0.0,0.0,1.0,0.0,0.0,0.0,0.0,42.9,3.0,2.0,83.3,6.0,5.0,3.0,0.0,1.0,0.0,0.0,0.0,0.0,3.0,3.0,0.0,0.0,0.0,0.0,1.0,1.0,4.0,100.0,1.0,0.0,0.0,3.0,3.0,0.0,0.0,35.0,7.0,3.0,6.8,1.0,0.0,0.0,0.0,0.0,7.0,0.0,1.0,0.0,88.0,0.0,7.0,2.0,4.0
2025,Round 10,2025-05-17,Greater Western Sydney,away,CD_M20250141005,43,Isaiah Dudley,CD_I1011558,2.0,0.0,0.0,0.0,3.0,0.0,0.0,0.0,1.0,0.0,0.0,0.0,25.0,2.0,2.0,50.0,8.0,4.0,3.0,0.0,2.0,0.0,0.0,0.0,0.0,2.0,1.0,0.0,0.0,0.0,0.0,4.0,0.0,2.0,42.9,7.0,0.0,0.0,7.0,4.0,0.0,1.0,256.0,0.0,10.0,1.9,0.0,0.0,5.0,1.0,2.0,0.0,0.0,0.0,0.0,65.0,0.0,8.0,2.0,6.0
2025,Round 10,2025-05-17,Greater Western Sydney,away,CD_M20250141005,28,Neil Erasmus,CD_I1020250,0.0,0.0,14.0,3.0,4.0,0.0,0.0,0.0,0.0,0.0,0.0,0.0,36.8,7.0,4.0,68.4,19.0,13.0,6.0,0.0,2.0,0.0,0.0,1.0,0.0,5.0,9.0,0.0,0.0,0.0,0.0,5.0,0.0,2.0,60.0,1.1,0.0,0.0,10.0,4.0,0.0,1.0,392.0,1.0,10.0,8.8,1.0,0.0,6.0,2.0,0.0,0.0,2.0,2.0,0.0,61.0,5.0,19.0,3.0,12.0
2025,Round 10,2025-05-17,Greater Western Sydney,away,CD_M20250141005,32,Michael Frederick,CD_I999321,2.0,0.0,0.0,0.0,3.0,0.0,0.0,0.0,0.0,0.0,0.0,0.0,41.2,7.0,1.0,62.5,16.0,10.0,4.0,3.0,1.0,2.0,50.0,2.0,3.0,5.0,8.0,0.0,0.0,0.0,0.0,2.0,0.0,1.0,50.0,1.0,0.0,0.0,8.0,5.0,4.0,1.0,273.0,1.0,16.0,10.9,0.0,0.0,11.0,2.0,6.0,1.0,2.0,3.0,3.0,77.0,2.0,17.0,5.0,10.0
2025,Round 10,2025-05-17,Greater Western Sydney,away,CD_M20250141005,9,Luke Jackson,CD_I1009399,1.0,0.0,21.0,3.0,2.0,0.0,0.0,0.0,3.0,2.0,66.7,2.0,75.0,15.0,3.0,66.7,21.0,14.0,7.0,2.0,2.0,2.0,0.0,1.0,0.0,8.0,10.0,31.3,43.2,32.0,10.0,4.0,2.0,3.0,63.6,1.1,0.0,0.0,11.0,4.0,1.0,0.0,261.0,2.0,8.0,21.9,1.0,74.0,6.0,3.0,1.0,2.0,4.0,1.0,0.0,78.0,7.0,20.0,5.0,5.0
2025,Round 10,2025-05-17,Greater Western Sydney,away,CD_M20250141005,44,Matthew Johnson,CD_I1016825,1.0,0.0,10.0,0.0,3.0,0.0,0.0,0.0,0.0,0.0,0.0,0.0,35.7,5.0,8.0,64.3,14.0,9.0,4.0,1.0,2.0,1.0,0.0,0.0,0.0,3.0,7.0,0.0,0.0,0.0,0.0,1.0,0.0,0.0,57.1,1.0,0.0,0.0,7.0,1.0,0.0,0.0,206.0,2.0,16.0,2.4,0.0,0.0,4.0,1.0,1.0,1.0,2.0,2.0,0.0,76.0,2.0,14.0,3.0,9.0
2025,Round 10,2025-05-17,Greater Western Sydney,away,CD_M20250141005,25,Alex Pearce,CD_I298409,0.0,0.0,0.0,0.0,2.0,100.0,1.0,1.0,0.0,0.0,0.0,0.0,25.0,1.0,1.0,100.0,4.0,4.0,2.0,0.0,2.0,0.0,0.0,0.0,0.0,1.0,2.0,0.0,0.0,0.0,0.0,0.0,1.0,3.0,100.0,1.0,0.0,0.0,2.0,2.0,0.0,0.0,37.0,2.0,1.0,1.8,0.0,0.0,1.0,1.0,0.0,2.0,0.0,0.0,0.0,91.0,0.0,4.0,0.0,3.0
2025,Round 10,2025-05-17,Greater Western Sydney,away,CD_M20250141005,16,Murphy Reid,CD_I1028513,0.0,1.0,0.0,0.0,2.0,0.0,0.0,0.0,0.0,0.0,0.0,0.0,40.0,6.0,1.0,73.3,15.0,11.0,7.0,1.0,1.0,2.0,50.0,1.0,1.0,3.0,7.0,0.0,0.0,0.0,0.0,4.0,0.0,1.0,87.5,1.1,0.0,0.0,8.0,1.0,1.0,0.0,199.0,0.0,8.0,10.5,0.0,0.0,7.0,0.0,2.0,0.0,0.0,3.0,0.0,69.0,0.0,15.0,2.0,9.0
2025,Round 10,2025-05-17,Greater Western Sydney,away,CD_M20250141005,13,Luke Ryan,CD_I998659,0.0,1.0,0.0,0.0,2.0,0.0,0.0,4.0,0.0,0.0,0.0,0.0,11.1,1.0,7.0,88.9,18.0,16.0,14.0,0.0,2.0,1.0,0.0,0.0,0.0,0.0,2.0,0.0,0.0,0.0,0.0,0.0,0.0,2.0,87.5,8.0,8.0,8.0,16.0,5.0,0.0,0.0,545.0,4.0,8.0,3.8,9.0,0.0,1.0,0.0,0.0,4.0,0.0,4.0,0.0,88.0,0.0,9.0,2.0,8.0
2025,Round 10,2025-05-17,Greater Western Sydney,away,CD_M20250141005,3,Caleb Serong,CD_I1009420,1.0,0.0,21.0,4.0,4.0,0.0,0.0,0.0,0.0,0.0,0.0,0.0,35.3,12.0,5.0,66.7,36.0,24.0,7.0,2.0,1.0,0.0,0.0,0.0,0.0,8.0,19.0,0.0,0.0,0.0,0.0,5.0,0.0,2.0,41.2,0.9,0.0,0.0,17.0,3.0,0.0,0.0,695.0,1.0,15.0,17.7,1.0,0.0,8.0,2.0,2.0,0.0,4.0,3.0,1.0,84.0,8.0,34.0,5.0,22.0
2025,Round 10,2025-05-17,Greater Western Sydney,away,CD_M20250141005,14,Jeremy Sharp,CD_I1009380,0.0,0.0,0.0,0.0,0.0,0.0,0.0,1.0,0.0,0.0,0.0,0.0,33.3,1.0,3.0,66.7,3.0,2.0,2.0,0.0,0.0,0.0,0.0,0.0,0.0,1.0,1.0,0.0,0.0,0.0,0.0,1.0,0.0,0.0,100.0,2.0,0.0,0.0,2.0,1.0,0.0,0.0,16.0,2.0,11.0,1.3,0.0,0.0,0.0,0.0,0.0,1.0,0.0,0.0,0.0,80.0,0.0,3.0,0.0,2.0
2025,Round 10,2025-05-17,Greater Western Sydney,away,CD_M20250141005,29,Cooper Simpson,CD_I1027656,0.0,0.0,0.0,0.0,1.0,0.0,0.0,0.0,0.0,0.0,0.0,0.0,7.7,1.0,5.0,85.7,14.0,12.0,9.0,0.0,0.0,1.0,100.0,0.0,1.0,0.0,3.0,0.0,0.0,0.0,0.0,5.0,2.0,4.0,81.8,3.7,0.0,0.0,11.0,2.0,0.0,0.0,380.0,0.0,8.0,9.0,3.0,0.0,4.0,2.0,1.0,0.0,0.0,3.0,0.0,79.0,0.0,13.0,2.0,12.0
2025,Round 10,2025-05-17,Greater Western Sydney,away,CD_M20250141005,39,Sam Switkowski,CD_I992059,1.0,0.0,0.0,0.0,1.0,0.0,0.0,0.0,1.0,0.0,0.0,0.0,42.9,6.0,3.0,75.0,16.0,12.0,3.0,1.0,1.0,2.0,0.0,1.0,0.0,4.0,9.0,0.0,0.0,0.0,0.0,3.0,1.0,3.0,42.9,0.8,0.0,0.0,7.0,3.0,0.0,0.0,117.0,1.0,11.0,13.3,0.0,0.0,5.0,1.0,1.0,0.0,2.0,5.0,2.0,78.0,2.0,14.0,1.0,8.0
2025,Round 10,2025-05-17,Greater Western Sydney,away,CD_M20250141005,35,Josh Treacy,CD_I1012819,1.0,0.0,0.0,0.0,0.0,0.0,0.0,0.0,3.0,0.0,0.0,0.0,54.5,6.0,1.0,63.6,11.0,7.0,3.0,1.0,0.0,2.0,50.0,0.0,1.0,4.0,4.0,0.0,100.0,1.0,0.0,4.0,0.0,2.0,42.9,1.8,0.0,0.0,7.0,2.0,1.0,1.0,232.0,1.0,10.0,10.4,0.0,1.0,2.0,0.0,2.0,1.0,0.0,2.0,2.0,93.0,0.0,11.0,2.0,5.0
2025,Round 10,2025-05-17,Greater Western Sydney,away,CD_M20250141005,20,Patrick Voss,CD_I1017754,2.0,0.0,4.0,1.0,1.0,0.0,0.0,0.0,1.0,0.0,0.0,0.0,81.8,9.0,3.0,45.5,11.0,5.0,4.0,2.0,0.0,2.0,33.3,0.0,1.0,6.0,5.0,25.0,22.2,4.0,1.0,3.0,0.0,3.0,66.7,1.2,0.0,0.0,6.0,1.0,1.0,0.0,235.0,0.0,14.0,9.2,1.0,18.0,4.0,2.0,3.0,0.0,1.0,5.0,0.0,84.0,2.0,11.0,1.0,2.0
2025,Round 10,2025-05-17,Greater Western Sydney,away,CD_M20250141005,34,Corey Wagner,CD_I993940,0.0,0.0,0.0,0.0,1.0,0.0,0.0,0.0,0.0,0.0,0.0,0.0,46.2,6.0,4.0,84.6,13.0,11.0,7.0,0.0,1.0,1.0,0.0,1.0,0.0,5.0,5.0,0.0,0.0,0.0,0.0,2.0,0.0,1.0,87.5,1.6,0.0,0.0,8.0,2.0,0.0,0.0,302.0,0.0,10.0,7.0,1.0,0.0,6.0,2.0,0.0,0.0,3.0,1.0,0.0,83.0,3.0,13.0,1.0,7.0
2025,Round 10,2025-05-17,Greater Western Sydney,away,CD_M20250141005,23,Karl Worner,CD_I1021015,0.0,0.0,0.0,0.0,0.0,0.0,0.0,0.0,0.0,0.0,0.0,0.0,14.3,1.0,3.0,87.5,8.0,7.0,5.0,0.0,0.0,0.0,0.0,0.0,0.0,1.0,3.0,0.0,0.0,0.0,0.0,0.0,1.0,2.0,100.0,1.7,1.0,1.0,5.0,4.0,0.0,0.0,97.0,3.0,5.0,4.5,2.0,0.0,2.0,1.0,0.0,3.0,0.0,0.0,0.0,84.0,0.0,7.0,1.0,6.0
2025,Round 11,2025-05-24,Port Adelaide,home,CD_M20250141106,24,Jye Amiss,CD_I1020594,2.0,0.0,0.0,0.0,2.0,0.0,0.0,0.0,2.0,0.0,0.0,2.0,44.4,4.0,5.0,66.7,9.0,6.0,3.0,1.0,1.0,0.0,33.3,0.0,1.0,2.0,4.0,0.0,0.0,0.0,0.0,3.0,0.0,0.0,60.0,1.3,0.0,0.0,5.0,3.0,2.0,1.0,113.0,2.0,10.0,6.6,0.0,0.0,6.0,0.0,3.0,1.0,0.0,3.0,1.0,86.0,0.0,9.0,1.0,5.0
2025,Round 11,2025-05-24,Port Adelaide,home,CD_M20250141106,41,Bailey Banfield,CD_I998180,0.0,0.0,0.0,0.0,2.0,0.0,0.0,0.0,0.0,0.0,0.0,0.0,18.8,3.0,8.0,88.2,17.0,15.0,14.0,0.0,0.0,0.0,0.0,0.0,0.0,3.0,1.0,0.0,0.0,0.0,0.0,2.0,1.0,4.0,87.5,16.0,0.0,0.0,16.0,8.0,0.0,0.0,395.0,1.0,12.0,5.3,4.0,0.0,2.0,1.0,0.0,1.0,1.0,3.0,0.0,69.0,1.0,16.0,2.0,13.0
2025,Round 11,2025-05-24,Port Adelaide,home,CD_M20250141106,15,Shai Bolton,CD_I993993,0.0,1.0,11.0,1.0,2.0,0.0,0.0,0.0,1.0,1.0,100.0,0.0,61.1,11.0,6.0,72.2,18.0,13.0,5.0,1.0,0.0,0.0,100.0,0.0,1.0,7.0,12.0,0.0,0.0,0.0,0.0,3.0,0.0,2.0,83.3,0.5,0.0,0.0,6.0,1.0,0.0,0.0,254.0,0.0,12.0,11.7,1.0,0.0,3.0,1.0,1.0,0.0,4.0,4.0,1.0,82.0,5.0,18.0,2.0,7.0
2025,Round 11,2025-05-24,Port Adelaide,home,CD_M20250141106,8,Andrew Brayshaw,CD_I1002232,0.0,0.0,19.0,0.0,2.0,0.0,0.0,0.0,0.0,0.0,0.0,0.0,27.3,6.0,10.0,81.0,21.0,17.0,8.0,0.0,1.0,0.0,0.0,1.0,0.0,4.0,13.0,0.0,0.0,0.0,0.0,3.0,1.0,4.0,100.0,0.6,0.0,0.0,8.0,3.0,0.0,0.0,376.0,2.0,24.0,12.9,2.0,0.0,6.0,1.0,0.0,1.0,1.0,8.0,0.0,84.0,1.0,22.0,2.0,16.0
2025,Round 11,2025-05-24,Port Adelaide,home,CD_M20250141106,5,Heath Chapman,CD_I1013224,0.0,0.0,0.0,0.0,1.0,20.0,1.0,5.0,0.0,0.0,0.0,1.0,30.0,6.0,6.0,76.2,21.0,16.0,11.0,0.0,0.0,0.0,0.0,0.0,0.0,5.0,6.0,0.0,0.0,0.0,0.0,2.0,1.0,7.0,73.3,2.5,0.0,0.0,15.0,9.0,0.0,0.0,429.0,5.0,9.0,9.6,7.0,0.0,3.0,0.0,0.0,3.0,0.0,2.0,0.0,71.0,0.0,20.0,3.0,14.0
2025,Round 11,2025-05-24,Port Adelaide,home,CD_M20250141106,6,Jordan Clark,CD_I1006152,0.0,0.0,0.0,0.0,5.0,0.0,0.0,0.0,0.0,0.0,0.0,0.0,36.8,7.0,12.0,75.0,20.0,15.0,10.0,0.0,2.0,0.0,0.0,0.0,0.0,5.0,7.0,0.0,0.0,0.0,0.0,0.0,3.0,7.0,76.9,1.9,2.0,2.0,13.0,6.0,0.0,0.0,313.0,5.0,13.0,11.7,5.0,0.0,1.0,1.0,0.0,4.0,1.0,1.0,0.0,89.0,1.0,19.0,6.0,12.0
2025,Round 11,2025-05-24,Port Adelaide,home,CD_M20250141106,36,Brennan Cox,CD_I997033,0.0,0.0,0.0,0.0,3.0,33.3,1.0,3.0,0.0,0.0,0.0,0.0,50.0,7.0,1.0,76.9,13.0,10.0,4.0,0.0,1.0,1.0,0.0,0.0,0.0,6.0,7.0,0.0,0.0,0.0,0.0,0.0,1.0,7.0,66.7,0.9,0.0,0.0,6.0,3.0,0.0,0.0,97.0,4.0,2.0,6.7,2.0,0.0,0.0,0.0,0.0,1.0,0.0,1.0,0.0,85.0,0.0,14.0,1.0,7.0
2025,Round 11,2025-05-24,Port Adelaide,home,CD_M20250141106,43,Isaiah Dudley,CD_I1011558,0.0,0.0,0.0,0.0,4.0,0.0,0.0,0.0,1.0,0.0,0.0,0.0,46.2,6.0,5.0,75.0,12.0,9.0,8.0,3.0,2.0,0.0,66.7,3.0,2.0,6.0,3.0,0.0,0.0,0.0,0.0,4.0,1.0,1.0,88.9,3.0,0.0,0.0,9.0,5.0,1.0,1.0,339.0,0.0,12.0,10.1,0.0,0.0,5.0,1.0,3.0,0.0,1.0,2.0,0.0,73.0,1.0,13.0,4.0,7.0
2025,Round 11,2025-05-24,Port Adelaide,home,CD_M20250141106,28,Neil Erasmus,CD_I1020250,0.0,0.0,11.0,1.0,3.0,0.0,0.0,0.0,0.0,0.0,0.0,0.0,47.1,8.0,14.0,76.5,17.0,13.0,7.0,0.0,1.0,0.0,0.0,0.0,0.0,6.0,6.0,0.0,0.0,0.0,0.0,2.0,0.0,2.0,63.6,1.8,0.0,0.0,11.0,3.0,0.0,0.0,293.0,0.0,23.0,8.4,3.0,0.0,3.0,2.0,0.0,0.0,3.0,1.0,0.0,66.0,4.0,17.0,3.0,9.0
2025,Round 11,2025-05-24,Port Adelaide,home,CD_M20250141106,32,Michael Frederick,CD_I999321,1.0,0.0,0.0,1.0,1.0,0.0,0.0,0.0,0.0,0.0,0.0,0.0,63.6,7.0,5.0,60.0,10.0,6.0,4.0,5.0,0.0,2.0,50.0,0.0,1.0,5.0,4.0,0.0,0.0,0.0,0.0,3.0,0.0,1.0,66.7,1.5,0.0,0.0,6.0,1.0,0.0,0.0,123.0,0.0,21.0,7.9,0.0,0.0,5.0,1.0,2.0,0.0,1.0,6.0,1.0,77.0,2.0,11.0,2.0,4.0
2025,Round 11,2025-05-24,Port Adelaide,home,CD_M20250141106,9,Luke Jackson,CD_I1009399,1.0,0.0,23.0,3.0,4.0,0.0,0.0,0.0,2.0,1.0,50.0,1.0,68.2,15.0,10.0,61.9,21.0,13.0,5.0,3.0,1.0,1.0,33.3,1.0,1.0,10.0,11.0,47.4,43.2,38.0,18.0,6.0,0.0,1.0,50.0,0.9,0.0,0.0,10.0,1.0,1.0,0.0,194.0,2.0,19.0,25.0,1.0,88.0,8.0,6.0,3.0,1.0,5.0,2.0,0.0,81.0,8.0,22.0,5.0,7.0
2025,Round 11,2025-05-24,Port Adelaide,home,CD_M20250141106,44,Matthew Johnson,CD_I1016825,1.0,0.0,3.0,0.0,7.0,0.0,0.0,0.0,0.0,0.0,0.0,0.0,40.0,8.0,10.0,42.9,21.0,9.0,7.0,1.0,1.0,1.0,33.3,0.0,1.0,3.0,5.0,0.0,0.0,0.0,0.0,3.0,1.0,1.0,43.8,3.2,0.0,0.0,16.0,6.0,0.0,0.0,542.0,1.0,18.0,2.9,3.0,0.0,5.0,1.0,3.0,0.0,6.0,4.0,1.0,80.0,6.0,20.0,8.0,12.0
2025,Round 11,2025-05-24,Port Adelaide,home,CD_M20250141106,25,Alex Pearce,CD_I298409,0.0,0.0,0.0,0.0,1.0,0.0,0.0,2.0,0.0,0.0,0.0,2.0,41.7,5.0,6.0,100.0,12.0,12.0,7.0,0.0,1.0,0.0,100.0,0.0,1.0,3.0,5.0,0.0,0.0,0.0,0.0,1.0,5.0,8.0,100.0,1.4,0.0,0.0,7.0,7.0,0.0,0.0,187.0,1.0,6.0,13.9,3.0,0.0,4.0,3.0,1.0,0.0,0.0,1.0,0.0,94.0,0.0,12.0,1.0,7.0
2025,Round 11,2025-05-24,Port Adelaide,home,CD_M20250141106,16,Murphy Reid,CD_I1028513,0.0,0.0,1.0,0.0,2.0,0.0,0.0,0.0,1.0,0.0,0.0,0.0,47.1,8.0,5.0,44.4,18.0,8.0,5.0,5.0,0.0,0.0,80.0,0.0,4.0,7.0,9.0,0.0,0.0,0.0,0.0,1.0,0.0,1.0,55.6,1.0,0.0,0.0,9.0,3.0,1.0,0.0,216.0,0.0,12.0,13.8,0.0,0.0,6.0,1.0,5.0,0.0,1.0,4.0,2.0,84.0,1.0,17.0,3.0,9.0
2025,Round 11,2025-05-24,Port Adelaide,home,CD_M20250141106,13,Luke Ryan,CD_I998659,0.0,0.0,0.0,0.0,1.0,0.0,0.0,3.0,0.0,0.0,0.0,0.0,35.3,6.0,3.0,90.9,22.0,20.0,17.0,0.0,0.0,3.0,0.0,0.0,0.0,3.0,3.0,0.0,0.0,0.0,0.0,0.0,1.0,8.0,89.5,6.3,5.0,5.0,19.0,7.0,0.0,0.0,314.0,4.0,3.0,10.7,6.0,0.0,1.0,1.0,0.0,3.0,0.0,0.0,0.0,96.0,0.0,17.0,4.0,11.0
2025,Round 11,2025-05-24,Port Adelaide,home,CD_M20250141106,3,Caleb Serong,CD_I1009420,0.0,0.0,21.0,5.0,5.0,0.0,0.0,0.0,0.0,0.0,0.0,0.0,62.1,18.0,12.0,58.6,29.0,17.0,7.0,0.0,1.0,1.0,0.0,0.0,0.0,15.0,13.0,0.0,0.0,0.0,0.0,3.0,1.0,6.0,43.8,1.2,0.0,0.0,16.0,3.0,0.0,0.0,483.0,1.0,25.0,17.5,5.0,0.0,6.0,3.0,0.0,0.0,7.0,4.0,0.0,85.0,12.0,29.0,5.0,11.0
2025,Round 11,2025-05-24,Port Adelaide,home,CD_M20250141106,14,Jeremy Sharp,CD_I1009380,0.0,0.0,0.0,0.0,0.0,0.0,0.0,0.0,0.0,0.0,0.0,0.0,54.5,6.0,3.0,81.8,11.0,9.0,4.0,1.0,0.0,1.0,0.0,0.0,0.0,4.0,7.0,0.0,0.0,0.0,0.0,2.0,0.0,3.0,100.0,0.6,0.0,0.0,4.0,1.0,0.0,0.0,139.0,0.0,6.0,5.7,1.0,0.0,3.0,1.0,0.0,0.0,0.0,3.0,0.0,90.0,0.0,11.0,1.0,5.0
2025,Round 11,2025-05-24,Port Adelaide,home,CD_M20250141106,29,Cooper Simpson,CD_I1027656,0.0,0.0,0.0,0.0,0.0,0.0,0.0,0.0,0.0,0.0,0.0,0.0,0.0,0.0,0.0,0.0,0.0,0.0,0.0,0.0,0.0,0.0,0.0,0.0,0.0,0.0,0.0,0.0,0.0,0.0,0.0,0.0,0.0,0.0,0.0,0.0,0.0,0.0,0.0,0.0,0.0,0.0,0.0,0.0,0.0,0.0,0.0,0.0,0.0,0.0,0.0,0.0,0.0,0.0,0.0,3.0,0.0,0.0,0.0,0.0
2025,Round 11,2025-05-24,Port Adelaide,home,CD_M20250141106,39,Sam Switkowski,CD_I992059,0.0,0.0,0.0,0.0,0.0,0.0,0.0,0.0,0.0,0.0,0.0,0.0,60.0,6.0,7.0,100.0,11.0,11.0,5.0,2.0,0.0,1.0,100.0,1.0,2.0,4.0,6.0,0.0,0.0,0.0,0.0,2.0,0.0,0.0,100.0,0.8,0.0,0.0,5.0,2.0,0.0,0.0,173.0,1.0,24.0,14.6,0.0,0.0,5.0,0.0,2.0,1.0,2.0,4.0,1.0,76.0,2.0,10.0,0.0,4.0
2025,Round 11,2025-05-24,Port Adelaide,home,CD_M20250141106,35,Josh Treacy,CD_I1012819,0.0,0.0,0.0,0.0,3.0,0.0,0.0,0.0,6.0,2.0,33.3,3.0,53.8,7.0,2.0,58.3,12.0,7.0,2.0,2.0,0.0,0.0,0.0,0.0,0.0,3.0,6.0,0.0,0.0,0.0,0.0,3.0,0.0,0.0,33.3,1.0,0.0,0.0,6.0,4.0,0.0,0.0,217.0,4.0,7.0,5.8,0.0,0.0,3.0,0.0,0.0,3.0,0.0,0.0,0.0,89.0,0.0,13.0,4.0,6.0
2025,Round 11,2025-05-24,Port Adelaide,home,CD_M20250141106,20,Patrick Voss,CD_I1017754,1.0,0.0,2.0,0.0,2.0,0.0,0.0,0.0,2.0,0.0,0.0,0.0,35.7,5.0,4.0,76.9,13.0,10.0,5.0,0.0,0.0,1.0,33.3,0.0,1.0,4.0,5.0,0.0,21.1,4.0,0.0,4.0,0.0,2.0,62.5,1.6,0.0,0.0,8.0,6.0,3.0,1.0,339.0,1.0,10.0,5.8,0.0,19.0,5.0,1.0,3.0,1.0,2.0,1.0,1.0,84.0,2.0,14.0,2.0,9.0
2025,Round 11,2025-05-24,Port Adelaide,home,CD_M20250141106,34,Corey Wagner,CD_I993940,0.0,0.0,9.0,0.0,1.0,0.0,0.0,0.0,0.0,0.0,0.0,0.0,21.1,4.0,7.0,72.2,18.0,13.0,11.0,0.0,0.0,0.0,0.0,1.0,0.0,4.0,4.0,0.0,0.0,0.0,0.0,8.0,0.0,3.0,78.6,3.5,0.0,0.0,14.0,6.0,0.0,0.0,568.0,0.0,12.0,10.9,2.0,0.0,3.0,0.0,0.0,0.0,1.0,4.0,0.0,72.0,1.0,19.0,4.0,15.0
2025,Round 11,2025-05-24,Port Adelaide,home,CD_M20250141106,23,Karl Worner,CD_I1021015,0.0,0.0,0.0,1.0,2.0,0.0,0.0,0.0,0.0,0.0,0.0,1.0,43.8,7.0,6.0,72.2,18.0,13.0,9.0,0.0,1.0,1.0,0.0,0.0,0.0,5.0,8.0,0.0,0.0,0.0,0.0,0.0,2.0,6.0,90.0,1.3,2.0,2.0,10.0,4.0,0.0,0.0,158.0,2.0,8.0,1.4,3.0,0.0,0.0,0.0,0.0,1.0,0.0,4.0,0.0,82.0,1.0,16.0,2.0,9.0
2025,Round 12,2025-05-31,Gold Coast,away,CD_M20250141203,24,Jye Amiss,CD_I1020594,0.0,0.0,0.0,0.0,1.0,0.0,0.0,0.0,1.0,0.0,0.0,0.0,55.6,5.0,0.0,88.9,9.0,8.0,2.0,2.0,1.0,0.0,50.0,0.0,1.0,4.0,6.0,0.0,0.0,0.0,0.0,1.0,0.0,1.0,66.7,0.5,0.0,0.0,3.0,3.0,1.0,1.0,127.0,2.0,2.0,9.3,0.0,0.0,2.0,1.0,2.0,2.0,1.0,0.0,0.0,87.0,1.0,9.0,1.0,4.0
2025,Round 12,2025-05-31,Gold Coast,away,CD_M20250141203,41,Bailey Banfield,CD_I998180,0.0,0.0,0.0,0.0,2.0,0.0,0.0,1.0,0.0,0.0,0.0,0.0,61.5,8.0,4.0,84.6,13.0,11.0,4.0,0.0,0.0,1.0,0.0,0.0,0.0,7.0,7.0,0.0,0.0,0.0,0.0,2.0,0.0,5.0,66.7,0.9,0.0,0.0,6.0,3.0,0.0,0.0,194.0,4.0,8.0,7.7,0.0,0.0,1.0,1.0,0.0,4.0,2.0,0.0,0.0,80.0,2.0,13.0,1.0,5.0
2025,Round 12,2025-05-31,Gold Coast,away,CD_M20250141203,15,Shai Bolton,CD_I993993,2.0,3.0,10.0,2.0,8.0,0.0,0.0,0.0,1.0,0.0,0.0,1.0,50.0,10.0,3.0,50.0,20.0,10.0,4.0,4.0,3.0,2.0,50.0,0.0,3.0,6.0,7.0,0.0,0.0,0.0,0.0,3.0,0.0,1.0,30.8,1.9,0.0,0.0,13.0,4.0,1.0,1.0,324.0,0.0,16.0,11.1,0.0,0.0,5.0,0.0,6.0,0.0,0.0,6.0,3.0,81.0,2.0,20.0,7.0,10.0
2025,Round 12,2025-05-31,Gold Coast,away,CD_M20250141203,8,Andrew Brayshaw,CD_I1002232,0.0,0.0,21.0,3.0,4.0,0.0,0.0,0.0,0.0,0.0,0.0,0.0,31.0,9.0,13.0,80.0,30.0,24.0,8.0,1.0,2.0,3.0,100.0,0.0,1.0,5.0,17.0,0.0,0.0,0.0,0.0,2.0,0.0,3.0,61.5,0.8,0.0,0.0,13.0,3.0,0.0,0.0,336.0,0.0,29.0,15.9,1.0,0.0,4.0,2.0,1.0,0.0,2.0,7.0,2.0,82.0,5.0,29.0,4.0,20.0
2025,Round 12,2025-05-31,Gold Coast,away,CD_M20250141203,5,Heath Chapman,CD_I1013224,0.0,0.0,0.0,0.0,3.0,0.0,0.0,0.0,0.0,0.0,0.0,0.0,46.2,6.0,5.0,76.9,13.0,10.0,4.0,0.0,1.0,1.0,0.0,0.0,0.0,6.0,6.0,0.0,0.0,0.0,0.0,3.0,0.0,4.0,57.1,1.2,0.0,0.0,7.0,1.0,0.0,0.0,218.0,3.0,11.0,9.9,0.0,0.0,0.0,0.0,0.0,3.0,0.0,6.0,0.0,79.0,0.0,13.0,4.0,7.0
2025,Round 12,2025-05-31,Gold Coast,away,CD_M20250141203,6,Jordan Clark,CD_I1006152,0.0,0.0,0.0,0.0,1.0,0.0,0.0,0.0,0.0,0.0,0.0,1.0,48.1,13.0,8.0,66.7,30.0,20.0,15.0,0.0,0.0,2.0,0.0,1.0,0.0,9.0,6.0,0.0,0.0,0.0,0.0,4.0,4.0,10.0,62.5,4.0,4.0,4.0,24.0,6.0,0.0,0.0,813.0,2.0,11.0,17.5,11.0,0.0,3.0,2.0,0.0,1.0,5.0,4.0,0.0,91.0,5.0,27.0,7.0,14.0
2025,Round 12,2025-05-31,Gold Coast,away,CD_M20250141203,36,Brennan Cox,CD_I997033,0.0,0.0,0.0,0.0,4.0,33.3,1.0,3.0,0.0,0.0,0.0,0.0,50.0,5.0,2.0,70.0,10.0,7.0,2.0,0.0,3.0,0.0,0.0,0.0,0.0,5.0,7.0,0.0,0.0,0.0,0.0,0.0,1.0,7.0,66.7,0.4,0.0,0.0,3.0,1.0,0.0,0.0,72.0,6.0,2.0,3.5,0.0,0.0,0.0,0.0,0.0,6.0,0.0,1.0,0.0,86.0,0.0,10.0,2.0,5.0
2025,Round 12,2025-05-31,Gold Coast,away,CD_M20250141203,4,Sean Darcy,CD_I998145,0.0,0.0,7.0,1.0,2.0,0.0,0.0,1.0,0.0,0.0,0.0,0.0,100.0,3.0,5.0,100.0,3.0,3.0,1.0,0.0,2.0,1.0,0.0,0.0,0.0,2.0,2.0,13.8,50.9,29.0,4.0,1.0,0.0,1.0,100.0,0.5,0.0,0.0,1.0,0.0,0.0,0.0,64.0,1.0,11.0,3.1,1.0,57.0,0.0,0.0,0.0,1.0,1.0,5.0,1.0,50.0,2.0,3.0,1.0,0.0
2025,Round 12,2025-05-31,Gold Coast,away,CD_M20250141203,37,Joshua Draper,CD_I1020668,0.0,0.0,0.0,0.0,2.0,0.0,0.0,1.0,0.0,0.0,0.0,0.0,100.0,3.0,6.0,100.0,3.0,3.0,1.0,0.0,2.0,0.0,0.0,0.0,0.0,3.0,2.0,0.0,0.0,0.0,0.0,0.0,0.0,2.0,100.0,0.5,0.0,0.0,1.0,0.0,0.0,0.0,32.0,6.0,7.0,4.6,0.0,0.0,0.0,0.0,0.0,5.0,1.0,1.0,0.0,92.0,1.0,3.0,0.0,0.0
2025,Round 12,2025-05-31,Gold Coast,away,CD_M20250141203,28,Neil Erasmus,CD_I1020250,0.0,0.0,9.0,0.0,0.0,0.0,0.0,0.0,0.0,0.0,0.0,0.0,35.0,7.0,9.0,63.2,19.0,12.0,5.0,0.0,0.0,1.0,0.0,1.0,0.0,7.0,9.0,0.0,0.0,0.0,0.0,3.0,0.0,3.0,50.0,1.1,0.0,0.0,10.0,1.0,0.0,0.0,313.0,0.0,19.0,8.8,2.0,0.0,3.0,1.0,0.0,0.0,2.0,7.0,2.0,68.0,2.0,20.0,4.0,13.0
2025,Round 12,2025-05-31,Gold Coast,away,CD_M20250141203,32,Michael Frederick,CD_I999321,1.0,0.0,0.0,0.0,1.0,0.0,0.0,0.0,1.0,0.0,0.0,0.0,37.5,3.0,4.0,42.9,7.0,3.0,2.0,1.0,1.0,0.0,50.0,0.0,1.0,2.0,2.0,0.0,0.0,0.0,0.0,2.0,0.0,2.0,40.0,2.5,0.0,0.0,5.0,1.0,0.0,0.0,158.0,1.0,14.0,5.6,1.0,0.0,3.0,0.0,2.0,0.0,0.0,3.0,3.0,74.0,0.0,8.0,2.0,5.0
2025,Round 12,2025-05-31,Gold Coast,away,CD_M20250141203,7,Nat Fyfe,CD_I291570,0.0,0.0,5.0,0.0,2.0,0.0,0.0,0.0,0.0,0.0,0.0,0.0,50.0,3.0,3.0,71.4,7.0,5.0,1.0,0.0,2.0,0.0,0.0,0.0,0.0,2.0,4.0,0.0,0.0,0.0,0.0,1.0,0.0,0.0,33.3,0.8,0.0,0.0,3.0,2.0,0.0,0.0,81.0,1.0,4.0,0.6,0.0,0.0,1.0,0.0,0.0,0.0,1.0,1.0,0.0,20.0,1.0,6.0,1.0,3.0
2025,Round 12,2025-05-31,Gold Coast,away,CD_M20250141203,9,Luke Jackson,CD_I1009399,0.0,0.0,22.0,3.0,4.0,0.0,0.0,0.0,2.0,0.0,0.0,1.0,52.0,13.0,3.0,55.6,27.0,15.0,3.0,0.0,2.0,1.0,0.0,1.0,0.0,10.0,15.0,19.0,36.2,21.0,4.0,8.0,1.0,6.0,25.0,0.8,0.0,0.0,12.0,2.0,0.0,0.0,373.0,1.0,11.0,15.4,1.0,58.0,5.0,3.0,0.0,1.0,1.0,7.0,1.0,81.0,4.0,25.0,7.0,12.0
2025,Round 12,2025-05-31,Gold Coast,away,CD_M20250141203,44,Matthew Johnson,CD_I1016825,0.0,0.0,2.0,0.0,1.0,0.0,0.0,0.0,0.0,0.0,0.0,0.0,38.9,7.0,9.0,72.2,18.0,13.0,3.0,0.0,0.0,1.0,0.0,0.0,0.0,6.0,13.0,0.0,0.0,0.0,0.0,1.0,0.0,4.0,60.0,0.4,0.0,0.0,5.0,1.0,0.0,0.0,237.0,0.0,20.0,11.4,1.0,0.0,4.0,2.0,0.0,0.0,3.0,5.0,0.0,82.0,3.0,18.0,3.0,11.0
2025,Round 12,2025-05-31,Gold Coast,away,CD_M20250141203,16,Murphy Reid,CD_I1028513,0.0,0.0,0.0,0.0,3.0,0.0,0.0,0.0,0.0,0.0,0.0,0.0,33.3,5.0,2.0,71.4,14.0,10.0,4.0,2.0,2.0,0.0,0.0,0.0,0.0,5.0,6.0,0.0,0.0,0.0,0.0,3.0,0.0,2.0,50.0,1.3,0.0,0.0,8.0,1.0,0.0,1.0,194.0,1.0,17.0,6.5,1.0,0.0,2.0,1.0,0.0,0.0,1.0,0.0,0.0,85.0,1.0,15.0,5.0,10.0
2025,Round 12,2025-05-31,Gold Coast,away,CD_M20250141203,13,Luke Ryan,CD_I998659,0.0,0.0,0.0,0.0,3.0,33.3,1.0,3.0,0.0,0.0,0.0,0.0,57.1,8.0,3.0,72.2,18.0,13.0,10.0,0.0,2.0,0.0,0.0,0.0,0.0,8.0,4.0,0.0,0.0,0.0,0.0,1.0,2.0,8.0,71.4,3.5,4.0,4.0,14.0,4.0,0.0,0.0,461.0,7.0,5.0,12.7,12.0,0.0,1.0,1.0,0.0,6.0,1.0,1.0,0.0,97.0,1.0,14.0,7.0,6.0
2025,Round 12,2025-05-31,Gold Coast,away,CD_M20250141203,3,Caleb Serong,CD_I1009420,1.0,0.0,20.0,1.0,5.0,0.0,0.0,0.0,0.0,0.0,0.0,0.0,40.7,11.0,18.0,55.6,27.0,15.0,8.0,2.0,1.0,3.0,0.0,1.0,0.0,7.0,9.0,0.0,0.0,0.0,0.0,11.0,0.0,2.0,44.4,2.0,0.0,0.0,18.0,2.0,1.0,0.0,661.0,0.0,33.0,12.7,2.0,0.0,5.0,1.0,1.0,0.0,5.0,8.0,0.0,90.0,6.0,27.0,7.0,16.0
2025,Round 12,2025-05-31,Gold Coast,away,CD_M20250141203,14,Jeremy Sharp,CD_I1009380,0.0,1.0,0.0,0.0,0.0,0.0,0.0,0.0,0.0,0.0,0.0,0.0,25.0,1.0,2.0,100.0,4.0,4.0,3.0,0.0,0.0,1.0,0.0,0.0,0.0,0.0,1.0,0.0,0.0,0.0,0.0,1.0,0.0,1.0,100.0,3.0,0.0,0.0,3.0,1.0,0.0,0.0,74.0,0.0,12.0,3.2,0.0,0.0,0.0,0.0,0.0,0.0,0.0,3.0,0.0,87.0,0.0,4.0,0.0,3.0
2025,Round 12,2025-05-31,Gold Coast,away,CD_M20250141203,39,Sam Switkowski,CD_I992059,0.0,1.0,0.0,1.0,0.0,0.0,0.0,0.0,0.0,0.0,0.0,0.0,50.0,8.0,6.0,94.1,17.0,16.0,6.0,2.0,0.0,1.0,100.0,2.0,1.0,7.0,10.0,0.0,0.0,0.0,0.0,4.0,0.0,2.0,85.7,0.7,0.0,0.0,7.0,2.0,1.0,1.0,215.0,1.0,22.0,18.7,1.0,0.0,10.0,2.0,1.0,1.0,1.0,7.0,1.0,83.0,2.0,16.0,0.0,8.0
2025,Round 12,2025-05-31,Gold Coast,away,CD_M20250141203,35,Josh Treacy,CD_I1012819,0.0,0.0,0.0,0.0,2.0,0.0,0.0,0.0,5.0,1.0,20.0,1.0,31.3,5.0,1.0,80.0,15.0,12.0,5.0,3.0,0.0,0.0,0.0,2.0,0.0,4.0,7.0,0.0,0.0,0.0,0.0,2.0,0.0,1.0,62.5,1.1,0.0,0.0,8.0,5.0,0.0,0.0,303.0,5.0,11.0,7.5,0.0,0.0,4.0,0.0,1.0,4.0,0.0,2.0,1.0,92.0,0.0,16.0,4.0,11.0
2025,Round 12,2025-05-31,Gold Coast,away,CD_M20250141203,20,Patrick Voss,CD_I1017754,1.0,0.0,0.0,0.0,4.0,0.0,0.0,0.0,4.0,1.0,25.0,2.0,42.9,3.0,3.0,57.1,7.0,4.0,4.0,0.0,3.0,1.0,60.0,0.0,3.0,0.0,0.0,0.0,0.0,0.0,0.0,2.0,0.0,1.0,57.1,7.0,0.0,0.0,7.0,3.0,1.0,0.0,247.0,1.0,13.0,9.7,0.0,0.0,6.0,1.0,5.0,1.0,0.0,9.0,6.0,78.0,0.0,7.0,2.0,4.0
2025,Round 12,2025-05-31,Gold Coast,away,CD_M20250141203,34,Corey Wagner,CD_I993940,1.0,0.0,0.0,0.0,0.0,50.0,1.0,2.0,0.0,0.0,0.0,0.0,40.0,6.0,7.0,72.2,18.0,13.0,12.0,2.0,0.0,1.0,50.0,0.0,1.0,6.0,1.0,0.0,0.0,0.0,0.0,6.0,1.0,7.0,70.6,17.0,1.0,1.0,17.0,4.0,0.0,0.0,630.0,3.0,10.0,15.7,4.0,0.0,3.0,1.0,2.0,3.0,0.0,2.0,0.0,82.0,0.0,15.0,4.0,9.0
2025,Round 12,2025-05-31,Gold Coast,away,CD_M20250141203,23,Karl Worner,CD_I1021015,0.0,0.0,0.0,0.0,3.0,100.0,1.0,1.0,0.0,0.0,0.0,0.0,22.2,2.0,1.0,50.0,10.0,5.0,3.0,0.0,1.0,0.0,0.0,0.0,0.0,2.0,5.0,0.0,0.0,0.0,0.0,0.0,1.0,2.0,60.0,1.0,1.0,1.0,5.0,3.0,0.0,0.0,149.0,4.0,3.0,1.1,5.0,0.0,0.0,0.0,0.0,4.0,1.0,1.0,0.0,54.0,1.0,9.0,2.0,7.0
2025,Round 14,2025-06-14,North Melbourne,away,CD_M20250141405,24,Jye Amiss,CD_I1020594,2.0,0.0,0.0,0.0,2.0,0.0,0.0,0.0,4.0,1.0,25.0,1.0,71.4,5.0,1.0,71.4,7.0,5.0,2.0,1.0,2.0,0.0,0.0,1.0,0.0,4.0,3.0,0.0,0.0,0.0,0.0,1.0,0.0,0.0,50.0,1.3,0.0,0.0,4.0,3.0,2.0,1.0,119.0,2.0,5.0,3.2,0.0,0.0,6.0,0.0,2.0,2.0,0.0,1.0,1.0,86.0,0.0,7.0,2.0,2.0
2025,Round 14,2025-06-14,North Melbourne,away,CD_M20250141405,41,Bailey Banfield,CD_I998180,0.0,1.0,0.0,0.0,3.0,0.0,0.0,1.0,0.0,0.0,0.0,1.0,33.3,5.0,6.0,69.2,13.0,9.0,8.0,0.0,0.0,2.0,0.0,0.0,0.0,1.0,1.0,0.0,0.0,0.0,0.0,0.0,2.0,5.0,66.7,12.0,0.0,0.0,12.0,7.0,0.0,0.0,400.0,3.0,8.0,4.5,5.0,0.0,2.0,1.0,0.0,2.0,0.0,1.0,0.0,75.0,0.0,15.0,4.0,10.0
2025,Round 14,2025-06-14,North Melbourne,away,CD_M20250141405,15,Shai Bolton,CD_I993993,0.0,5.0,8.0,1.0,5.0,0.0,0.0,0.0,0.0,0.0,0.0,0.0,36.4,8.0,4.0,76.2,21.0,16.0,9.0,2.0,2.0,0.0,50.0,0.0,1.0,6.0,8.0,0.0,0.0,0.0,0.0,4.0,0.0,1.0,69.2,1.6,0.0,0.0,13.0,0.0,0.0,0.0,335.0,1.0,11.0,14.5,1.0,0.0,9.0,1.0,2.0,0.0,1.0,1.0,1.0,85.0,2.0,22.0,4.0,14.0
2025,Round 14,2025-06-14,North Melbourne,away,CD_M20250141405,8,Andrew Brayshaw,CD_I1002232,1.0,0.0,21.0,1.0,7.0,0.0,0.0,0.0,0.0,0.0,0.0,0.0,50.0,15.0,17.0,71.0,31.0,22.0,10.0,1.0,1.0,4.0,0.0,0.0,0.0,9.0,13.0,0.0,0.0,0.0,0.0,6.0,0.0,6.0,55.6,1.4,0.0,0.0,18.0,6.0,0.0,0.0,679.0,1.0,25.0,15.7,5.0,0.0,8.0,3.0,1.0,0.0,8.0,9.0,1.0,85.0,9.0,30.0,7.0,15.0
2025,Round 14,2025-06-14,North Melbourne,away,CD_M20250141405,5,Heath Chapman,CD_I1013224,0.0,0.0,0.0,0.0,1.0,0.0,0.0,1.0,0.0,0.0,0.0,0.0,46.2,6.0,11.0,76.9,13.0,10.0,4.0,0.0,1.0,0.0,0.0,0.0,0.0,6.0,8.0,0.0,0.0,0.0,0.0,1.0,1.0,5.0,80.0,0.6,0.0,0.0,5.0,5.0,0.0,0.0,137.0,7.0,11.0,10.0,2.0,0.0,2.0,1.0,0.0,7.0,0.0,2.0,0.0,83.0,0.0,13.0,1.0,7.0
2025,Round 14,2025-06-14,North Melbourne,away,CD_M20250141405,6,Jordan Clark,CD_I1006152,0.0,1.0,0.0,0.0,7.0,0.0,0.0,0.0,0.0,0.0,0.0,0.0,44.0,11.0,13.0,69.2,26.0,18.0,14.0,0.0,1.0,2.0,0.0,0.0,0.0,8.0,7.0,0.0,0.0,0.0,0.0,3.0,0.0,5.0,73.7,2.7,3.0,3.0,19.0,5.0,0.0,0.0,713.0,3.0,16.0,10.8,8.0,0.0,7.0,1.0,0.0,1.0,2.0,3.0,0.0,91.0,2.0,25.0,9.0,14.0
2025,Round 14,2025-06-14,North Melbourne,away,CD_M20250141405,36,Brennan Cox,CD_I997033,0.0,0.0,0.0,0.0,3.0,0.0,0.0,0.0,1.0,0.0,0.0,2.0,44.4,4.0,6.0,100.0,10.0,10.0,6.0,0.0,2.0,1.0,0.0,0.0,0.0,1.0,4.0,0.0,0.0,0.0,0.0,0.0,3.0,6.0,100.0,1.5,0.0,0.0,6.0,6.0,0.0,0.0,143.0,14.0,6.0,10.6,3.0,0.0,0.0,1.0,0.0,14.0,0.0,2.0,0.0,96.0,0.0,9.0,0.0,5.0
2025,Round 14,2025-06-14,North Melbourne,away,CD_M20250141405,4,Sean Darcy,CD_I998145,0.0,0.0,14.0,0.0,3.0,0.0,0.0,0.0,0.0,0.0,0.0,0.0,14.3,1.0,4.0,57.1,7.0,4.0,2.0,0.0,0.0,1.0,0.0,0.0,0.0,0.0,4.0,52.2,47.9,23.0,12.0,2.0,0.0,1.0,66.7,0.8,0.0,0.0,3.0,2.0,0.0,0.0,120.0,3.0,6.0,6.5,0.0,48.0,5.0,4.0,0.0,3.0,0.0,1.0,0.0,61.0,0.0,7.0,1.0,6.0
2025,Round 14,2025-06-14,North Melbourne,away,CD_M20250141405,37,Joshua Draper,CD_I1020668,0.0,0.0,0.0,0.0,4.0,40.0,2.0,5.0,0.0,0.0,0.0,0.0,75.0,3.0,5.0,100.0,3.0,3.0,2.0,0.0,4.0,0.0,0.0,0.0,0.0,2.0,1.0,0.0,0.0,0.0,0.0,0.0,0.0,4.0,100.0,2.0,0.0,0.0,2.0,1.0,0.0,0.0,50.0,9.0,6.0,5.8,1.0,0.0,0.0,0.0,0.0,7.0,0.0,2.0,0.0,74.0,0.0,4.0,1.0,1.0
2025,Round 14,2025-06-14,North Melbourne,away,CD_M20250141405,28,Neil Erasmus,CD_I1020250,0.0,0.0,8.0,2.0,2.0,0.0,0.0,0.0,0.0,0.0,0.0,0.0,53.8,7.0,6.0,58.3,12.0,7.0,3.0,0.0,0.0,3.0,0.0,0.0,0.0,4.0,4.0,0.0,0.0,0.0,0.0,1.0,0.0,4.0,37.5,2.0,0.0,0.0,8.0,0.0,0.0,0.0,239.0,2.0,8.0,5.2,3.0,0.0,3.0,2.0,0.0,0.0,0.0,1.0,0.0,44.0,2.0,13.0,2.0,6.0
2025,Round 14,2025-06-14,North Melbourne,away,CD_M20250141405,32,Michael Frederick,CD_I999321,1.0,0.0,0.0,0.0,2.0,0.0,0.0,0.0,0.0,0.0,0.0,0.0,25.0,2.0,14.0,62.5,8.0,5.0,1.0,0.0,0.0,0.0,0.0,0.0,0.0,2.0,5.0,0.0,0.0,0.0,0.0,2.0,0.0,1.0,33.3,0.6,0.0,0.0,3.0,2.0,1.0,0.0,101.0,2.0,24.0,-2.2,0.0,0.0,4.0,0.0,2.0,2.0,0.0,1.0,0.0,81.0,0.0,8.0,2.0,6.0
2025,Round 14,2025-06-14,North Melbourne,away,CD_M20250141405,7,Nat Fyfe,CD_I291570,0.0,0.0,4.0,1.0,3.0,0.0,0.0,0.0,0.0,0.0,0.0,0.0,36.4,4.0,2.0,100.0,9.0,9.0,0.0,0.0,1.0,0.0,0.0,0.0,0.0,2.0,9.0,0.0,0.0,0.0,0.0,1.0,0.0,1.0,0.0,0.0,0.0,0.0,0.0,1.0,0.0,0.0,30.0,0.0,3.0,2.6,1.0,0.0,2.0,0.0,0.0,0.0,1.0,1.0,0.0,28.0,2.0,11.0,1.0,7.0
2025,Round 14,2025-06-14,North Melbourne,away,CD_M20250141405,9,Luke Jackson,CD_I1009399,0.0,0.0,13.0,2.0,0.0,0.0,0.0,1.0,1.0,0.0,0.0,0.0,64.3,9.0,10.0,73.3,15.0,11.0,6.0,1.0,0.0,1.0,100.0,0.0,2.0,6.0,8.0,11.8,37.0,17.0,2.0,1.0,1.0,4.0,85.7,0.9,0.0,0.0,7.0,3.0,1.0,0.0,152.0,4.0,17.0,12.0,1.0,46.0,6.0,2.0,2.0,4.0,2.0,4.0,1.0,85.0,4.0,14.0,1.0,5.0
2025,Round 14,2025-06-14,North Melbourne,away,CD_M20250141405,44,Matthew Johnson,CD_I1016825,0.0,0.0,6.0,0.0,1.0,100.0,1.0,1.0,0.0,0.0,0.0,0.0,31.6,6.0,6.0,75.0,20.0,15.0,8.0,0.0,0.0,0.0,0.0,0.0,0.0,5.0,9.0,0.0,0.0,0.0,0.0,2.0,0.0,3.0,72.7,1.2,0.0,0.0,11.0,6.0,0.0,1.0,121.0,1.0,14.0,9.4,0.0,0.0,3.0,0.0,0.0,1.0,2.0,4.0,0.0,80.0,2.0,19.0,3.0,13.0
2025,Round 14,2025-06-14,North Melbourne,away,CD_M20250141405,16,Murphy Reid,CD_I1028513,0.0,0.0,0.0,0.0,4.0,0.0,0.0,0.0,0.0,0.0,0.0,1.0,37.5,6.0,1.0,62.5,16.0,10.0,4.0,1.0,3.0,0.0,50.0,0.0,1.0,5.0,8.0,0.0,0.0,0.0,0.0,1.0,0.0,0.0,50.0,1.0,0.0,0.0,8.0,3.0,1.0,0.0,144.0,1.0,6.0,6.9,0.0,0.0,5.0,0.0,2.0,0.0,0.0,1.0,1.0,81.0,0.0,16.0,5.0,10.0
2025,Round 14,2025-06-14,North Melbourne,away,CD_M20250141405,13,Luke Ryan,CD_I998659,0.0,0.0,0.0,0.0,1.0,50.0,1.0,2.0,0.0,0.0,0.0,0.0,26.7,4.0,8.0,63.2,19.0,12.0,8.0,0.0,1.0,1.0,0.0,0.0,0.0,3.0,8.0,0.0,0.0,0.0,0.0,0.0,1.0,7.0,72.7,1.4,4.0,4.0,11.0,3.0,0.0,0.0,277.0,8.0,11.0,5.3,4.0,0.0,2.0,2.0,1.0,8.0,0.0,6.0,0.0,95.0,0.0,15.0,2.0,11.0
2025,Round 14,2025-06-14,North Melbourne,away,CD_M20250141405,3,Caleb Serong,CD_I1009420,0.0,1.0,17.0,2.0,5.0,0.0,0.0,0.0,0.0,0.0,0.0,0.0,47.1,16.0,22.0,58.3,36.0,21.0,8.0,2.0,0.0,3.0,100.0,0.0,1.0,11.0,17.0,0.0,0.0,0.0,0.0,6.0,0.0,7.0,42.1,1.1,0.0,0.0,19.0,2.0,0.0,0.0,585.0,0.0,40.0,16.5,3.0,0.0,6.0,2.0,1.0,0.0,6.0,10.0,0.0,87.0,8.0,34.0,10.0,18.0
2025,Round 14,2025-06-14,North Melbourne,away,CD_M20250141405,14,Jeremy Sharp,CD_I1009380,0.0,0.0,0.0,0.0,1.0,0.0,0.0,0.0,1.0,0.0,0.0,0.0,30.8,4.0,6.0,71.4,14.0,10.0,4.0,1.0,0.0,0.0,0.0,0.0,0.0,3.0,8.0,0.0,0.0,0.0,0.0,0.0,0.0,1.0,66.7,0.8,0.0,0.0,6.0,1.0,0.0,0.0,167.0,1.0,12.0,5.4,5.0,0.0,4.0,0.0,0.0,0.0,2.0,1.0,0.0,87.0,2.0,13.0,3.0,9.0
2025,Round 14,2025-06-14,North Melbourne,away,CD_M20250141405,39,Sam Switkowski,CD_I992059,0.0,2.0,0.0,0.0,1.0,0.0,0.0,0.0,0.0,0.0,0.0,0.0,15.4,2.0,6.0,100.0,14.0,14.0,7.0,0.0,1.0,0.0,100.0,2.0,1.0,2.0,7.0,0.0,0.0,0.0,0.0,6.0,2.0,3.0,100.0,1.0,0.0,0.0,7.0,5.0,0.0,1.0,353.0,1.0,9.0,16.5,0.0,0.0,9.0,1.0,1.0,0.0,1.0,1.0,0.0,66.0,1.0,13.0,0.0,11.0
2025,Round 14,2025-06-14,North Melbourne,away,CD_M20250141405,35,Josh Treacy,CD_I1012819,2.0,0.0,0.0,0.0,3.0,0.0,0.0,0.0,3.0,2.0,66.7,6.0,66.7,10.0,2.0,50.0,14.0,7.0,6.0,1.0,0.0,0.0,0.0,1.0,0.0,3.0,2.0,0.0,0.0,0.0,0.0,7.0,1.0,1.0,50.0,6.0,0.0,0.0,12.0,8.0,2.0,1.0,476.0,3.0,19.0,16.6,2.0,0.0,5.0,0.0,2.0,1.0,0.0,2.0,1.0,88.0,0.0,15.0,6.0,5.0
2025,Round 14,2025-06-14,North Melbourne,away,CD_M20250141405,20,Patrick Voss,CD_I1017754,2.0,0.0,0.0,0.0,3.0,0.0,0.0,0.0,3.0,1.0,33.3,1.0,41.7,5.0,0.0,54.5,11.0,6.0,4.0,2.0,2.0,2.0,50.0,1.0,3.0,3.0,2.0,0.0,0.0,0.0,0.0,1.0,0.0,0.0,44.4,4.5,0.0,0.0,9.0,2.0,1.0,1.0,227.0,1.0,8.0,11.3,0.0,0.0,8.0,0.0,6.0,1.0,0.0,2.0,1.0,86.0,0.0,12.0,3.0,7.0
2025,Round 14,2025-06-14,North Melbourne,away,CD_M20250141405,34,Corey Wagner,CD_I993940,0.0,0.0,1.0,1.0,3.0,0.0,0.0,0.0,0.0,0.0,0.0,0.0,42.9,6.0,8.0,78.6,14.0,11.0,6.0,1.0,1.0,2.0,50.0,0.0,1.0,3.0,5.0,0.0,0.0,0.0,0.0,3.0,0.0,2.0,66.7,1.8,0.0,0.0,9.0,1.0,0.0,0.0,369.0,0.0,16.0,10.8,2.0,0.0,5.0,0.0,2.0,0.0,1.0,7.0,0.0,70.0,2.0,14.0,4.0,8.0
2025,Round 14,2025-06-14,North Melbourne,away,CD_M20250141405,23,Karl Worner,CD_I1021015,0.0,0.0,0.0,0.0,1.0,50.0,1.0,2.0,0.0,0.0,0.0,1.0,47.1,8.0,16.0,93.3,15.0,14.0,6.0,0.0,1.0,3.0,0.0,0.0,0.0,5.0,9.0,0.0,0.0,0.0,0.0,0.0,1.0,7.0,100.0,0.7,0.0,0.0,6.0,1.0,0.0,0.0,128.0,2.0,17.0,11.8,3.0,0.0,3.0,0.0,0.0,2.0,1.0,3.0,0.0,85.0,1.0,17.0,1.0,9.0
2025,Round 15,2025-06-19,Essendon,home,CD_M20250141501,11,James Aish,CD_I295067,0.0,0.0,0.0,0.0,0.0,0.0,0.0,1.0,0.0,0.0,0.0,0.0,33.3,2.0,1.0,100.0,6.0,6.0,1.0,0.0,0.0,0.0,0.0,0.0,0.0,2.0,5.0,0.0,0.0,0.0,0.0,1.0,0.0,0.0,100.0,0.2,0.0,0.0,1.0,0.0,0.0,0.0,39.0,1.0,1.0,4.0,0.0,0.0,2.0,0.0,0.0,1.0,1.0,1.0,0.0,18.0,1.0,6.0,1.0,4.0
2025,Round 15,2025-06-19,Essendon,home,CD_M20250141501,24,Jye Amiss,CD_I1020594,0.0,0.0,0.0,0.0,2.0,0.0,0.0,0.0,3.0,2.0,66.7,2.0,60.0,6.0,0.0,80.0,10.0,8.0,3.0,3.0,1.0,0.0,0.0,2.0,0.0,4.0,6.0,0.0,0.0,0.0,0.0,2.0,0.0,0.0,75.0,0.7,0.0,0.0,4.0,4.0,0.0,1.0,8.0,1.0,5.0,4.3,0.0,0.0,3.0,0.0,0.0,1.0,0.0,0.0,0.0,85.0,0.0,10.0,3.0,4.0
2025,Round 15,2025-06-19,Essendon,home,CD_M20250141501,41,Bailey Banfield,CD_I998180,0.0,0.0,0.0,0.0,2.0,0.0,0.0,0.0,0.0,0.0,0.0,0.0,38.5,5.0,3.0,61.5,13.0,8.0,3.0,2.0,0.0,1.0,0.0,0.0,0.0,4.0,6.0,0.0,0.0,0.0,0.0,0.0,0.0,2.0,42.9,1.2,0.0,0.0,7.0,1.0,0.0,0.0,68.0,0.0,11.0,4.2,2.0,0.0,2.0,0.0,0.0,0.0,0.0,3.0,0.0,76.0,0.0,13.0,4.0,8.0
2025,Round 15,2025-06-19,Essendon,home,CD_M20250141501,15,Shai Bolton,CD_I993993,2.0,0.0,6.0,0.0,3.0,0.0,0.0,0.0,0.0,0.0,0.0,0.0,50.0,8.0,2.0,60.0,15.0,9.0,3.0,3.0,1.0,1.0,50.0,0.0,2.0,6.0,8.0,0.0,0.0,0.0,0.0,1.0,0.0,1.0,42.9,0.9,0.0,0.0,7.0,0.0,0.0,0.0,149.0,1.0,14.0,6.6,0.0,0.0,6.0,1.0,4.0,1.0,3.0,1.0,0.0,84.0,3.0,16.0,4.0,8.0
2025,Round 15,2025-06-19,Essendon,home,CD_M20250141501,8,Andrew Brayshaw,CD_I1002232,1.0,0.0,22.0,3.0,1.0,0.0,0.0,0.0,0.0,0.0,0.0,0.0,37.9,11.0,5.0,75.9,29.0,22.0,9.0,0.0,0.0,0.0,50.0,0.0,1.0,7.0,15.0,0.0,0.0,0.0,0.0,3.0,0.0,3.0,64.3,0.9,0.0,0.0,14.0,3.0,0.0,0.0,467.0,0.0,19.0,20.3,1.0,0.0,5.0,1.0,2.0,0.0,1.0,4.0,1.0,79.0,4.0,29.0,0.0,18.0
2025,Round 15,2025-06-19,Essendon,home,CD_M20250141501,5,Heath Chapman,CD_I1013224,0.0,0.0,0.0,0.0,2.0,100.0,1.0,1.0,0.0,0.0,0.0,0.0,23.8,5.0,3.0,81.8,22.0,18.0,13.0,0.0,0.0,2.0,0.0,0.0,0.0,3.0,7.0,0.0,0.0,0.0,0.0,3.0,0.0,5.0,86.7,2.1,1.0,1.0,15.0,4.0,0.0,1.0,453.0,2.0,9.0,9.3,4.0,0.0,5.0,3.0,0.0,2.0,0.0,2.0,0.0,78.0,0.0,21.0,7.0,16.0
2025,Round 15,2025-06-19,Essendon,home,CD_M20250141501,6,Jordan Clark,CD_I1006152,0.0,0.0,1.0,0.0,5.0,0.0,0.0,1.0,0.0,0.0,0.0,1.0,26.7,8.0,8.0,72.7,33.0,24.0,15.0,0.0,1.0,3.0,0.0,0.0,0.0,4.0,10.0,0.0,0.0,0.0,0.0,3.0,2.0,7.0,65.2,2.3,3.0,3.0,23.0,8.0,0.0,0.0,595.0,4.0,8.0,8.0,3.0,0.0,3.0,0.0,0.0,4.0,0.0,5.0,0.0,92.0,0.0,30.0,7.0,22.0
2025,Round 15,2025-06-19,Essendon,home,CD_M20250141501,36,Brennan Cox,CD_I997033,0.0,0.0,0.0,0.0,1.0,66.7,2.0,3.0,0.0,0.0,0.0,1.0,30.8,4.0,0.0,92.3,13.0,12.0,7.0,0.0,0.0,0.0,0.0,0.0,0.0,3.0,6.0,0.0,0.0,0.0,0.0,0.0,1.0,4.0,100.0,1.2,0.0,0.0,7.0,9.0,0.0,0.0,37.0,2.0,2.0,4.6,0.0,0.0,1.0,0.0,0.0,2.0,0.0,1.0,0.0,84.0,0.0,13.0,1.0,9.0
2025,Round 15,2025-06-19,Essendon,home,CD_M20250141501,37,Joshua Draper,CD_I1020668,0.0,0.0,0.0,0.0,2.0,0.0,0.0,1.0,0.0,0.0,0.0,0.0,14.3,1.0,7.0,75.0,8.0,6.0,5.0,0.0,0.0,1.0,0.0,0.0,0.0,0.0,1.0,0.0,0.0,0.0,0.0,0.0,0.0,2.0,71.4,7.0,0.0,0.0,7.0,3.0,0.0,0.0,67.0,2.0,10.0,0.0,1.0,0.0,0.0,0.0,0.0,2.0,0.0,2.0,0.0,93.0,0.0,7.0,2.0,6.0
2025,Round 15,2025-06-19,Essendon,home,CD_M20250141501,28,Neil Erasmus,CD_I1020250,0.0,0.0,11.0,2.0,2.0,0.0,0.0,0.0,0.0,0.0,0.0,0.0,36.4,8.0,4.0,76.2,21.0,16.0,4.0,0.0,0.0,1.0,0.0,0.0,0.0,3.0,14.0,0.0,0.0,0.0,0.0,1.0,0.0,0.0,57.1,0.5,0.0,0.0,7.0,4.0,0.0,0.0,153.0,1.0,13.0,5.2,0.0,0.0,3.0,1.0,0.0,0.0,5.0,1.0,0.0,61.0,7.0,22.0,3.0,14.0
2025,Round 15,2025-06-19,Essendon,home,CD_M20250141501,32,Michael Frederick,CD_I999321,1.0,0.0,0.0,0.0,1.0,0.0,0.0,1.0,0.0,0.0,0.0,0.0,20.0,1.0,4.0,60.0,5.0,3.0,3.0,1.0,0.0,1.0,66.7,0.0,2.0,1.0,1.0,0.0,0.0,0.0,0.0,1.0,0.0,0.0,75.0,4.0,0.0,0.0,4.0,2.0,1.0,0.0,130.0,2.0,15.0,4.1,0.0,0.0,3.0,0.0,3.0,2.0,0.0,1.0,0.0,80.0,0.0,5.0,1.0,4.0
2025,Round 15,2025-06-19,Essendon,home,CD_M20250141501,7,Nat Fyfe,CD_I291570,0.0,0.0,5.0,0.0,3.0,0.0,0.0,0.0,0.0,0.0,0.0,0.0,27.3,3.0,2.0,72.7,11.0,8.0,3.0,1.0,1.0,0.0,0.0,2.0,0.0,3.0,6.0,0.0,0.0,0.0,0.0,4.0,0.0,1.0,60.0,0.8,0.0,0.0,5.0,3.0,0.0,0.0,157.0,1.0,9.0,0.0,0.0,0.0,5.0,0.0,0.0,1.0,1.0,1.0,1.0,67.0,1.0,11.0,2.0,8.0
2025,Round 15,2025-06-19,Essendon,home,CD_M20250141501,9,Luke Jackson,CD_I1009399,0.0,0.0,26.0,4.0,3.0,0.0,0.0,0.0,1.0,0.0,0.0,1.0,63.6,14.0,3.0,85.7,21.0,18.0,9.0,0.0,2.0,3.0,100.0,0.0,3.0,8.0,10.0,37.5,66.7,48.0,18.0,2.0,2.0,4.0,81.8,1.1,0.0,0.0,11.0,4.0,1.0,0.0,231.0,1.0,17.0,36.0,1.0,72.0,12.0,8.0,3.0,0.0,6.0,4.0,1.0,81.0,10.0,22.0,2.0,8.0
2025,Round 15,2025-06-19,Essendon,home,CD_M20250141501,44,Matthew Johnson,CD_I1016825,0.0,1.0,1.0,0.0,3.0,0.0,0.0,0.0,0.0,0.0,0.0,0.0,38.1,8.0,10.0,94.4,18.0,17.0,4.0,1.0,2.0,1.0,0.0,2.0,0.0,4.0,13.0,0.0,0.0,0.0,0.0,4.0,1.0,4.0,80.0,0.4,0.0,0.0,5.0,5.0,0.0,0.0,200.0,1.0,18.0,11.8,1.0,0.0,5.0,1.0,0.0,0.0,3.0,1.0,0.0,79.0,3.0,21.0,3.0,13.0
2025,Round 15,2025-06-19,Essendon,home,CD_M20250141501,30,Nathan O'Driscoll,CD_I1013220,1.0,0.0,1.0,0.0,1.0,0.0,0.0,0.0,1.0,0.0,0.0,0.0,22.2,4.0,4.0,70.6,17.0,12.0,8.0,0.0,0.0,1.0,50.0,0.0,1.0,0.0,6.0,0.0,0.0,0.0,0.0,4.0,0.0,2.0,72.7,1.8,0.0,0.0,11.0,7.0,0.0,1.0,334.0,4.0,10.0,5.6,0.0,0.0,5.0,1.0,2.0,2.0,1.0,0.0,0.0,80.0,1.0,18.0,1.0,14.0
2025,Round 15,2025-06-19,Essendon,home,CD_M20250141501,16,Murphy Reid,CD_I1028513,0.0,0.0,0.0,1.0,3.0,0.0,0.0,0.0,1.0,0.0,0.0,0.0,30.8,4.0,2.0,84.6,13.0,11.0,7.0,2.0,2.0,0.0,100.0,2.0,1.0,3.0,6.0,0.0,0.0,0.0,0.0,4.0,0.0,0.0,100.0,1.2,0.0,0.0,7.0,3.0,1.0,0.0,191.0,1.0,16.0,10.6,0.0,0.0,4.0,0.0,1.0,1.0,0.0,4.0,3.0,86.0,1.0,13.0,1.0,9.0
2025,Round 15,2025-06-19,Essendon,home,CD_M20250141501,13,Luke Ryan,CD_I998659,0.0,0.0,0.0,0.0,2.0,50.0,2.0,4.0,0.0,0.0,0.0,2.0,29.6,8.0,5.0,93.8,32.0,30.0,22.0,0.0,2.0,1.0,0.0,0.0,0.0,5.0,8.0,0.0,0.0,0.0,0.0,1.0,3.0,10.0,91.7,3.0,4.0,4.0,24.0,12.0,0.0,1.0,487.0,5.0,9.0,18.0,5.0,0.0,6.0,3.0,0.0,4.0,0.0,2.0,0.0,93.0,0.0,27.0,2.0,19.0
2025,Round 15,2025-06-19,Essendon,home,CD_M20250141501,3,Caleb Serong,CD_I1009420,0.0,2.0,24.0,6.0,2.0,0.0,0.0,0.0,0.0,0.0,0.0,1.0,31.3,10.0,7.0,82.9,35.0,29.0,18.0,0.0,1.0,3.0,100.0,0.0,2.0,4.0,11.0,0.0,0.0,0.0,0.0,10.0,1.0,1.0,75.0,2.2,0.0,0.0,24.0,5.0,0.0,0.0,783.0,0.0,18.0,26.1,1.0,0.0,6.0,0.0,2.0,0.0,1.0,4.0,0.0,83.0,7.0,32.0,5.0,22.0
2025,Round 15,2025-06-19,Essendon,home,CD_M20250141501,14,Jeremy Sharp,CD_I1009380,1.0,0.0,0.0,0.0,2.0,0.0,0.0,0.0,1.0,0.0,0.0,0.0,8.3,1.0,5.0,75.0,12.0,9.0,5.0,0.0,0.0,0.0,0.0,0.0,0.0,1.0,4.0,0.0,0.0,0.0,0.0,1.0,0.0,1.0,62.5,2.0,0.0,0.0,8.0,6.0,1.0,0.0,123.0,1.0,17.0,-0.7,0.0,0.0,2.0,0.0,1.0,1.0,0.0,3.0,0.0,74.0,0.0,12.0,1.0,11.0
2025,Round 15,2025-06-19,Essendon,home,CD_M20250141501,35,Josh Treacy,CD_I1012819,0.0,0.0,0.0,0.0,0.0,0.0,0.0,0.0,4.0,0.0,0.0,1.0,54.5,6.0,3.0,90.9,11.0,10.0,5.0,1.0,0.0,2.0,100.0,1.0,3.0,3.0,5.0,100.0,100.0,1.0,1.0,3.0,0.0,2.0,83.3,1.2,0.0,0.0,6.0,3.0,1.0,1.0,215.0,5.0,24.0,22.4,0.0,1.0,8.0,2.0,3.0,3.0,0.0,2.0,2.0,88.0,0.0,11.0,1.0,5.0
2025,Round 15,2025-06-19,Essendon,home,CD_M20250141501,20,Patrick Voss,CD_I1017754,2.0,0.0,3.0,0.0,3.0,0.0,0.0,0.0,2.0,0.0,0.0,0.0,69.2,9.0,2.0,61.5,13.0,8.0,2.0,5.0,2.0,1.0,33.3,1.0,1.0,7.0,7.0,25.0,28.6,4.0,1.0,1.0,0.0,1.0,33.3,0.9,0.0,0.0,6.0,2.0,1.0,2.0,200.0,0.0,12.0,9.1,1.0,14.0,7.0,2.0,3.0,0.0,3.0,3.0,3.0,81.0,3.0,13.0,5.0,4.0
2025,Round 15,2025-06-19,Essendon,home,CD_M20250141501,34,Corey Wagner,CD_I993940,0.0,1.0,16.0,1.0,3.0,0.0,0.0,0.0,0.0,0.0,0.0,1.0,37.5,6.0,4.0,68.8,16.0,11.0,7.0,1.0,1.0,1.0,0.0,0.0,0.0,4.0,4.0,0.0,0.0,0.0,0.0,6.0,0.0,3.0,58.3,3.0,0.0,0.0,12.0,4.0,0.0,0.0,427.0,1.0,15.0,7.7,3.0,0.0,4.0,1.0,0.0,1.0,1.0,2.0,0.0,72.0,2.0,16.0,5.0,10.0
2025,Round 15,2025-06-19,Essendon,home,CD_M20250141501,23,Karl Worner,CD_I1021015,0.0,0.0,0.0,0.0,2.0,0.0,0.0,0.0,0.0,0.0,0.0,1.0,11.8,2.0,6.0,83.3,18.0,15.0,7.0,0.0,0.0,0.0,0.0,0.0,0.0,0.0,8.0,0.0,0.0,0.0,0.0,2.0,2.0,2.0,70.0,1.3,1.0,1.0,10.0,7.0,0.0,0.0,264.0,2.0,7.0,6.5,2.0,0.0,1.0,0.0,0.0,2.0,1.0,2.0,0.0,84.0,1.0,17.0,2.0,15.0
2025,Round 16,2025-06-29,St Kilda,home,CD_M20250141605,24,Jye Amiss,CD_I1020594,1.0,0.0,0.0,0.0,0.0,0.0,0.0,0.0,0.0,0.0,0.0,1.0,50.0,2.0,1.0,50.0,4.0,2.0,2.0,0.0,0.0,1.0,0.0,1.0,0.0,0.0,0.0,0.0,0.0,0.0,0.0,1.0,0.0,0.0,50.0,4.0,0.0,0.0,4.0,2.0,1.0,1.0,120.0,0.0,8.0,4.6,0.0,0.0,4.0,0.0,2.0,0.0,0.0,2.0,2.0,91.0,0.0,4.0,0.0,2.0
2025,Round 16,2025-06-29,St Kilda,home,CD_M20250141605,41,Bailey Banfield,CD_I998180,0.0,1.0,0.0,0.0,1.0,0.0,0.0,1.0,0.0,0.0,0.0,0.0,15.4,2.0,8.0,91.7,12.0,11.0,8.0,0.0,0.0,1.0,0.0,0.0,0.0,1.0,4.0,0.0,0.0,0.0,0.0,1.0,0.0,2.0,100.0,2.0,0.0,0.0,8.0,3.0,0.0,0.0,224.0,3.0,11.0,5.9,2.0,0.0,2.0,0.0,0.0,3.0,0.0,2.0,0.0,80.0,0.0,13.0,2.0,11.0
2025,Round 16,2025-06-29,St Kilda,home,CD_M20250141605,15,Shai Bolton,CD_I993993,1.0,0.0,12.0,0.0,4.0,0.0,0.0,0.0,0.0,0.0,0.0,0.0,26.7,4.0,5.0,60.0,15.0,9.0,5.0,3.0,2.0,0.0,25.0,0.0,1.0,3.0,5.0,0.0,0.0,0.0,0.0,2.0,0.0,1.0,50.0,2.0,0.0,0.0,10.0,4.0,2.0,3.0,259.0,1.0,18.0,7.7,0.0,0.0,9.0,1.0,4.0,0.0,0.0,3.0,1.0,87.0,0.0,15.0,2.0,11.0
2025,Round 16,2025-06-29,St Kilda,home,CD_M20250141605,8,Andrew Brayshaw,CD_I1002232,1.0,0.0,20.0,0.0,5.0,0.0,0.0,0.0,0.0,0.0,0.0,0.0,24.0,6.0,9.0,68.0,25.0,17.0,8.0,0.0,2.0,3.0,0.0,0.0,0.0,2.0,10.0,0.0,0.0,0.0,0.0,6.0,1.0,4.0,53.3,1.5,0.0,0.0,15.0,4.0,1.0,0.0,483.0,0.0,19.0,4.7,1.0,0.0,7.0,2.0,1.0,0.0,2.0,6.0,1.0,76.0,2.0,25.0,6.0,19.0
2025,Round 16,2025-06-29,St Kilda,home,CD_M20250141605,5,Heath Chapman,CD_I1013224,0.0,0.0,0.0,0.0,3.0,0.0,0.0,1.0,0.0,0.0,0.0,0.0,12.5,1.0,6.0,77.8,9.0,7.0,5.0,0.0,2.0,0.0,0.0,0.0,0.0,1.0,2.0,0.0,0.0,0.0,0.0,2.0,0.0,2.0,71.4,3.5,1.0,0.0,7.0,2.0,0.0,0.0,278.0,2.0,8.0,0.8,0.0,0.0,2.0,0.0,0.0,2.0,0.0,1.0,0.0,80.0,0.0,8.0,2.0,7.0
2025,Round 16,2025-06-29,St Kilda,home,CD_M20250141605,6,Jordan Clark,CD_I1006152,0.0,0.0,0.0,0.0,5.0,0.0,0.0,0.0,0.0,0.0,0.0,2.0,43.3,13.0,17.0,77.4,31.0,24.0,14.0,0.0,2.0,3.0,50.0,0.0,1.0,8.0,12.0,0.0,0.0,0.0,0.0,2.0,6.0,14.0,73.7,1.6,1.0,1.0,19.0,10.0,1.0,0.0,517.0,1.0,18.0,18.9,5.0,0.0,6.0,5.0,2.0,0.0,2.0,2.0,0.0,84.0,2.0,30.0,8.0,17.0
2025,Round 16,2025-06-29,St Kilda,home,CD_M20250141605,36,Brennan Cox,CD_I997033,0.0,0.0,0.0,0.0,0.0,0.0,0.0,1.0,1.0,1.0,100.0,2.0,27.3,3.0,7.0,83.3,12.0,10.0,7.0,0.0,0.0,0.0,0.0,0.0,0.0,1.0,3.0,0.0,0.0,0.0,0.0,0.0,2.0,5.0,77.8,3.0,0.0,0.0,9.0,7.0,0.0,0.0,183.0,5.0,8.0,9.2,3.0,0.0,2.0,1.0,0.0,5.0,0.0,2.0,0.0,84.0,0.0,11.0,1.0,8.0
2025,Round 16,2025-06-29,St Kilda,home,CD_M20250141605,4,Sean Darcy,CD_I998145,0.0,0.0,16.0,3.0,3.0,0.0,0.0,2.0,2.0,0.0,0.0,1.0,72.2,13.0,4.0,58.8,17.0,10.0,5.0,0.0,2.0,2.0,33.3,0.0,1.0,3.0,7.0,22.0,54.7,41.0,9.0,4.0,1.0,2.0,50.0,1.4,0.0,0.0,10.0,4.0,1.0,0.0,225.0,4.0,9.0,12.3,0.0,75.0,8.0,6.0,3.0,2.0,4.0,0.0,0.0,69.0,7.0,18.0,1.0,5.0
2025,Round 16,2025-06-29,St Kilda,home,CD_M20250141605,43,Isaiah Dudley,CD_I1011558,0.0,0.0,0.0,1.0,1.0,0.0,0.0,0.0,0.0,0.0,0.0,0.0,50.0,2.0,2.0,40.0,5.0,2.0,1.0,0.0,0.0,1.0,100.0,0.0,1.0,1.0,1.0,0.0,0.0,0.0,0.0,2.0,0.0,1.0,25.0,4.0,0.0,0.0,4.0,0.0,0.0,0.0,81.0,2.0,13.0,5.3,0.0,0.0,3.0,1.0,1.0,0.0,0.0,2.0,1.0,77.0,1.0,4.0,2.0,2.0
2025,Round 16,2025-06-29,St Kilda,home,CD_M20250141605,28,Neil Erasmus,CD_I1020250,1.0,1.0,5.0,1.0,1.0,0.0,0.0,0.0,0.0,0.0,0.0,0.0,47.1,8.0,8.0,70.6,17.0,12.0,7.0,0.0,0.0,1.0,0.0,1.0,0.0,5.0,7.0,0.0,0.0,0.0,0.0,6.0,0.0,2.0,70.0,1.4,0.0,0.0,10.0,6.0,1.0,0.0,350.0,1.0,14.0,5.8,1.0,0.0,7.0,1.0,1.0,1.0,2.0,6.0,1.0,72.0,3.0,17.0,3.0,9.0
2025,Round 16,2025-06-29,St Kilda,home,CD_M20250141605,32,Michael Frederick,CD_I999321,1.0,1.0,0.0,0.0,1.0,0.0,0.0,0.0,0.0,0.0,0.0,0.0,35.7,5.0,6.0,71.4,14.0,10.0,2.0,2.0,0.0,0.0,0.0,2.0,0.0,5.0,8.0,0.0,0.0,0.0,0.0,2.0,0.0,2.0,33.3,0.8,0.0,0.0,6.0,3.0,0.0,0.0,176.0,0.0,10.0,4.2,0.0,0.0,6.0,0.0,2.0,0.0,0.0,1.0,0.0,81.0,0.0,14.0,1.0,9.0
2025,Round 16,2025-06-29,St Kilda,home,CD_M20250141605,7,Nat Fyfe,CD_I291570,0.0,0.0,0.0,0.0,0.0,0.0,0.0,0.0,0.0,0.0,0.0,0.0,0.0,0.0,0.0,0.0,0.0,0.0,0.0,0.0,0.0,0.0,0.0,0.0,0.0,0.0,0.0,0.0,0.0,0.0,0.0,0.0,0.0,0.0,0.0,0.0,0.0,0.0,0.0,0.0,0.0,0.0,0.0,0.0,0.0,0.0,0.0,0.0,0.0,0.0,0.0,0.0,0.0,0.0,0.0,0.0,0.0,0.0,0.0,0.0
2025,Round 16,2025-06-29,St Kilda,home,CD_M20250141605,9,Luke Jackson,CD_I1009399,1.0,0.0,15.0,0.0,3.0,0.0,0.0,0.0,0.0,0.0,0.0,3.0,73.3,11.0,8.0,73.3,15.0,11.0,4.0,0.0,1.0,1.0,66.7,1.0,2.0,6.0,9.0,12.5,50.0,16.0,2.0,3.0,0.0,1.0,66.7,0.7,0.0,0.0,6.0,4.0,4.0,1.0,150.0,0.0,17.0,16.3,0.0,32.0,7.0,1.0,3.0,0.0,1.0,8.0,2.0,88.0,1.0,15.0,1.0,4.0
2025,Round 16,2025-06-29,St Kilda,home,CD_M20250141605,44,Matthew Johnson,CD_I1016825,0.0,1.0,0.0,1.0,1.0,0.0,0.0,0.0,0.0,0.0,0.0,0.0,16.7,3.0,4.0,77.8,18.0,14.0,5.0,0.0,1.0,1.0,0.0,0.0,0.0,3.0,11.0,0.0,0.0,0.0,0.0,0.0,0.0,2.0,71.4,0.6,0.0,0.0,7.0,5.0,0.0,0.0,171.0,1.0,11.0,7.3,1.0,0.0,4.0,0.0,0.0,1.0,1.0,2.0,0.0,81.0,2.0,18.0,1.0,15.0
2025,Round 16,2025-06-29,St Kilda,home,CD_M20250141605,21,Oscar McDonald,CD_I992472,0.0,0.0,0.0,0.0,2.0,50.0,1.0,2.0,0.0,0.0,0.0,0.0,23.1,3.0,5.0,61.5,13.0,8.0,5.0,0.0,1.0,1.0,0.0,0.0,0.0,2.0,4.0,0.0,0.0,0.0,0.0,1.0,2.0,4.0,55.6,2.3,0.0,0.0,9.0,6.0,0.0,0.0,158.0,2.0,7.0,1.7,3.0,0.0,0.0,0.0,0.0,2.0,0.0,0.0,0.0,93.0,0.0,13.0,2.0,10.0
2025,Round 16,2025-06-29,St Kilda,home,CD_M20250141605,30,Nathan O'Driscoll,CD_I1013220,1.0,1.0,1.0,0.0,2.0,0.0,0.0,0.0,0.0,0.0,0.0,0.0,31.3,5.0,11.0,52.9,17.0,9.0,6.0,2.0,0.0,0.0,33.3,0.0,1.0,5.0,4.0,0.0,0.0,0.0,0.0,3.0,0.0,2.0,46.2,3.3,0.0,0.0,13.0,4.0,1.0,0.0,323.0,1.0,15.0,7.9,3.0,0.0,6.0,1.0,3.0,0.0,1.0,3.0,0.0,82.0,1.0,16.0,4.0,11.0
2025,Round 16,2025-06-29,St Kilda,home,CD_M20250141605,16,Murphy Reid,CD_I1028513,2.0,0.0,0.0,0.0,0.0,0.0,0.0,1.0,1.0,1.0,100.0,0.0,26.7,4.0,2.0,60.0,15.0,9.0,4.0,2.0,0.0,0.0,33.3,1.0,1.0,4.0,6.0,0.0,0.0,0.0,0.0,3.0,0.0,1.0,44.4,1.5,0.0,0.0,9.0,2.0,0.0,1.0,236.0,2.0,14.0,9.4,0.0,0.0,5.0,0.0,3.0,2.0,0.0,1.0,0.0,76.0,0.0,15.0,2.0,11.0
2025,Round 16,2025-06-29,St Kilda,home,CD_M20250141605,13,Luke Ryan,CD_I998659,0.0,0.0,0.0,0.0,1.0,0.0,0.0,1.0,0.0,0.0,0.0,1.0,36.4,4.0,8.0,94.4,18.0,17.0,13.0,0.0,0.0,0.0,0.0,0.0,0.0,3.0,4.0,0.0,0.0,0.0,0.0,1.0,1.0,5.0,92.9,3.5,9.0,7.0,14.0,7.0,0.0,0.0,400.0,1.0,11.0,7.7,7.0,0.0,2.0,2.0,0.0,1.0,0.0,2.0,0.0,92.0,0.0,11.0,3.0,7.0
2025,Round 16,2025-06-29,St Kilda,home,CD_M20250141605,3,Caleb Serong,CD_I1009420,0.0,1.0,18.0,1.0,1.0,0.0,0.0,0.0,0.0,0.0,0.0,0.0,66.7,12.0,17.0,72.2,18.0,13.0,4.0,0.0,1.0,2.0,0.0,1.0,0.0,5.0,9.0,0.0,0.0,0.0,0.0,3.0,1.0,2.0,44.4,1.0,0.0,0.0,9.0,2.0,0.0,0.0,329.0,1.0,28.0,13.4,3.0,0.0,5.0,0.0,0.0,0.0,8.0,3.0,0.0,80.0,9.0,18.0,3.0,6.0
2025,Round 16,2025-06-29,St Kilda,home,CD_M20250141605,35,Josh Treacy,CD_I1012819,1.0,0.0,0.0,0.0,0.0,0.0,0.0,0.0,1.0,0.0,0.0,2.0,37.5,3.0,0.0,87.5,8.0,7.0,6.0,0.0,0.0,1.0,75.0,0.0,3.0,0.0,1.0,0.0,0.0,0.0,0.0,1.0,0.0,2.0,85.7,7.0,0.0,0.0,7.0,4.0,3.0,2.0,248.0,3.0,9.0,16.5,0.0,0.0,6.0,1.0,4.0,3.0,0.0,2.0,1.0,93.0,0.0,8.0,0.0,5.0
2025,Round 16,2025-06-29,St Kilda,home,CD_M20250141605,20,Patrick Voss,CD_I1017754,1.0,0.0,0.0,0.0,2.0,0.0,0.0,0.0,0.0,0.0,0.0,0.0,25.0,2.0,3.0,75.0,8.0,6.0,2.0,2.0,1.0,0.0,0.0,1.0,0.0,2.0,5.0,0.0,0.0,0.0,0.0,2.0,0.0,1.0,66.7,0.6,0.0,0.0,3.0,2.0,0.0,0.0,132.0,1.0,5.0,4.0,0.0,0.0,5.0,0.0,1.0,1.0,0.0,1.0,0.0,80.0,0.0,8.0,2.0,6.0
2025,Round 16,2025-06-29,St Kilda,home,CD_M20250141605,34,Corey Wagner,CD_I993940,0.0,0.0,5.0,0.0,2.0,0.0,0.0,0.0,0.0,0.0,0.0,0.0,63.6,7.0,4.0,88.9,9.0,8.0,5.0,0.0,2.0,2.0,0.0,0.0,0.0,3.0,4.0,0.0,0.0,0.0,0.0,3.0,0.0,1.0,100.0,1.3,0.0,0.0,5.0,2.0,0.0,0.0,167.0,2.0,14.0,6.2,0.0,0.0,3.0,0.0,0.0,0.0,3.0,7.0,2.0,68.0,3.0,11.0,0.0,4.0
2025,Round 16,2025-06-29,St Kilda,home,CD_M20250141605,23,Karl Worner,CD_I1021015,1.0,0.0,0.0,0.0,1.0,0.0,0.0,0.0,0.0,0.0,0.0,1.0,40.0,4.0,5.0,58.3,12.0,7.0,5.0,0.0,0.0,1.0,0.0,0.0,0.0,1.0,3.0,0.0,0.0,0.0,0.0,1.0,3.0,7.0,55.6,3.0,3.0,3.0,9.0,3.0,0.0,0.0,325.0,5.0,6.0,6.1,2.0,0.0,6.0,4.0,1.0,3.0,0.0,1.0,0.0,88.0,0.0,10.0,2.0,6.0
2025,Round 17,2025-07-06,Sydney,away,CD_M20250141708,24,Jye Amiss,CD_I1020594,1.0,0.0,0.0,0.0,1.0,0.0,0.0,1.0,6.0,1.0,16.7,1.0,42.9,3.0,0.0,42.9,7.0,3.0,2.0,1.0,0.0,1.0,33.3,0.0,1.0,1.0,1.0,0.0,0.0,0.0,0.0,2.0,0.0,0.0,33.3,6.0,0.0,0.0,6.0,5.0,2.0,3.0,109.0,1.0,4.0,2.5,0.0,0.0,5.0,0.0,3.0,1.0,0.0,1.0,1.0,79.0,0.0,7.0,1.0,4.0
2025,Round 17,2025-07-06,Sydney,away,CD_M20250141708,41,Bailey Banfield,CD_I998180,0.0,1.0,0.0,0.0,1.0,50.0,1.0,2.0,0.0,0.0,0.0,0.0,31.3,5.0,9.0,73.3,15.0,11.0,9.0,0.0,1.0,2.0,0.0,0.0,0.0,2.0,4.0,0.0,0.0,0.0,0.0,1.0,0.0,5.0,81.8,2.8,0.0,0.0,11.0,5.0,0.0,0.0,329.0,3.0,11.0,10.6,4.0,0.0,5.0,0.0,0.0,2.0,0.0,5.0,0.0,74.0,0.0,16.0,2.0,11.0
2025,Round 17,2025-07-06,Sydney,away,CD_M20250141708,15,Shai Bolton,CD_I993993,0.0,3.0,21.0,5.0,3.0,0.0,0.0,0.0,1.0,0.0,0.0,0.0,58.8,10.0,4.0,52.9,17.0,9.0,5.0,1.0,2.0,0.0,0.0,0.0,0.0,7.0,7.0,0.0,0.0,0.0,0.0,7.0,0.0,1.0,50.0,1.4,0.0,0.0,10.0,2.0,0.0,0.0,346.0,0.0,17.0,7.0,0.0,0.0,2.0,1.0,0.0,0.0,0.0,3.0,0.0,82.0,5.0,17.0,6.0,7.0
2025,Round 17,2025-07-06,Sydney,away,CD_M20250141708,8,Andrew Brayshaw,CD_I1002232,0.0,0.0,21.0,1.0,1.0,0.0,0.0,0.0,0.0,0.0,0.0,0.0,44.0,11.0,9.0,79.2,24.0,19.0,9.0,0.0,0.0,2.0,0.0,0.0,0.0,6.0,13.0,0.0,0.0,0.0,0.0,4.0,0.0,3.0,81.8,0.8,0.0,0.0,11.0,4.0,0.0,0.0,401.0,2.0,21.0,17.0,2.0,0.0,6.0,2.0,1.0,0.0,3.0,3.0,1.0,88.0,4.0,25.0,1.0,14.0
2025,Round 17,2025-07-06,Sydney,away,CD_M20250141708,5,Heath Chapman,CD_I1013224,0.0,0.0,0.0,0.0,3.0,0.0,0.0,1.0,0.0,0.0,0.0,1.0,42.9,6.0,7.0,69.2,13.0,9.0,5.0,0.0,1.0,1.0,0.0,0.0,0.0,4.0,5.0,0.0,0.0,0.0,0.0,3.0,2.0,7.0,62.5,1.6,0.0,0.0,8.0,6.0,0.0,0.0,242.0,4.0,11.0,9.6,2.0,0.0,4.0,1.0,0.0,4.0,0.0,3.0,0.0,81.0,0.0,14.0,4.0,8.0
2025,Round 17,2025-07-06,Sydney,away,CD_M20250141708,6,Jordan Clark,CD_I1006152,0.0,1.0,0.0,0.0,3.0,0.0,0.0,1.0,0.0,0.0,0.0,1.0,27.3,3.0,12.0,61.5,13.0,8.0,5.0,0.0,2.0,0.0,0.0,0.0,0.0,2.0,5.0,0.0,0.0,0.0,0.0,1.0,1.0,3.0,62.5,1.6,4.0,3.0,8.0,2.0,0.0,0.0,282.0,1.0,13.0,3.5,4.0,0.0,3.0,2.0,0.0,1.0,0.0,3.0,0.0,89.0,0.0,11.0,3.0,8.0
2025,Round 17,2025-07-06,Sydney,away,CD_M20250141708,36,Brennan Cox,CD_I997033,0.0,0.0,0.0,0.0,4.0,0.0,0.0,1.0,0.0,0.0,0.0,0.0,0.0,0.0,1.0,66.7,6.0,4.0,1.0,0.0,2.0,0.0,0.0,0.0,0.0,0.0,3.0,0.0,0.0,0.0,0.0,0.0,0.0,1.0,33.3,1.0,0.0,0.0,3.0,2.0,0.0,0.0,73.0,7.0,1.0,0.4,1.0,0.0,1.0,0.0,0.0,7.0,0.0,0.0,0.0,89.0,0.0,6.0,1.0,6.0
2025,Round 17,2025-07-06,Sydney,away,CD_M20250141708,4,Sean Darcy,CD_I998145,0.0,0.0,19.0,2.0,6.0,0.0,0.0,0.0,0.0,0.0,0.0,0.0,80.0,8.0,2.0,50.0,10.0,5.0,2.0,0.0,3.0,1.0,0.0,1.0,0.0,4.0,5.0,27.3,36.1,22.0,6.0,2.0,0.0,0.0,40.0,1.0,0.0,0.0,5.0,1.0,0.0,0.0,141.0,2.0,6.0,6.9,0.0,61.0,1.0,1.0,0.0,2.0,4.0,1.0,0.0,67.0,6.0,10.0,4.0,2.0
2025,Round 17,2025-07-06,Sydney,away,CD_M20250141708,43,Isaiah Dudley,CD_I1011558,1.0,0.0,0.0,0.0,1.0,0.0,0.0,0.0,0.0,0.0,0.0,0.0,60.0,6.0,0.0,80.0,10.0,8.0,3.0,2.0,1.0,1.0,50.0,1.0,1.0,5.0,6.0,0.0,0.0,0.0,0.0,2.0,0.0,4.0,75.0,0.7,0.0,0.0,4.0,3.0,1.0,1.0,81.0,1.0,3.0,7.8,1.0,0.0,7.0,3.0,2.0,1.0,0.0,1.0,1.0,65.0,0.0,10.0,0.0,4.0
2025,Round 17,2025-07-06,Sydney,away,CD_M20250141708,28,Neil Erasmus,CD_I1020250,0.0,0.0,7.0,0.0,3.0,0.0,0.0,0.0,0.0,0.0,0.0,0.0,41.7,5.0,5.0,72.7,11.0,8.0,1.0,1.0,2.0,1.0,0.0,0.0,0.0,4.0,7.0,0.0,0.0,0.0,0.0,3.0,0.0,1.0,25.0,0.6,0.0,0.0,4.0,0.0,0.0,0.0,94.0,0.0,15.0,4.7,0.0,0.0,1.0,0.0,0.0,0.0,2.0,5.0,1.0,59.0,2.0,12.0,3.0,7.0
2025,Round 17,2025-07-06,Sydney,away,CD_M20250141708,32,Michael Frederick,CD_I999321,2.0,0.0,0.0,0.0,2.0,0.0,0.0,0.0,1.0,1.0,100.0,1.0,50.0,7.0,2.0,57.1,14.0,8.0,7.0,1.0,0.0,2.0,20.0,1.0,1.0,3.0,1.0,0.0,0.0,0.0,0.0,3.0,1.0,3.0,53.8,13.0,0.0,0.0,13.0,5.0,1.0,2.0,307.0,1.0,12.0,10.5,1.0,0.0,5.0,0.0,5.0,0.0,0.0,3.0,0.0,82.0,0.0,14.0,5.0,7.0
2025,Round 17,2025-07-06,Sydney,away,CD_M20250141708,9,Luke Jackson,CD_I1009399,0.0,0.0,13.0,0.0,5.0,0.0,0.0,0.0,0.0,0.0,0.0,1.0,42.9,6.0,7.0,76.9,13.0,10.0,5.0,2.0,3.0,2.0,66.7,0.0,2.0,3.0,6.0,38.5,40.6,13.0,5.0,0.0,0.0,0.0,71.4,1.2,0.0,0.0,7.0,6.0,2.0,1.0,138.0,0.0,17.0,9.4,1.0,32.0,4.0,0.0,3.0,0.0,1.0,5.0,1.0,87.0,1.0,14.0,2.0,8.0
2025,Round 17,2025-07-06,Sydney,away,CD_M20250141708,44,Matthew Johnson,CD_I1016825,1.0,1.0,4.0,0.0,3.0,0.0,0.0,0.0,0.0,0.0,0.0,0.0,31.8,7.0,4.0,80.0,20.0,16.0,6.0,0.0,2.0,0.0,0.0,1.0,0.0,6.0,10.0,0.0,0.0,0.0,0.0,4.0,0.0,2.0,60.0,1.0,0.0,0.0,10.0,3.0,0.0,0.0,423.0,0.0,12.0,10.0,1.0,0.0,6.0,2.0,1.0,0.0,5.0,1.0,0.0,76.0,5.0,22.0,4.0,15.0
2025,Round 17,2025-07-06,Sydney,away,CD_M20250141708,30,Nathan O'Driscoll,CD_I1013220,1.0,0.0,0.0,0.0,4.0,0.0,0.0,0.0,0.0,0.0,0.0,0.0,37.0,10.0,2.0,65.4,26.0,17.0,3.0,0.0,0.0,0.0,0.0,0.0,0.0,9.0,18.0,0.0,0.0,0.0,0.0,2.0,0.0,4.0,37.5,0.4,0.0,0.0,8.0,4.0,0.0,0.0,217.0,2.0,9.0,4.8,4.0,0.0,4.0,1.0,1.0,2.0,3.0,3.0,0.0,88.0,3.0,27.0,1.0,17.0
2025,Round 17,2025-07-06,Sydney,away,CD_M20250141708,2,Jaeger O'Meara,CD_I294613,0.0,0.0,4.0,0.0,0.0,0.0,0.0,0.0,0.0,0.0,0.0,1.0,25.0,2.0,2.0,87.5,8.0,7.0,3.0,0.0,0.0,0.0,100.0,0.0,1.0,1.0,5.0,0.0,0.0,0.0,0.0,0.0,1.0,2.0,100.0,0.6,0.0,0.0,3.0,4.0,1.0,0.0,69.0,0.0,4.0,5.5,0.0,0.0,4.0,1.0,1.0,0.0,0.0,1.0,0.0,28.0,0.0,8.0,1.0,6.0
2025,Round 17,2025-07-06,Sydney,away,CD_M20250141708,25,Alex Pearce,CD_I298409,0.0,0.0,0.0,0.0,1.0,66.7,2.0,3.0,0.0,0.0,0.0,0.0,55.6,5.0,5.0,75.0,8.0,6.0,3.0,0.0,0.0,3.0,0.0,0.0,0.0,2.0,5.0,0.0,0.0,0.0,0.0,0.0,2.0,7.0,100.0,0.6,0.0,0.0,3.0,3.0,0.0,1.0,79.0,2.0,6.0,6.1,2.0,0.0,2.0,1.0,0.0,2.0,0.0,2.0,0.0,88.0,0.0,9.0,1.0,4.0
2025,Round 17,2025-07-06,Sydney,away,CD_M20250141708,16,Murphy Reid,CD_I1028513,1.0,0.0,0.0,0.0,1.0,0.0,0.0,0.0,2.0,1.0,50.0,0.0,43.8,7.0,3.0,73.3,15.0,11.0,6.0,3.0,0.0,0.0,33.3,2.0,1.0,7.0,5.0,0.0,0.0,0.0,0.0,6.0,1.0,4.0,60.0,2.0,0.0,0.0,10.0,3.0,1.0,2.0,193.0,2.0,9.0,13.2,1.0,0.0,5.0,1.0,3.0,2.0,2.0,0.0,0.0,85.0,2.0,16.0,3.0,9.0
2025,Round 17,2025-07-06,Sydney,away,CD_M20250141708,13,Luke Ryan,CD_I998659,0.0,0.0,0.0,1.0,2.0,0.0,0.0,1.0,0.0,0.0,0.0,1.0,37.5,6.0,10.0,90.5,21.0,19.0,13.0,0.0,0.0,1.0,0.0,0.0,0.0,3.0,7.0,0.0,0.0,0.0,0.0,0.0,2.0,5.0,92.9,2.0,6.0,6.0,14.0,7.0,0.0,0.0,210.0,3.0,10.0,9.7,3.0,0.0,6.0,4.0,0.0,2.0,0.0,2.0,0.0,96.0,1.0,16.0,1.0,10.0
2025,Round 17,2025-07-06,Sydney,away,CD_M20250141708,3,Caleb Serong,CD_I1009420,0.0,0.0,17.0,1.0,2.0,0.0,0.0,0.0,0.0,0.0,0.0,0.0,53.8,7.0,2.0,81.8,11.0,9.0,4.0,0.0,0.0,0.0,100.0,0.0,1.0,4.0,5.0,0.0,0.0,0.0,0.0,2.0,0.0,2.0,66.7,1.2,0.0,0.0,6.0,0.0,0.0,0.0,208.0,2.0,14.0,13.1,1.0,0.0,2.0,1.0,1.0,0.0,0.0,3.0,1.0,84.0,1.0,13.0,3.0,6.0
2025,Round 17,2025-07-06,Sydney,away,CD_M20250141708,35,Josh Treacy,CD_I1012819,0.0,0.0,0.0,0.0,2.0,0.0,0.0,0.0,1.0,0.0,0.0,0.0,25.0,3.0,2.0,90.9,11.0,10.0,4.0,1.0,2.0,0.0,100.0,1.0,2.0,3.0,7.0,0.0,0.0,0.0,0.0,3.0,0.0,1.0,100.0,0.6,0.0,0.0,4.0,4.0,2.0,3.0,124.0,1.0,10.0,8.8,0.0,0.0,5.0,1.0,2.0,1.0,0.0,0.0,0.0,94.0,0.0,12.0,3.0,9.0
2025,Round 17,2025-07-06,Sydney,away,CD_M20250141708,20,Patrick Voss,CD_I1017754,1.0,0.0,0.0,0.0,1.0,0.0,0.0,0.0,0.0,0.0,0.0,0.0,50.0,3.0,2.0,66.7,6.0,4.0,1.0,1.0,1.0,0.0,50.0,0.0,1.0,3.0,3.0,0.0,0.0,0.0,0.0,3.0,0.0,1.0,33.3,1.0,0.0,0.0,3.0,2.0,0.0,1.0,175.0,0.0,6.0,4.3,0.0,0.0,3.0,0.0,2.0,0.0,0.0,0.0,0.0,54.0,0.0,6.0,2.0,3.0
2025,Round 17,2025-07-06,Sydney,away,CD_M20250141708,34,Corey Wagner,CD_I993940,0.0,1.0,6.0,0.0,1.0,0.0,0.0,0.0,0.0,0.0,0.0,0.0,21.7,5.0,7.0,77.3,22.0,17.0,12.0,0.0,0.0,1.0,100.0,1.0,1.0,2.0,5.0,0.0,0.0,0.0,0.0,2.0,0.0,3.0,70.6,3.4,0.0,0.0,17.0,5.0,1.0,0.0,452.0,0.0,18.0,14.2,4.0,0.0,4.0,0.0,1.0,0.0,2.0,6.0,2.0,83.0,2.0,23.0,3.0,18.0
2025,Round 17,2025-07-06,Sydney,away,CD_M20250141708,23,Karl Worner,CD_I1021015,0.0,1.0,0.0,0.0,1.0,0.0,0.0,1.0,0.0,0.0,0.0,0.0,12.5,2.0,9.0,75.0,16.0,12.0,4.0,0.0,0.0,0.0,0.0,0.0,0.0,2.0,8.0,0.0,0.0,0.0,0.0,1.0,0.0,2.0,50.0,1.0,0.0,0.0,8.0,5.0,0.0,0.0,284.0,3.0,9.0,9.0,2.0,0.0,6.0,1.0,0.0,2.0,0.0,2.0,0.0,83.0,0.0,16.0,2.0,14.0
2025,Round 18,2025-07-12,Hawthorn,home,CD_M20250141809,24,Jye Amiss,CD_I1020594,0.0,0.0,0.0,0.0,2.0,0.0,0.0,0.0,3.0,1.0,33.3,0.0,33.3,3.0,1.0,62.5,8.0,5.0,3.0,1.0,0.0,1.0,40.0,1.0,2.0,2.0,2.0,0.0,0.0,0.0,0.0,0.0,0.0,0.0,50.0,3.0,0.0,0.0,6.0,4.0,4.0,2.0,145.0,0.0,5.0,2.0,0.0,0.0,5.0,0.0,5.0,0.0,0.0,0.0,0.0,90.0,0.0,9.0,2.0,6.0
2025,Round 18,2025-07-12,Hawthorn,home,CD_M20250141809,41,Bailey Banfield,CD_I998180,0.0,0.0,0.0,0.0,0.0,0.0,0.0,0.0,0.0,0.0,0.0,0.0,16.7,1.0,14.0,100.0,5.0,5.0,2.0,0.0,0.0,0.0,0.0,0.0,0.0,1.0,3.0,0.0,0.0,0.0,0.0,1.0,0.0,0.0,100.0,0.7,0.0,0.0,2.0,1.0,0.0,0.0,4.0,3.0,18.0,4.5,0.0,0.0,0.0,0.0,0.0,3.0,0.0,7.0,1.0,59.0,0.0,6.0,0.0,5.0
2025,Round 18,2025-07-12,Hawthorn,home,CD_M20250141809,15,Shai Bolton,CD_I993993,1.0,0.0,10.0,2.0,2.0,0.0,0.0,0.0,0.0,0.0,0.0,0.0,30.0,6.0,5.0,73.7,19.0,14.0,4.0,1.0,1.0,1.0,66.7,0.0,2.0,5.0,12.0,0.0,0.0,0.0,0.0,2.0,0.0,3.0,57.1,0.6,0.0,0.0,7.0,2.0,2.0,0.0,283.0,3.0,11.0,13.5,1.0,0.0,7.0,0.0,3.0,2.0,2.0,3.0,0.0,87.0,4.0,20.0,2.0,14.0
2025,Round 18,2025-07-12,Hawthorn,home,CD_M20250141809,8,Andrew Brayshaw,CD_I1002232,0.0,0.0,22.0,3.0,5.0,0.0,0.0,0.0,1.0,0.0,0.0,1.0,40.0,10.0,10.0,69.0,29.0,20.0,8.0,0.0,2.0,2.0,0.0,1.0,0.0,5.0,13.0,0.0,0.0,0.0,0.0,3.0,0.0,3.0,50.0,1.2,0.0,0.0,16.0,4.0,0.0,2.0,277.0,0.0,28.0,13.9,2.0,0.0,4.0,0.0,0.0,0.0,3.0,14.0,1.0,82.0,6.0,25.0,5.0,15.0
2025,Round 18,2025-07-12,Hawthorn,home,CD_M20250141809,5,Heath Chapman,CD_I1013224,0.0,0.0,0.0,0.0,1.0,0.0,0.0,0.0,0.0,0.0,0.0,0.0,36.4,4.0,7.0,66.7,12.0,8.0,5.0,0.0,0.0,1.0,0.0,0.0,0.0,3.0,4.0,0.0,0.0,0.0,0.0,1.0,2.0,5.0,62.5,2.0,0.0,0.0,8.0,4.0,0.0,0.0,86.0,2.0,13.0,2.9,2.0,0.0,1.0,1.0,0.0,2.0,1.0,5.0,0.0,82.0,1.0,11.0,3.0,7.0
2025,Round 18,2025-07-12,Hawthorn,home,CD_M20250141809,6,Jordan Clark,CD_I1006152,0.0,0.0,0.0,0.0,3.0,50.0,1.0,2.0,0.0,0.0,0.0,1.0,20.0,5.0,9.0,83.9,31.0,26.0,16.0,0.0,1.0,0.0,0.0,0.0,0.0,4.0,10.0,0.0,0.0,0.0,0.0,6.0,4.0,6.0,76.2,2.1,5.0,5.0,21.0,7.0,0.0,0.0,607.0,1.0,11.0,11.2,9.0,0.0,4.0,3.0,0.0,1.0,2.0,3.0,1.0,91.0,2.0,25.0,7.0,20.0
2025,Round 18,2025-07-12,Hawthorn,home,CD_M20250141809,36,Brennan Cox,CD_I997033,0.0,0.0,0.0,0.0,1.0,66.7,2.0,3.0,0.0,0.0,0.0,0.0,22.2,2.0,5.0,75.0,8.0,6.0,6.0,0.0,0.0,3.0,0.0,0.0,0.0,1.0,0.0,0.0,0.0,0.0,0.0,1.0,1.0,5.0,75.0,8.0,0.0,0.0,8.0,3.0,0.0,0.0,205.0,12.0,8.0,9.1,5.0,0.0,0.0,1.0,0.0,12.0,0.0,2.0,0.0,87.0,0.0,9.0,2.0,7.0
2025,Round 18,2025-07-12,Hawthorn,home,CD_M20250141809,4,Sean Darcy,CD_I998145,1.0,0.0,18.0,1.0,2.0,0.0,0.0,0.0,1.0,0.0,0.0,0.0,83.3,10.0,6.0,41.7,12.0,5.0,1.0,3.0,1.0,0.0,50.0,1.0,1.0,6.0,9.0,11.5,41.9,26.0,3.0,0.0,0.0,2.0,33.3,0.3,0.0,0.0,3.0,1.0,1.0,0.0,63.0,7.0,8.0,9.8,0.0,62.0,3.0,0.0,2.0,4.0,0.0,2.0,0.0,60.0,1.0,12.0,2.0,2.0
2025,Round 18,2025-07-12,Hawthorn,home,CD_M20250141809,43,Isaiah Dudley,CD_I1011558,0.0,0.0,0.0,0.0,1.0,0.0,0.0,0.0,0.0,0.0,0.0,0.0,50.0,1.0,0.0,0.0,2.0,0.0,0.0,0.0,0.0,0.0,0.0,0.0,0.0,1.0,1.0,0.0,0.0,0.0,0.0,0.0,0.0,0.0,0.0,1.0,0.0,0.0,1.0,0.0,0.0,0.0,49.0,0.0,4.0,0.0,0.0,0.0,1.0,0.0,1.0,0.0,0.0,1.0,1.0,21.0,0.0,2.0,1.0,1.0
2025,Round 18,2025-07-12,Hawthorn,home,CD_M20250141809,32,Michael Frederick,CD_I999321,0.0,1.0,0.0,0.0,4.0,0.0,0.0,0.0,1.0,0.0,0.0,0.0,46.2,6.0,3.0,53.8,13.0,7.0,4.0,0.0,1.0,2.0,100.0,1.0,2.0,4.0,3.0,0.0,0.0,0.0,0.0,5.0,0.0,2.0,40.0,3.3,0.0,0.0,10.0,3.0,0.0,2.0,330.0,1.0,16.0,10.6,0.0,0.0,4.0,1.0,2.0,1.0,2.0,3.0,0.0,81.0,2.0,13.0,5.0,7.0
2025,Round 18,2025-07-12,Hawthorn,home,CD_M20250141809,9,Luke Jackson,CD_I1009399,0.0,0.0,17.0,1.0,1.0,0.0,0.0,0.0,0.0,0.0,0.0,1.0,53.8,7.0,7.0,76.9,13.0,10.0,5.0,0.0,1.0,2.0,0.0,1.0,0.0,4.0,8.0,16.7,52.6,30.0,5.0,3.0,0.0,2.0,100.0,0.6,0.0,0.0,5.0,1.0,0.0,0.0,188.0,2.0,20.0,13.7,0.0,57.0,4.0,1.0,0.0,0.0,0.0,6.0,1.0,84.0,1.0,13.0,3.0,6.0
2025,Round 18,2025-07-12,Hawthorn,home,CD_M20250141809,44,Matthew Johnson,CD_I1016825,0.0,1.0,0.0,0.0,4.0,100.0,1.0,1.0,0.0,0.0,0.0,0.0,55.0,11.0,14.0,52.4,21.0,11.0,4.0,1.0,2.0,3.0,0.0,1.0,0.0,7.0,9.0,0.0,0.0,0.0,0.0,2.0,0.0,4.0,33.3,1.3,0.0,0.0,12.0,2.0,0.0,0.0,384.0,2.0,25.0,14.7,4.0,0.0,3.0,2.0,0.0,0.0,7.0,9.0,0.0,76.0,7.0,20.0,6.0,9.0
2025,Round 18,2025-07-12,Hawthorn,home,CD_M20250141809,21,Oscar McDonald,CD_I992472,0.0,0.0,0.0,0.0,2.0,0.0,0.0,2.0,0.0,0.0,0.0,2.0,42.9,3.0,4.0,85.7,7.0,6.0,5.0,0.0,0.0,0.0,0.0,0.0,0.0,1.0,1.0,0.0,0.0,0.0,0.0,0.0,3.0,4.0,83.3,6.0,0.0,0.0,6.0,5.0,0.0,0.0,139.0,5.0,7.0,3.7,3.0,0.0,0.0,0.0,0.0,5.0,0.0,2.0,0.0,90.0,0.0,7.0,2.0,4.0
2025,Round 18,2025-07-12,Hawthorn,home,CD_M20250141809,30,Nathan O'Driscoll,CD_I1013220,0.0,0.0,2.0,0.0,2.0,0.0,0.0,0.0,0.0,0.0,0.0,0.0,22.2,4.0,7.0,55.6,18.0,10.0,5.0,0.0,0.0,0.0,0.0,0.0,0.0,4.0,8.0,0.0,0.0,0.0,0.0,3.0,0.0,2.0,50.0,1.3,0.0,0.0,10.0,5.0,0.0,0.0,344.0,0.0,15.0,3.1,5.0,0.0,2.0,0.0,0.0,0.0,1.0,4.0,0.0,74.0,1.0,18.0,3.0,14.0
2025,Round 18,2025-07-12,Hawthorn,home,CD_M20250141809,2,Jaeger O'Meara,CD_I294613,0.0,0.0,5.0,0.0,2.0,0.0,0.0,0.0,0.0,0.0,0.0,0.0,88.9,8.0,12.0,55.6,9.0,5.0,1.0,3.0,1.0,1.0,0.0,1.0,0.0,7.0,5.0,0.0,0.0,0.0,0.0,1.0,0.0,5.0,25.0,0.8,0.0,0.0,4.0,0.0,0.0,0.0,115.0,1.0,19.0,8.1,0.0,0.0,3.0,3.0,0.0,1.0,2.0,8.0,1.0,77.0,2.0,9.0,4.0,1.0
2025,Round 18,2025-07-12,Hawthorn,home,CD_M20250141809,16,Murphy Reid,CD_I1028513,0.0,0.0,0.0,0.0,3.0,0.0,0.0,0.0,0.0,0.0,0.0,0.0,41.7,5.0,3.0,76.9,13.0,10.0,5.0,0.0,0.0,2.0,0.0,1.0,0.0,3.0,5.0,0.0,0.0,0.0,0.0,4.0,0.0,2.0,62.5,1.6,0.0,0.0,8.0,1.0,0.0,1.0,258.0,2.0,17.0,9.5,1.0,0.0,3.0,0.0,0.0,1.0,2.0,5.0,2.0,82.0,2.0,12.0,4.0,7.0
2025,Round 18,2025-07-12,Hawthorn,home,CD_M20250141809,13,Luke Ryan,CD_I998659,0.0,0.0,0.0,0.0,6.0,33.3,1.0,3.0,0.0,0.0,0.0,0.0,38.9,7.0,9.0,90.9,22.0,20.0,13.0,0.0,2.0,1.0,0.0,0.0,0.0,6.0,7.0,0.0,0.0,0.0,0.0,0.0,1.0,11.0,86.7,2.1,4.0,4.0,15.0,5.0,0.0,0.0,325.0,6.0,11.0,9.7,7.0,0.0,2.0,1.0,0.0,6.0,0.0,5.0,0.0,95.0,0.0,18.0,4.0,11.0
2025,Round 18,2025-07-12,Hawthorn,home,CD_M20250141809,3,Caleb Serong,CD_I1009420,0.0,0.0,21.0,4.0,6.0,0.0,0.0,0.0,0.0,0.0,0.0,0.0,63.0,17.0,13.0,62.1,29.0,18.0,6.0,2.0,0.0,0.0,0.0,1.0,0.0,13.0,13.0,0.0,0.0,0.0,0.0,8.0,0.0,4.0,37.5,1.2,0.0,0.0,16.0,3.0,0.0,0.0,426.0,1.0,26.0,16.3,1.0,0.0,4.0,1.0,1.0,1.0,5.0,5.0,3.0,86.0,9.0,27.0,8.0,10.0
2025,Round 18,2025-07-12,Hawthorn,home,CD_M20250141809,39,Sam Switkowski,CD_I992059,0.0,0.0,0.0,0.0,1.0,0.0,0.0,0.0,0.0,0.0,0.0,0.0,37.5,6.0,6.0,93.8,16.0,15.0,6.0,1.0,0.0,1.0,100.0,0.0,3.0,5.0,10.0,0.0,0.0,0.0,0.0,4.0,0.0,2.0,100.0,0.6,0.0,0.0,6.0,2.0,1.0,1.0,200.0,0.0,19.0,21.0,0.0,0.0,8.0,2.0,3.0,0.0,1.0,3.0,1.0,68.0,1.0,16.0,0.0,10.0
2025,Round 18,2025-07-12,Hawthorn,home,CD_M20250141809,35,Josh Treacy,CD_I1012819,0.0,0.0,0.0,0.0,4.0,0.0,0.0,0.0,1.0,0.0,0.0,2.0,61.5,8.0,1.0,61.5,13.0,8.0,6.0,0.0,1.0,3.0,100.0,0.0,1.0,3.0,3.0,0.0,0.0,0.0,0.0,3.0,0.0,1.0,60.0,3.3,0.0,0.0,10.0,5.0,1.0,1.0,270.0,3.0,11.0,7.9,0.0,0.0,3.0,0.0,1.0,3.0,0.0,3.0,2.0,92.0,0.0,13.0,3.0,5.0
2025,Round 18,2025-07-12,Hawthorn,home,CD_M20250141809,20,Patrick Voss,CD_I1017754,1.0,0.0,0.0,0.0,5.0,0.0,0.0,0.0,3.0,1.0,33.3,1.0,55.6,5.0,2.0,55.6,9.0,5.0,3.0,4.0,3.0,0.0,50.0,1.0,1.0,4.0,2.0,0.0,0.0,0.0,0.0,1.0,0.0,0.0,42.9,3.5,0.0,0.0,7.0,3.0,1.0,1.0,148.0,2.0,15.0,6.4,0.0,0.0,5.0,0.0,2.0,1.0,0.0,4.0,1.0,85.0,0.0,9.0,4.0,4.0
2025,Round 18,2025-07-12,Hawthorn,home,CD_M20250141809,34,Corey Wagner,CD_I993940,0.0,0.0,5.0,0.0,3.0,0.0,0.0,0.0,0.0,0.0,0.0,0.0,29.4,5.0,14.0,77.8,18.0,14.0,8.0,0.0,1.0,0.0,0.0,1.0,0.0,5.0,6.0,0.0,0.0,0.0,0.0,2.0,1.0,5.0,66.7,2.0,0.0,0.0,12.0,4.0,0.0,0.0,318.0,0.0,24.0,8.3,0.0,0.0,5.0,1.0,0.0,0.0,1.0,7.0,1.0,81.0,1.0,17.0,4.0,12.0
2025,Round 18,2025-07-12,Hawthorn,home,CD_M20250141809,23,Karl Worner,CD_I1021015,0.0,0.0,0.0,0.0,3.0,0.0,0.0,0.0,0.0,0.0,0.0,0.0,8.3,1.0,5.0,66.7,12.0,8.0,4.0,0.0,1.0,0.0,0.0,0.0,0.0,1.0,5.0,0.0,0.0,0.0,0.0,1.0,0.0,2.0,57.1,1.4,1.0,1.0,7.0,2.0,0.0,0.0,152.0,4.0,6.0,1.5,2.0,0.0,1.0,0.0,0.0,4.0,0.0,2.0,0.0,70.0,0.0,12.0,6.0,11.0
2025,Round 19,2025-07-20,Collingwood,away,CD_M20250141905,24,Jye Amiss,CD_I1020594,0.0,0.0,0.0,0.0,1.0,0.0,0.0,0.0,4.0,1.0,25.0,1.0,50.0,2.0,2.0,66.7,3.0,2.0,2.0,0.0,1.0,1.0,100.0,0.0,2.0,0.0,0.0,0.0,0.0,0.0,0.0,0.0,0.0,0.0,66.7,3.0,0.0,0.0,3.0,2.0,2.0,0.0,47.0,1.0,5.0,2.9,0.0,0.0,2.0,0.0,2.0,1.0,0.0,0.0,0.0,83.0,0.0,4.0,1.0,2.0
2025,Round 19,2025-07-20,Collingwood,away,CD_M20250141905,41,Bailey Banfield,CD_I998180,0.0,2.0,0.0,0.0,3.0,0.0,0.0,0.0,0.0,0.0,0.0,0.0,30.0,6.0,8.0,75.0,20.0,15.0,7.0,0.0,1.0,1.0,0.0,0.0,0.0,5.0,9.0,0.0,0.0,0.0,0.0,2.0,2.0,5.0,63.6,1.2,0.0,0.0,11.0,6.0,0.0,0.0,262.0,2.0,11.0,10.1,3.0,0.0,3.0,1.0,0.0,1.0,3.0,0.0,0.0,73.0,3.0,20.0,5.0,14.0
2025,Round 19,2025-07-20,Collingwood,away,CD_M20250141905,15,Shai Bolton,CD_I993993,3.0,3.0,11.0,1.0,4.0,0.0,0.0,0.0,0.0,0.0,0.0,1.0,46.7,7.0,3.0,50.0,14.0,7.0,4.0,4.0,0.0,1.0,0.0,2.0,0.0,5.0,5.0,0.0,0.0,0.0,0.0,2.0,0.0,1.0,44.4,1.8,0.0,0.0,9.0,2.0,1.0,0.0,260.0,0.0,12.0,4.0,0.0,0.0,7.0,1.0,4.0,0.0,0.0,2.0,0.0,81.0,1.0,15.0,2.0,8.0
2025,Round 19,2025-07-20,Collingwood,away,CD_M20250141905,8,Andrew Brayshaw,CD_I1002232,0.0,0.0,18.0,1.0,6.0,0.0,0.0,0.0,0.0,0.0,0.0,0.0,39.1,9.0,14.0,61.9,21.0,13.0,3.0,0.0,3.0,0.0,0.0,1.0,0.0,6.0,13.0,0.0,0.0,0.0,0.0,5.0,1.0,2.0,37.5,0.6,0.0,0.0,8.0,3.0,0.0,0.0,180.0,2.0,24.0,9.4,3.0,0.0,3.0,0.0,0.0,0.0,1.0,10.0,2.0,79.0,2.0,23.0,3.0,14.0
2025,Round 19,2025-07-20,Collingwood,away,CD_M20250141905,5,Heath Chapman,CD_I1013224,0.0,0.0,0.0,0.0,1.0,50.0,1.0,2.0,0.0,0.0,0.0,0.0,30.0,3.0,12.0,90.0,10.0,9.0,6.0,0.0,0.0,1.0,0.0,0.0,0.0,2.0,3.0,0.0,0.0,0.0,0.0,0.0,0.0,2.0,85.7,2.3,0.0,0.0,7.0,5.0,0.0,0.0,166.0,2.0,13.0,4.6,4.0,0.0,1.0,0.0,0.0,1.0,1.0,4.0,0.0,81.0,1.0,10.0,4.0,7.0
2025,Round 19,2025-07-20,Collingwood,away,CD_M20250141905,6,Jordan Clark,CD_I1006152,0.0,1.0,0.0,0.0,0.0,0.0,0.0,0.0,0.0,0.0,0.0,0.0,42.1,8.0,22.0,95.8,24.0,23.0,15.0,0.0,0.0,1.0,0.0,0.0,0.0,7.0,9.0,0.0,0.0,0.0,0.0,1.0,1.0,6.0,100.0,1.7,4.0,4.0,15.0,3.0,0.0,0.0,324.0,2.0,24.0,16.4,9.0,0.0,6.0,3.0,0.0,1.0,2.0,5.0,0.0,94.0,2.0,19.0,3.0,11.0
2025,Round 19,2025-07-20,Collingwood,away,CD_M20250141905,36,Brennan Cox,CD_I997033,0.0,0.0,0.0,0.0,2.0,0.0,0.0,1.0,1.0,0.0,0.0,0.0,21.4,3.0,2.0,100.0,13.0,13.0,10.0,0.0,2.0,1.0,0.0,0.0,0.0,1.0,3.0,0.0,0.0,0.0,0.0,0.0,3.0,6.0,100.0,3.3,0.0,0.0,10.0,7.0,0.0,0.0,147.0,10.0,3.0,9.5,5.0,0.0,2.0,1.0,0.0,9.0,1.0,0.0,0.0,82.0,1.0,14.0,2.0,11.0
2025,Round 19,2025-07-20,Collingwood,away,CD_M20250141905,4,Sean Darcy,CD_I998145,0.0,0.0,18.0,0.0,3.0,0.0,0.0,0.0,3.0,1.0,33.3,0.0,53.3,8.0,5.0,86.7,15.0,13.0,3.0,1.0,2.0,3.0,100.0,1.0,1.0,3.0,10.0,31.0,44.6,29.0,9.0,1.0,0.0,0.0,60.0,0.5,0.0,0.0,5.0,3.0,0.0,0.0,122.0,4.0,9.0,15.1,0.0,65.0,7.0,5.0,1.0,3.0,6.0,4.0,1.0,69.0,6.0,15.0,3.0,7.0
2025,Round 19,2025-07-20,Collingwood,away,CD_M20250141905,32,Michael Frederick,CD_I999321,1.0,0.0,0.0,0.0,0.0,0.0,0.0,0.0,1.0,0.0,0.0,0.0,0.0,0.0,5.0,62.5,8.0,5.0,2.0,0.0,0.0,0.0,0.0,0.0,0.0,0.0,4.0,0.0,0.0,0.0,0.0,2.0,0.0,0.0,50.0,1.0,0.0,0.0,4.0,3.0,0.0,0.0,144.0,0.0,12.0,0.8,0.0,0.0,2.0,0.0,1.0,0.0,0.0,2.0,0.0,84.0,0.0,8.0,1.0,8.0
2025,Round 19,2025-07-20,Collingwood,away,CD_M20250141905,9,Luke Jackson,CD_I1009399,0.0,0.0,16.0,0.0,2.0,0.0,0.0,0.0,0.0,0.0,0.0,2.0,47.1,8.0,8.0,87.5,16.0,14.0,4.0,1.0,2.0,0.0,50.0,0.0,1.0,6.0,11.0,50.0,23.8,10.0,5.0,1.0,2.0,3.0,80.0,0.5,0.0,0.0,5.0,4.0,1.0,0.0,122.0,2.0,13.0,17.0,0.0,42.0,4.0,0.0,2.0,2.0,2.0,6.0,1.0,85.0,2.0,17.0,2.0,9.0
2025,Round 19,2025-07-20,Collingwood,away,CD_M20250141905,44,Matthew Johnson,CD_I1016825,0.0,0.0,0.0,0.0,2.0,0.0,0.0,0.0,0.0,0.0,0.0,0.0,53.3,8.0,8.0,71.4,14.0,10.0,4.0,0.0,0.0,2.0,0.0,0.0,0.0,3.0,7.0,0.0,0.0,0.0,0.0,0.0,1.0,4.0,57.1,1.0,0.0,0.0,7.0,3.0,0.0,0.0,289.0,1.0,12.0,7.0,0.0,0.0,2.0,0.0,0.0,1.0,1.0,2.0,0.0,71.0,1.0,15.0,4.0,7.0
2025,Round 19,2025-07-20,Collingwood,away,CD_M20250141905,21,Oscar McDonald,CD_I992472,0.0,0.0,0.0,0.0,5.0,0.0,0.0,1.0,0.0,0.0,0.0,0.0,18.2,2.0,7.0,72.7,11.0,8.0,5.0,0.0,3.0,1.0,0.0,0.0,0.0,1.0,3.0,0.0,0.0,0.0,0.0,1.0,1.0,4.0,62.5,2.7,0.0,0.0,8.0,5.0,0.0,0.0,183.0,1.0,8.0,-0.8,2.0,0.0,2.0,1.0,0.0,1.0,0.0,2.0,0.0,96.0,0.0,11.0,3.0,9.0
2025,Round 19,2025-07-20,Collingwood,away,CD_M20250141905,30,Nathan O'Driscoll,CD_I1013220,0.0,0.0,0.0,0.0,2.0,100.0,1.0,1.0,0.0,0.0,0.0,0.0,53.8,7.0,12.0,76.9,13.0,10.0,3.0,0.0,1.0,0.0,0.0,0.0,0.0,7.0,8.0,0.0,0.0,0.0,0.0,0.0,1.0,4.0,60.0,0.6,0.0,0.0,5.0,2.0,0.0,0.0,154.0,2.0,16.0,9.4,2.0,0.0,2.0,0.0,0.0,2.0,1.0,4.0,1.0,87.0,1.0,13.0,3.0,6.0
2025,Round 19,2025-07-20,Collingwood,away,CD_M20250141905,2,Jaeger O'Meara,CD_I294613,0.0,0.0,8.0,2.0,2.0,0.0,0.0,0.0,0.0,0.0,0.0,0.0,39.1,9.0,14.0,65.2,23.0,15.0,5.0,0.0,1.0,0.0,100.0,0.0,1.0,7.0,14.0,0.0,0.0,0.0,0.0,2.0,0.0,3.0,55.6,0.6,0.0,0.0,9.0,2.0,0.0,0.0,298.0,2.0,18.0,13.6,1.0,0.0,3.0,0.0,1.0,1.0,2.0,4.0,0.0,75.0,4.0,23.0,6.0,14.0
2025,Round 19,2025-07-20,Collingwood,away,CD_M20250141905,16,Murphy Reid,CD_I1028513,0.0,0.0,0.0,1.0,4.0,0.0,0.0,0.0,1.0,0.0,0.0,0.0,28.6,4.0,2.0,71.4,14.0,10.0,6.0,1.0,3.0,1.0,0.0,0.0,0.0,3.0,7.0,0.0,0.0,0.0,0.0,3.0,0.0,2.0,85.7,1.0,0.0,0.0,7.0,4.0,0.0,1.0,190.0,0.0,7.0,6.5,0.0,0.0,3.0,0.0,0.0,0.0,0.0,2.0,1.0,75.0,1.0,14.0,4.0,10.0
2025,Round 19,2025-07-20,Collingwood,away,CD_M20250141905,13,Luke Ryan,CD_I998659,0.0,0.0,0.0,0.0,3.0,0.0,0.0,0.0,0.0,0.0,0.0,1.0,22.2,4.0,7.0,84.0,25.0,21.0,14.0,0.0,1.0,1.0,0.0,0.0,0.0,2.0,8.0,0.0,0.0,0.0,0.0,0.0,2.0,5.0,82.4,2.1,8.0,8.0,17.0,6.0,0.0,0.0,498.0,4.0,7.0,10.7,7.0,0.0,4.0,3.0,0.0,3.0,0.0,1.0,0.0,93.0,0.0,18.0,6.0,14.0
2025,Round 19,2025-07-20,Collingwood,away,CD_M20250141905,3,Caleb Serong,CD_I1009420,0.0,0.0,22.0,3.0,4.0,0.0,0.0,0.0,0.0,0.0,0.0,0.0,44.4,16.0,15.0,45.9,37.0,17.0,5.0,0.0,0.0,1.0,50.0,1.0,1.0,10.0,16.0,0.0,0.0,0.0,0.0,7.0,0.0,1.0,23.8,1.3,0.0,0.0,21.0,3.0,0.0,0.0,671.0,3.0,24.0,14.5,5.0,0.0,9.0,1.0,2.0,1.0,6.0,3.0,0.0,84.0,9.0,36.0,9.0,20.0
2025,Round 19,2025-07-20,Collingwood,away,CD_M20250141905,39,Sam Switkowski,CD_I992059,0.0,1.0,0.0,2.0,0.0,0.0,0.0,0.0,1.0,1.0,100.0,1.0,42.9,6.0,6.0,100.0,14.0,14.0,4.0,0.0,0.0,2.0,0.0,1.0,0.0,4.0,10.0,0.0,0.0,0.0,0.0,2.0,1.0,4.0,100.0,0.4,0.0,0.0,4.0,5.0,0.0,0.0,118.0,0.0,17.0,14.6,1.0,0.0,6.0,2.0,0.0,0.0,0.0,5.0,1.0,75.0,2.0,14.0,0.0,8.0
2025,Round 19,2025-07-20,Collingwood,away,CD_M20250141905,35,Josh Treacy,CD_I1012819,0.0,1.0,0.0,0.0,2.0,0.0,0.0,0.0,2.0,1.0,50.0,1.0,37.5,3.0,6.0,77.8,9.0,7.0,4.0,0.0,0.0,1.0,0.0,0.0,0.0,1.0,4.0,0.0,0.0,0.0,0.0,2.0,1.0,2.0,80.0,1.3,0.0,0.0,5.0,3.0,0.0,1.0,261.0,1.0,13.0,2.2,1.0,0.0,4.0,0.0,0.0,1.0,0.0,2.0,0.0,88.0,0.0,8.0,1.0,5.0
2025,Round 19,2025-07-20,Collingwood,away,CD_M20250141905,20,Patrick Voss,CD_I1017754,1.0,0.0,0.0,0.0,3.0,0.0,0.0,0.0,3.0,1.0,33.3,1.0,30.8,4.0,0.0,66.7,12.0,8.0,6.0,1.0,1.0,2.0,85.7,0.0,6.0,1.0,2.0,0.0,0.0,0.0,0.0,4.0,0.0,1.0,60.0,5.0,0.0,0.0,10.0,5.0,5.0,3.0,370.0,1.0,8.0,18.2,0.0,0.0,8.0,0.0,7.0,1.0,0.0,2.0,1.0,94.0,0.0,13.0,3.0,9.0
2025,Round 19,2025-07-20,Collingwood,away,CD_M20250141905,34,Corey Wagner,CD_I993940,0.0,0.0,9.0,0.0,2.0,0.0,0.0,0.0,0.0,0.0,0.0,0.0,36.4,4.0,21.0,60.0,10.0,6.0,1.0,0.0,1.0,0.0,0.0,1.0,0.0,4.0,5.0,0.0,0.0,0.0,0.0,1.0,0.0,0.0,20.0,1.0,0.0,0.0,5.0,1.0,0.0,0.0,147.0,1.0,23.0,5.0,2.0,0.0,2.0,0.0,0.0,0.0,2.0,2.0,0.0,70.0,2.0,11.0,3.0,7.0
2025,Round 19,2025-07-20,Collingwood,away,CD_M20250141905,23,Karl Worner,CD_I1021015,0.0,1.0,0.0,0.0,5.0,0.0,0.0,0.0,0.0,0.0,0.0,0.0,35.7,5.0,2.0,66.7,15.0,10.0,6.0,0.0,2.0,0.0,0.0,0.0,0.0,5.0,7.0,0.0,0.0,0.0,0.0,1.0,1.0,6.0,75.0,1.1,0.0,0.0,8.0,5.0,0.0,0.0,200.0,3.0,4.0,2.9,3.0,0.0,1.0,0.0,0.0,3.0,0.0,1.0,0.0,53.0,0.0,14.0,3.0,9.0
2025,Round 19,2025-07-20,Collingwood,away,CD_M20250141905,26,Hayden Young,CD_I1009256,0.0,0.0,6.0,0.0,2.0,0.0,0.0,0.0,0.0,0.0,0.0,0.0,45.5,5.0,3.0,45.5,11.0,5.0,1.0,1.0,0.0,0.0,0.0,2.0,0.0,5.0,5.0,0.0,0.0,0.0,0.0,3.0,0.0,1.0,16.7,1.2,0.0,0.0,6.0,1.0,0.0,0.0,228.0,0.0,8.0,5.3,3.0,0.0,4.0,0.0,1.0,0.0,1.0,2.0,1.0,28.0,1.0,11.0,4.0,6.0
2025,Round 20,2025-07-26,West Coast,home,CD_M20250142009,24,Jye Amiss,CD_I1020594,2.0,0.0,0.0,0.0,4.0,0.0,0.0,0.0,2.0,0.0,0.0,2.0,40.0,4.0,0.0,60.0,10.0,6.0,4.0,0.0,2.0,1.0,50.0,0.0,3.0,1.0,2.0,0.0,0.0,0.0,0.0,0.0,1.0,3.0,50.0,4.0,0.0,0.0,8.0,6.0,5.0,3.0,167.0,1.0,2.0,10.4,3.0,0.0,6.0,1.0,6.0,1.0,0.0,1.0,1.0,85.0,0.0,10.0,3.0,6.0
2025,Round 20,2025-07-26,West Coast,home,CD_M20250142009,41,Bailey Banfield,CD_I998180,1.0,0.0,0.0,1.0,2.0,0.0,0.0,0.0,0.0,0.0,0.0,0.0,28.6,4.0,9.0,70.6,17.0,12.0,6.0,0.0,1.0,2.0,0.0,0.0,0.0,3.0,7.0,0.0,0.0,0.0,0.0,1.0,1.0,6.0,60.0,1.4,0.0,0.0,10.0,5.0,0.0,0.0,238.0,2.0,9.0,3.8,3.0,0.0,3.0,1.0,1.0,1.0,0.0,1.0,0.0,86.0,1.0,14.0,6.0,10.0
2025,Round 20,2025-07-26,West Coast,home,CD_M20250142009,15,Shai Bolton,CD_I993993,3.0,2.0,11.0,0.0,4.0,0.0,0.0,0.0,0.0,0.0,0.0,0.0,41.7,10.0,0.0,60.0,25.0,15.0,6.0,4.0,1.0,1.0,20.0,0.0,1.0,7.0,11.0,0.0,0.0,0.0,0.0,4.0,0.0,0.0,42.9,1.3,0.0,0.0,14.0,4.0,0.0,0.0,359.0,1.0,7.0,6.4,0.0,0.0,13.0,1.0,5.0,0.0,2.0,1.0,1.0,85.0,2.0,24.0,4.0,14.0
2025,Round 20,2025-07-26,West Coast,home,CD_M20250142009,8,Andrew Brayshaw,CD_I1002232,1.0,1.0,21.0,4.0,5.0,0.0,0.0,0.0,0.0,0.0,0.0,0.0,27.3,9.0,8.0,78.1,32.0,25.0,7.0,0.0,3.0,3.0,0.0,2.0,0.0,4.0,20.0,0.0,0.0,0.0,0.0,7.0,0.0,0.0,58.3,0.6,0.0,0.0,12.0,1.0,0.0,0.0,473.0,1.0,11.0,11.7,2.0,0.0,13.0,2.0,1.0,0.0,4.0,2.0,0.0,75.0,8.0,33.0,1.0,24.0
2025,Round 20,2025-07-26,West Coast,home,CD_M20250142009,5,Heath Chapman,CD_I1013224,0.0,0.0,0.0,0.0,3.0,100.0,1.0,1.0,0.0,0.0,0.0,1.0,54.5,6.0,4.0,80.0,10.0,8.0,3.0,0.0,3.0,0.0,0.0,0.0,0.0,5.0,6.0,0.0,0.0,0.0,0.0,0.0,2.0,6.0,75.0,0.7,0.0,0.0,4.0,3.0,0.0,0.0,164.0,2.0,8.0,7.0,2.0,0.0,2.0,2.0,0.0,2.0,0.0,2.0,0.0,85.0,0.0,11.0,1.0,5.0
2025,Round 20,2025-07-26,West Coast,home,CD_M20250142009,6,Jordan Clark,CD_I1006152,0.0,1.0,0.0,0.0,3.0,0.0,0.0,0.0,0.0,0.0,0.0,0.0,10.0,2.0,13.0,71.4,21.0,15.0,10.0,0.0,1.0,0.0,0.0,0.0,0.0,1.0,5.0,0.0,0.0,0.0,0.0,4.0,1.0,5.0,62.5,3.2,1.0,1.0,16.0,3.0,0.0,0.0,475.0,3.0,15.0,3.6,4.0,0.0,4.0,1.0,0.0,2.0,0.0,1.0,0.0,87.0,0.0,20.0,6.0,18.0
2025,Round 20,2025-07-26,West Coast,home,CD_M20250142009,36,Brennan Cox,CD_I997033,0.0,0.0,0.0,0.0,2.0,0.0,0.0,1.0,0.0,0.0,0.0,3.0,60.0,6.0,2.0,60.0,10.0,6.0,2.0,0.0,0.0,0.0,0.0,0.0,0.0,3.0,7.0,0.0,0.0,0.0,0.0,0.0,4.0,6.0,66.7,0.4,0.0,0.0,3.0,4.0,0.0,0.0,47.0,5.0,3.0,8.9,0.0,0.0,0.0,0.0,0.0,5.0,0.0,2.0,0.0,87.0,0.0,10.0,2.0,4.0
2025,Round 20,2025-07-26,West Coast,home,CD_M20250142009,4,Sean Darcy,CD_I998145,0.0,0.0,21.0,3.0,3.0,0.0,0.0,1.0,0.0,0.0,0.0,0.0,63.6,7.0,4.0,54.5,11.0,6.0,2.0,1.0,3.0,1.0,0.0,0.0,0.0,3.0,5.0,46.7,48.4,30.0,14.0,1.0,0.0,0.0,33.3,1.2,0.0,0.0,6.0,1.0,0.0,0.0,157.0,2.0,8.0,12.8,1.0,62.0,9.0,8.0,0.0,2.0,3.0,2.0,2.0,69.0,6.0,11.0,4.0,4.0
2025,Round 20,2025-07-26,West Coast,home,CD_M20250142009,43,Isaiah Dudley,CD_I1011558,0.0,0.0,0.0,0.0,1.0,0.0,0.0,0.0,0.0,0.0,0.0,0.0,45.5,5.0,2.0,70.0,10.0,7.0,6.0,3.0,0.0,0.0,50.0,2.0,1.0,4.0,2.0,0.0,0.0,0.0,0.0,1.0,0.0,1.0,75.0,4.0,0.0,0.0,8.0,3.0,1.0,0.0,131.0,1.0,10.0,9.7,0.0,0.0,7.0,2.0,2.0,0.0,2.0,1.0,1.0,73.0,2.0,11.0,2.0,6.0
2025,Round 20,2025-07-26,West Coast,home,CD_M20250142009,28,Neil Erasmus,CD_I1020250,0.0,0.0,10.0,0.0,1.0,0.0,0.0,0.0,0.0,0.0,0.0,0.0,42.9,3.0,2.0,50.0,6.0,3.0,0.0,0.0,0.0,1.0,0.0,0.0,0.0,2.0,5.0,0.0,0.0,0.0,0.0,0.0,0.0,1.0,0.0,0.2,0.0,0.0,1.0,1.0,0.0,0.0,18.0,1.0,5.0,1.6,1.0,0.0,2.0,0.0,0.0,0.0,0.0,1.0,0.0,20.0,0.0,7.0,2.0,4.0
2025,Round 20,2025-07-26,West Coast,home,CD_M20250142009,32,Michael Frederick,CD_I999321,1.0,2.0,0.0,0.0,3.0,0.0,0.0,0.0,0.0,0.0,0.0,0.0,45.5,5.0,4.0,80.0,10.0,8.0,7.0,0.0,2.0,1.0,80.0,0.0,4.0,4.0,2.0,0.0,0.0,0.0,0.0,3.0,0.0,3.0,87.5,4.0,0.0,0.0,8.0,3.0,1.0,1.0,333.0,1.0,11.0,16.4,1.0,0.0,8.0,2.0,5.0,1.0,1.0,3.0,1.0,79.0,1.0,11.0,1.0,6.0
2025,Round 20,2025-07-26,West Coast,home,CD_M20250142009,9,Luke Jackson,CD_I1009399,0.0,0.0,19.0,0.0,2.0,0.0,0.0,0.0,1.0,0.0,0.0,1.0,42.9,9.0,12.0,90.5,21.0,19.0,5.0,1.0,1.0,2.0,100.0,0.0,1.0,3.0,14.0,25.0,46.2,12.0,3.0,5.0,0.0,1.0,71.4,0.5,0.0,0.0,7.0,5.0,1.0,1.0,283.0,2.0,23.0,14.5,1.0,26.0,8.0,2.0,1.0,2.0,6.0,4.0,1.0,85.0,6.0,21.0,2.0,12.0
2025,Round 20,2025-07-26,West Coast,home,CD_M20250142009,21,Oscar McDonald,CD_I992472,0.0,0.0,0.0,0.0,2.0,0.0,0.0,4.0,0.0,0.0,0.0,1.0,33.3,2.0,2.0,100.0,5.0,5.0,5.0,0.0,2.0,0.0,0.0,0.0,0.0,1.0,0.0,0.0,0.0,0.0,0.0,1.0,1.0,1.0,100.0,5.0,0.0,0.0,5.0,3.0,0.0,0.0,124.0,7.0,2.0,3.7,1.0,0.0,0.0,0.0,0.0,7.0,0.0,2.0,0.0,93.0,0.0,6.0,0.0,4.0
2025,Round 20,2025-07-26,West Coast,home,CD_M20250142009,30,Nathan O'Driscoll,CD_I1013220,1.0,0.0,0.0,0.0,1.0,0.0,0.0,0.0,0.0,0.0,0.0,0.0,12.5,1.0,5.0,87.5,8.0,7.0,4.0,0.0,0.0,1.0,0.0,1.0,0.0,1.0,3.0,0.0,0.0,0.0,0.0,2.0,2.0,2.0,80.0,1.7,0.0,0.0,5.0,2.0,0.0,0.0,226.0,0.0,9.0,3.6,1.0,0.0,4.0,1.0,1.0,0.0,0.0,2.0,0.0,78.0,0.0,8.0,2.0,7.0
2025,Round 20,2025-07-26,West Coast,home,CD_M20250142009,2,Jaeger O'Meara,CD_I294613,0.0,0.0,1.0,0.0,4.0,0.0,0.0,0.0,0.0,0.0,0.0,0.0,35.3,6.0,5.0,68.8,16.0,11.0,3.0,2.0,1.0,3.0,0.0,1.0,0.0,3.0,8.0,0.0,0.0,0.0,0.0,2.0,0.0,2.0,37.5,1.0,0.0,0.0,8.0,3.0,0.0,1.0,219.0,0.0,10.0,4.8,0.0,0.0,5.0,0.0,2.0,0.0,3.0,3.0,0.0,73.0,3.0,17.0,2.0,11.0
2025,Round 20,2025-07-26,West Coast,home,CD_M20250142009,16,Murphy Reid,CD_I1028513,1.0,2.0,0.0,0.0,3.0,0.0,0.0,0.0,0.0,0.0,0.0,0.0,21.7,5.0,2.0,78.3,23.0,18.0,9.0,0.0,0.0,0.0,50.0,3.0,1.0,5.0,12.0,0.0,0.0,0.0,0.0,6.0,0.0,2.0,81.8,0.9,0.0,0.0,11.0,4.0,1.0,0.0,376.0,0.0,12.0,12.6,1.0,0.0,15.0,1.0,2.0,0.0,0.0,3.0,1.0,85.0,0.0,23.0,4.0,18.0
2025,Round 20,2025-07-26,West Coast,home,CD_M20250142009,13,Luke Ryan,CD_I998659,0.0,0.0,0.0,0.0,1.0,0.0,0.0,0.0,0.0,0.0,0.0,0.0,33.3,4.0,1.0,86.7,15.0,13.0,9.0,0.0,1.0,0.0,0.0,0.0,0.0,3.0,5.0,0.0,0.0,0.0,0.0,0.0,1.0,4.0,90.0,2.0,3.0,3.0,10.0,4.0,0.0,0.0,238.0,2.0,1.0,6.9,3.0,0.0,2.0,1.0,0.0,1.0,0.0,0.0,0.0,79.0,0.0,12.0,1.0,8.0
2025,Round 20,2025-07-26,West Coast,home,CD_M20250142009,3,Caleb Serong,CD_I1009420,1.0,0.0,29.0,4.0,2.0,0.0,0.0,0.0,0.0,0.0,0.0,0.0,77.3,17.0,7.0,65.0,20.0,13.0,3.0,0.0,1.0,5.0,0.0,1.0,0.0,9.0,12.0,0.0,0.0,0.0,0.0,4.0,0.0,5.0,37.5,0.7,0.0,0.0,8.0,0.0,0.0,0.0,226.0,2.0,12.0,14.6,1.0,0.0,11.0,6.0,1.0,0.0,4.0,5.0,0.0,85.0,8.0,22.0,2.0,5.0
2025,Round 20,2025-07-26,West Coast,home,CD_M20250142009,39,Sam Switkowski,CD_I992059,1.0,3.0,0.0,0.0,0.0,0.0,0.0,0.0,0.0,0.0,0.0,0.0,38.9,7.0,3.0,72.2,18.0,13.0,4.0,2.0,0.0,1.0,33.3,1.0,1.0,4.0,9.0,0.0,0.0,0.0,0.0,3.0,0.0,2.0,44.4,1.0,0.0,0.0,9.0,2.0,0.0,1.0,362.0,1.0,11.0,15.5,0.0,0.0,10.0,1.0,3.0,0.0,2.0,2.0,0.0,71.0,2.0,18.0,0.0,11.0
2025,Round 20,2025-07-26,West Coast,home,CD_M20250142009,35,Josh Treacy,CD_I1012819,1.0,0.0,0.0,0.0,3.0,0.0,0.0,0.0,2.0,0.0,0.0,1.0,50.0,4.0,1.0,77.8,9.0,7.0,4.0,1.0,1.0,1.0,0.0,0.0,0.0,2.0,3.0,0.0,0.0,0.0,0.0,4.0,0.0,1.0,66.7,2.0,0.0,0.0,6.0,2.0,0.0,1.0,266.0,1.0,9.0,4.8,0.0,0.0,7.0,1.0,1.0,1.0,0.0,3.0,3.0,93.0,0.0,8.0,1.0,4.0
2025,Round 20,2025-07-26,West Coast,home,CD_M20250142009,20,Patrick Voss,CD_I1017754,2.0,0.0,0.0,0.0,3.0,0.0,0.0,0.0,1.0,1.0,100.0,2.0,37.5,3.0,0.0,55.6,9.0,5.0,4.0,1.0,2.0,0.0,60.0,1.0,3.0,1.0,1.0,0.0,0.0,0.0,0.0,2.0,0.0,1.0,50.0,8.0,0.0,0.0,8.0,6.0,4.0,2.0,271.0,3.0,9.0,8.3,0.0,0.0,7.0,0.0,5.0,1.0,0.0,0.0,0.0,88.0,0.0,8.0,0.0,5.0
2025,Round 20,2025-07-26,West Coast,home,CD_M20250142009,23,Karl Worner,CD_I1021015,1.0,0.0,0.0,0.0,1.0,0.0,0.0,0.0,0.0,0.0,0.0,0.0,23.1,3.0,9.0,92.3,13.0,12.0,5.0,1.0,0.0,0.0,0.0,0.0,0.0,3.0,7.0,0.0,0.0,0.0,0.0,0.0,2.0,4.0,83.3,0.9,0.0,0.0,6.0,3.0,0.0,0.0,212.0,3.0,12.0,7.0,3.0,0.0,5.0,2.0,1.0,3.0,0.0,3.0,0.0,82.0,0.0,13.0,1.0,10.0
2025,Round 20,2025-07-26,West Coast,home,CD_M20250142009,26,Hayden Young,CD_I1009256,0.0,2.0,16.0,3.0,4.0,0.0,0.0,0.0,0.0,0.0,0.0,0.0,39.1,9.0,0.0,73.9,23.0,17.0,10.0,1.0,0.0,3.0,100.0,0.0,3.0,3.0,8.0,0.0,0.0,0.0,0.0,6.0,0.0,0.0,66.7,1.9,0.0,0.0,15.0,4.0,0.0,1.0,559.0,2.0,4.0,18.8,2.0,0.0,8.0,1.0,3.0,1.0,4.0,1.0,0.0,57.0,7.0,23.0,3.0,14.0
2025,Round 21,2025-08-03,Carlton,home,CD_M20250142108,24,Jye Amiss,CD_I1020594,0.0,0.0,0.0,0.0,2.0,0.0,0.0,0.0,4.0,1.0,25.0,1.0,33.3,3.0,1.0,100.0,8.0,8.0,7.0,0.0,1.0,1.0,100.0,1.0,3.0,0.0,1.0,0.0,0.0,0.0,0.0,2.0,0.0,0.0,100.0,7.0,0.0,0.0,7.0,5.0,2.0,2.0,118.0,4.0,5.0,10.4,0.0,0.0,4.0,0.0,3.0,3.0,0.0,0.0,0.0,87.0,0.0,9.0,1.0,6.0
2025,Round 21,2025-08-03,Carlton,home,CD_M20250142108,41,Bailey Banfield,CD_I998180,0.0,1.0,0.0,0.0,2.0,0.0,0.0,0.0,0.0,0.0,0.0,0.0,28.6,4.0,4.0,62.5,16.0,10.0,6.0,0.0,1.0,1.0,0.0,1.0,0.0,3.0,5.0,0.0,0.0,0.0,0.0,0.0,0.0,7.0,54.5,2.2,0.0,0.0,11.0,4.0,0.0,0.0,270.0,2.0,6.0,5.4,3.0,0.0,1.0,0.0,0.0,2.0,0.0,2.0,0.0,72.0,0.0,14.0,6.0,10.0
2025,Round 21,2025-08-03,Carlton,home,CD_M20250142108,15,Shai Bolton,CD_I993993,1.0,0.0,8.0,0.0,5.0,0.0,0.0,0.0,0.0,0.0,0.0,0.0,52.9,9.0,7.0,43.8,16.0,7.0,3.0,2.0,2.0,0.0,0.0,1.0,0.0,8.0,9.0,0.0,0.0,0.0,0.0,1.0,0.0,2.0,42.9,0.8,0.0,0.0,7.0,1.0,0.0,0.0,190.0,2.0,16.0,0.8,0.0,0.0,4.0,0.0,2.0,0.0,0.0,3.0,0.0,85.0,0.0,17.0,5.0,8.0
2025,Round 21,2025-08-03,Carlton,home,CD_M20250142108,8,Andrew Brayshaw,CD_I1002232,0.0,0.0,24.0,2.0,8.0,0.0,0.0,0.0,0.0,0.0,0.0,0.0,53.8,14.0,19.0,52.2,23.0,12.0,5.0,0.0,4.0,0.0,0.0,0.0,0.0,5.0,11.0,0.0,0.0,0.0,0.0,3.0,1.0,2.0,41.7,1.1,0.0,0.0,12.0,4.0,0.0,0.0,332.0,7.0,30.0,7.4,2.0,0.0,4.0,3.0,0.0,0.0,8.0,8.0,0.0,85.0,10.0,26.0,6.0,12.0
2025,Round 21,2025-08-03,Carlton,home,CD_M20250142108,5,Heath Chapman,CD_I1013224,0.0,0.0,0.0,0.0,1.0,0.0,0.0,0.0,0.0,0.0,0.0,1.0,25.0,2.0,9.0,62.5,8.0,5.0,4.0,0.0,1.0,0.0,0.0,1.0,0.0,1.0,2.0,0.0,0.0,0.0,0.0,3.0,2.0,2.0,66.7,3.0,0.0,0.0,6.0,4.0,0.0,0.0,181.0,4.0,13.0,5.7,1.0,0.0,2.0,1.0,0.0,2.0,0.0,3.0,0.0,92.0,0.0,8.0,3.0,6.0
2025,Round 21,2025-08-03,Carlton,home,CD_M20250142108,6,Jordan Clark,CD_I1006152,0.0,4.0,0.0,0.0,2.0,0.0,0.0,0.0,0.0,0.0,0.0,0.0,41.7,10.0,9.0,60.0,30.0,18.0,12.0,0.0,0.0,2.0,0.0,2.0,0.0,7.0,9.0,0.0,0.0,0.0,0.0,4.0,1.0,8.0,57.1,2.3,4.0,4.0,21.0,1.0,0.0,0.0,759.0,2.0,11.0,8.7,8.0,0.0,6.0,2.0,1.0,1.0,5.0,4.0,0.0,85.0,5.0,24.0,4.0,14.0
2025,Round 21,2025-08-03,Carlton,home,CD_M20250142108,36,Brennan Cox,CD_I997033,0.0,0.0,0.0,0.0,0.0,28.6,2.0,7.0,0.0,0.0,0.0,0.0,50.0,5.0,4.0,100.0,9.0,9.0,7.0,0.0,0.0,3.0,0.0,0.0,0.0,2.0,2.0,0.0,0.0,0.0,0.0,0.0,3.0,8.0,100.0,3.5,0.0,0.0,7.0,4.0,0.0,0.0,204.0,7.0,4.0,12.6,2.0,0.0,0.0,0.0,0.0,7.0,0.0,2.0,0.0,83.0,0.0,10.0,2.0,5.0
2025,Round 21,2025-08-03,Carlton,home,CD_M20250142108,4,Sean Darcy,CD_I998145,0.0,0.0,18.0,1.0,5.0,0.0,0.0,0.0,0.0,0.0,0.0,1.0,90.9,10.0,7.0,50.0,10.0,5.0,3.0,0.0,1.0,4.0,0.0,0.0,0.0,4.0,3.0,37.5,38.7,24.0,9.0,3.0,0.0,1.0,42.9,2.3,0.0,0.0,7.0,1.0,0.0,0.0,221.0,1.0,13.0,10.8,0.0,62.0,2.0,2.0,0.0,0.0,4.0,6.0,0.0,64.0,5.0,11.0,3.0,1.0
2025,Round 21,2025-08-03,Carlton,home,CD_M20250142108,43,Isaiah Dudley,CD_I1011558,0.0,0.0,0.0,0.0,1.0,0.0,0.0,0.0,0.0,0.0,0.0,0.0,50.0,4.0,1.0,100.0,8.0,8.0,2.0,3.0,1.0,1.0,100.0,1.0,2.0,3.0,6.0,0.0,0.0,0.0,0.0,0.0,0.0,0.0,100.0,0.3,0.0,0.0,2.0,0.0,0.0,0.0,79.0,1.0,10.0,9.9,0.0,0.0,5.0,0.0,2.0,0.0,0.0,1.0,0.0,67.0,0.0,8.0,1.0,4.0
2025,Round 21,2025-08-03,Carlton,home,CD_M20250142108,28,Neil Erasmus,CD_I1020250,0.0,0.0,5.0,0.0,1.0,100.0,1.0,1.0,0.0,0.0,0.0,0.0,47.1,8.0,12.0,62.5,16.0,10.0,3.0,0.0,0.0,2.0,0.0,0.0,0.0,7.0,10.0,0.0,0.0,0.0,0.0,2.0,1.0,4.0,50.0,0.6,0.0,0.0,6.0,3.0,0.0,0.0,201.0,0.0,16.0,9.9,1.0,0.0,2.0,0.0,0.0,0.0,1.0,6.0,0.0,53.0,1.0,17.0,1.0,9.0
2025,Round 21,2025-08-03,Carlton,home,CD_M20250142108,32,Michael Frederick,CD_I999321,0.0,0.0,0.0,0.0,4.0,0.0,0.0,0.0,0.0,0.0,0.0,0.0,33.3,3.0,4.0,40.0,10.0,4.0,1.0,1.0,0.0,0.0,0.0,0.0,0.0,3.0,4.0,0.0,0.0,0.0,0.0,2.0,0.0,1.0,16.7,1.5,0.0,0.0,6.0,2.0,0.0,0.0,142.0,0.0,8.0,1.6,1.0,0.0,2.0,0.0,0.0,0.0,1.0,4.0,1.0,82.0,1.0,9.0,5.0,6.0
2025,Round 21,2025-08-03,Carlton,home,CD_M20250142108,9,Luke Jackson,CD_I1009399,0.0,0.0,23.0,0.0,3.0,0.0,0.0,0.0,0.0,0.0,0.0,1.0,72.4,21.0,13.0,74.1,27.0,20.0,4.0,1.0,2.0,4.0,100.0,0.0,1.0,12.0,20.0,33.3,31.0,18.0,6.0,1.0,1.0,6.0,57.1,0.4,0.0,0.0,7.0,1.0,0.0,0.0,166.0,2.0,32.0,25.5,1.0,58.0,5.0,3.0,1.0,1.0,8.0,6.0,1.0,85.0,8.0,29.0,1.0,8.0
2025,Round 21,2025-08-03,Carlton,home,CD_M20250142108,21,Oscar McDonald,CD_I992472,0.0,0.0,0.0,0.0,2.0,0.0,0.0,2.0,0.0,0.0,0.0,0.0,50.0,6.0,8.0,83.3,12.0,10.0,7.0,0.0,1.0,1.0,100.0,0.0,1.0,5.0,5.0,0.0,0.0,0.0,0.0,1.0,4.0,8.0,100.0,1.4,0.0,0.0,7.0,4.0,0.0,0.0,222.0,7.0,10.0,13.3,4.0,0.0,1.0,1.0,1.0,7.0,2.0,4.0,0.0,92.0,2.0,12.0,0.0,6.0
2025,Round 21,2025-08-03,Carlton,home,CD_M20250142108,30,Nathan O'Driscoll,CD_I1013220,1.0,0.0,0.0,0.0,1.0,0.0,0.0,0.0,0.0,0.0,0.0,0.0,33.3,3.0,10.0,70.0,10.0,7.0,5.0,0.0,0.0,0.0,0.0,0.0,0.0,3.0,3.0,0.0,0.0,0.0,0.0,2.0,0.0,1.0,71.4,2.3,0.0,0.0,7.0,1.0,0.0,0.0,287.0,1.0,17.0,7.0,1.0,0.0,2.0,0.0,1.0,0.0,0.0,4.0,0.0,84.0,0.0,9.0,2.0,6.0
2025,Round 21,2025-08-03,Carlton,home,CD_M20250142108,2,Jaeger O'Meara,CD_I294613,0.0,0.0,9.0,1.0,5.0,0.0,0.0,0.0,0.0,0.0,0.0,0.0,43.8,7.0,14.0,40.0,15.0,6.0,2.0,0.0,1.0,0.0,0.0,0.0,0.0,5.0,6.0,0.0,0.0,0.0,0.0,3.0,0.0,2.0,22.2,1.5,0.0,0.0,9.0,2.0,0.0,0.0,273.0,0.0,20.0,2.8,1.0,0.0,0.0,0.0,0.0,0.0,3.0,7.0,0.0,81.0,4.0,16.0,4.0,9.0
2025,Round 21,2025-08-03,Carlton,home,CD_M20250142108,16,Murphy Reid,CD_I1028513,0.0,0.0,0.0,0.0,3.0,0.0,0.0,0.0,2.0,0.0,0.0,0.0,54.5,6.0,1.0,60.0,10.0,6.0,3.0,1.0,1.0,0.0,100.0,1.0,1.0,5.0,5.0,0.0,0.0,0.0,0.0,3.0,0.0,2.0,60.0,1.0,0.0,0.0,5.0,1.0,0.0,0.0,158.0,0.0,10.0,4.1,0.0,0.0,2.0,0.0,1.0,0.0,1.0,0.0,0.0,80.0,1.0,11.0,4.0,5.0
2025,Round 21,2025-08-03,Carlton,home,CD_M20250142108,13,Luke Ryan,CD_I998659,0.0,0.0,0.0,0.0,2.0,0.0,0.0,1.0,0.0,0.0,0.0,0.0,38.5,5.0,6.0,70.6,17.0,12.0,5.0,0.0,0.0,0.0,0.0,0.0,0.0,5.0,10.0,0.0,0.0,0.0,0.0,0.0,1.0,7.0,71.4,0.7,3.0,3.0,7.0,2.0,0.0,0.0,229.0,3.0,6.0,6.6,5.0,0.0,2.0,2.0,0.0,3.0,0.0,1.0,0.0,93.0,0.0,13.0,5.0,8.0
2025,Round 21,2025-08-03,Carlton,home,CD_M20250142108,3,Caleb Serong,CD_I1009420,0.0,0.0,22.0,3.0,7.0,0.0,0.0,0.0,0.0,0.0,0.0,0.0,71.4,15.0,11.0,57.9,19.0,11.0,3.0,0.0,2.0,0.0,0.0,0.0,0.0,11.0,9.0,0.0,0.0,0.0,0.0,4.0,0.0,2.0,30.0,1.1,0.0,0.0,10.0,0.0,0.0,0.0,363.0,1.0,28.0,11.3,0.0,0.0,6.0,3.0,0.0,0.0,5.0,6.0,0.0,84.0,8.0,21.0,5.0,6.0
2025,Round 21,2025-08-03,Carlton,home,CD_M20250142108,39,Sam Switkowski,CD_I992059,1.0,0.0,1.0,0.0,2.0,0.0,0.0,0.0,0.0,0.0,0.0,1.0,76.9,10.0,13.0,45.5,11.0,5.0,2.0,2.0,0.0,2.0,50.0,0.0,1.0,5.0,4.0,0.0,0.0,0.0,0.0,1.0,0.0,3.0,28.6,1.8,0.0,0.0,7.0,2.0,1.0,0.0,157.0,1.0,28.0,10.6,0.0,0.0,4.0,1.0,2.0,0.0,3.0,6.0,2.0,80.0,3.0,13.0,1.0,3.0
2025,Round 21,2025-08-03,Carlton,home,CD_M20250142108,35,Josh Treacy,CD_I1012819,0.0,0.0,0.0,0.0,3.0,0.0,0.0,0.0,2.0,1.0,50.0,3.0,53.8,7.0,2.0,84.6,13.0,11.0,9.0,1.0,1.0,2.0,100.0,2.0,3.0,2.0,3.0,0.0,0.0,0.0,0.0,5.0,1.0,3.0,90.0,3.3,0.0,0.0,10.0,5.0,2.0,1.0,437.0,1.0,10.0,19.5,1.0,0.0,6.0,0.0,3.0,1.0,0.0,1.0,0.0,92.0,0.0,13.0,2.0,6.0
2025,Round 21,2025-08-03,Carlton,home,CD_M20250142108,20,Patrick Voss,CD_I1017754,0.0,2.0,0.0,0.0,6.0,0.0,0.0,0.0,2.0,0.0,0.0,2.0,54.5,6.0,0.0,70.0,10.0,7.0,5.0,1.0,2.0,2.0,75.0,1.0,3.0,2.0,3.0,0.0,0.0,0.0,0.0,4.0,0.0,2.0,71.4,2.3,0.0,0.0,7.0,3.0,1.0,1.0,281.0,5.0,13.0,15.4,0.0,0.0,5.0,1.0,4.0,4.0,0.0,2.0,1.0,83.0,0.0,11.0,6.0,5.0
2025,Round 21,2025-08-03,Carlton,home,CD_M20250142108,23,Karl Worner,CD_I1021015,0.0,1.0,0.0,0.0,3.0,50.0,1.0,2.0,0.0,0.0,0.0,1.0,26.7,4.0,14.0,73.3,15.0,11.0,6.0,0.0,0.0,2.0,0.0,0.0,0.0,2.0,5.0,0.0,0.0,0.0,0.0,0.0,2.0,4.0,60.0,2.0,0.0,0.0,10.0,3.0,0.0,0.0,271.0,4.0,18.0,4.8,3.0,0.0,1.0,0.0,0.0,4.0,1.0,9.0,0.0,83.0,1.0,15.0,4.0,11.0
2025,Round 21,2025-08-03,Carlton,home,CD_M20250142108,26,Hayden Young,CD_I1009256,0.0,0.0,2.0,0.0,1.0,0.0,0.0,0.0,0.0,0.0,0.0,0.0,100.0,2.0,2.0,50.0,2.0,1.0,0.0,0.0,0.0,0.0,0.0,0.0,0.0,2.0,1.0,0.0,0.0,0.0,0.0,0.0,0.0,0.0,0.0,1.0,0.0,0.0,1.0,0.0,0.0,0.0,25.0,0.0,4.0,1.3,1.0,0.0,0.0,0.0,0.0,0.0,1.0,2.0,0.0,8.0,1.0,2.0,1.0,0.0
2025,Round 22,2025-08-09,Port Adelaide,away,CD_M20250142201,24,Jye Amiss,CD_I1020594,0.0,0.0,0.0,0.0,1.0,0.0,0.0,0.0,0.0,0.0,0.0,1.0,60.0,3.0,1.0,60.0,5.0,3.0,1.0,1.0,1.0,0.0,0.0,0.0,0.0,2.0,2.0,0.0,0.0,0.0,0.0,1.0,0.0,0.0,33.3,1.5,0.0,0.0,3.0,3.0,0.0,1.0,54.0,1.0,3.0,1.6,1.0,0.0,1.0,0.0,0.0,1.0,0.0,0.0,0.0,84.0,0.0,5.0,0.0,2.0
2025,Round 22,2025-08-09,Port Adelaide,away,CD_M20250142201,41,Bailey Banfield,CD_I998180,0.0,2.0,0.0,0.0,6.0,0.0,0.0,0.0,0.0,0.0,0.0,0.0,40.0,6.0,9.0,60.0,15.0,9.0,4.0,0.0,3.0,0.0,0.0,0.0,0.0,6.0,6.0,0.0,0.0,0.0,0.0,1.0,0.0,7.0,44.4,1.5,0.0,0.0,9.0,0.0,0.0,0.0,281.0,2.0,10.0,2.9,2.0,0.0,4.0,1.0,0.0,2.0,0.0,1.0,0.0,74.0,0.0,15.0,7.0,9.0
2025,Round 22,2025-08-09,Port Adelaide,away,CD_M20250142201,15,Shai Bolton,CD_I993993,2.0,0.0,11.0,1.0,1.0,0.0,0.0,0.0,0.0,0.0,0.0,1.0,44.4,8.0,2.0,52.6,19.0,10.0,3.0,3.0,0.0,0.0,28.6,1.0,2.0,7.0,8.0,0.0,0.0,0.0,0.0,3.0,0.0,3.0,27.3,1.4,0.0,0.0,11.0,6.0,2.0,3.0,213.0,0.0,9.0,12.7,0.0,0.0,11.0,5.0,7.0,0.0,2.0,3.0,1.0,86.0,3.0,18.0,3.0,10.0
2025,Round 22,2025-08-09,Port Adelaide,away,CD_M20250142201,8,Andrew Brayshaw,CD_I1002232,0.0,0.0,24.0,4.0,2.0,0.0,0.0,1.0,0.0,0.0,0.0,0.0,56.0,14.0,14.0,78.3,23.0,18.0,5.0,3.0,2.0,2.0,0.0,0.0,0.0,8.0,15.0,0.0,0.0,0.0,0.0,2.0,0.0,2.0,62.5,0.5,0.0,0.0,8.0,2.0,0.0,0.0,168.0,3.0,23.0,17.7,0.0,0.0,4.0,3.0,0.0,1.0,5.0,5.0,1.0,81.0,9.0,25.0,1.0,11.0
2025,Round 22,2025-08-09,Port Adelaide,away,CD_M20250142201,5,Heath Chapman,CD_I1013224,0.0,1.0,0.0,0.0,2.0,0.0,0.0,0.0,0.0,0.0,0.0,0.0,18.2,2.0,7.0,90.0,10.0,9.0,7.0,0.0,2.0,1.0,0.0,0.0,0.0,1.0,2.0,0.0,0.0,0.0,0.0,1.0,0.0,2.0,87.5,4.0,0.0,0.0,8.0,4.0,0.0,0.0,258.0,0.0,8.0,1.4,2.0,0.0,1.0,1.0,0.0,0.0,0.0,1.0,0.0,79.0,0.0,11.0,4.0,9.0
2025,Round 22,2025-08-09,Port Adelaide,away,CD_M20250142201,6,Jordan Clark,CD_I1006152,0.0,0.0,0.0,0.0,1.0,0.0,0.0,0.0,0.0,0.0,0.0,0.0,29.4,5.0,7.0,85.0,20.0,17.0,7.0,0.0,0.0,0.0,0.0,1.0,0.0,5.0,11.0,0.0,0.0,0.0,0.0,4.0,0.0,5.0,77.8,0.8,2.0,1.0,9.0,0.0,0.0,0.0,321.0,1.0,8.0,11.8,4.0,0.0,5.0,0.0,0.0,1.0,0.0,3.0,0.0,91.0,0.0,17.0,3.0,12.0
2025,Round 22,2025-08-09,Port Adelaide,away,CD_M20250142201,36,Brennan Cox,CD_I997033,0.0,0.0,0.0,0.0,3.0,33.3,1.0,3.0,0.0,0.0,0.0,0.0,42.9,3.0,5.0,71.4,7.0,5.0,3.0,0.0,1.0,1.0,0.0,0.0,0.0,2.0,2.0,0.0,0.0,0.0,0.0,0.0,0.0,2.0,60.0,2.5,0.0,0.0,5.0,2.0,0.0,0.0,168.0,8.0,5.0,8.1,4.0,0.0,1.0,1.0,0.0,8.0,1.0,2.0,0.0,93.0,1.0,7.0,2.0,4.0
2025,Round 22,2025-08-09,Port Adelaide,away,CD_M20250142201,4,Sean Darcy,CD_I998145,0.0,0.0,21.0,2.0,6.0,0.0,0.0,1.0,0.0,0.0,0.0,0.0,33.3,5.0,3.0,80.0,15.0,12.0,7.0,0.0,4.0,1.0,0.0,0.0,0.0,4.0,5.0,40.0,32.6,15.0,6.0,3.0,3.0,4.0,70.0,2.0,0.0,0.0,10.0,4.0,0.0,0.0,317.0,2.0,7.0,9.2,1.0,46.0,1.0,1.0,0.0,2.0,2.0,1.0,1.0,67.0,4.0,15.0,3.0,10.0
2025,Round 22,2025-08-09,Port Adelaide,away,CD_M20250142201,43,Isaiah Dudley,CD_I1011558,1.0,0.0,0.0,0.0,2.0,0.0,0.0,0.0,1.0,0.0,0.0,0.0,0.0,0.0,0.0,50.0,2.0,1.0,0.0,0.0,1.0,0.0,0.0,0.0,0.0,0.0,1.0,0.0,0.0,0.0,0.0,0.0,0.0,0.0,0.0,1.0,0.0,0.0,1.0,0.0,0.0,0.0,19.0,0.0,3.0,-4.2,0.0,0.0,1.0,0.0,1.0,0.0,0.0,0.0,0.0,47.0,0.0,3.0,2.0,3.0
2025,Round 22,2025-08-09,Port Adelaide,away,CD_M20250142201,28,Neil Erasmus,CD_I1020250,0.0,0.0,0.0,1.0,1.0,0.0,0.0,0.0,0.0,0.0,0.0,0.0,44.4,12.0,5.0,84.6,26.0,22.0,9.0,2.0,0.0,1.0,0.0,1.0,0.0,11.0,14.0,0.0,0.0,0.0,0.0,3.0,1.0,6.0,75.0,0.9,0.0,0.0,12.0,6.0,0.0,0.0,395.0,1.0,11.0,16.0,3.0,0.0,4.0,2.0,1.0,0.0,5.0,3.0,0.0,78.0,6.0,27.0,1.0,15.0
2025,Round 22,2025-08-09,Port Adelaide,away,CD_M20250142201,32,Michael Frederick,CD_I999321,2.0,0.0,0.0,0.0,1.0,0.0,0.0,0.0,0.0,0.0,0.0,0.0,16.7,3.0,4.0,70.6,17.0,12.0,8.0,2.0,1.0,1.0,40.0,1.0,2.0,2.0,4.0,0.0,0.0,0.0,0.0,3.0,0.0,1.0,61.5,3.3,0.0,0.0,13.0,5.0,1.0,0.0,452.0,1.0,7.0,12.8,1.0,0.0,8.0,1.0,5.0,1.0,1.0,2.0,0.0,79.0,1.0,18.0,3.0,15.0
2025,Round 22,2025-08-09,Port Adelaide,away,CD_M20250142201,7,Nat Fyfe,CD_I291570,0.0,0.0,6.0,2.0,2.0,0.0,0.0,0.0,0.0,0.0,0.0,0.0,71.4,5.0,1.0,100.0,7.0,7.0,2.0,0.0,1.0,0.0,0.0,0.0,0.0,4.0,5.0,0.0,0.0,0.0,0.0,1.0,0.0,1.0,100.0,0.4,0.0,0.0,2.0,0.0,0.0,0.0,116.0,0.0,2.0,5.2,0.0,0.0,3.0,2.0,0.0,0.0,1.0,0.0,0.0,26.0,3.0,7.0,0.0,2.0
2025,Round 22,2025-08-09,Port Adelaide,away,CD_M20250142201,9,Luke Jackson,CD_I1009399,1.0,0.0,16.0,0.0,3.0,0.0,0.0,1.0,2.0,0.0,0.0,2.0,30.4,7.0,6.0,69.6,23.0,16.0,8.0,1.0,1.0,1.0,0.0,1.0,0.0,3.0,11.0,25.0,32.0,8.0,2.0,3.0,2.0,3.0,66.7,1.1,0.0,0.0,12.0,9.0,1.0,1.0,257.0,0.0,13.0,7.7,0.0,25.0,5.0,1.0,2.0,0.0,0.0,3.0,0.0,83.0,0.0,23.0,5.0,16.0
2025,Round 22,2025-08-09,Port Adelaide,away,CD_M20250142201,30,Nathan O'Driscoll,CD_I1013220,0.0,0.0,1.0,0.0,4.0,0.0,0.0,0.0,0.0,0.0,0.0,0.0,46.2,6.0,6.0,66.7,12.0,8.0,3.0,1.0,2.0,0.0,0.0,0.0,0.0,6.0,6.0,0.0,0.0,0.0,0.0,2.0,0.0,4.0,50.0,1.0,0.0,0.0,6.0,3.0,0.0,0.0,156.0,2.0,16.0,3.5,2.0,0.0,2.0,2.0,1.0,1.0,1.0,2.0,0.0,84.0,1.0,13.0,4.0,7.0
2025,Round 22,2025-08-09,Port Adelaide,away,CD_M20250142201,2,Jaeger O'Meara,CD_I294613,0.0,0.0,18.0,2.0,9.0,0.0,0.0,0.0,0.0,0.0,0.0,0.0,25.0,7.0,9.0,73.1,26.0,19.0,11.0,0.0,5.0,0.0,0.0,0.0,0.0,6.0,9.0,0.0,0.0,0.0,0.0,9.0,1.0,2.0,64.7,1.9,0.0,0.0,17.0,4.0,0.0,0.0,542.0,1.0,12.0,9.0,1.0,0.0,6.0,2.0,0.0,0.0,3.0,2.0,0.0,83.0,5.0,28.0,8.0,21.0
2025,Round 22,2025-08-09,Port Adelaide,away,CD_M20250142201,25,Alex Pearce,CD_I298409,0.0,0.0,0.0,0.0,1.0,0.0,0.0,1.0,0.0,0.0,0.0,2.0,44.4,4.0,7.0,100.0,9.0,9.0,5.0,0.0,1.0,0.0,100.0,0.0,1.0,2.0,4.0,0.0,0.0,0.0,0.0,0.0,1.0,3.0,100.0,1.3,0.0,0.0,5.0,5.0,1.0,0.0,77.0,2.0,7.0,8.3,1.0,0.0,3.0,0.0,1.0,2.0,0.0,1.0,0.0,81.0,0.0,9.0,1.0,5.0
2025,Round 22,2025-08-09,Port Adelaide,away,CD_M20250142201,16,Murphy Reid,CD_I1028513,1.0,0.0,0.0,0.0,2.0,0.0,0.0,0.0,0.0,0.0,0.0,0.0,20.0,3.0,2.0,78.6,14.0,11.0,3.0,2.0,1.0,0.0,66.7,1.0,2.0,3.0,8.0,0.0,0.0,0.0,0.0,1.0,0.0,0.0,50.0,0.8,0.0,0.0,6.0,2.0,2.0,0.0,112.0,0.0,15.0,6.8,0.0,0.0,5.0,0.0,3.0,0.0,1.0,0.0,0.0,72.0,1.0,15.0,2.0,12.0
2025,Round 22,2025-08-09,Port Adelaide,away,CD_M20250142201,13,Luke Ryan,CD_I998659,0.0,0.0,0.0,0.0,2.0,0.0,0.0,2.0,0.0,0.0,0.0,0.0,18.2,2.0,4.0,88.2,17.0,15.0,12.0,0.0,1.0,0.0,0.0,0.0,0.0,1.0,3.0,0.0,0.0,0.0,0.0,0.0,3.0,6.0,85.7,4.7,6.0,6.0,14.0,6.0,0.0,0.0,372.0,5.0,7.0,5.7,6.0,0.0,2.0,1.0,0.0,3.0,0.0,3.0,0.0,95.0,0.0,11.0,2.0,9.0
2025,Round 22,2025-08-09,Port Adelaide,away,CD_M20250142201,3,Caleb Serong,CD_I1009420,1.0,0.0,23.0,6.0,4.0,100.0,1.0,1.0,0.0,0.0,0.0,2.0,59.3,16.0,13.0,67.9,28.0,19.0,8.0,0.0,0.0,1.0,50.0,0.0,1.0,11.0,13.0,0.0,0.0,0.0,0.0,7.0,2.0,6.0,53.3,1.2,0.0,0.0,15.0,2.0,0.0,0.0,617.0,1.0,20.0,19.1,2.0,0.0,5.0,2.0,2.0,1.0,1.0,2.0,1.0,81.0,7.0,27.0,7.0,11.0
2025,Round 22,2025-08-09,Port Adelaide,away,CD_M20250142201,39,Sam Switkowski,CD_I992059,1.0,0.0,0.0,1.0,2.0,0.0,0.0,0.0,1.0,0.0,0.0,0.0,27.3,3.0,4.0,58.3,12.0,7.0,3.0,2.0,0.0,0.0,0.0,1.0,0.0,2.0,7.0,0.0,0.0,0.0,0.0,2.0,0.0,0.0,60.0,0.7,0.0,0.0,5.0,2.0,0.0,1.0,124.0,2.0,17.0,4.7,0.0,0.0,5.0,0.0,1.0,0.0,1.0,2.0,2.0,80.0,2.0,11.0,2.0,8.0
2025,Round 22,2025-08-09,Port Adelaide,away,CD_M20250142201,35,Josh Treacy,CD_I1012819,0.0,0.0,0.0,0.0,1.0,0.0,0.0,0.0,2.0,0.0,0.0,1.0,63.6,7.0,5.0,80.0,10.0,8.0,3.0,1.0,0.0,1.0,100.0,0.0,2.0,4.0,6.0,0.0,0.0,0.0,0.0,2.0,0.0,2.0,75.0,0.7,0.0,0.0,4.0,2.0,1.0,1.0,131.0,3.0,9.0,13.1,0.0,0.0,4.0,0.0,2.0,2.0,0.0,2.0,1.0,92.0,0.0,11.0,3.0,4.0
2025,Round 22,2025-08-09,Port Adelaide,away,CD_M20250142201,20,Patrick Voss,CD_I1017754,0.0,0.0,0.0,0.0,3.0,0.0,0.0,0.0,1.0,1.0,100.0,2.0,45.5,5.0,2.0,90.0,10.0,9.0,6.0,2.0,2.0,2.0,100.0,0.0,3.0,2.0,3.0,0.0,0.0,0.0,0.0,4.0,0.0,1.0,85.7,2.3,0.0,0.0,7.0,5.0,2.0,0.0,236.0,0.0,4.0,12.9,0.0,0.0,6.0,1.0,3.0,0.0,0.0,1.0,0.0,78.0,0.0,11.0,3.0,6.0
2025,Round 22,2025-08-09,Port Adelaide,away,CD_M20250142201,23,Karl Worner,CD_I1021015,2.0,0.0,0.0,0.0,0.0,0.0,0.0,1.0,0.0,0.0,0.0,0.0,7.1,1.0,3.0,80.0,15.0,12.0,6.0,0.0,0.0,0.0,0.0,0.0,0.0,1.0,7.0,0.0,0.0,0.0,0.0,2.0,2.0,4.0,75.0,1.1,0.0,0.0,8.0,4.0,1.0,0.0,391.0,7.0,3.0,3.1,1.0,0.0,5.0,1.0,2.0,6.0,0.0,0.0,0.0,86.0,0.0,14.0,3.0,13.0
2025,Round 23,2025-08-15,Brisbane Lions,home,CD_M20250142308,24,Jye Amiss,CD_I1020594,1.0,0.0,0.0,0.0,0.0,0.0,0.0,0.0,0.0,0.0,0.0,0.0,33.3,1.0,0.0,66.7,3.0,2.0,2.0,0.0,0.0,1.0,0.0,0.0,0.0,0.0,0.0,0.0,0.0,0.0,0.0,1.0,0.0,1.0,66.7,3.0,0.0,0.0,3.0,1.0,1.0,1.0,61.0,0.0,2.0,1.6,0.0,0.0,2.0,0.0,1.0,0.0,0.0,0.0,0.0,79.0,0.0,3.0,0.0,2.0
2025,Round 23,2025-08-15,Brisbane Lions,home,CD_M20250142308,41,Bailey Banfield,CD_I998180,0.0,0.0,0.0,0.0,6.0,0.0,0.0,1.0,0.0,0.0,0.0,0.0,40.0,6.0,5.0,73.3,15.0,11.0,8.0,0.0,2.0,1.0,0.0,0.0,0.0,5.0,3.0,0.0,0.0,0.0,0.0,3.0,2.0,6.0,66.7,4.0,0.0,0.0,12.0,5.0,0.0,0.0,156.0,5.0,11.0,7.2,3.0,0.0,0.0,0.0,0.0,5.0,1.0,2.0,0.0,90.0,1.0,15.0,3.0,9.0
2025,Round 23,2025-08-15,Brisbane Lions,home,CD_M20250142308,15,Shai Bolton,CD_I993993,0.0,3.0,4.0,1.0,3.0,0.0,0.0,0.0,0.0,0.0,0.0,0.0,50.0,5.0,4.0,55.6,9.0,5.0,1.0,2.0,0.0,0.0,0.0,0.0,0.0,4.0,6.0,0.0,0.0,0.0,0.0,2.0,0.0,1.0,33.3,0.5,0.0,0.0,3.0,1.0,0.0,0.0,214.0,1.0,12.0,4.3,0.0,0.0,4.0,0.0,1.0,1.0,0.0,2.0,1.0,75.0,1.0,10.0,3.0,5.0
2025,Round 23,2025-08-15,Brisbane Lions,home,CD_M20250142308,8,Andrew Brayshaw,CD_I1002232,0.0,0.0,18.0,1.0,3.0,0.0,0.0,0.0,0.0,0.0,0.0,0.0,52.4,11.0,11.0,68.2,22.0,15.0,8.0,0.0,1.0,5.0,100.0,1.0,1.0,5.0,8.0,0.0,0.0,0.0,0.0,6.0,0.0,6.0,57.1,1.8,0.0,0.0,14.0,0.0,0.0,0.0,387.0,3.0,18.0,14.2,0.0,0.0,3.0,1.0,1.0,2.0,2.0,6.0,0.0,88.0,3.0,21.0,6.0,10.0
2025,Round 23,2025-08-15,Brisbane Lions,home,CD_M20250142308,5,Heath Chapman,CD_I1013224,0.0,0.0,0.0,0.0,0.0,0.0,0.0,0.0,0.0,0.0,0.0,1.0,25.0,2.0,10.0,85.7,7.0,6.0,3.0,0.0,0.0,0.0,0.0,0.0,0.0,1.0,3.0,0.0,0.0,0.0,0.0,1.0,1.0,2.0,75.0,1.3,0.0,0.0,4.0,4.0,0.0,0.0,158.0,1.0,11.0,4.5,2.0,0.0,1.0,0.0,0.0,1.0,0.0,3.0,0.0,77.0,0.0,8.0,3.0,6.0
2025,Round 23,2025-08-15,Brisbane Lions,home,CD_M20250142308,6,Jordan Clark,CD_I1006152,1.0,0.0,0.0,0.0,3.0,0.0,0.0,0.0,0.0,0.0,0.0,0.0,28.6,6.0,10.0,66.7,24.0,16.0,10.0,0.0,1.0,2.0,0.0,0.0,0.0,5.0,7.0,0.0,0.0,0.0,0.0,5.0,1.0,9.0,58.8,2.4,3.0,3.0,17.0,4.0,0.0,0.0,583.0,3.0,13.0,10.3,5.0,0.0,2.0,2.0,1.0,3.0,0.0,3.0,0.0,83.0,0.0,21.0,8.0,15.0
2025,Round 23,2025-08-15,Brisbane Lions,home,CD_M20250142308,36,Brennan Cox,CD_I997033,0.0,0.0,0.0,0.0,2.0,33.3,1.0,3.0,0.0,0.0,0.0,0.0,0.0,0.0,3.0,75.0,8.0,6.0,3.0,0.0,2.0,0.0,0.0,0.0,0.0,0.0,3.0,0.0,0.0,0.0,0.0,0.0,3.0,3.0,60.0,1.7,0.0,0.0,5.0,5.0,0.0,0.0,116.0,8.0,3.0,2.9,3.0,0.0,0.0,0.0,0.0,8.0,0.0,0.0,0.0,82.0,0.0,8.0,0.0,8.0
2025,Round 23,2025-08-15,Brisbane Lions,home,CD_M20250142308,4,Sean Darcy,CD_I998145,1.0,0.0,20.0,4.0,2.0,0.0,0.0,0.0,2.0,2.0,100.0,2.0,75.0,9.0,2.0,50.0,12.0,6.0,2.0,0.0,1.0,1.0,0.0,0.0,0.0,2.0,6.0,25.9,56.3,27.0,7.0,1.0,0.0,1.0,33.3,1.0,0.0,0.0,6.0,2.0,1.0,0.0,148.0,3.0,4.0,7.3,0.0,48.0,3.0,2.0,1.0,2.0,0.0,1.0,0.0,75.0,4.0,12.0,4.0,3.0
2025,Round 23,2025-08-15,Brisbane Lions,home,CD_M20250142308,28,Neil Erasmus,CD_I1020250,0.0,0.0,0.0,0.0,1.0,0.0,0.0,0.0,0.0,0.0,0.0,0.0,29.4,5.0,7.0,64.7,17.0,11.0,3.0,0.0,0.0,0.0,0.0,0.0,0.0,4.0,10.0,0.0,0.0,0.0,0.0,0.0,0.0,4.0,42.9,0.7,0.0,0.0,7.0,1.0,0.0,0.0,185.0,1.0,12.0,3.6,0.0,0.0,5.0,0.0,1.0,0.0,1.0,1.0,0.0,75.0,1.0,17.0,2.0,12.0
2025,Round 23,2025-08-15,Brisbane Lions,home,CD_M20250142308,32,Michael Frederick,CD_I999321,2.0,0.0,0.0,0.0,0.0,0.0,0.0,0.0,1.0,0.0,0.0,0.0,23.1,3.0,4.0,69.2,13.0,9.0,5.0,1.0,0.0,0.0,0.0,0.0,0.0,3.0,4.0,0.0,0.0,0.0,0.0,3.0,0.0,1.0,55.6,2.3,0.0,0.0,9.0,4.0,1.0,0.0,345.0,0.0,12.0,6.9,1.0,0.0,3.0,0.0,3.0,0.0,0.0,2.0,0.0,87.0,0.0,13.0,3.0,10.0
2025,Round 23,2025-08-15,Brisbane Lions,home,CD_M20250142308,7,Nat Fyfe,CD_I291570,0.0,0.0,5.0,1.0,2.0,0.0,0.0,0.0,0.0,0.0,0.0,0.0,28.6,2.0,3.0,62.5,8.0,5.0,0.0,0.0,1.0,0.0,0.0,0.0,0.0,2.0,6.0,0.0,0.0,0.0,0.0,4.0,0.0,1.0,0.0,0.3,0.0,0.0,2.0,1.0,0.0,0.0,125.0,0.0,4.0,2.5,0.0,0.0,0.0,0.0,0.0,0.0,0.0,1.0,0.0,21.0,1.0,7.0,3.0,5.0
2025,Round 23,2025-08-15,Brisbane Lions,home,CD_M20250142308,9,Luke Jackson,CD_I1009399,1.0,0.0,12.0,0.0,2.0,0.0,0.0,1.0,1.0,0.0,0.0,1.0,30.8,4.0,5.0,54.5,11.0,6.0,2.0,0.0,0.0,2.0,50.0,1.0,1.0,0.0,5.0,0.0,52.9,9.0,0.0,3.0,0.0,2.0,33.3,1.2,0.0,0.0,6.0,2.0,2.0,0.0,203.0,3.0,13.0,5.1,0.0,17.0,5.0,1.0,2.0,2.0,0.0,1.0,1.0,81.0,0.0,13.0,3.0,9.0
2025,Round 23,2025-08-15,Brisbane Lions,home,CD_M20250142308,30,Nathan O'Driscoll,CD_I1013220,0.0,0.0,2.0,0.0,1.0,0.0,0.0,0.0,0.0,0.0,0.0,0.0,25.0,1.0,6.0,60.0,5.0,3.0,2.0,0.0,0.0,0.0,0.0,0.0,0.0,1.0,2.0,0.0,0.0,0.0,0.0,3.0,0.0,1.0,66.7,1.5,0.0,0.0,3.0,1.0,0.0,0.0,112.0,1.0,11.0,3.7,0.0,0.0,1.0,0.0,0.0,1.0,0.0,1.0,0.0,87.0,0.0,4.0,3.0,3.0
2025,Round 23,2025-08-15,Brisbane Lions,home,CD_M20250142308,2,Jaeger O'Meara,CD_I294613,1.0,0.0,3.0,0.0,3.0,0.0,0.0,0.0,0.0,0.0,0.0,0.0,41.7,5.0,7.0,75.0,12.0,9.0,3.0,0.0,1.0,0.0,0.0,0.0,0.0,5.0,6.0,0.0,0.0,0.0,0.0,1.0,0.0,3.0,50.0,1.0,0.0,0.0,6.0,2.0,0.0,1.0,157.0,0.0,11.0,2.8,1.0,0.0,3.0,1.0,1.0,0.0,2.0,1.0,0.0,71.0,2.0,12.0,2.0,7.0
2025,Round 23,2025-08-15,Brisbane Lions,home,CD_M20250142308,25,Alex Pearce,CD_I298409,0.0,0.0,0.0,0.0,4.0,0.0,0.0,2.0,0.0,0.0,0.0,1.0,38.5,5.0,3.0,69.2,13.0,9.0,6.0,0.0,3.0,1.0,0.0,1.0,0.0,3.0,4.0,0.0,0.0,0.0,0.0,1.0,5.0,8.0,66.7,2.3,0.0,0.0,9.0,7.0,0.0,0.0,133.0,11.0,4.0,6.9,4.0,0.0,2.0,2.0,0.0,10.0,0.0,0.0,0.0,84.0,0.0,13.0,2.0,8.0
2025,Round 23,2025-08-15,Brisbane Lions,home,CD_M20250142308,16,Murphy Reid,CD_I1028513,1.0,1.0,0.0,0.0,0.0,0.0,0.0,0.0,0.0,0.0,0.0,0.0,53.8,7.0,3.0,69.2,13.0,9.0,5.0,0.0,0.0,2.0,50.0,0.0,1.0,5.0,7.0,0.0,0.0,0.0,0.0,4.0,0.0,2.0,83.3,0.9,0.0,0.0,6.0,1.0,0.0,1.0,207.0,0.0,11.0,8.2,0.0,0.0,7.0,0.0,2.0,0.0,1.0,1.0,0.0,79.0,1.0,13.0,0.0,6.0
2025,Round 23,2025-08-15,Brisbane Lions,home,CD_M20250142308,13,Luke Ryan,CD_I998659,0.0,1.0,0.0,0.0,1.0,0.0,0.0,2.0,0.0,0.0,0.0,0.0,16.7,2.0,6.0,94.4,18.0,17.0,16.0,0.0,1.0,1.0,0.0,0.0,0.0,1.0,2.0,0.0,0.0,0.0,0.0,0.0,0.0,2.0,100.0,8.0,8.0,8.0,16.0,5.0,0.0,0.0,480.0,2.0,6.0,5.9,6.0,0.0,1.0,2.0,0.0,1.0,0.0,1.0,0.0,98.0,0.0,12.0,2.0,10.0
2025,Round 23,2025-08-15,Brisbane Lions,home,CD_M20250142308,3,Caleb Serong,CD_I1009420,0.0,0.0,21.0,4.0,3.0,0.0,0.0,0.0,0.0,0.0,0.0,0.0,59.3,16.0,13.0,73.1,26.0,19.0,6.0,0.0,1.0,0.0,0.0,0.0,0.0,12.0,15.0,0.0,0.0,0.0,0.0,3.0,0.0,3.0,54.5,0.7,0.0,0.0,11.0,1.0,0.0,0.0,408.0,0.0,27.0,21.6,3.0,0.0,6.0,3.0,0.0,0.0,4.0,5.0,0.0,81.0,8.0,27.0,4.0,11.0
2025,Round 23,2025-08-15,Brisbane Lions,home,CD_M20250142308,39,Sam Switkowski,CD_I992059,0.0,0.0,0.0,0.0,3.0,0.0,0.0,0.0,0.0,0.0,0.0,0.0,33.3,3.0,2.0,55.6,9.0,5.0,1.0,2.0,1.0,0.0,0.0,1.0,0.0,2.0,4.0,0.0,0.0,0.0,0.0,1.0,0.0,1.0,20.0,1.3,0.0,0.0,5.0,1.0,0.0,0.0,145.0,2.0,12.0,1.6,0.0,0.0,3.0,1.0,1.0,1.0,0.0,3.0,0.0,75.0,0.0,9.0,2.0,6.0
2025,Round 23,2025-08-15,Brisbane Lions,home,CD_M20250142308,35,Josh Treacy,CD_I1012819,2.0,0.0,0.0,0.0,3.0,0.0,0.0,1.0,3.0,2.0,66.7,2.0,40.0,6.0,2.0,53.8,13.0,7.0,4.0,3.0,1.0,0.0,50.0,0.0,2.0,4.0,4.0,0.0,0.0,0.0,0.0,2.0,0.0,2.0,44.4,2.3,0.0,0.0,9.0,7.0,4.0,2.0,332.0,2.0,8.0,12.9,0.0,0.0,7.0,2.0,4.0,1.0,0.0,3.0,1.0,93.0,0.0,15.0,5.0,9.0
2025,Round 23,2025-08-15,Brisbane Lions,home,CD_M20250142308,20,Patrick Voss,CD_I1017754,1.0,0.0,0.0,0.0,2.0,0.0,0.0,0.0,2.0,0.0,0.0,0.0,42.9,3.0,2.0,71.4,7.0,5.0,1.0,1.0,2.0,0.0,0.0,0.0,0.0,3.0,4.0,0.0,0.0,0.0,0.0,1.0,0.0,1.0,33.3,0.8,0.0,0.0,3.0,2.0,1.0,0.0,95.0,0.0,5.0,2.4,0.0,0.0,2.0,0.0,1.0,0.0,0.0,0.0,0.0,91.0,0.0,7.0,2.0,4.0
2025,Round 23,2025-08-15,Brisbane Lions,home,CD_M20250142308,34,Corey Wagner,CD_I993940,0.0,0.0,7.0,3.0,1.0,0.0,0.0,0.0,0.0,0.0,0.0,0.0,54.5,6.0,4.0,72.7,11.0,8.0,3.0,0.0,0.0,1.0,0.0,1.0,0.0,5.0,5.0,0.0,0.0,0.0,0.0,3.0,0.0,2.0,50.0,1.2,0.0,0.0,6.0,1.0,0.0,0.0,174.0,0.0,7.0,5.9,2.0,0.0,3.0,2.0,0.0,0.0,1.0,2.0,1.0,43.0,4.0,11.0,2.0,5.0
2025,Round 23,2025-08-15,Brisbane Lions,home,CD_M20250142308,23,Karl Worner,CD_I1021015,0.0,0.0,0.0,0.0,4.0,0.0,0.0,1.0,0.0,0.0,0.0,0.0,38.5,5.0,6.0,84.6,13.0,11.0,5.0,0.0,2.0,1.0,0.0,0.0,0.0,4.0,7.0,0.0,0.0,0.0,0.0,0.0,0.0,4.0,83.3,0.9,0.0,0.0,6.0,3.0,0.0,0.0,177.0,0.0,9.0,5.5,5.0,0.0,0.0,0.0,0.0,0.0,0.0,2.0,0.0,85.0,0.0,13.0,3.0,8.0
2025,Round 24,2025-08-24,Western Bulldogs,away,CD_M20250142404,24,Jye Amiss,CD_I1020594,1.0,0.0,0.0,1.0,3.0,0.0,0.0,0.0,1.0,0.0,0.0,0.0,45.5,5.0,0.0,40.0,10.0,4.0,3.0,1.0,0.0,1.0,60.0,0.0,3.0,3.0,2.0,0.0,0.0,0.0,0.0,1.0,0.0,2.0,37.5,4.0,0.0,0.0,8.0,5.0,4.0,3.0,168.0,1.0,4.0,10.5,0.0,0.0,4.0,0.0,5.0,0.0,0.0,3.0,2.0,87.0,1.0,11.0,4.0,6.0
2025,Round 24,2025-08-24,Western Bulldogs,away,CD_M20250142404,41,Bailey Banfield,CD_I998180,0.0,0.0,0.0,0.0,2.0,0.0,0.0,1.0,0.0,0.0,0.0,1.0,40.0,8.0,10.0,75.0,20.0,15.0,10.0,0.0,0.0,1.0,0.0,1.0,0.0,6.0,6.0,0.0,0.0,0.0,0.0,1.0,1.0,6.0,71.4,2.3,0.0,0.0,14.0,8.0,1.0,0.0,431.0,3.0,16.0,11.8,8.0,0.0,5.0,1.0,1.0,3.0,1.0,4.0,0.0,76.0,1.0,20.0,4.0,12.0
2025,Round 24,2025-08-24,Western Bulldogs,away,CD_M20250142404,15,Shai Bolton,CD_I993993,1.0,2.0,16.0,1.0,1.0,0.0,0.0,0.0,0.0,0.0,0.0,1.0,40.0,8.0,7.0,78.9,19.0,15.0,5.0,1.0,0.0,0.0,50.0,1.0,2.0,6.0,10.0,0.0,0.0,0.0,0.0,1.0,0.0,1.0,55.6,0.9,0.0,0.0,9.0,3.0,2.0,0.0,267.0,1.0,19.0,19.9,2.0,0.0,7.0,0.0,4.0,1.0,2.0,4.0,2.0,83.0,3.0,20.0,2.0,12.0
2025,Round 24,2025-08-24,Western Bulldogs,away,CD_M20250142404,8,Andrew Brayshaw,CD_I1002232,0.0,0.0,22.0,1.0,3.0,0.0,0.0,0.0,0.0,0.0,0.0,0.0,42.1,8.0,18.0,73.7,19.0,14.0,8.0,1.0,2.0,2.0,0.0,1.0,0.0,6.0,8.0,0.0,0.0,0.0,0.0,2.0,0.0,4.0,72.7,1.4,0.0,0.0,11.0,1.0,0.0,0.0,220.0,0.0,26.0,11.8,1.0,0.0,7.0,3.0,0.0,0.0,1.0,7.0,1.0,80.0,2.0,19.0,2.0,11.0
2025,Round 24,2025-08-24,Western Bulldogs,away,CD_M20250142404,5,Heath Chapman,CD_I1013224,0.0,0.0,0.0,0.0,1.0,0.0,0.0,0.0,0.0,0.0,0.0,1.0,21.4,3.0,3.0,85.7,14.0,12.0,7.0,0.0,0.0,1.0,0.0,1.0,0.0,1.0,5.0,0.0,0.0,0.0,0.0,3.0,2.0,5.0,77.8,1.8,0.0,0.0,9.0,3.0,0.0,0.0,241.0,2.0,6.0,13.3,2.0,0.0,3.0,1.0,0.0,2.0,0.0,1.0,0.0,80.0,0.0,14.0,2.0,11.0
2025,Round 24,2025-08-24,Western Bulldogs,away,CD_M20250142404,6,Jordan Clark,CD_I1006152,0.0,0.0,0.0,0.0,3.0,0.0,0.0,0.0,0.0,0.0,0.0,1.0,42.9,9.0,8.0,78.3,23.0,18.0,10.0,0.0,3.0,0.0,0.0,0.0,0.0,8.0,9.0,0.0,0.0,0.0,0.0,4.0,2.0,9.0,71.4,1.6,2.0,2.0,14.0,5.0,0.0,0.0,393.0,3.0,12.0,13.6,4.0,0.0,8.0,3.0,1.0,2.0,1.0,0.0,0.0,94.0,1.0,21.0,4.0,12.0
2025,Round 24,2025-08-24,Western Bulldogs,away,CD_M20250142404,36,Brennan Cox,CD_I997033,0.0,0.0,0.0,0.0,2.0,0.0,0.0,0.0,0.0,0.0,0.0,1.0,36.4,4.0,7.0,81.8,11.0,9.0,5.0,0.0,1.0,1.0,0.0,0.0,0.0,3.0,6.0,0.0,0.0,0.0,0.0,0.0,3.0,6.0,100.0,0.8,0.0,0.0,5.0,5.0,0.0,0.0,149.0,13.0,9.0,13.1,1.0,0.0,3.0,1.0,0.0,13.0,0.0,3.0,0.0,89.0,0.0,11.0,2.0,7.0
2025,Round 24,2025-08-24,Western Bulldogs,away,CD_M20250142404,4,Sean Darcy,CD_I998145,0.0,0.0,20.0,0.0,1.0,0.0,0.0,0.0,0.0,0.0,0.0,0.0,42.9,3.0,2.0,100.0,7.0,7.0,2.0,1.0,1.0,0.0,0.0,1.0,0.0,2.0,5.0,20.7,40.3,29.0,6.0,1.0,0.0,0.0,100.0,0.4,0.0,0.0,2.0,1.0,0.0,0.0,94.0,6.0,6.0,7.6,1.0,72.0,4.0,2.0,0.0,5.0,0.0,3.0,1.0,64.0,0.0,7.0,0.0,4.0
2025,Round 24,2025-08-24,Western Bulldogs,away,CD_M20250142404,28,Neil Erasmus,CD_I1020250,0.0,0.0,5.0,3.0,2.0,0.0,0.0,0.0,0.0,0.0,0.0,0.0,57.1,12.0,10.0,85.0,20.0,17.0,4.0,2.0,1.0,1.0,50.0,0.0,1.0,9.0,13.0,0.0,0.0,0.0,0.0,1.0,1.0,7.0,57.1,0.5,0.0,0.0,7.0,2.0,0.0,0.0,54.0,1.0,15.0,15.8,1.0,0.0,7.0,4.0,2.0,0.0,3.0,0.0,0.0,75.0,6.0,21.0,3.0,9.0
2025,Round 24,2025-08-24,Western Bulldogs,away,CD_M20250142404,32,Michael Frederick,CD_I999321,1.0,1.0,0.0,1.0,1.0,0.0,0.0,0.0,0.0,0.0,0.0,0.0,30.8,4.0,4.0,69.2,13.0,9.0,5.0,0.0,0.0,0.0,66.7,0.0,2.0,4.0,6.0,0.0,0.0,0.0,0.0,5.0,0.0,0.0,71.4,1.2,0.0,0.0,7.0,2.0,0.0,0.0,256.0,0.0,17.0,11.3,0.0,0.0,5.0,1.0,3.0,0.0,0.0,3.0,3.0,82.0,1.0,13.0,2.0,9.0
2025,Round 24,2025-08-24,Western Bulldogs,away,CD_M20250142404,7,Nat Fyfe,CD_I291570,0.0,0.0,6.0,0.0,0.0,0.0,0.0,0.0,0.0,0.0,0.0,0.0,0.0,0.0,3.0,100.0,1.0,1.0,1.0,0.0,0.0,1.0,0.0,0.0,0.0,0.0,0.0,0.0,0.0,0.0,0.0,0.0,0.0,0.0,100.0,1.0,0.0,0.0,1.0,0.0,0.0,0.0,-8.0,0.0,5.0,0.2,0.0,0.0,0.0,0.0,0.0,0.0,0.0,2.0,0.0,16.0,0.0,1.0,0.0,1.0
2025,Round 24,2025-08-24,Western Bulldogs,away,CD_M20250142404,9,Luke Jackson,CD_I1009399,1.0,0.0,14.0,0.0,1.0,0.0,0.0,0.0,5.0,1.0,20.0,1.0,46.2,6.0,10.0,66.7,12.0,8.0,3.0,0.0,0.0,2.0,66.7,0.0,2.0,2.0,8.0,11.1,26.5,9.0,1.0,2.0,0.0,2.0,75.0,0.5,0.0,0.0,4.0,3.0,2.0,0.0,170.0,5.0,16.0,5.7,0.0,34.0,6.0,0.0,3.0,4.0,1.0,4.0,1.0,83.0,1.0,13.0,2.0,7.0
2025,Round 24,2025-08-24,Western Bulldogs,away,CD_M20250142404,2,Jaeger O'Meara,CD_I294613,0.0,0.0,7.0,1.0,1.0,0.0,0.0,1.0,0.0,0.0,0.0,0.0,41.7,5.0,7.0,72.7,11.0,8.0,5.0,0.0,0.0,1.0,0.0,1.0,0.0,4.0,5.0,0.0,0.0,0.0,0.0,3.0,1.0,4.0,83.3,1.2,0.0,0.0,6.0,2.0,0.0,1.0,210.0,2.0,11.0,6.9,2.0,0.0,2.0,2.0,0.0,1.0,0.0,3.0,0.0,86.0,1.0,12.0,5.0,7.0
2025,Round 24,2025-08-24,Western Bulldogs,away,CD_M20250142404,25,Alex Pearce,CD_I298409,0.0,0.0,0.0,0.0,0.0,42.9,3.0,7.0,0.0,0.0,0.0,1.0,85.7,6.0,2.0,75.0,8.0,6.0,2.0,0.0,0.0,2.0,0.0,0.0,0.0,3.0,6.0,0.0,0.0,0.0,0.0,1.0,1.0,6.0,100.0,0.3,0.0,0.0,2.0,1.0,0.0,0.0,84.0,4.0,2.0,6.5,1.0,0.0,4.0,2.0,0.0,4.0,0.0,0.0,0.0,84.0,0.0,7.0,1.0,1.0
2025,Round 24,2025-08-24,Western Bulldogs,away,CD_M20250142404,16,Murphy Reid,CD_I1028513,2.0,0.0,0.0,0.0,1.0,0.0,0.0,0.0,2.0,0.0,0.0,0.0,42.1,8.0,4.0,68.4,19.0,13.0,4.0,3.0,0.0,1.0,25.0,1.0,1.0,7.0,10.0,0.0,0.0,0.0,0.0,6.0,0.0,1.0,44.4,0.9,0.0,0.0,9.0,0.0,0.0,0.0,359.0,1.0,16.0,14.2,0.0,0.0,8.0,0.0,4.0,0.0,0.0,2.0,1.0,81.0,0.0,19.0,2.0,11.0
2025,Round 24,2025-08-24,Western Bulldogs,away,CD_M20250142404,13,Luke Ryan,CD_I998659,0.0,1.0,0.0,0.0,1.0,0.0,0.0,2.0,0.0,0.0,0.0,0.0,20.0,2.0,7.0,95.0,20.0,19.0,18.0,0.0,0.0,0.0,0.0,0.0,0.0,2.0,2.0,0.0,0.0,0.0,0.0,1.0,2.0,5.0,100.0,9.0,9.0,9.0,18.0,6.0,0.0,0.0,638.0,5.0,8.0,6.2,12.0,0.0,4.0,2.0,0.0,5.0,0.0,3.0,0.0,92.0,0.0,10.0,4.0,8.0
2025,Round 24,2025-08-24,Western Bulldogs,away,CD_M20250142404,3,Caleb Serong,CD_I1009420,0.0,1.0,32.0,6.0,6.0,0.0,0.0,0.0,0.0,0.0,0.0,0.0,43.5,10.0,13.0,62.5,24.0,15.0,7.0,1.0,1.0,0.0,0.0,0.0,0.0,8.0,9.0,0.0,0.0,0.0,0.0,8.0,0.0,1.0,46.7,1.7,0.0,0.0,15.0,0.0,0.0,0.0,580.0,2.0,29.0,13.5,1.0,0.0,4.0,2.0,0.0,0.0,1.0,5.0,1.0,87.0,7.0,23.0,7.0,13.0
2025,Round 24,2025-08-24,Western Bulldogs,away,CD_M20250142404,39,Sam Switkowski,CD_I992059,1.0,0.0,0.0,1.0,1.0,0.0,0.0,0.0,1.0,0.0,0.0,0.0,28.6,4.0,4.0,70.6,17.0,12.0,3.0,0.0,1.0,2.0,0.0,4.0,0.0,2.0,9.0,0.0,0.0,0.0,0.0,4.0,0.0,3.0,37.5,0.9,0.0,0.0,8.0,1.0,0.0,0.0,291.0,2.0,19.0,11.7,0.0,0.0,8.0,1.0,1.0,1.0,0.0,4.0,2.0,76.0,1.0,14.0,4.0,10.0
2025,Round 24,2025-08-24,Western Bulldogs,away,CD_M20250142404,35,Josh Treacy,CD_I1012819,1.0,0.0,1.0,0.0,3.0,0.0,0.0,0.0,5.0,3.0,60.0,2.0,30.8,4.0,3.0,84.6,13.0,11.0,10.0,0.0,1.0,1.0,75.0,1.0,3.0,1.0,2.0,100.0,50.0,1.0,1.0,4.0,1.0,1.0,90.9,5.5,0.0,0.0,11.0,8.0,3.0,4.0,313.0,1.0,10.0,16.2,0.0,2.0,7.0,0.0,4.0,1.0,0.0,3.0,1.0,90.0,0.0,13.0,2.0,9.0
2025,Round 24,2025-08-24,Western Bulldogs,away,CD_M20250142404,20,Patrick Voss,CD_I1017754,1.0,1.0,0.0,0.0,0.0,0.0,0.0,0.0,3.0,0.0,0.0,1.0,54.5,6.0,2.0,80.0,10.0,8.0,5.0,3.0,0.0,0.0,75.0,0.0,3.0,5.0,4.0,0.0,0.0,0.0,0.0,2.0,0.0,0.0,83.3,1.5,0.0,0.0,6.0,3.0,2.0,1.0,261.0,1.0,10.0,16.2,0.0,0.0,6.0,0.0,4.0,1.0,0.0,2.0,1.0,86.0,0.0,11.0,1.0,5.0
2025,Round 24,2025-08-24,Western Bulldogs,away,CD_M20250142404,34,Corey Wagner,CD_I993940,0.0,0.0,2.0,1.0,1.0,0.0,0.0,0.0,0.0,0.0,0.0,0.0,25.0,2.0,7.0,66.7,6.0,4.0,4.0,0.0,0.0,0.0,0.0,0.0,0.0,0.0,0.0,0.0,0.0,0.0,0.0,1.0,0.0,0.0,66.7,6.0,0.0,0.0,6.0,3.0,0.0,0.0,195.0,1.0,13.0,2.8,1.0,0.0,2.0,0.0,0.0,0.0,1.0,4.0,2.0,57.0,2.0,8.0,3.0,6.0
2025,Round 24,2025-08-24,Western Bulldogs,away,CD_M20250142404,23,Karl Worner,CD_I1021015,0.0,0.0,0.0,0.0,2.0,0.0,0.0,1.0,0.0,0.0,0.0,0.0,8.3,1.0,9.0,91.7,12.0,11.0,6.0,0.0,1.0,0.0,0.0,1.0,0.0,1.0,5.0,0.0,0.0,0.0,0.0,1.0,0.0,1.0,85.7,1.4,1.0,1.0,7.0,4.0,0.0,0.0,300.0,2.0,12.0,3.6,3.0,0.0,1.0,0.0,0.0,2.0,0.0,5.0,0.0,84.0,0.0,12.0,4.0,11.0
2025,Round 24,2025-08-24,Western Bulldogs,away,CD_M20250142404,26,Hayden Young,CD_I1009256,0.0,1.0,15.0,2.0,1.0,0.0,0.0,0.0,1.0,0.0,0.0,0.0,61.1,11.0,9.0,62.5,16.0,10.0,4.0,1.0,0.0,0.0,0.0,0.0,0.0,6.0,7.0,0.0,0.0,0.0,0.0,6.0,0.0,1.0,44.4,1.3,0.0,0.0,9.0,0.0,0.0,0.0,290.0,2.0,15.0,12.3,0.0,0.0,5.0,2.0,0.0,0.0,4.0,4.0,0.0,65.0,6.0,18.0,4.0,7.0
2025,Finals Week 1,2025-09-06,Gold Coast,home,CD_M20250142504,24,Jye Amiss,CD_I1020594,1.0,0.0,0.0,0.0,1.0,0.0,0.0,0.0,1.0,0.0,0.0,0.0,0.0,0.0,1.0,50.0,2.0,1.0,1.0,0.0,1.0,0.0,50.0,0.0,1.0,0.0,0.0,0.0,0.0,0.0,0.0,0.0,0.0,0.0,50.0,2.0,0.0,0.0,2.0,2.0,2.0,2.0,57.0,0.0,5.0,2.8,0.0,0.0,2.0,0.0,2.0,0.0,0.0,1.0,0.0,66.0,0.0,2.0,1.0,2.0
2025,Finals Week 1,2025-09-06,Gold Coast,home,CD_M20250142504,41,Bailey Banfield,CD_I998180,0.0,0.0,0.0,0.0,3.0,0.0,0.0,0.0,0.0,0.0,0.0,0.0,40.0,4.0,8.0,63.6,11.0,7.0,4.0,0.0,1.0,0.0,0.0,0.0,0.0,4.0,4.0,0.0,0.0,0.0,0.0,1.0,1.0,4.0,57.1,1.8,0.0,0.0,7.0,3.0,0.0,0.0,160.0,5.0,9.0,7.7,3.0,0.0,0.0,0.0,0.0,3.0,0.0,4.0,0.0,64.0,0.0,10.0,3.0,6.0
2025,Finals Week 1,2025-09-06,Gold Coast,home,CD_M20250142504,15,Shai Bolton,CD_I993993,1.0,0.0,6.0,1.0,9.0,0.0,0.0,0.0,0.0,0.0,0.0,0.0,44.4,8.0,1.0,53.3,15.0,8.0,3.0,1.0,6.0,2.0,25.0,0.0,1.0,4.0,7.0,0.0,0.0,0.0,0.0,1.0,0.0,1.0,37.5,1.1,0.0,0.0,8.0,1.0,1.0,0.0,212.0,4.0,12.0,6.6,0.0,0.0,4.0,2.0,4.0,0.0,4.0,6.0,5.0,87.0,5.0,18.0,7.0,10.0
2025,Finals Week 1,2025-09-06,Gold Coast,home,CD_M20250142504,8,Andrew Brayshaw,CD_I1002232,0.0,0.0,25.0,1.0,2.0,0.0,0.0,0.0,0.0,0.0,0.0,0.0,31.3,10.0,14.0,75.0,32.0,24.0,10.0,0.0,1.0,0.0,0.0,2.0,0.0,8.0,17.0,0.0,0.0,0.0,0.0,9.0,0.0,0.0,66.7,0.9,0.0,0.0,15.0,5.0,1.0,0.0,570.0,1.0,38.0,19.6,1.0,0.0,9.0,1.0,1.0,0.0,5.0,6.0,1.0,83.0,6.0,32.0,4.0,22.0
2025,Finals Week 1,2025-09-06,Gold Coast,home,CD_M20250142504,5,Heath Chapman,CD_I1013224,0.0,0.0,0.0,0.0,0.0,0.0,0.0,1.0,0.0,0.0,0.0,0.0,7.1,1.0,6.0,93.3,15.0,14.0,6.0,0.0,0.0,0.0,0.0,0.0,0.0,1.0,8.0,0.0,0.0,0.0,0.0,1.0,0.0,1.0,85.7,0.9,1.0,1.0,7.0,5.0,0.0,0.0,287.0,2.0,8.0,6.1,5.0,0.0,4.0,1.0,0.0,1.0,0.0,2.0,0.0,88.0,0.0,14.0,0.0,13.0
2025,Finals Week 1,2025-09-06,Gold Coast,home,CD_M20250142504,6,Jordan Clark,CD_I1006152,0.0,0.0,0.0,0.0,1.0,0.0,0.0,0.0,0.0,0.0,0.0,0.0,26.7,4.0,8.0,75.0,20.0,15.0,10.0,0.0,0.0,0.0,0.0,0.0,0.0,4.0,9.0,0.0,0.0,0.0,0.0,1.0,0.0,3.0,90.9,1.2,5.0,5.0,11.0,1.0,0.0,0.0,400.0,1.0,13.0,5.7,4.0,0.0,3.0,1.0,0.0,1.0,1.0,4.0,0.0,96.0,1.0,15.0,1.0,11.0
2025,Finals Week 1,2025-09-06,Gold Coast,home,CD_M20250142504,36,Brennan Cox,CD_I997033,0.0,0.0,0.0,0.0,3.0,0.0,0.0,1.0,0.0,0.0,0.0,0.0,25.0,2.0,6.0,75.0,8.0,6.0,4.0,0.0,2.0,0.0,0.0,0.0,0.0,2.0,3.0,0.0,0.0,0.0,0.0,0.0,1.0,3.0,80.0,1.7,0.0,0.0,5.0,3.0,0.0,0.0,101.0,9.0,7.0,6.1,1.0,0.0,0.0,0.0,0.0,9.0,0.0,3.0,0.0,91.0,0.0,8.0,1.0,6.0
2025,Finals Week 1,2025-09-06,Gold Coast,home,CD_M20250142504,4,Sean Darcy,CD_I998145,0.0,0.0,17.0,0.0,4.0,0.0,0.0,0.0,1.0,1.0,100.0,1.0,68.8,11.0,4.0,41.7,12.0,5.0,3.0,0.0,2.0,1.0,0.0,1.0,0.0,3.0,4.0,37.9,39.7,29.0,11.0,2.0,0.0,1.0,37.5,2.0,0.0,0.0,8.0,1.0,0.0,0.0,274.0,3.0,11.0,14.4,0.0,73.0,2.0,2.0,0.0,2.0,5.0,6.0,1.0,64.0,5.0,16.0,4.0,5.0
2025,Finals Week 1,2025-09-06,Gold Coast,home,CD_M20250142504,43,Isaiah Dudley,CD_I1011558,0.0,0.0,0.0,0.0,2.0,0.0,0.0,0.0,2.0,0.0,0.0,0.0,16.7,1.0,0.0,80.0,5.0,4.0,3.0,0.0,0.0,0.0,100.0,1.0,2.0,0.0,2.0,0.0,0.0,0.0,0.0,1.0,0.0,0.0,100.0,1.5,0.0,0.0,3.0,2.0,2.0,1.0,146.0,2.0,10.0,6.7,1.0,0.0,4.0,0.0,2.0,1.0,0.0,3.0,1.0,61.0,0.0,6.0,0.0,5.0
2025,Finals Week 1,2025-09-06,Gold Coast,home,CD_M20250142504,28,Neil Erasmus,CD_I1020250,0.0,0.0,2.0,0.0,2.0,0.0,0.0,0.0,0.0,0.0,0.0,0.0,50.0,8.0,13.0,88.9,18.0,16.0,8.0,1.0,0.0,2.0,100.0,0.0,1.0,5.0,8.0,0.0,0.0,0.0,0.0,1.0,0.0,2.0,80.0,1.3,0.0,0.0,10.0,2.0,0.0,0.0,276.0,1.0,20.0,17.5,1.0,0.0,6.0,3.0,1.0,0.0,5.0,6.0,0.0,78.0,5.0,16.0,3.0,8.0
2025,Finals Week 1,2025-09-06,Gold Coast,home,CD_M20250142504,32,Michael Frederick,CD_I999321,1.0,0.0,0.0,0.0,2.0,0.0,0.0,0.0,0.0,0.0,0.0,0.0,42.9,3.0,1.0,57.1,7.0,4.0,2.0,1.0,1.0,0.0,0.0,2.0,0.0,2.0,2.0,0.0,0.0,0.0,0.0,4.0,0.0,1.0,40.0,2.5,0.0,0.0,5.0,2.0,1.0,1.0,114.0,0.0,8.0,1.0,0.0,0.0,3.0,0.0,1.0,0.0,0.0,0.0,0.0,82.0,0.0,7.0,1.0,4.0
2025,Finals Week 1,2025-09-06,Gold Coast,home,CD_M20250142504,7,Nat Fyfe,CD_I291570,0.0,0.0,2.0,0.0,0.0,0.0,0.0,0.0,0.0,0.0,0.0,1.0,33.3,2.0,0.0,100.0,5.0,5.0,4.0,0.0,0.0,0.0,0.0,0.0,0.0,0.0,1.0,0.0,0.0,0.0,0.0,1.0,1.0,2.0,100.0,4.0,0.0,0.0,4.0,2.0,0.0,0.0,124.0,1.0,0.0,3.6,1.0,0.0,2.0,1.0,0.0,0.0,0.0,0.0,0.0,14.0,0.0,6.0,1.0,4.0
2025,Finals Week 1,2025-09-06,Gold Coast,home,CD_M20250142504,9,Luke Jackson,CD_I1009399,1.0,0.0,14.0,0.0,0.0,0.0,0.0,0.0,1.0,1.0,100.0,3.0,61.1,11.0,12.0,66.7,18.0,12.0,5.0,0.0,0.0,1.0,50.0,0.0,1.0,6.0,10.0,25.0,28.6,12.0,3.0,4.0,1.0,2.0,62.5,0.8,0.0,0.0,8.0,3.0,1.0,0.0,279.0,1.0,21.0,17.9,1.0,42.0,3.0,0.0,2.0,1.0,2.0,8.0,2.0,86.0,2.0,18.0,2.0,7.0
2025,Finals Week 1,2025-09-06,Gold Coast,home,CD_M20250142504,30,Nathan O'Driscoll,CD_I1013220,0.0,0.0,1.0,0.0,2.0,0.0,0.0,0.0,0.0,0.0,0.0,0.0,25.0,3.0,6.0,66.7,12.0,8.0,2.0,0.0,1.0,0.0,0.0,0.0,0.0,3.0,7.0,0.0,0.0,0.0,0.0,1.0,1.0,2.0,40.0,0.7,0.0,0.0,5.0,1.0,0.0,0.0,133.0,0.0,12.0,4.1,1.0,0.0,2.0,0.0,0.0,0.0,2.0,3.0,1.0,71.0,2.0,12.0,0.0,9.0
2025,Finals Week 1,2025-09-06,Gold Coast,home,CD_M20250142504,2,Jaeger O'Meara,CD_I294613,0.0,0.0,0.0,0.0,3.0,0.0,0.0,0.0,0.0,0.0,0.0,0.0,58.3,7.0,6.0,55.6,9.0,5.0,0.0,0.0,1.0,0.0,0.0,0.0,0.0,6.0,6.0,0.0,0.0,0.0,0.0,0.0,0.0,4.0,0.0,0.5,0.0,0.0,3.0,0.0,0.0,0.0,84.0,2.0,16.0,7.2,0.0,0.0,1.0,1.0,0.0,1.0,1.0,4.0,0.0,82.0,1.0,12.0,3.0,5.0
2025,Finals Week 1,2025-09-06,Gold Coast,home,CD_M20250142504,25,Alex Pearce,CD_I298409,0.0,0.0,0.0,0.0,2.0,50.0,1.0,2.0,1.0,1.0,100.0,4.0,66.7,10.0,4.0,84.6,13.0,11.0,6.0,0.0,1.0,1.0,0.0,0.0,0.0,3.0,6.0,0.0,0.0,0.0,0.0,0.0,6.0,10.0,85.7,1.2,0.0,0.0,7.0,8.0,0.0,0.0,178.0,8.0,5.0,15.9,2.0,0.0,2.0,2.0,0.0,5.0,1.0,2.0,0.0,85.0,1.0,15.0,2.0,5.0
2025,Finals Week 1,2025-09-06,Gold Coast,home,CD_M20250142504,16,Murphy Reid,CD_I1028513,1.0,2.0,0.0,0.0,3.0,0.0,0.0,0.0,0.0,0.0,0.0,0.0,61.1,11.0,4.0,50.0,20.0,10.0,4.0,2.0,1.0,1.0,50.0,1.0,1.0,10.0,10.0,0.0,0.0,0.0,0.0,6.0,0.0,2.0,40.0,1.0,0.0,0.0,10.0,2.0,0.0,0.0,158.0,0.0,15.0,10.9,0.0,0.0,4.0,0.0,2.0,0.0,1.0,2.0,0.0,90.0,1.0,18.0,3.0,7.0
2025,Finals Week 1,2025-09-06,Gold Coast,home,CD_M20250142504,13,Luke Ryan,CD_I998659,0.0,0.0,0.0,0.0,2.0,0.0,0.0,4.0,0.0,0.0,0.0,0.0,25.0,4.0,7.0,87.0,23.0,20.0,17.0,0.0,1.0,2.0,0.0,0.0,0.0,2.0,3.0,0.0,0.0,0.0,0.0,2.0,1.0,5.0,85.0,6.7,7.0,7.0,20.0,7.0,0.0,0.0,660.0,8.0,7.0,10.4,9.0,0.0,3.0,2.0,0.0,7.0,0.0,1.0,0.0,91.0,0.0,16.0,5.0,12.0
2025,Finals Week 1,2025-09-06,Gold Coast,home,CD_M20250142504,3,Caleb Serong,CD_I1009420,0.0,1.0,21.0,5.0,3.0,0.0,0.0,0.0,0.0,0.0,0.0,0.0,56.8,21.0,16.0,71.4,35.0,25.0,11.0,0.0,0.0,5.0,0.0,2.0,0.0,10.0,15.0,0.0,0.0,0.0,0.0,11.0,1.0,4.0,55.0,1.3,0.0,0.0,20.0,2.0,0.0,1.0,702.0,1.0,28.0,25.1,0.0,0.0,6.0,2.0,1.0,0.0,8.0,9.0,0.0,81.0,13.0,37.0,6.0,16.0
2025,Finals Week 1,2025-09-06,Gold Coast,home,CD_M20250142504,35,Josh Treacy,CD_I1012819,0.0,0.0,0.0,0.0,4.0,0.0,0.0,0.0,5.0,2.0,40.0,4.0,62.5,10.0,3.0,46.7,15.0,7.0,6.0,2.0,0.0,2.0,66.7,0.0,2.0,4.0,3.0,0.0,0.0,0.0,0.0,6.0,0.0,1.0,50.0,4.0,0.0,0.0,12.0,7.0,1.0,0.0,439.0,0.0,19.0,14.2,0.0,0.0,4.0,0.0,3.0,0.0,0.0,3.0,0.0,94.0,0.0,16.0,5.0,6.0
2025,Finals Week 1,2025-09-06,Gold Coast,home,CD_M20250142504,20,Patrick Voss,CD_I1017754,0.0,0.0,0.0,0.0,5.0,0.0,0.0,0.0,1.0,1.0,100.0,1.0,25.0,2.0,1.0,88.9,9.0,8.0,5.0,0.0,3.0,0.0,75.0,0.0,3.0,1.0,3.0,0.0,0.0,0.0,0.0,0.0,0.0,0.0,83.3,2.0,0.0,0.0,6.0,4.0,2.0,2.0,170.0,0.0,3.0,7.1,0.0,0.0,5.0,0.0,4.0,0.0,0.0,0.0,0.0,85.0,0.0,8.0,3.0,6.0
2025,Finals Week 1,2025-09-06,Gold Coast,home,CD_M20250142504,23,Karl Worner,CD_I1021015,0.0,1.0,0.0,0.0,2.0,100.0,1.0,1.0,0.0,0.0,0.0,0.0,13.3,2.0,4.0,85.7,14.0,12.0,7.0,0.0,0.0,0.0,0.0,0.0,0.0,2.0,6.0,0.0,0.0,0.0,0.0,1.0,3.0,6.0,87.5,1.3,1.0,1.0,8.0,7.0,0.0,1.0,428.0,2.0,5.0,8.2,6.0,0.0,0.0,0.0,1.0,2.0,0.0,0.0,0.0,85.0,0.0,15.0,5.0,13.0
2025,Finals Week 1,2025-09-06,Gold Coast,home,CD_M20250142504,26,Hayden Young,CD_I1009256,0.0,0.0,20.0,4.0,1.0,0.0,0.0,0.0,0.0,0.0,0.0,0.0,53.3,16.0,6.0,78.6,28.0,22.0,10.0,0.0,0.0,1.0,0.0,1.0,0.0,9.0,14.0,0.0,0.0,0.0,0.0,6.0,0.0,1.0,71.4,1.0,0.0,0.0,14.0,1.0,0.0,0.0,522.0,3.0,11.0,24.1,0.0,0.0,6.0,1.0,0.0,0.0,3.0,3.0,1.0,74.0,7.0,30.0,3.0,14.0
2026,Round 1,2026-03-14,Geelong,away,CD_M20260140104,24,Jye Amiss,CD_I1020594,0.0,0.0,0.0,0.0,0.0,0.0,0.0,0.0,2.0,0.0,0.0,0.0,50.0,2.0,1.0,75.0,4.0,3.0,1.0,2.0,0.0,0.0,50.0,1.0,1.0,2.0,2.0,0.0,0.0,0.0,0.0,1.0,0.0,0.0,50.0,1.0,0.0,0.0,2.0,2.0,1.0,0.0,53.0,4.0,5.0,5.6,0.0,0.0,4.0,0.0,2.0,4.0,0.0,1.0,1.0,80.0,0.0,4.0,0.0,2.0
2026,Round 1,2026-03-14,Geelong,away,CD_M20260140104,10,Shai Bolton,CD_I993993,0.0,1.0,9.0,0.0,2.0,0.0,0.0,0.0,1.0,0.0,0.0,0.0,56.3,9.0,2.0,68.8,16.0,11.0,3.0,2.0,0.0,0.0,66.7,1.0,2.0,9.0,9.0,0.0,0.0,0.0,0.0,1.0,0.0,4.0,42.9,0.8,0.0,0.0,7.0,1.0,0.0,0.0,262.0,0.0,5.0,17.9,0.0,0.0,7.0,3.0,3.0,0.0,2.0,2.0,0.0,78.0,2.0,16.0,1.0,7.0
2026,Round 1,2026-03-14,Geelong,away,CD_M20260140104,8,Andrew Brayshaw,CD_I1002232,0.0,1.0,28.0,2.0,7.0,0.0,0.0,0.0,0.0,0.0,0.0,0.0,50.0,8.0,15.0,78.6,14.0,11.0,5.0,0.0,4.0,1.0,50.0,0.0,1.0,2.0,6.0,0.0,0.0,0.0,0.0,1.0,1.0,2.0,62.5,1.3,0.0,0.0,8.0,2.0,0.0,1.0,322.0,1.0,22.0,5.5,0.0,0.0,5.0,2.0,2.0,0.0,4.0,4.0,0.0,79.0,6.0,16.0,3.0,8.0
2026,Round 1,2026-03-14,Geelong,away,CD_M20260140104,5,Heath Chapman,CD_I1013224,0.0,0.0,0.0,0.0,6.0,50.0,1.0,2.0,0.0,0.0,0.0,0.0,33.3,5.0,7.0,78.9,19.0,15.0,6.0,0.0,2.0,0.0,0.0,0.0,0.0,5.0,9.0,0.0,0.0,0.0,0.0,0.0,1.0,6.0,60.0,1.1,4.0,4.0,10.0,2.0,0.0,0.0,307.0,4.0,9.0,6.6,6.0,0.0,2.0,0.0,0.0,3.0,1.0,1.0,0.0,85.0,1.0,15.0,5.0,10.0
2026,Round 1,2026-03-14,Geelong,away,CD_M20260140104,6,Jordan Clark,CD_I1006152,0.0,0.0,0.0,1.0,3.0,0.0,0.0,1.0,0.0,0.0,0.0,0.0,38.5,5.0,9.0,73.7,19.0,14.0,12.0,0.0,1.0,0.0,0.0,0.0,0.0,5.0,3.0,0.0,0.0,0.0,0.0,3.0,1.0,5.0,75.0,5.3,6.0,6.0,16.0,2.0,0.0,0.0,510.0,3.0,13.0,10.2,7.0,0.0,4.0,2.0,0.0,3.0,1.0,3.0,0.0,82.0,2.0,13.0,4.0,8.0
2026,Round 1,2026-03-14,Geelong,away,CD_M20260140104,4,Sean Darcy,CD_I998145,0.0,0.0,16.0,0.0,2.0,0.0,0.0,0.0,0.0,0.0,0.0,1.0,50.0,5.0,3.0,80.0,10.0,8.0,3.0,1.0,1.0,1.0,0.0,0.0,0.0,2.0,7.0,13.6,57.9,22.0,3.0,2.0,0.0,1.0,100.0,0.4,0.0,0.0,3.0,2.0,0.0,0.0,131.0,1.0,6.0,3.3,0.0,38.0,3.0,1.0,0.0,1.0,0.0,1.0,0.0,45.0,0.0,10.0,2.0,5.0
2026,Round 1,2026-03-14,Geelong,away,CD_M20260140104,43,Isaiah Dudley,CD_I1011558,2.0,0.0,0.0,0.0,2.0,0.0,0.0,0.0,1.0,0.0,0.0,0.0,45.5,5.0,3.0,70.0,10.0,7.0,4.0,4.0,1.0,0.0,60.0,1.0,3.0,4.0,3.0,0.0,0.0,0.0,0.0,1.0,0.0,0.0,57.1,2.3,0.0,0.0,7.0,1.0,1.0,0.0,133.0,1.0,12.0,11.2,0.0,0.0,8.0,0.0,5.0,0.0,0.0,4.0,3.0,65.0,0.0,11.0,2.0,6.0
2026,Round 1,2026-03-14,Geelong,away,CD_M20260140104,28,Neil Erasmus,CD_I1020250,2.0,0.0,2.0,0.0,7.0,0.0,0.0,0.0,0.0,0.0,0.0,0.0,33.3,7.0,4.0,57.1,21.0,12.0,6.0,1.0,1.0,0.0,0.0,0.0,0.0,7.0,9.0,0.0,0.0,0.0,0.0,1.0,1.0,5.0,50.0,1.3,0.0,0.0,12.0,4.0,0.0,0.0,348.0,1.0,6.0,1.0,4.0,0.0,4.0,0.0,2.0,1.0,1.0,0.0,0.0,75.0,1.0,21.0,7.0,14.0
2026,Round 1,2026-03-14,Geelong,away,CD_M20260140104,9,Luke Jackson,CD_I1009399,0.0,0.0,22.0,5.0,6.0,0.0,0.0,0.0,1.0,0.0,0.0,0.0,64.3,18.0,9.0,59.3,27.0,16.0,4.0,2.0,2.0,3.0,50.0,0.0,1.0,9.0,19.0,40.9,44.0,22.0,9.0,1.0,1.0,2.0,50.0,0.4,0.0,0.0,8.0,2.0,0.0,0.0,280.0,1.0,15.0,20.6,3.0,50.0,8.0,5.0,2.0,1.0,5.0,8.0,0.0,78.0,10.0,28.0,7.0,10.0
2026,Round 1,2026-03-14,Geelong,away,CD_M20260140104,44,Matthew Johnson,CD_I1016825,0.0,0.0,6.0,1.0,3.0,0.0,0.0,0.0,0.0,0.0,0.0,1.0,28.6,4.0,13.0,71.4,14.0,10.0,5.0,0.0,0.0,0.0,0.0,1.0,0.0,3.0,6.0,0.0,0.0,0.0,0.0,3.0,1.0,1.0,62.5,1.3,0.0,0.0,8.0,2.0,0.0,0.0,334.0,0.0,20.0,7.6,1.0,0.0,5.0,1.0,0.0,0.0,1.0,6.0,0.0,75.0,2.0,14.0,3.0,10.0
2026,Round 1,2026-03-14,Geelong,away,CD_M20260140104,21,Oscar McDonald,CD_I992472,0.0,0.0,0.0,0.0,1.0,0.0,0.0,2.0,0.0,0.0,0.0,0.0,50.0,2.0,7.0,80.0,5.0,4.0,4.0,0.0,0.0,1.0,0.0,0.0,0.0,1.0,1.0,0.0,0.0,0.0,0.0,0.0,1.0,3.0,100.0,4.0,0.0,0.0,4.0,2.0,0.0,0.0,196.0,5.0,7.0,5.6,4.0,0.0,0.0,0.0,0.0,5.0,0.0,2.0,0.0,91.0,0.0,4.0,1.0,2.0
2026,Round 1,2026-03-14,Geelong,away,CD_M20260140104,17,Judd McVee,CD_I1017703,0.0,2.0,0.0,0.0,2.0,0.0,0.0,1.0,0.0,0.0,0.0,0.0,46.2,6.0,6.0,71.4,14.0,10.0,4.0,0.0,0.0,0.0,0.0,0.0,0.0,6.0,7.0,0.0,0.0,0.0,0.0,2.0,0.0,4.0,57.1,1.0,1.0,1.0,7.0,2.0,0.0,0.0,230.0,2.0,7.0,9.1,3.0,0.0,3.0,0.0,0.0,2.0,2.0,2.0,0.0,85.0,2.0,13.0,1.0,7.0
2026,Round 1,2026-03-14,Geelong,away,CD_M20260140104,30,Nathan O'Driscoll,CD_I1013220,0.0,0.0,0.0,1.0,0.0,0.0,0.0,0.0,0.0,0.0,0.0,0.0,50.0,6.0,7.0,81.8,11.0,9.0,3.0,2.0,0.0,0.0,100.0,0.0,1.0,5.0,8.0,0.0,0.0,0.0,0.0,3.0,0.0,2.0,100.0,0.4,0.0,0.0,3.0,2.0,0.0,0.0,123.0,2.0,10.0,9.1,0.0,0.0,5.0,2.0,1.0,1.0,0.0,3.0,0.0,78.0,1.0,12.0,0.0,6.0
2026,Round 1,2026-03-14,Geelong,away,CD_M20260140104,25,Alex Pearce,CD_I298409,0.0,0.0,0.0,0.0,2.0,0.0,0.0,1.0,0.0,0.0,0.0,1.0,37.5,3.0,3.0,62.5,8.0,5.0,4.0,0.0,1.0,0.0,0.0,0.0,0.0,2.0,1.0,0.0,0.0,0.0,0.0,0.0,4.0,5.0,57.1,7.0,0.0,0.0,7.0,5.0,0.0,0.0,185.0,0.0,3.0,5.6,4.0,0.0,2.0,1.0,0.0,0.0,1.0,1.0,0.0,59.0,1.0,8.0,3.0,5.0
2026,Round 1,2026-03-14,Geelong,away,CD_M20260140104,16,Murphy Reid,CD_I1028513,3.0,1.0,14.0,1.0,1.0,0.0,0.0,0.0,0.0,0.0,0.0,0.0,36.8,7.0,9.0,63.2,19.0,12.0,6.0,1.0,1.0,3.0,25.0,0.0,1.0,4.0,10.0,0.0,0.0,0.0,0.0,1.0,0.0,1.0,66.7,0.9,0.0,0.0,9.0,2.0,0.0,0.0,210.0,0.0,14.0,4.1,1.0,0.0,6.0,1.0,4.0,0.0,1.0,4.0,0.0,81.0,2.0,19.0,2.0,12.0
2026,Round 1,2026-03-14,Geelong,away,CD_M20260140104,3,Caleb Serong,CD_I1009420,1.0,1.0,23.0,4.0,2.0,0.0,0.0,0.0,0.0,0.0,0.0,0.0,46.4,13.0,11.0,70.0,30.0,21.0,12.0,3.0,0.0,1.0,50.0,2.0,1.0,8.0,9.0,0.0,0.0,0.0,0.0,6.0,1.0,5.0,57.1,2.3,0.0,0.0,21.0,5.0,0.0,0.0,616.0,1.0,15.0,26.5,1.0,0.0,11.0,3.0,2.0,1.0,4.0,1.0,0.0,85.0,8.0,28.0,6.0,15.0
2026,Round 1,2026-03-14,Geelong,away,CD_M20260140104,39,Sam Switkowski,CD_I992059,1.0,0.0,0.0,0.0,0.0,0.0,0.0,0.0,0.0,0.0,0.0,0.0,11.1,1.0,5.0,88.9,9.0,8.0,1.0,0.0,0.0,1.0,0.0,0.0,0.0,0.0,7.0,0.0,0.0,0.0,0.0,2.0,0.0,0.0,50.0,0.3,0.0,0.0,2.0,1.0,0.0,1.0,127.0,0.0,12.0,3.9,0.0,0.0,4.0,0.0,1.0,0.0,0.0,4.0,0.0,75.0,0.0,9.0,0.0,8.0
2026,Round 1,2026-03-14,Geelong,away,CD_M20260140104,35,Josh Treacy,CD_I1012819,1.0,0.0,0.0,0.0,4.0,0.0,0.0,0.0,5.0,1.0,20.0,2.0,41.7,5.0,1.0,50.0,10.0,5.0,4.0,2.0,3.0,1.0,40.0,1.0,2.0,2.0,1.0,0.0,0.0,0.0,0.0,5.0,1.0,1.0,44.4,9.0,0.0,0.0,9.0,8.0,3.0,4.0,308.0,0.0,5.0,9.3,0.0,0.0,7.0,1.0,5.0,0.0,0.0,2.0,1.0,90.0,0.0,12.0,4.0,7.0
2026,Round 1,2026-03-14,Geelong,away,CD_M20260140104,20,Patrick Voss,CD_I1017754,3.0,0.0,0.0,0.0,4.0,0.0,0.0,0.0,3.0,0.0,0.0,1.0,41.7,5.0,1.0,27.3,11.0,3.0,1.0,2.0,3.0,1.0,0.0,1.0,0.0,3.0,4.0,0.0,0.0,0.0,0.0,2.0,0.0,0.0,14.3,1.8,0.0,0.0,7.0,4.0,3.0,2.0,207.0,1.0,11.0,-2.1,1.0,0.0,8.0,0.0,4.0,1.0,0.0,6.0,5.0,94.0,0.0,12.0,3.0,7.0
2026,Round 1,2026-03-14,Geelong,away,CD_M20260140104,34,Corey Wagner,CD_I993940,0.0,0.0,0.0,0.0,3.0,0.0,0.0,0.0,0.0,0.0,0.0,0.0,33.3,4.0,5.0,76.9,13.0,10.0,5.0,0.0,2.0,0.0,0.0,0.0,0.0,3.0,5.0,0.0,0.0,0.0,0.0,4.0,0.0,5.0,62.5,1.6,0.0,0.0,8.0,2.0,0.0,0.0,287.0,2.0,6.0,2.4,2.0,0.0,2.0,1.0,0.0,1.0,0.0,1.0,0.0,71.0,0.0,12.0,3.0,8.0
2026,Round 1,2026-03-14,Geelong,away,CD_M20260140104,31,Brandon Walker,CD_I1009410,0.0,0.0,0.0,0.0,0.0,0.0,0.0,2.0,0.0,0.0,0.0,0.0,30.0,3.0,5.0,70.0,10.0,7.0,3.0,0.0,0.0,1.0,0.0,0.0,0.0,2.0,5.0,0.0,0.0,0.0,0.0,1.0,0.0,2.0,60.0,1.0,0.0,0.0,5.0,0.0,0.0,0.0,203.0,3.0,5.0,5.0,2.0,0.0,2.0,1.0,0.0,3.0,1.0,1.0,0.0,91.0,1.0,10.0,1.0,7.0
2026,Round 1,2026-03-14,Geelong,away,CD_M20260140104,23,Karl Worner,CD_I1021015,0.0,1.0,0.0,0.0,2.0,0.0,0.0,0.0,0.0,0.0,0.0,0.0,13.3,2.0,9.0,89.5,19.0,17.0,11.0,0.0,2.0,1.0,0.0,0.0,0.0,1.0,8.0,0.0,0.0,0.0,0.0,1.0,2.0,5.0,100.0,1.4,3.0,3.0,11.0,6.0,0.0,0.0,470.0,2.0,10.0,3.6,4.0,0.0,7.0,3.0,0.0,2.0,0.0,2.0,0.0,82.0,0.0,15.0,4.0,13.0
2026,Round 1,2026-03-14,Geelong,away,CD_M20260140104,26,Hayden Young,CD_I1009256,0.0,0.0,16.0,2.0,1.0,0.0,0.0,0.0,0.0,0.0,0.0,0.0,41.2,7.0,1.0,81.3,16.0,13.0,5.0,1.0,0.0,0.0,100.0,1.0,1.0,3.0,9.0,100.0,100.0,1.0,1.0,5.0,0.0,1.0,71.4,0.8,0.0,0.0,7.0,2.0,0.0,0.0,270.0,2.0,10.0,13.6,0.0,1.0,6.0,3.0,1.0,0.0,1.0,4.0,1.0,77.0,3.0,17.0,0.0,10.0
2026,Round 2,2026-03-21,Melbourne,home,CD_M20260140205,24,Jye Amiss,CD_I1020594,1.0,0.0,0.0,0.0,3.0,0.0,0.0,0.0,0.0,0.0,0.0,1.0,30.0,3.0,0.0,40.0,10.0,4.0,1.0,0.0,0.0,1.0,0.0,0.0,0.0,1.0,4.0,0.0,0.0,0.0,0.0,3.0,0.0,0.0,16.7,1.5,0.0,0.0,6.0,2.0,0.0,1.0,170.0,1.0,2.0,-4.8,0.0,0.0,3.0,0.0,1.0,1.0,0.0,0.0,0.0,88.0,0.0,10.0,4.0,7.0
2026,Round 2,2026-03-21,Melbourne,home,CD_M20260140205,10,Shai Bolton,CD_I993993,1.0,8.0,22.0,3.0,5.0,0.0,0.0,0.0,0.0,0.0,0.0,0.0,45.5,15.0,4.0,71.9,32.0,23.0,8.0,4.0,1.0,0.0,66.7,1.0,2.0,11.0,17.0,0.0,0.0,0.0,0.0,10.0,0.0,2.0,53.3,0.9,0.0,0.0,15.0,3.0,0.0,0.0,638.0,1.0,12.0,26.9,0.0,0.0,9.0,3.0,3.0,0.0,6.0,3.0,1.0,80.0,9.0,33.0,6.0,18.0
2026,Round 2,2026-03-21,Melbourne,home,CD_M20260140205,8,Andrew Brayshaw,CD_I1002232,0.0,2.0,19.0,0.0,4.0,0.0,0.0,0.0,0.0,0.0,0.0,0.0,13.5,5.0,3.0,71.8,39.0,28.0,6.0,1.0,1.0,1.0,50.0,0.0,1.0,4.0,23.0,0.0,0.0,0.0,0.0,2.0,1.0,4.0,37.5,0.7,0.0,0.0,16.0,6.0,2.0,1.0,503.0,0.0,10.0,10.3,2.0,0.0,10.0,0.0,2.0,0.0,1.0,4.0,1.0,76.0,1.0,37.0,6.0,32.0
2026,Round 2,2026-03-21,Melbourne,home,CD_M20260140205,5,Heath Chapman,CD_I1013224,0.0,0.0,0.0,0.0,0.0,0.0,0.0,0.0,0.0,0.0,0.0,0.0,14.3,2.0,3.0,77.8,18.0,14.0,13.0,1.0,0.0,0.0,0.0,1.0,0.0,2.0,4.0,0.0,0.0,0.0,0.0,4.0,1.0,5.0,92.9,3.5,2.0,1.0,14.0,8.0,0.0,1.0,464.0,5.0,5.0,9.4,4.0,0.0,4.0,2.0,0.0,4.0,1.0,0.0,0.0,89.0,1.0,14.0,2.0,12.0
2026,Round 2,2026-03-21,Melbourne,home,CD_M20260140205,6,Jordan Clark,CD_I1006152,0.0,0.0,0.0,0.0,1.0,0.0,0.0,0.0,0.0,0.0,0.0,0.0,13.6,3.0,9.0,92.0,25.0,23.0,18.0,0.0,0.0,0.0,0.0,2.0,0.0,3.0,5.0,0.0,0.0,0.0,0.0,4.0,0.0,3.0,90.0,4.0,2.0,2.0,20.0,5.0,0.0,1.0,613.0,0.0,10.0,11.4,8.0,0.0,5.0,1.0,0.0,0.0,1.0,1.0,0.0,80.0,1.0,22.0,4.0,19.0
2026,Round 2,2026-03-21,Melbourne,home,CD_M20260140205,4,Sean Darcy,CD_I998145,1.0,0.0,14.0,0.0,2.0,0.0,0.0,0.0,1.0,0.0,0.0,1.0,83.3,5.0,1.0,50.0,6.0,3.0,0.0,0.0,2.0,0.0,0.0,0.0,0.0,1.0,5.0,27.3,27.5,11.0,3.0,0.0,0.0,0.0,0.0,0.2,0.0,0.0,1.0,2.0,0.0,0.0,50.0,1.0,3.0,4.3,0.0,40.0,3.0,2.0,1.0,1.0,2.0,2.0,1.0,54.0,2.0,6.0,0.0,1.0
2026,Round 2,2026-03-21,Melbourne,home,CD_M20260140205,43,Isaiah Dudley,CD_I1011558,1.0,1.0,0.0,0.0,3.0,0.0,0.0,0.0,1.0,0.0,0.0,0.0,26.7,4.0,6.0,66.7,15.0,10.0,4.0,2.0,0.0,1.0,50.0,1.0,3.0,3.0,6.0,0.0,0.0,0.0,0.0,3.0,0.0,1.0,44.4,1.5,0.0,0.0,9.0,2.0,1.0,0.0,365.0,0.0,14.0,11.9,2.0,0.0,7.0,1.0,6.0,0.0,1.0,4.0,0.0,80.0,1.0,15.0,4.0,11.0
2026,Round 2,2026-03-21,Melbourne,home,CD_M20260140205,28,Neil Erasmus,CD_I1020250,0.0,0.0,14.0,1.0,4.0,0.0,0.0,0.0,0.0,0.0,0.0,0.0,45.5,10.0,8.0,52.4,21.0,11.0,3.0,0.0,0.0,0.0,0.0,0.0,0.0,9.0,13.0,0.0,0.0,0.0,0.0,1.0,1.0,1.0,37.5,0.6,0.0,0.0,8.0,4.0,0.0,0.0,231.0,0.0,13.0,5.5,1.0,0.0,3.0,2.0,0.0,0.0,2.0,2.0,1.0,77.0,3.0,22.0,0.0,12.0
2026,Round 2,2026-03-21,Melbourne,home,CD_M20260140205,9,Luke Jackson,CD_I1009399,2.0,0.0,20.0,4.0,2.0,0.0,0.0,0.0,1.0,0.0,0.0,2.0,62.5,10.0,4.0,64.7,17.0,11.0,4.0,1.0,2.0,1.0,33.3,2.0,1.0,3.0,9.0,53.8,35.1,13.0,7.0,2.0,0.0,1.0,50.0,0.9,0.0,0.0,8.0,2.0,2.0,0.0,214.0,2.0,9.0,15.3,0.0,37.0,7.0,2.0,3.0,1.0,1.0,2.0,1.0,73.0,5.0,16.0,1.0,6.0
2026,Round 2,2026-03-21,Melbourne,home,CD_M20260140205,44,Matthew Johnson,CD_I1016825,1.0,2.0,8.0,0.0,2.0,0.0,0.0,0.0,0.0,0.0,0.0,0.0,50.0,10.0,4.0,84.2,19.0,16.0,3.0,2.0,1.0,0.0,50.0,1.0,1.0,8.0,14.0,0.0,0.0,0.0,0.0,3.0,0.0,6.0,60.0,0.4,0.0,0.0,5.0,0.0,0.0,0.0,359.0,1.0,8.0,19.9,1.0,0.0,7.0,2.0,2.0,0.0,1.0,2.0,0.0,72.0,1.0,20.0,1.0,10.0
2026,Round 2,2026-03-21,Melbourne,home,CD_M20260140205,21,Oscar McDonald,CD_I992472,0.0,0.0,0.0,0.0,4.0,0.0,0.0,1.0,0.0,0.0,0.0,1.0,23.5,4.0,5.0,63.2,19.0,12.0,7.0,0.0,0.0,0.0,0.0,0.0,0.0,3.0,9.0,0.0,0.0,0.0,0.0,1.0,2.0,8.0,70.0,1.1,0.0,0.0,10.0,6.0,0.0,0.0,294.0,7.0,5.0,7.9,2.0,0.0,4.0,3.0,0.0,7.0,0.0,2.0,0.0,89.0,0.0,17.0,6.0,13.0
2026,Round 2,2026-03-21,Melbourne,home,CD_M20260140205,17,Judd McVee,CD_I1017703,0.0,1.0,0.0,0.0,1.0,0.0,0.0,0.0,0.0,0.0,0.0,0.0,36.4,4.0,7.0,75.0,12.0,9.0,7.0,0.0,0.0,0.0,0.0,1.0,0.0,4.0,3.0,0.0,0.0,0.0,0.0,1.0,0.0,4.0,77.8,3.0,0.0,0.0,9.0,6.0,0.0,1.0,123.0,5.0,9.0,4.2,3.0,0.0,3.0,1.0,0.0,4.0,1.0,1.0,0.0,78.0,1.0,11.0,2.0,7.0
2026,Round 2,2026-03-21,Melbourne,home,CD_M20260140205,30,Nathan O'Driscoll,CD_I1013220,1.0,0.0,0.0,1.0,3.0,0.0,0.0,0.0,0.0,0.0,0.0,0.0,47.6,10.0,4.0,80.0,20.0,16.0,4.0,4.0,0.0,0.0,0.0,1.0,0.0,9.0,13.0,0.0,0.0,0.0,0.0,4.0,1.0,6.0,57.1,0.5,0.0,0.0,7.0,4.0,0.0,1.0,251.0,3.0,9.0,12.9,0.0,0.0,8.0,4.0,1.0,1.0,0.0,2.0,0.0,81.0,1.0,21.0,4.0,11.0
2026,Round 2,2026-03-21,Melbourne,home,CD_M20260140205,25,Alex Pearce,CD_I298409,0.0,0.0,0.0,0.0,3.0,0.0,0.0,1.0,0.0,0.0,0.0,0.0,71.4,5.0,5.0,60.0,5.0,3.0,1.0,0.0,1.0,0.0,0.0,0.0,0.0,4.0,4.0,0.0,0.0,0.0,0.0,0.0,1.0,6.0,100.0,0.3,0.0,0.0,1.0,1.0,0.0,0.0,18.0,7.0,6.0,9.2,2.0,0.0,1.0,1.0,0.0,6.0,0.0,1.0,0.0,52.0,0.0,7.0,2.0,2.0
2026,Round 2,2026-03-21,Melbourne,home,CD_M20260140205,16,Murphy Reid,CD_I1028513,0.0,0.0,4.0,1.0,4.0,0.0,0.0,0.0,0.0,0.0,0.0,0.0,34.8,8.0,3.0,79.2,24.0,19.0,8.0,1.0,1.0,0.0,66.7,1.0,2.0,8.0,12.0,0.0,0.0,0.0,0.0,3.0,0.0,2.0,66.7,1.0,0.0,0.0,12.0,2.0,0.0,0.0,301.0,0.0,11.0,22.8,2.0,0.0,7.0,0.0,3.0,0.0,2.0,2.0,0.0,80.0,3.0,23.0,3.0,15.0
2026,Round 2,2026-03-21,Melbourne,home,CD_M20260140205,13,Luke Ryan,CD_I998659,0.0,0.0,0.0,0.0,1.0,0.0,0.0,1.0,0.0,0.0,0.0,0.0,10.5,2.0,7.0,91.7,24.0,22.0,19.0,0.0,0.0,1.0,0.0,0.0,0.0,1.0,3.0,0.0,0.0,0.0,0.0,1.0,3.0,7.0,90.5,7.0,4.0,4.0,21.0,11.0,0.0,0.0,368.0,5.0,8.0,8.5,5.0,0.0,3.0,2.0,0.0,5.0,0.0,1.0,0.0,86.0,0.0,19.0,4.0,17.0
2026,Round 2,2026-03-21,Melbourne,home,CD_M20260140205,45,Christopher Scerri,CD_I1040573,1.0,5.0,0.0,0.0,2.0,0.0,0.0,0.0,0.0,0.0,0.0,0.0,36.8,7.0,1.0,70.0,20.0,14.0,1.0,1.0,0.0,1.0,0.0,0.0,0.0,6.0,16.0,0.0,0.0,0.0,0.0,4.0,0.0,4.0,25.0,0.3,0.0,0.0,4.0,2.0,1.0,1.0,264.0,0.0,6.0,8.5,1.0,0.0,5.0,1.0,1.0,0.0,0.0,2.0,1.0,75.0,0.0,19.0,4.0,12.0
2026,Round 2,2026-03-21,Melbourne,home,CD_M20260140205,3,Caleb Serong,CD_I1009420,0.0,0.0,23.0,2.0,3.0,0.0,0.0,0.0,0.0,0.0,0.0,0.0,64.7,11.0,10.0,68.8,16.0,11.0,5.0,1.0,0.0,0.0,100.0,0.0,1.0,8.0,8.0,0.0,0.0,0.0,0.0,2.0,0.0,5.0,62.5,1.0,0.0,0.0,8.0,2.0,0.0,0.0,286.0,1.0,17.0,14.6,0.0,0.0,2.0,2.0,1.0,0.0,1.0,3.0,0.0,79.0,3.0,17.0,4.0,6.0
2026,Round 2,2026-03-21,Melbourne,home,CD_M20260140205,39,Sam Switkowski,CD_I992059,1.0,0.0,0.0,0.0,0.0,0.0,0.0,0.0,0.0,0.0,0.0,0.0,42.9,3.0,6.0,71.4,7.0,5.0,1.0,1.0,0.0,1.0,50.0,0.0,1.0,2.0,4.0,0.0,0.0,0.0,0.0,2.0,0.0,2.0,33.3,0.8,0.0,0.0,3.0,0.0,0.0,0.0,73.0,1.0,9.0,3.9,0.0,0.0,3.0,2.0,2.0,0.0,0.0,1.0,0.0,66.0,0.0,7.0,0.0,4.0
2026,Round 2,2026-03-21,Melbourne,home,CD_M20260140205,35,Josh Treacy,CD_I1012819,1.0,0.0,0.0,0.0,6.0,0.0,0.0,0.0,3.0,1.0,33.3,4.0,60.0,12.0,1.0,64.7,17.0,11.0,7.0,2.0,1.0,4.0,57.1,1.0,4.0,3.0,5.0,0.0,0.0,0.0,0.0,4.0,0.0,2.0,58.3,2.4,0.0,0.0,12.0,10.0,5.0,2.0,335.0,3.0,4.0,14.4,0.0,0.0,10.0,1.0,7.0,2.0,0.0,2.0,1.0,90.0,0.0,20.0,5.0,8.0
2026,Round 2,2026-03-21,Melbourne,home,CD_M20260140205,20,Patrick Voss,CD_I1017754,2.0,0.0,0.0,0.0,3.0,0.0,0.0,0.0,3.0,2.0,66.7,0.0,30.8,4.0,1.0,66.7,12.0,8.0,5.0,1.0,2.0,1.0,33.3,0.0,1.0,4.0,4.0,0.0,0.0,0.0,0.0,1.0,0.0,0.0,62.5,2.0,0.0,0.0,8.0,1.0,1.0,1.0,147.0,2.0,7.0,5.7,0.0,0.0,4.0,0.0,3.0,2.0,0.0,2.0,2.0,90.0,0.0,13.0,4.0,9.0
2026,Round 2,2026-03-21,Melbourne,home,CD_M20260140205,34,Corey Wagner,CD_I993940,0.0,1.0,0.0,0.0,2.0,0.0,0.0,0.0,0.0,0.0,0.0,0.0,11.1,2.0,7.0,94.7,19.0,18.0,11.0,0.0,0.0,0.0,0.0,0.0,0.0,2.0,7.0,0.0,0.0,0.0,0.0,3.0,0.0,2.0,91.7,1.7,1.0,1.0,12.0,5.0,0.0,1.0,469.0,1.0,12.0,4.6,4.0,0.0,4.0,0.0,0.0,1.0,0.0,2.0,0.0,79.0,0.0,18.0,3.0,16.0
2026,Round 2,2026-03-21,Melbourne,home,CD_M20260140205,23,Karl Worner,CD_I1021015,0.0,0.0,0.0,0.0,4.0,0.0,0.0,0.0,0.0,0.0,0.0,0.0,22.2,4.0,10.0,75.0,20.0,15.0,12.0,0.0,2.0,1.0,0.0,0.0,0.0,2.0,5.0,0.0,0.0,0.0,0.0,0.0,3.0,6.0,80.0,3.0,1.0,1.0,15.0,9.0,0.0,0.0,457.0,4.0,12.0,4.8,8.0,0.0,3.0,1.0,0.0,4.0,1.0,4.0,0.0,82.0,1.0,18.0,7.0,14.0
2026,Round 3,2026-03-28,Richmond,home,CD_M20260140304,24,Jye Amiss,CD_I1020594,3.0,0.0,0.0,0.0,0.0,0.0,0.0,0.0,6.0,2.0,33.3,2.0,63.6,7.0,0.0,70.0,10.0,7.0,3.0,2.0,0.0,2.0,40.0,1.0,2.0,2.0,4.0,0.0,0.0,0.0,0.0,1.0,0.0,0.0,50.0,1.5,0.0,0.0,6.0,4.0,4.0,1.0,162.0,3.0,7.0,9.9,0.0,0.0,6.0,0.0,5.0,1.0,1.0,2.0,2.0,91.0,1.0,11.0,0.0,4.0
2026,Round 3,2026-03-28,Richmond,home,CD_M20260140304,10,Shai Bolton,CD_I993993,1.0,0.0,15.0,1.0,4.0,0.0,0.0,0.0,0.0,0.0,0.0,0.0,30.6,11.0,9.0,75.8,33.0,25.0,11.0,2.0,1.0,1.0,0.0,2.0,0.0,7.0,18.0,0.0,0.0,0.0,0.0,6.0,0.0,2.0,73.3,0.8,0.0,0.0,15.0,4.0,0.0,0.0,573.0,3.0,16.0,10.1,4.0,0.0,7.0,1.0,2.0,1.0,3.0,5.0,0.0,80.0,4.0,36.0,5.0,25.0
2026,Round 3,2026-03-28,Richmond,home,CD_M20260140304,8,Andrew Brayshaw,CD_I1002232,1.0,1.0,14.0,1.0,1.0,0.0,0.0,0.0,0.0,0.0,0.0,0.0,19.0,4.0,12.0,66.7,21.0,14.0,9.0,0.0,0.0,0.0,0.0,1.0,0.0,1.0,6.0,0.0,0.0,0.0,0.0,5.0,1.0,1.0,60.0,2.5,0.0,0.0,15.0,5.0,0.0,0.0,484.0,3.0,16.0,7.5,2.0,0.0,7.0,1.0,1.0,1.0,2.0,5.0,0.0,81.0,3.0,21.0,3.0,17.0
2026,Round 3,2026-03-28,Richmond,home,CD_M20260140304,5,Heath Chapman,CD_I1013224,1.0,0.0,0.0,0.0,3.0,100.0,1.0,1.0,0.0,0.0,0.0,0.0,15.0,3.0,8.0,78.9,19.0,15.0,11.0,0.0,2.0,0.0,0.0,1.0,0.0,2.0,4.0,0.0,0.0,0.0,0.0,5.0,0.0,2.0,73.3,3.8,0.0,0.0,15.0,6.0,1.0,0.0,328.0,3.0,13.0,7.0,1.0,0.0,5.0,1.0,1.0,2.0,1.0,3.0,0.0,87.0,1.0,20.0,3.0,17.0
2026,Round 3,2026-03-28,Richmond,home,CD_M20260140304,6,Jordan Clark,CD_I1006152,0.0,3.0,0.0,0.0,1.0,100.0,1.0,1.0,0.0,0.0,0.0,0.0,41.7,10.0,9.0,81.5,27.0,22.0,11.0,0.0,0.0,2.0,0.0,0.0,0.0,9.0,13.0,0.0,0.0,0.0,0.0,2.0,0.0,7.0,78.6,1.1,3.0,3.0,14.0,4.0,0.0,0.0,344.0,1.0,10.0,14.4,4.0,0.0,3.0,0.0,0.0,0.0,1.0,4.0,0.0,87.0,1.0,24.0,3.0,14.0
2026,Round 3,2026-03-28,Richmond,home,CD_M20260140304,36,Brennan Cox,CD_I997033,0.0,0.0,0.0,0.0,1.0,0.0,0.0,0.0,0.0,0.0,0.0,1.0,29.4,5.0,4.0,88.2,17.0,15.0,10.0,0.0,0.0,3.0,0.0,1.0,0.0,1.0,6.0,0.0,0.0,0.0,0.0,2.0,2.0,7.0,90.9,1.8,0.0,0.0,11.0,5.0,0.0,0.0,184.0,7.0,7.0,6.6,1.0,0.0,3.0,2.0,0.0,6.0,0.0,4.0,0.0,68.0,0.0,17.0,1.0,12.0
2026,Round 3,2026-03-28,Richmond,home,CD_M20260140304,4,Sean Darcy,CD_I998145,0.0,0.0,13.0,2.0,2.0,0.0,0.0,1.0,2.0,0.0,0.0,0.0,85.7,6.0,2.0,75.0,8.0,6.0,3.0,0.0,1.0,1.0,100.0,1.0,1.0,4.0,4.0,31.0,74.4,29.0,9.0,2.0,0.0,1.0,75.0,1.0,0.0,0.0,4.0,1.0,1.0,1.0,144.0,3.0,9.0,12.5,0.0,39.0,6.0,5.0,1.0,3.0,1.0,5.0,0.0,54.0,3.0,7.0,2.0,1.0
2026,Round 3,2026-03-28,Richmond,home,CD_M20260140304,43,Isaiah Dudley,CD_I1011558,0.0,0.0,0.0,0.0,2.0,0.0,0.0,0.0,0.0,0.0,0.0,0.0,53.8,7.0,5.0,63.6,11.0,7.0,2.0,4.0,1.0,2.0,50.0,0.0,1.0,5.0,6.0,0.0,0.0,0.0,0.0,2.0,0.0,2.0,40.0,0.8,0.0,0.0,5.0,3.0,0.0,1.0,90.0,0.0,13.0,11.3,0.0,0.0,5.0,1.0,2.0,0.0,0.0,2.0,1.0,62.0,0.0,13.0,2.0,6.0
2026,Round 3,2026-03-28,Richmond,home,CD_M20260140304,28,Neil Erasmus,CD_I1020250,1.0,0.0,7.0,0.0,3.0,0.0,0.0,0.0,0.0,0.0,0.0,0.0,42.9,9.0,8.0,52.4,21.0,11.0,1.0,0.0,0.0,1.0,0.0,0.0,0.0,6.0,15.0,0.0,0.0,0.0,0.0,3.0,0.0,1.0,16.7,0.4,0.0,0.0,6.0,3.0,1.0,0.0,198.0,0.0,11.0,0.3,1.0,0.0,5.0,1.0,2.0,0.0,2.0,2.0,0.0,85.0,2.0,21.0,2.0,12.0
2026,Round 3,2026-03-28,Richmond,home,CD_M20260140304,9,Luke Jackson,CD_I1009399,4.0,0.0,11.0,0.0,6.0,0.0,0.0,0.0,1.0,0.0,0.0,0.0,76.5,13.0,4.0,47.1,17.0,8.0,1.0,3.0,2.0,2.0,20.0,0.0,1.0,8.0,12.0,32.1,62.2,28.0,9.0,1.0,0.0,2.0,20.0,0.4,0.0,0.0,5.0,0.0,0.0,0.0,171.0,0.0,6.0,7.4,2.0,45.0,8.0,3.0,5.0,0.0,5.0,2.0,0.0,83.0,5.0,17.0,2.0,4.0
2026,Round 3,2026-03-28,Richmond,home,CD_M20260140304,44,Matthew Johnson,CD_I1016825,0.0,0.0,4.0,1.0,2.0,0.0,0.0,0.0,0.0,0.0,0.0,0.0,18.8,3.0,3.0,82.4,17.0,14.0,6.0,1.0,1.0,0.0,100.0,0.0,1.0,1.0,9.0,0.0,0.0,0.0,0.0,4.0,1.0,1.0,75.0,0.9,0.0,0.0,8.0,3.0,0.0,0.0,223.0,0.0,7.0,10.6,0.0,0.0,5.0,1.0,1.0,0.0,1.0,0.0,0.0,77.0,2.0,16.0,3.0,13.0
2026,Round 3,2026-03-28,Richmond,home,CD_M20260140304,17,Judd McVee,CD_I1017703,0.0,0.0,0.0,0.0,2.0,0.0,0.0,1.0,0.0,0.0,0.0,0.0,50.0,7.0,1.0,82.4,17.0,14.0,7.0,1.0,0.0,1.0,0.0,0.0,0.0,5.0,7.0,0.0,0.0,0.0,0.0,0.0,1.0,6.0,70.0,1.4,0.0,0.0,10.0,2.0,0.0,0.0,120.0,3.0,4.0,9.5,3.0,0.0,4.0,2.0,0.0,3.0,3.0,1.0,0.0,83.0,3.0,14.0,2.0,7.0
2026,Round 3,2026-03-28,Richmond,home,CD_M20260140304,2,Jaeger O'Meara,CD_I294613,0.0,0.0,0.0,1.0,1.0,0.0,0.0,0.0,0.0,0.0,0.0,0.0,50.0,9.0,6.0,84.2,19.0,16.0,8.0,0.0,0.0,2.0,0.0,1.0,0.0,5.0,9.0,0.0,0.0,0.0,0.0,5.0,0.0,4.0,80.0,1.1,0.0,0.0,10.0,2.0,0.0,0.0,248.0,0.0,13.0,10.2,0.0,0.0,7.0,1.0,0.0,0.0,2.0,5.0,0.0,65.0,3.0,18.0,1.0,9.0
2026,Round 3,2026-03-28,Richmond,home,CD_M20260140304,25,Alex Pearce,CD_I298409,0.0,2.0,0.0,0.0,3.0,0.0,0.0,1.0,0.0,0.0,0.0,0.0,22.2,2.0,4.0,100.0,10.0,10.0,7.0,0.0,1.0,1.0,0.0,0.0,0.0,1.0,3.0,0.0,0.0,0.0,0.0,0.0,2.0,4.0,100.0,2.3,0.0,0.0,7.0,4.0,0.0,0.0,104.0,4.0,5.0,4.9,3.0,0.0,4.0,1.0,0.0,3.0,1.0,0.0,0.0,69.0,1.0,9.0,1.0,7.0
2026,Round 3,2026-03-28,Richmond,home,CD_M20260140304,16,Murphy Reid,CD_I1028513,1.0,0.0,3.0,0.0,8.0,0.0,0.0,0.0,0.0,0.0,0.0,0.0,26.1,6.0,2.0,65.2,23.0,15.0,8.0,2.0,2.0,0.0,0.0,0.0,0.0,6.0,11.0,0.0,0.0,0.0,0.0,1.0,0.0,0.0,66.7,1.1,0.0,0.0,12.0,6.0,0.0,0.0,213.0,1.0,7.0,0.9,1.0,0.0,4.0,0.0,1.0,1.0,1.0,0.0,0.0,82.0,1.0,23.0,6.0,17.0
2026,Round 3,2026-03-28,Richmond,home,CD_M20260140304,13,Luke Ryan,CD_I998659,0.0,0.0,0.0,0.0,2.0,0.0,0.0,0.0,0.0,0.0,0.0,0.0,0.0,0.0,3.0,100.0,14.0,14.0,13.0,0.0,2.0,0.0,0.0,0.0,0.0,0.0,1.0,0.0,0.0,0.0,0.0,2.0,0.0,1.0,100.0,13.0,3.0,3.0,13.0,5.0,0.0,0.0,295.0,2.0,4.0,5.5,2.0,0.0,0.0,0.0,0.0,2.0,0.0,2.0,0.0,83.0,0.0,10.0,1.0,10.0
2026,Round 3,2026-03-28,Richmond,home,CD_M20260140304,45,Christopher Scerri,CD_I1040573,0.0,0.0,0.0,0.0,0.0,0.0,0.0,0.0,0.0,0.0,0.0,0.0,62.5,5.0,3.0,87.5,8.0,7.0,1.0,1.0,0.0,0.0,0.0,0.0,0.0,5.0,6.0,0.0,0.0,0.0,0.0,2.0,0.0,4.0,50.0,0.3,0.0,0.0,2.0,2.0,0.0,0.0,74.0,1.0,11.0,6.1,0.0,0.0,4.0,3.0,0.0,1.0,0.0,0.0,0.0,69.0,0.0,8.0,0.0,3.0
2026,Round 3,2026-03-28,Richmond,home,CD_M20260140304,3,Caleb Serong,CD_I1009420,1.0,0.0,17.0,5.0,5.0,0.0,0.0,0.0,0.0,0.0,0.0,0.0,48.4,15.0,7.0,65.6,32.0,21.0,14.0,1.0,2.0,3.0,50.0,1.0,2.0,9.0,12.0,0.0,0.0,0.0,0.0,8.0,0.0,2.0,70.0,1.7,0.0,0.0,20.0,2.0,1.0,0.0,579.0,0.0,21.0,14.8,2.0,0.0,12.0,4.0,4.0,0.0,4.0,6.0,0.0,82.0,9.0,31.0,8.0,16.0
2026,Round 3,2026-03-28,Richmond,home,CD_M20260140304,39,Sam Switkowski,CD_I992059,2.0,0.0,0.0,0.0,0.0,0.0,0.0,0.0,0.0,0.0,0.0,0.0,36.4,4.0,3.0,58.3,12.0,7.0,0.0,2.0,0.0,0.0,0.0,1.0,0.0,4.0,8.0,0.0,0.0,0.0,0.0,4.0,0.0,3.0,0.0,0.5,0.0,0.0,4.0,2.0,0.0,0.0,115.0,0.0,12.0,3.4,0.0,0.0,4.0,1.0,2.0,0.0,0.0,4.0,0.0,76.0,0.0,11.0,1.0,7.0
2026,Round 3,2026-03-28,Richmond,home,CD_M20260140304,35,Josh Treacy,CD_I1012819,3.0,0.0,0.0,0.0,3.0,0.0,0.0,0.0,6.0,3.0,50.0,4.0,50.0,8.0,2.0,68.8,16.0,11.0,9.0,1.0,0.0,3.0,57.1,1.0,4.0,1.0,2.0,0.0,0.0,0.0,0.0,5.0,1.0,1.0,64.3,7.0,0.0,0.0,14.0,12.0,6.0,4.0,335.0,3.0,12.0,14.7,0.0,0.0,11.0,2.0,7.0,1.0,1.0,2.0,2.0,88.0,1.0,16.0,1.0,8.0
2026,Round 3,2026-03-28,Richmond,home,CD_M20260140304,20,Patrick Voss,CD_I1017754,3.0,0.0,0.0,0.0,5.0,0.0,0.0,0.0,3.0,1.0,33.3,0.0,44.4,8.0,1.0,72.2,18.0,13.0,7.0,2.0,3.0,3.0,20.0,0.0,1.0,5.0,6.0,0.0,0.0,0.0,0.0,2.0,1.0,2.0,58.3,2.0,0.0,0.0,12.0,6.0,2.0,3.0,196.0,3.0,12.0,6.2,0.0,0.0,11.0,2.0,5.0,3.0,0.0,5.0,5.0,89.0,0.0,18.0,3.0,10.0
2026,Round 3,2026-03-28,Richmond,home,CD_M20260140304,34,Corey Wagner,CD_I993940,1.0,1.0,0.0,0.0,1.0,0.0,0.0,0.0,0.0,0.0,0.0,0.0,38.1,8.0,4.0,81.8,22.0,18.0,10.0,1.0,0.0,0.0,0.0,0.0,0.0,7.0,9.0,0.0,0.0,0.0,0.0,3.0,0.0,7.0,76.9,1.4,0.0,0.0,13.0,8.0,1.0,0.0,522.0,1.0,9.0,12.8,2.0,0.0,9.0,4.0,1.0,0.0,1.0,1.0,1.0,84.0,1.0,21.0,3.0,13.0
2026,Round 3,2026-03-28,Richmond,home,CD_M20260140304,23,Karl Worner,CD_I1021015,0.0,1.0,0.0,0.0,3.0,0.0,0.0,0.0,0.0,0.0,0.0,0.0,7.1,1.0,3.0,92.9,14.0,13.0,8.0,0.0,1.0,0.0,0.0,0.0,0.0,1.0,5.0,0.0,0.0,0.0,0.0,0.0,1.0,3.0,88.9,1.8,1.0,1.0,9.0,6.0,0.0,0.0,214.0,2.0,5.0,2.0,2.0,0.0,4.0,1.0,0.0,2.0,0.0,1.0,0.0,73.0,0.0,14.0,4.0,13.0
2026,Round 4,2026-04-03,Adelaide,away,CD_M20260140403,24,Jye Amiss,CD_I1020594,1.0,0.0,0.0,0.0,1.0,0.0,0.0,0.0,4.0,0.0,0.0,2.0,63.6,7.0,1.0,90.0,10.0,9.0,5.0,2.0,1.0,1.0,80.0,0.0,4.0,4.0,4.0,0.0,0.0,0.0,0.0,0.0,1.0,1.0,83.3,1.5,0.0,0.0,6.0,5.0,4.0,1.0,110.0,0.0,4.0,15.4,0.0,0.0,8.0,0.0,5.0,0.0,0.0,0.0,0.0,91.0,0.0,11.0,1.0,4.0
2026,Round 4,2026-04-03,Adelaide,away,CD_M20260140403,10,Shai Bolton,CD_I993993,1.0,2.0,17.0,0.0,2.0,0.0,0.0,0.0,0.0,0.0,0.0,1.0,33.3,7.0,2.0,66.7,21.0,14.0,8.0,0.0,1.0,0.0,50.0,1.0,1.0,4.0,8.0,0.0,0.0,0.0,0.0,5.0,0.0,2.0,61.5,1.6,0.0,0.0,13.0,1.0,0.0,0.0,510.0,0.0,10.0,12.4,0.0,0.0,8.0,3.0,2.0,0.0,2.0,1.0,0.0,85.0,2.0,21.0,4.0,14.0
2026,Round 4,2026-04-03,Adelaide,away,CD_M20260140403,8,Andrew Brayshaw,CD_I1002232,0.0,0.0,18.0,2.0,3.0,0.0,0.0,0.0,0.0,0.0,0.0,0.0,44.0,11.0,8.0,76.0,25.0,19.0,7.0,0.0,2.0,2.0,100.0,0.0,1.0,3.0,14.0,0.0,0.0,0.0,0.0,7.0,0.0,3.0,63.6,0.8,0.0,0.0,11.0,0.0,0.0,0.0,397.0,2.0,19.0,16.5,1.0,0.0,7.0,2.0,1.0,1.0,5.0,10.0,1.0,80.0,7.0,25.0,4.0,14.0
2026,Round 4,2026-04-03,Adelaide,away,CD_M20260140403,5,Heath Chapman,CD_I1013224,0.0,0.0,0.0,0.0,0.0,0.0,0.0,1.0,0.0,0.0,0.0,0.0,31.3,5.0,4.0,75.0,16.0,12.0,8.0,0.0,0.0,0.0,0.0,1.0,0.0,5.0,6.0,0.0,0.0,0.0,0.0,1.0,3.0,6.0,80.0,1.7,0.0,0.0,10.0,8.0,0.0,1.0,203.0,6.0,5.0,7.5,2.0,0.0,2.0,1.0,0.0,6.0,0.0,1.0,0.0,87.0,0.0,16.0,1.0,11.0
2026,Round 4,2026-04-03,Adelaide,away,CD_M20260140403,6,Jordan Clark,CD_I1006152,0.0,0.0,0.0,0.0,3.0,0.0,0.0,0.0,0.0,0.0,0.0,0.0,23.1,3.0,7.0,77.8,18.0,14.0,9.0,0.0,0.0,0.0,0.0,0.0,0.0,3.0,5.0,0.0,0.0,0.0,0.0,2.0,1.0,6.0,69.2,2.6,2.0,2.0,13.0,4.0,0.0,0.0,470.0,1.0,10.0,4.2,6.0,0.0,3.0,2.0,1.0,1.0,0.0,2.0,0.0,79.0,0.0,13.0,6.0,10.0
2026,Round 4,2026-04-03,Adelaide,away,CD_M20260140403,36,Brennan Cox,CD_I997033,0.0,0.0,0.0,0.0,3.0,0.0,0.0,2.0,0.0,0.0,0.0,2.0,44.4,4.0,6.0,81.8,11.0,9.0,6.0,0.0,1.0,2.0,0.0,0.0,0.0,1.0,3.0,0.0,0.0,0.0,0.0,0.0,2.0,6.0,75.0,2.7,0.0,0.0,8.0,4.0,0.0,0.0,199.0,10.0,7.0,5.8,3.0,0.0,1.0,1.0,0.0,10.0,0.0,4.0,0.0,71.0,0.0,9.0,3.0,5.0
2026,Round 4,2026-04-03,Adelaide,away,CD_M20260140403,4,Sean Darcy,CD_I998145,0.0,0.0,14.0,1.0,3.0,0.0,0.0,0.0,0.0,0.0,0.0,0.0,42.9,3.0,5.0,71.4,7.0,5.0,3.0,0.0,2.0,1.0,0.0,0.0,0.0,3.0,2.0,27.3,50.0,22.0,6.0,3.0,1.0,2.0,60.0,2.5,0.0,0.0,5.0,2.0,0.0,0.0,173.0,3.0,7.0,7.1,0.0,44.0,4.0,3.0,0.0,3.0,0.0,1.0,0.0,43.0,1.0,7.0,1.0,4.0
2026,Round 4,2026-04-03,Adelaide,away,CD_M20260140403,43,Isaiah Dudley,CD_I1011558,1.0,0.0,0.0,0.0,4.0,0.0,0.0,0.0,0.0,0.0,0.0,0.0,30.8,4.0,2.0,83.3,12.0,10.0,4.0,1.0,3.0,1.0,50.0,2.0,1.0,3.0,6.0,0.0,0.0,0.0,0.0,1.0,0.0,1.0,66.7,1.0,0.0,0.0,6.0,1.0,1.0,0.0,165.0,0.0,9.0,9.1,0.0,0.0,7.0,1.0,2.0,0.0,0.0,2.0,1.0,78.0,0.0,13.0,2.0,9.0
2026,Round 4,2026-04-03,Adelaide,away,CD_M20260140403,28,Neil Erasmus,CD_I1020250,0.0,1.0,7.0,0.0,2.0,0.0,0.0,0.0,0.0,0.0,0.0,0.0,40.0,8.0,11.0,70.0,20.0,14.0,6.0,0.0,0.0,1.0,0.0,1.0,0.0,7.0,11.0,0.0,0.0,0.0,0.0,5.0,0.0,2.0,66.7,0.8,0.0,0.0,9.0,1.0,0.0,0.0,203.0,1.0,14.0,12.2,4.0,0.0,3.0,1.0,0.0,1.0,2.0,3.0,0.0,75.0,2.0,20.0,1.0,12.0
2026,Round 4,2026-04-03,Adelaide,away,CD_M20260140403,9,Luke Jackson,CD_I1009399,1.0,0.0,14.0,2.0,4.0,0.0,0.0,0.0,1.0,0.0,0.0,0.0,66.7,14.0,13.0,65.0,20.0,13.0,3.0,0.0,3.0,2.0,0.0,1.0,0.0,6.0,14.0,30.8,37.7,26.0,8.0,2.0,0.0,1.0,50.0,0.4,0.0,0.0,6.0,1.0,0.0,0.0,200.0,1.0,21.0,17.5,2.0,69.0,6.0,3.0,1.0,0.0,5.0,7.0,1.0,75.0,7.0,21.0,3.0,7.0
2026,Round 4,2026-04-03,Adelaide,away,CD_M20260140403,44,Matthew Johnson,CD_I1016825,0.0,1.0,8.0,1.0,4.0,0.0,0.0,0.0,0.0,0.0,0.0,0.0,31.6,6.0,6.0,65.0,20.0,13.0,5.0,0.0,0.0,0.0,0.0,0.0,0.0,4.0,9.0,0.0,0.0,0.0,0.0,3.0,0.0,2.0,45.5,1.2,0.0,0.0,11.0,3.0,0.0,0.0,403.0,1.0,12.0,7.1,0.0,0.0,4.0,0.0,1.0,0.0,1.0,3.0,0.0,61.0,2.0,19.0,4.0,13.0
2026,Round 4,2026-04-03,Adelaide,away,CD_M20260140403,17,Judd McVee,CD_I1017703,0.0,0.0,0.0,0.0,3.0,0.0,0.0,1.0,0.0,0.0,0.0,1.0,45.0,9.0,4.0,78.3,23.0,18.0,9.0,0.0,0.0,0.0,0.0,0.0,0.0,7.0,9.0,0.0,0.0,0.0,0.0,2.0,1.0,7.0,64.3,1.6,2.0,2.0,14.0,3.0,0.0,0.0,231.0,0.0,4.0,9.3,4.0,0.0,2.0,1.0,0.0,0.0,3.0,0.0,0.0,81.0,3.0,20.0,3.0,11.0
2026,Round 4,2026-04-03,Adelaide,away,CD_M20260140403,2,Jaeger O'Meara,CD_I294613,1.0,0.0,0.0,0.0,1.0,0.0,0.0,0.0,0.0,0.0,0.0,0.0,27.3,3.0,9.0,81.8,11.0,9.0,3.0,0.0,1.0,0.0,0.0,1.0,0.0,2.0,7.0,0.0,0.0,0.0,0.0,3.0,0.0,1.0,75.0,0.6,0.0,0.0,4.0,2.0,1.0,2.0,136.0,0.0,11.0,4.9,0.0,0.0,3.0,0.0,1.0,0.0,1.0,2.0,0.0,74.0,1.0,11.0,1.0,8.0
2026,Round 4,2026-04-03,Adelaide,away,CD_M20260140403,25,Alex Pearce,CD_I298409,0.0,0.0,0.0,0.0,2.0,0.0,0.0,4.0,0.0,0.0,0.0,2.0,50.0,5.0,8.0,88.9,9.0,8.0,4.0,0.0,1.0,0.0,0.0,0.0,0.0,3.0,4.0,0.0,0.0,0.0,0.0,1.0,4.0,7.0,80.0,1.3,0.0,0.0,5.0,6.0,0.0,1.0,174.0,9.0,9.0,9.9,0.0,0.0,1.0,1.0,0.0,9.0,0.0,2.0,0.0,86.0,0.0,10.0,3.0,5.0
2026,Round 4,2026-04-03,Adelaide,away,CD_M20260140403,16,Murphy Reid,CD_I1028513,1.0,1.0,7.0,1.0,1.0,0.0,0.0,0.0,1.0,0.0,0.0,0.0,38.5,10.0,4.0,80.8,26.0,21.0,6.0,2.0,0.0,1.0,0.0,2.0,0.0,9.0,15.0,0.0,0.0,0.0,0.0,6.0,0.0,3.0,54.5,0.7,0.0,0.0,11.0,2.0,0.0,2.0,315.0,1.0,9.0,13.2,0.0,0.0,7.0,0.0,1.0,1.0,1.0,5.0,1.0,89.0,2.0,26.0,5.0,16.0
2026,Round 4,2026-04-03,Adelaide,away,CD_M20260140403,13,Luke Ryan,CD_I998659,0.0,0.0,0.0,0.0,1.0,0.0,0.0,0.0,0.0,0.0,0.0,1.0,25.0,1.0,6.0,100.0,10.0,10.0,8.0,0.0,1.0,0.0,0.0,0.0,0.0,0.0,2.0,0.0,0.0,0.0,0.0,1.0,1.0,2.0,100.0,4.0,5.0,5.0,8.0,1.0,0.0,0.0,311.0,2.0,6.0,5.1,3.0,0.0,2.0,2.0,0.0,2.0,0.0,2.0,0.0,85.0,0.0,4.0,1.0,3.0
2026,Round 4,2026-04-03,Adelaide,away,CD_M20260140403,45,Christopher Scerri,CD_I1040573,0.0,0.0,0.0,0.0,0.0,0.0,0.0,0.0,0.0,0.0,0.0,0.0,66.7,4.0,3.0,83.3,6.0,5.0,0.0,2.0,0.0,0.0,0.0,0.0,0.0,4.0,6.0,0.0,0.0,0.0,0.0,0.0,0.0,1.0,0.0,0.0,0.0,0.0,0.0,0.0,0.0,0.0,19.0,1.0,9.0,5.0,0.0,0.0,4.0,0.0,0.0,1.0,0.0,1.0,0.0,59.0,0.0,6.0,1.0,2.0
2026,Round 4,2026-04-03,Adelaide,away,CD_M20260140403,3,Caleb Serong,CD_I1009420,1.0,0.0,19.0,4.0,4.0,0.0,0.0,0.0,0.0,0.0,0.0,0.0,40.6,13.0,12.0,59.4,32.0,19.0,8.0,3.0,1.0,0.0,0.0,0.0,0.0,11.0,11.0,0.0,0.0,0.0,0.0,6.0,1.0,3.0,38.1,1.9,0.0,0.0,21.0,3.0,0.0,2.0,630.0,0.0,22.0,11.3,2.0,0.0,6.0,0.0,1.0,0.0,2.0,8.0,1.0,88.0,6.0,32.0,7.0,19.0
2026,Round 4,2026-04-03,Adelaide,away,CD_M20260140403,39,Sam Switkowski,CD_I992059,0.0,0.0,0.0,0.0,1.0,0.0,0.0,0.0,1.0,0.0,0.0,0.0,42.9,6.0,1.0,92.3,13.0,12.0,3.0,0.0,0.0,1.0,0.0,1.0,0.0,4.0,9.0,0.0,0.0,0.0,0.0,3.0,0.0,3.0,75.0,0.4,0.0,0.0,4.0,1.0,0.0,0.0,196.0,0.0,13.0,9.4,1.0,0.0,4.0,1.0,1.0,0.0,1.0,3.0,1.0,74.0,1.0,14.0,1.0,8.0
2026,Round 4,2026-04-03,Adelaide,away,CD_M20260140403,35,Josh Treacy,CD_I1012819,2.0,0.0,0.0,0.0,2.0,0.0,0.0,0.0,9.0,2.0,22.2,3.0,62.5,10.0,2.0,69.2,13.0,9.0,6.0,3.0,2.0,0.0,50.0,0.0,2.0,5.0,4.0,0.0,0.0,0.0,0.0,3.0,0.0,1.0,66.7,2.3,0.0,0.0,9.0,5.0,2.0,2.0,300.0,5.0,14.0,16.5,0.0,0.0,8.0,0.0,4.0,3.0,0.0,5.0,3.0,94.0,0.0,16.0,3.0,6.0
2026,Round 4,2026-04-03,Adelaide,away,CD_M20260140403,20,Patrick Voss,CD_I1017754,3.0,0.0,0.0,0.0,2.0,0.0,0.0,0.0,1.0,0.0,0.0,1.0,53.8,7.0,4.0,69.2,13.0,9.0,5.0,1.0,1.0,2.0,40.0,0.0,2.0,4.0,4.0,0.0,0.0,0.0,0.0,1.0,0.0,1.0,55.6,2.3,0.0,0.0,9.0,5.0,4.0,2.0,222.0,0.0,14.0,3.7,0.0,0.0,8.0,0.0,5.0,0.0,0.0,3.0,0.0,91.0,0.0,13.0,4.0,6.0
2026,Round 4,2026-04-03,Adelaide,away,CD_M20260140403,34,Corey Wagner,CD_I993940,0.0,1.0,0.0,0.0,3.0,0.0,0.0,0.0,0.0,0.0,0.0,0.0,38.9,7.0,2.0,77.8,18.0,14.0,5.0,0.0,0.0,0.0,0.0,0.0,0.0,7.0,9.0,0.0,0.0,0.0,0.0,0.0,0.0,3.0,55.6,1.0,0.0,0.0,9.0,2.0,0.0,0.0,283.0,0.0,8.0,6.9,6.0,0.0,2.0,1.0,0.0,0.0,5.0,1.0,0.0,76.0,5.0,18.0,6.0,11.0
2026,Round 4,2026-04-03,Adelaide,away,CD_M20260140403,23,Karl Worner,CD_I1021015,0.0,0.0,0.0,0.0,2.0,0.0,0.0,1.0,0.0,0.0,0.0,0.0,22.2,2.0,8.0,70.0,10.0,7.0,5.0,0.0,1.0,1.0,0.0,0.0,0.0,1.0,3.0,0.0,0.0,0.0,0.0,0.0,1.0,3.0,71.4,2.3,1.0,1.0,7.0,4.0,0.0,0.0,196.0,1.0,12.0,1.9,3.0,0.0,1.0,0.0,0.0,1.0,0.0,4.0,0.0,77.0,0.0,9.0,3.0,7.0
2026,Round 5,2026-04-10,Collingwood,away,CD_M20260140502,24,Jye Amiss,CD_I1020594,0.0,1.0,0.0,0.0,0.0,0.0,0.0,0.0,4.0,1.0,25.0,1.0,38.5,5.0,0.0,58.3,12.0,7.0,6.0,1.0,0.0,1.0,100.0,0.0,2.0,3.0,2.0,0.0,0.0,0.0,0.0,3.0,0.0,0.0,60.0,5.0,0.0,0.0,10.0,7.0,2.0,4.0,166.0,3.0,0.0,8.7,0.0,0.0,3.0,0.0,2.0,2.0,0.0,0.0,0.0,89.0,0.0,13.0,2.0,8.0
2026,Round 5,2026-04-10,Collingwood,away,CD_M20260140502,10,Shai Bolton,CD_I993993,0.0,2.0,13.0,0.0,4.0,0.0,0.0,0.0,0.0,0.0,0.0,0.0,45.0,9.0,6.0,41.2,17.0,7.0,5.0,3.0,2.0,1.0,50.0,0.0,1.0,7.0,3.0,0.0,0.0,0.0,0.0,5.0,0.0,1.0,35.7,4.7,0.0,0.0,14.0,1.0,0.0,0.0,398.0,0.0,12.0,5.8,0.0,0.0,2.0,0.0,2.0,0.0,3.0,3.0,1.0,85.0,3.0,20.0,8.0,11.0
2026,Round 5,2026-04-10,Collingwood,away,CD_M20260140502,8,Andrew Brayshaw,CD_I1002232,2.0,0.0,12.0,0.0,5.0,0.0,0.0,0.0,0.0,0.0,0.0,0.0,45.0,9.0,14.0,47.4,19.0,9.0,5.0,1.0,1.0,3.0,0.0,1.0,0.0,4.0,9.0,0.0,0.0,0.0,0.0,4.0,0.0,4.0,50.0,1.1,0.0,0.0,10.0,0.0,0.0,0.0,377.0,3.0,28.0,8.9,3.0,0.0,4.0,0.0,2.0,0.0,5.0,9.0,0.0,74.0,5.0,20.0,5.0,11.0
2026,Round 5,2026-04-10,Collingwood,away,CD_M20260140502,5,Heath Chapman,CD_I1013224,0.0,0.0,0.0,0.0,3.0,0.0,0.0,1.0,0.0,0.0,0.0,0.0,18.8,3.0,3.0,82.4,17.0,14.0,9.0,0.0,1.0,1.0,0.0,0.0,0.0,2.0,6.0,0.0,0.0,0.0,0.0,3.0,1.0,5.0,81.8,1.8,1.0,1.0,11.0,3.0,0.0,0.0,446.0,3.0,6.0,8.5,7.0,0.0,3.0,0.0,0.0,3.0,0.0,1.0,0.0,81.0,0.0,16.0,6.0,13.0
2026,Round 5,2026-04-10,Collingwood,away,CD_M20260140502,6,Jordan Clark,CD_I1006152,0.0,0.0,0.0,0.0,4.0,0.0,0.0,0.0,0.0,0.0,0.0,0.0,44.0,11.0,10.0,70.4,27.0,19.0,9.0,0.0,1.0,0.0,0.0,0.0,0.0,10.0,12.0,0.0,0.0,0.0,0.0,2.0,2.0,7.0,60.0,1.3,2.0,2.0,15.0,5.0,0.0,0.0,459.0,3.0,12.0,12.1,8.0,0.0,2.0,1.0,0.0,1.0,3.0,3.0,0.0,80.0,3.0,25.0,5.0,14.0
2026,Round 5,2026-04-10,Collingwood,away,CD_M20260140502,36,Brennan Cox,CD_I997033,0.0,0.0,0.0,0.0,1.0,0.0,0.0,4.0,0.0,0.0,0.0,0.0,33.3,4.0,8.0,69.2,13.0,9.0,4.0,0.0,1.0,0.0,0.0,0.0,0.0,3.0,7.0,0.0,0.0,0.0,0.0,0.0,1.0,6.0,66.7,0.9,0.0,0.0,6.0,3.0,0.0,0.0,100.0,13.0,10.0,8.5,4.0,0.0,3.0,2.0,0.0,13.0,1.0,2.0,0.0,85.0,1.0,12.0,2.0,8.0
2026,Round 5,2026-04-10,Collingwood,away,CD_M20260140502,4,Sean Darcy,CD_I998145,0.0,0.0,4.0,0.0,2.0,0.0,0.0,0.0,0.0,0.0,0.0,0.0,100.0,5.0,3.0,60.0,5.0,3.0,0.0,0.0,1.0,1.0,0.0,0.0,0.0,3.0,5.0,33.3,52.9,9.0,3.0,1.0,0.0,0.0,0.0,0.0,0.0,0.0,0.0,0.0,0.0,0.0,-26.0,0.0,3.0,3.7,0.0,17.0,1.0,0.0,0.0,0.0,1.0,0.0,0.0,26.0,1.0,5.0,0.0,0.0
2026,Round 5,2026-04-10,Collingwood,away,CD_M20260140502,43,Isaiah Dudley,CD_I1011558,0.0,0.0,0.0,0.0,4.0,0.0,0.0,0.0,0.0,0.0,0.0,0.0,50.0,3.0,5.0,75.0,8.0,6.0,4.0,1.0,1.0,1.0,100.0,0.0,2.0,2.0,2.0,0.0,0.0,0.0,0.0,0.0,0.0,1.0,66.7,3.0,0.0,0.0,6.0,2.0,1.0,0.0,103.0,1.0,12.0,6.9,1.0,0.0,4.0,0.0,2.0,0.0,1.0,4.0,1.0,71.0,1.0,6.0,3.0,3.0
2026,Round 5,2026-04-10,Collingwood,away,CD_M20260140502,28,Neil Erasmus,CD_I1020250,0.0,0.0,2.0,0.0,3.0,0.0,0.0,0.0,0.0,0.0,0.0,0.0,16.7,3.0,6.0,77.8,18.0,14.0,8.0,1.0,1.0,0.0,0.0,0.0,0.0,2.0,8.0,0.0,0.0,0.0,0.0,2.0,0.0,2.0,80.0,1.3,0.0,0.0,10.0,4.0,0.0,0.0,234.0,0.0,9.0,4.9,5.0,0.0,1.0,0.0,0.0,0.0,0.0,1.0,0.0,70.0,0.0,18.0,3.0,15.0
2026,Round 5,2026-04-10,Collingwood,away,CD_M20260140502,9,Luke Jackson,CD_I1009399,0.0,0.0,13.0,3.0,1.0,0.0,0.0,0.0,1.0,1.0,100.0,1.0,56.3,9.0,6.0,64.7,17.0,11.0,4.0,1.0,0.0,0.0,0.0,0.0,0.0,5.0,9.0,23.7,50.7,38.0,9.0,1.0,2.0,2.0,50.0,0.9,0.0,0.0,8.0,5.0,0.0,0.0,146.0,3.0,15.0,16.2,0.0,75.0,2.0,1.0,0.0,2.0,2.0,9.0,2.0,85.0,5.0,16.0,3.0,7.0
2026,Round 5,2026-04-10,Collingwood,away,CD_M20260140502,44,Matthew Johnson,CD_I1016825,0.0,0.0,3.0,0.0,4.0,0.0,0.0,0.0,0.0,0.0,0.0,0.0,30.0,3.0,6.0,70.0,10.0,7.0,5.0,0.0,2.0,0.0,100.0,2.0,1.0,3.0,2.0,0.0,0.0,0.0,0.0,5.0,0.0,3.0,62.5,4.0,0.0,0.0,8.0,1.0,0.0,0.0,270.0,0.0,11.0,11.1,0.0,1.0,4.0,2.0,1.0,0.0,1.0,5.0,0.0,77.0,1.0,10.0,5.0,7.0
2026,Round 5,2026-04-10,Collingwood,away,CD_M20260140502,17,Judd McVee,CD_I1017703,0.0,0.0,0.0,0.0,0.0,0.0,0.0,0.0,0.0,0.0,0.0,1.0,54.5,6.0,1.0,70.0,10.0,7.0,5.0,0.0,0.0,0.0,0.0,0.0,0.0,4.0,3.0,0.0,0.0,0.0,0.0,1.0,1.0,7.0,71.4,2.3,0.0,0.0,7.0,3.0,0.0,0.0,255.0,3.0,3.0,7.3,3.0,0.0,0.0,0.0,0.0,2.0,0.0,0.0,0.0,72.0,0.0,11.0,2.0,5.0
2026,Round 5,2026-04-10,Collingwood,away,CD_M20260140502,2,Jaeger O'Meara,CD_I294613,0.0,0.0,0.0,0.0,2.0,0.0,0.0,0.0,0.0,0.0,0.0,0.0,22.7,5.0,9.0,76.2,21.0,16.0,8.0,0.0,0.0,0.0,0.0,0.0,0.0,4.0,9.0,0.0,0.0,0.0,0.0,0.0,0.0,2.0,66.7,1.3,0.0,0.0,12.0,5.0,0.0,0.0,452.0,1.0,13.0,8.5,4.0,0.0,4.0,0.0,0.0,1.0,1.0,2.0,0.0,82.0,1.0,22.0,5.0,17.0
2026,Round 5,2026-04-10,Collingwood,away,CD_M20260140502,25,Alex Pearce,CD_I298409,0.0,0.0,0.0,0.0,1.0,0.0,0.0,4.0,0.0,0.0,0.0,4.0,73.3,11.0,5.0,85.7,14.0,12.0,7.0,0.0,0.0,1.0,0.0,0.0,0.0,5.0,7.0,0.0,0.0,0.0,0.0,2.0,5.0,10.0,100.0,1.0,0.0,0.0,7.0,5.0,0.0,0.0,212.0,6.0,5.0,18.0,1.0,0.0,0.0,0.0,0.0,5.0,0.0,2.0,0.0,90.0,0.0,15.0,5.0,4.0
2026,Round 5,2026-04-10,Collingwood,away,CD_M20260140502,16,Murphy Reid,CD_I1028513,0.0,0.0,3.0,0.0,3.0,0.0,0.0,0.0,1.0,1.0,100.0,0.0,40.9,9.0,5.0,50.0,22.0,11.0,7.0,4.0,0.0,0.0,0.0,2.0,0.0,8.0,11.0,0.0,0.0,0.0,0.0,4.0,0.0,2.0,63.6,1.0,0.0,0.0,11.0,4.0,0.0,1.0,244.0,1.0,11.0,6.4,0.0,0.0,3.0,0.0,0.0,0.0,0.0,1.0,0.0,77.0,0.0,22.0,4.0,13.0
2026,Round 5,2026-04-10,Collingwood,away,CD_M20260140502,13,Luke Ryan,CD_I998659,0.0,0.0,0.0,0.0,1.0,50.0,1.0,2.0,0.0,0.0,0.0,1.0,30.0,6.0,13.0,96.0,25.0,24.0,22.0,0.0,0.0,2.0,0.0,0.0,0.0,3.0,2.0,0.0,0.0,0.0,0.0,0.0,2.0,6.0,95.7,11.5,5.0,5.0,23.0,10.0,0.0,0.0,501.0,2.0,14.0,15.6,10.0,0.0,1.0,1.0,0.0,2.0,1.0,4.0,0.0,89.0,1.0,20.0,2.0,14.0
2026,Round 5,2026-04-10,Collingwood,away,CD_M20260140502,45,Christopher Scerri,CD_I1040573,0.0,0.0,0.0,0.0,3.0,0.0,0.0,0.0,1.0,0.0,0.0,0.0,37.5,3.0,3.0,100.0,7.0,7.0,0.0,3.0,3.0,0.0,0.0,0.0,0.0,3.0,7.0,0.0,0.0,0.0,0.0,0.0,0.0,0.0,0.0,0.0,0.0,0.0,0.0,0.0,0.0,0.0,11.0,0.0,15.0,2.6,0.0,0.0,5.0,0.0,0.0,0.0,0.0,1.0,1.0,68.0,0.0,8.0,2.0,5.0
2026,Round 5,2026-04-10,Collingwood,away,CD_M20260140502,3,Caleb Serong,CD_I1009420,0.0,0.0,14.0,4.0,2.0,0.0,0.0,0.0,0.0,0.0,0.0,0.0,50.0,11.0,13.0,62.5,24.0,15.0,7.0,1.0,0.0,0.0,0.0,0.0,0.0,7.0,11.0,0.0,0.0,0.0,0.0,2.0,0.0,2.0,53.8,1.2,0.0,0.0,13.0,4.0,0.0,0.0,260.0,1.0,22.0,13.0,2.0,0.0,1.0,0.0,0.0,0.0,4.0,3.0,0.0,84.0,8.0,22.0,4.0,11.0
2026,Round 5,2026-04-10,Collingwood,away,CD_M20260140502,39,Sam Switkowski,CD_I992059,0.0,0.0,0.0,0.0,3.0,0.0,0.0,0.0,0.0,0.0,0.0,1.0,62.5,10.0,8.0,58.8,17.0,10.0,5.0,0.0,0.0,1.0,100.0,0.0,1.0,8.0,9.0,0.0,0.0,0.0,0.0,3.0,0.0,4.0,62.5,0.9,0.0,0.0,8.0,3.0,1.0,1.0,236.0,1.0,18.0,9.3,0.0,0.0,4.0,2.0,1.0,1.0,1.0,0.0,0.0,75.0,1.0,16.0,4.0,6.0
2026,Round 5,2026-04-10,Collingwood,away,CD_M20260140502,35,Josh Treacy,CD_I1012819,0.0,0.0,0.0,0.0,3.0,0.0,0.0,0.0,5.0,0.0,0.0,3.0,50.0,7.0,3.0,71.4,14.0,10.0,4.0,1.0,2.0,1.0,0.0,0.0,0.0,3.0,7.0,0.0,0.0,0.0,0.0,3.0,1.0,1.0,57.1,1.0,0.0,0.0,7.0,4.0,0.0,0.0,178.0,1.0,11.0,8.9,0.0,0.0,2.0,0.0,0.0,1.0,0.0,4.0,1.0,87.0,0.0,14.0,4.0,7.0
2026,Round 5,2026-04-10,Collingwood,away,CD_M20260140502,20,Patrick Voss,CD_I1017754,1.0,0.0,0.0,0.0,3.0,0.0,0.0,0.0,2.0,0.0,0.0,0.0,16.7,1.0,5.0,83.3,6.0,5.0,3.0,0.0,1.0,0.0,0.0,0.0,0.0,1.0,2.0,0.0,0.0,0.0,0.0,0.0,0.0,0.0,75.0,2.0,0.0,0.0,4.0,3.0,1.0,0.0,121.0,0.0,16.0,-3.4,0.0,0.0,2.0,0.0,1.0,0.0,0.0,2.0,1.0,86.0,0.0,6.0,2.0,5.0
2026,Round 5,2026-04-10,Collingwood,away,CD_M20260140502,34,Corey Wagner,CD_I993940,0.0,1.0,0.0,1.0,0.0,0.0,0.0,1.0,0.0,0.0,0.0,0.0,43.8,7.0,8.0,87.5,16.0,14.0,9.0,0.0,0.0,0.0,0.0,1.0,0.0,4.0,6.0,0.0,0.0,0.0,0.0,2.0,0.0,2.0,90.0,1.7,0.0,0.0,10.0,2.0,0.0,0.0,305.0,2.0,19.0,16.2,3.0,0.0,3.0,1.0,0.0,1.0,2.0,3.0,0.0,78.0,3.0,16.0,3.0,9.0
2026,Round 5,2026-04-10,Collingwood,away,CD_M20260140502,23,Karl Worner,CD_I1021015,0.0,0.0,0.0,0.0,2.0,0.0,0.0,1.0,0.0,0.0,0.0,0.0,38.9,7.0,8.0,89.5,19.0,17.0,11.0,0.0,2.0,1.0,0.0,0.0,0.0,6.0,7.0,0.0,0.0,0.0,0.0,2.0,3.0,9.0,91.7,1.7,1.0,1.0,12.0,7.0,0.0,0.0,347.0,5.0,8.0,14.2,4.0,0.0,1.0,0.0,0.0,5.0,0.0,4.0,0.0,87.0,0.0,18.0,3.0,11.0
2026,Round 6,2026-04-19,West Coast,away,CD_M20260140609,24,Jye Amiss,CD_I1020594,4.0,0.0,0.0,0.0,1.0,0.0,0.0,0.0,2.0,1.0,50.0,2.0,23.1,3.0,1.0,53.8,13.0,7.0,6.0,1.0,0.0,0.0,50.0,1.0,5.0,1.0,2.0,0.0,0.0,0.0,0.0,0.0,0.0,0.0,54.5,5.5,0.0,0.0,11.0,10.0,9.0,2.0,312.0,2.0,7.0,12.2,0.0,0.0,11.0,0.0,10.0,1.0,0.0,0.0,0.0,87.0,0.0,13.0,2.0,10.0
2026,Round 6,2026-04-19,West Coast,away,CD_M20260140609,10,Shai Bolton,CD_I993993,0.0,2.0,13.0,2.0,5.0,0.0,0.0,0.0,0.0,0.0,0.0,0.0,53.3,8.0,10.0,75.0,16.0,12.0,6.0,2.0,2.0,0.0,50.0,1.0,1.0,5.0,8.0,0.0,0.0,0.0,0.0,3.0,0.0,1.0,75.0,1.0,0.0,0.0,8.0,3.0,0.0,0.0,221.0,1.0,20.0,10.1,1.0,0.0,4.0,2.0,2.0,0.0,1.0,3.0,0.0,82.0,3.0,15.0,1.0,7.0
2026,Round 6,2026-04-19,West Coast,away,CD_M20260140609,8,Andrew Brayshaw,CD_I1002232,0.0,0.0,19.0,1.0,2.0,0.0,0.0,0.0,0.0,0.0,0.0,0.0,40.0,6.0,8.0,80.0,15.0,12.0,3.0,0.0,1.0,1.0,0.0,0.0,0.0,5.0,10.0,0.0,0.0,0.0,0.0,1.0,0.0,2.0,60.0,0.5,0.0,0.0,5.0,1.0,0.0,0.0,155.0,3.0,14.0,9.2,0.0,0.0,3.0,0.0,0.0,2.0,2.0,7.0,1.0,78.0,3.0,15.0,3.0,9.0
2026,Round 6,2026-04-19,West Coast,away,CD_M20260140609,5,Heath Chapman,CD_I1013224,0.0,0.0,0.0,0.0,2.0,0.0,0.0,0.0,0.0,0.0,0.0,2.0,30.4,7.0,7.0,84.0,25.0,21.0,12.0,0.0,0.0,1.0,0.0,0.0,0.0,5.0,10.0,0.0,0.0,0.0,0.0,4.0,3.0,9.0,80.0,1.5,1.0,1.0,15.0,7.0,0.0,1.0,441.0,3.0,7.0,13.6,2.0,0.0,6.0,2.0,0.0,3.0,0.0,2.0,0.0,84.0,0.0,23.0,5.0,16.0
2026,Round 6,2026-04-19,West Coast,away,CD_M20260140609,6,Jordan Clark,CD_I1006152,0.0,3.0,0.0,0.0,1.0,0.0,0.0,0.0,0.0,0.0,0.0,0.0,12.5,3.0,6.0,92.6,27.0,25.0,19.0,0.0,1.0,2.0,100.0,1.0,1.0,2.0,6.0,0.0,0.0,0.0,0.0,5.0,2.0,3.0,90.5,3.5,3.0,3.0,21.0,11.0,0.0,1.0,629.0,3.0,7.0,14.2,6.0,0.0,11.0,2.0,1.0,3.0,2.0,1.0,0.0,87.0,2.0,24.0,3.0,21.0
2026,Round 6,2026-04-19,West Coast,away,CD_M20260140609,36,Brennan Cox,CD_I997033,0.0,0.0,0.0,0.0,4.0,100.0,1.0,1.0,0.0,0.0,0.0,1.0,9.1,1.0,3.0,80.0,10.0,8.0,7.0,0.0,1.0,0.0,0.0,0.0,0.0,0.0,1.0,0.0,0.0,0.0,0.0,0.0,3.0,3.0,77.8,9.0,0.0,0.0,9.0,10.0,0.0,0.0,161.0,3.0,3.0,2.1,3.0,0.0,2.0,1.0,0.0,3.0,0.0,0.0,0.0,82.0,0.0,11.0,3.0,10.0
2026,Round 6,2026-04-19,West Coast,away,CD_M20260140609,18,Mason Cox,CD_I998647,1.0,0.0,7.0,1.0,2.0,0.0,0.0,0.0,0.0,0.0,0.0,2.0,100.0,4.0,3.0,50.0,4.0,2.0,2.0,0.0,1.0,0.0,0.0,0.0,0.0,0.0,0.0,38.5,50.0,13.0,5.0,0.0,1.0,1.0,50.0,4.0,0.0,0.0,4.0,2.0,1.0,0.0,75.0,4.0,3.0,7.3,1.0,26.0,2.0,1.0,1.0,3.0,2.0,2.0,0.0,59.0,3.0,4.0,2.0,0.0
2026,Round 6,2026-04-19,West Coast,away,CD_M20260140609,43,Isaiah Dudley,CD_I1011558,0.0,0.0,0.0,0.0,0.0,0.0,0.0,0.0,0.0,0.0,0.0,0.0,20.0,1.0,6.0,80.0,5.0,4.0,2.0,0.0,0.0,0.0,0.0,1.0,0.0,1.0,2.0,0.0,0.0,0.0,0.0,2.0,0.0,1.0,66.7,1.5,0.0,0.0,3.0,3.0,0.0,1.0,108.0,0.0,14.0,3.8,0.0,0.0,4.0,1.0,0.0,0.0,0.0,3.0,0.0,75.0,0.0,5.0,0.0,4.0
2026,Round 6,2026-04-19,West Coast,away,CD_M20260140609,28,Neil Erasmus,CD_I1020250,1.0,0.0,1.0,0.0,3.0,0.0,0.0,0.0,0.0,0.0,0.0,1.0,38.5,5.0,6.0,46.2,13.0,6.0,5.0,0.0,0.0,0.0,50.0,1.0,1.0,3.0,3.0,0.0,0.0,0.0,0.0,2.0,0.0,3.0,50.0,3.3,0.0,0.0,10.0,4.0,2.0,1.0,329.0,2.0,13.0,3.7,3.0,0.0,6.0,0.0,2.0,1.0,0.0,5.0,0.0,75.0,0.0,13.0,4.0,8.0
2026,Round 6,2026-04-19,West Coast,away,CD_M20260140609,32,Michael Frederick,CD_I999321,0.0,0.0,0.0,0.0,1.0,0.0,0.0,0.0,1.0,0.0,0.0,0.0,14.3,1.0,5.0,85.7,7.0,6.0,4.0,0.0,0.0,1.0,0.0,0.0,0.0,1.0,3.0,0.0,0.0,0.0,0.0,1.0,0.0,1.0,100.0,1.3,0.0,0.0,4.0,3.0,1.0,1.0,114.0,1.0,8.0,5.4,0.0,0.0,4.0,1.0,0.0,0.0,0.0,2.0,0.0,64.0,0.0,7.0,1.0,6.0
2026,Round 6,2026-04-19,West Coast,away,CD_M20260140609,9,Luke Jackson,CD_I1009399,0.0,0.0,16.0,1.0,4.0,0.0,0.0,0.0,0.0,0.0,0.0,1.0,43.8,7.0,3.0,100.0,16.0,16.0,7.0,0.0,3.0,1.0,100.0,0.0,1.0,3.0,9.0,27.6,63.0,29.0,8.0,1.0,2.0,5.0,100.0,0.8,0.0,0.0,7.0,3.0,0.0,0.0,139.0,1.0,13.0,11.1,1.0,46.0,9.0,4.0,1.0,1.0,1.0,7.0,1.0,80.0,2.0,16.0,2.0,9.0
2026,Round 6,2026-04-19,West Coast,away,CD_M20260140609,44,Matthew Johnson,CD_I1016825,0.0,0.0,5.0,1.0,2.0,0.0,0.0,0.0,0.0,0.0,0.0,0.0,30.0,6.0,8.0,85.0,20.0,17.0,6.0,0.0,1.0,1.0,0.0,0.0,0.0,3.0,12.0,0.0,0.0,0.0,0.0,1.0,0.0,0.0,75.0,0.7,0.0,0.0,8.0,4.0,0.0,1.0,303.0,0.0,10.0,5.4,4.0,0.0,6.0,0.0,0.0,0.0,1.0,3.0,0.0,75.0,2.0,20.0,2.0,14.0
2026,Round 6,2026-04-19,West Coast,away,CD_M20260140609,17,Judd McVee,CD_I1017703,0.0,3.0,0.0,0.0,5.0,0.0,0.0,0.0,0.0,0.0,0.0,0.0,30.0,6.0,2.0,60.0,20.0,12.0,8.0,1.0,0.0,0.0,0.0,0.0,0.0,5.0,7.0,0.0,0.0,0.0,0.0,1.0,3.0,6.0,61.5,1.9,1.0,1.0,13.0,9.0,0.0,0.0,200.0,1.0,4.0,3.1,4.0,0.0,5.0,1.0,0.0,0.0,0.0,0.0,0.0,80.0,0.0,20.0,4.0,14.0
2026,Round 6,2026-04-19,West Coast,away,CD_M20260140609,25,Alex Pearce,CD_I298409,0.0,0.0,0.0,0.0,0.0,33.3,1.0,3.0,0.0,0.0,0.0,1.0,28.6,2.0,2.0,85.7,7.0,6.0,3.0,0.0,0.0,0.0,0.0,0.0,0.0,1.0,3.0,0.0,0.0,0.0,0.0,1.0,1.0,2.0,75.0,1.3,0.0,0.0,4.0,3.0,0.0,0.0,77.0,4.0,4.0,5.1,1.0,0.0,0.0,0.0,0.0,4.0,0.0,0.0,0.0,89.0,0.0,7.0,2.0,5.0
2026,Round 6,2026-04-19,West Coast,away,CD_M20260140609,16,Murphy Reid,CD_I1028513,2.0,2.0,0.0,0.0,3.0,0.0,0.0,0.0,0.0,0.0,0.0,0.0,24.0,6.0,5.0,69.2,26.0,18.0,9.0,1.0,0.0,1.0,0.0,3.0,0.0,5.0,10.0,0.0,0.0,0.0,0.0,5.0,0.0,4.0,56.3,1.6,0.0,0.0,16.0,5.0,1.0,1.0,437.0,1.0,12.0,9.2,0.0,0.0,10.0,0.0,2.0,0.0,0.0,5.0,0.0,82.0,0.0,25.0,3.0,19.0
2026,Round 6,2026-04-19,West Coast,away,CD_M20260140609,13,Luke Ryan,CD_I998659,1.0,0.0,0.0,0.0,4.0,100.0,1.0,1.0,0.0,0.0,0.0,1.0,30.4,7.0,6.0,80.8,26.0,21.0,16.0,0.0,2.0,0.0,0.0,0.0,0.0,6.0,7.0,0.0,0.0,0.0,0.0,4.0,3.0,11.0,84.2,2.7,5.0,4.0,19.0,8.0,1.0,0.0,628.0,7.0,6.0,13.9,5.0,0.0,6.0,4.0,1.0,6.0,0.0,0.0,0.0,93.0,0.0,23.0,6.0,16.0
2026,Round 6,2026-04-19,West Coast,away,CD_M20260140609,3,Caleb Serong,CD_I1009420,0.0,0.0,20.0,2.0,4.0,0.0,0.0,0.0,0.0,0.0,0.0,0.0,50.0,13.0,9.0,70.8,24.0,17.0,5.0,1.0,1.0,2.0,100.0,0.0,1.0,8.0,13.0,0.0,0.0,0.0,0.0,1.0,0.0,4.0,45.5,0.8,0.0,0.0,11.0,4.0,0.0,1.0,322.0,0.0,21.0,15.2,4.0,0.0,9.0,3.0,1.0,0.0,4.0,3.0,0.0,76.0,6.0,26.0,3.0,13.0
2026,Round 6,2026-04-19,West Coast,away,CD_M20260140609,39,Sam Switkowski,CD_I992059,0.0,0.0,0.0,0.0,1.0,0.0,0.0,0.0,0.0,0.0,0.0,1.0,33.3,4.0,5.0,91.7,12.0,11.0,6.0,1.0,0.0,0.0,0.0,2.0,0.0,3.0,6.0,0.0,0.0,0.0,0.0,2.0,0.0,0.0,100.0,1.0,0.0,0.0,6.0,4.0,0.0,1.0,148.0,1.0,14.0,11.5,0.0,0.0,6.0,0.0,0.0,1.0,1.0,4.0,2.0,64.0,1.0,12.0,0.0,8.0
2026,Round 6,2026-04-19,West Coast,away,CD_M20260140609,35,Josh Treacy,CD_I1012819,1.0,0.0,0.0,0.0,1.0,0.0,0.0,0.0,1.0,0.0,0.0,2.0,60.0,6.0,1.0,90.0,10.0,9.0,3.0,1.0,1.0,1.0,50.0,1.0,1.0,3.0,6.0,0.0,0.0,0.0,0.0,2.0,0.0,2.0,75.0,0.7,0.0,0.0,4.0,3.0,1.0,1.0,153.0,2.0,7.0,10.9,0.0,0.0,6.0,1.0,2.0,1.0,0.0,2.0,1.0,83.0,0.0,10.0,1.0,4.0
2026,Round 6,2026-04-19,West Coast,away,CD_M20260140609,20,Patrick Voss,CD_I1017754,0.0,0.0,0.0,0.0,2.0,0.0,0.0,0.0,3.0,0.0,0.0,1.0,41.7,5.0,0.0,66.7,12.0,8.0,4.0,2.0,1.0,0.0,100.0,0.0,3.0,4.0,6.0,0.0,0.0,0.0,0.0,0.0,0.0,1.0,66.7,1.0,0.0,0.0,6.0,4.0,2.0,0.0,119.0,2.0,8.0,6.9,1.0,0.0,6.0,0.0,3.0,2.0,0.0,2.0,2.0,86.0,0.0,12.0,3.0,7.0
2026,Round 6,2026-04-19,West Coast,away,CD_M20260140609,34,Corey Wagner,CD_I993940,0.0,0.0,0.0,0.0,4.0,0.0,0.0,0.0,0.0,0.0,0.0,0.0,30.4,7.0,5.0,66.7,21.0,14.0,11.0,0.0,1.0,0.0,0.0,0.0,0.0,7.0,3.0,0.0,0.0,0.0,0.0,5.0,0.0,4.0,61.1,6.0,0.0,0.0,18.0,6.0,1.0,0.0,557.0,3.0,10.0,9.9,3.0,0.0,6.0,1.0,0.0,3.0,1.0,1.0,0.0,80.0,1.0,23.0,8.0,16.0
2026,Round 6,2026-04-19,West Coast,away,CD_M20260140609,23,Karl Worner,CD_I1021015,0.0,0.0,0.0,0.0,2.0,0.0,0.0,0.0,1.0,0.0,0.0,0.0,30.8,4.0,7.0,69.2,13.0,9.0,4.0,0.0,0.0,1.0,0.0,0.0,0.0,3.0,5.0,0.0,0.0,0.0,0.0,1.0,3.0,5.0,50.0,1.6,0.0,0.0,8.0,5.0,0.0,0.0,211.0,0.0,8.0,5.1,3.0,0.0,3.0,2.0,0.0,0.0,1.0,2.0,0.0,72.0,1.0,13.0,4.0,9.0
2026,Round 6,2026-04-19,West Coast,away,CD_M20260140609,26,Hayden Young,CD_I1009256,1.0,1.0,11.0,2.0,3.0,0.0,0.0,0.0,0.0,0.0,0.0,0.0,31.8,7.0,4.0,65.2,23.0,15.0,8.0,1.0,1.0,0.0,0.0,1.0,0.0,4.0,7.0,0.0,0.0,0.0,0.0,8.0,1.0,3.0,50.0,2.3,0.0,0.0,16.0,8.0,0.0,3.0,456.0,0.0,11.0,8.3,1.0,0.0,8.0,0.0,1.0,0.0,2.0,2.0,0.0,66.0,4.0,22.0,7.0,15.0
2026,Round 7,2026-04-25,Carlton,home,CD_M20260140706,24,Jye Amiss,CD_I1020594,0.0,0.0,0.0,0.0,1.0,0.0,0.0,0.0,1.0,1.0,100.0,1.0,25.0,3.0,2.0,75.0,12.0,9.0,6.0,0.0,0.0,2.0,60.0,1.0,3.0,0.0,3.0,0.0,0.0,0.0,0.0,1.0,0.0,1.0,66.7,3.0,0.0,0.0,9.0,7.0,4.0,3.0,135.0,1.0,5.0,10.7,0.0,0.0,4.0,0.0,5.0,1.0,0.0,1.0,0.0,93.0,0.0,12.0,2.0,9.0
2026,Round 7,2026-04-25,Carlton,home,CD_M20260140706,10,Shai Bolton,CD_I993993,2.0,1.0,18.0,3.0,4.0,0.0,0.0,0.0,0.0,0.0,0.0,0.0,32.4,11.0,8.0,72.7,33.0,24.0,10.0,1.0,1.0,1.0,40.0,3.0,2.0,7.0,17.0,0.0,0.0,0.0,0.0,9.0,0.0,4.0,62.5,0.9,0.0,0.0,16.0,4.0,0.0,0.0,641.0,2.0,23.0,29.5,2.0,0.0,10.0,1.0,5.0,0.0,1.0,8.0,0.0,83.0,4.0,34.0,6.0,23.0
2026,Round 7,2026-04-25,Carlton,home,CD_M20260140706,8,Andrew Brayshaw,CD_I1002232,0.0,1.0,22.0,3.0,3.0,0.0,0.0,0.0,0.0,0.0,0.0,0.0,40.7,11.0,18.0,76.9,26.0,20.0,6.0,0.0,1.0,1.0,0.0,0.0,0.0,5.0,15.0,0.0,0.0,0.0,0.0,2.0,0.0,2.0,54.5,0.7,0.0,0.0,11.0,2.0,0.0,0.0,203.0,2.0,35.0,12.6,1.0,0.0,8.0,0.0,0.0,0.0,2.0,10.0,0.0,76.0,5.0,27.0,4.0,16.0
2026,Round 7,2026-04-25,Carlton,home,CD_M20260140706,5,Heath Chapman,CD_I1013224,0.0,0.0,0.0,0.0,2.0,0.0,0.0,0.0,0.0,0.0,0.0,0.0,15.4,2.0,6.0,85.7,14.0,12.0,9.0,0.0,2.0,0.0,0.0,0.0,0.0,2.0,4.0,0.0,0.0,0.0,0.0,2.0,0.0,2.0,90.0,2.5,0.0,0.0,10.0,3.0,0.0,1.0,239.0,1.0,9.0,4.5,2.0,0.0,2.0,0.0,0.0,1.0,0.0,2.0,0.0,79.0,0.0,13.0,1.0,11.0
2026,Round 7,2026-04-25,Carlton,home,CD_M20260140706,6,Jordan Clark,CD_I1006152,0.0,0.0,0.0,0.0,3.0,0.0,0.0,0.0,0.0,0.0,0.0,0.0,9.5,2.0,5.0,84.0,25.0,21.0,12.0,0.0,0.0,1.0,0.0,2.0,0.0,1.0,9.0,0.0,0.0,0.0,0.0,3.0,1.0,4.0,75.0,1.8,3.0,3.0,16.0,6.0,0.0,0.0,437.0,2.0,7.0,5.3,4.0,0.0,5.0,3.0,0.0,2.0,0.0,0.0,0.0,81.0,0.0,21.0,3.0,19.0
2026,Round 7,2026-04-25,Carlton,home,CD_M20260140706,36,Brennan Cox,CD_I997033,0.0,0.0,0.0,0.0,1.0,0.0,0.0,0.0,0.0,0.0,0.0,0.0,15.4,2.0,3.0,92.9,14.0,13.0,10.0,0.0,1.0,1.0,0.0,0.0,0.0,1.0,3.0,0.0,0.0,0.0,0.0,0.0,4.0,6.0,90.9,3.7,1.0,1.0,11.0,7.0,0.0,0.0,242.0,6.0,3.0,6.2,2.0,0.0,3.0,1.0,0.0,6.0,0.0,1.0,0.0,84.0,0.0,13.0,1.0,11.0
2026,Round 7,2026-04-25,Carlton,home,CD_M20260140706,18,Mason Cox,CD_I998647,0.0,0.0,8.0,0.0,5.0,0.0,0.0,0.0,1.0,0.0,0.0,3.0,44.4,4.0,2.0,62.5,8.0,5.0,3.0,1.0,2.0,0.0,66.7,0.0,2.0,1.0,4.0,37.5,50.0,8.0,3.0,0.0,0.0,0.0,75.0,1.0,0.0,0.0,4.0,4.0,3.0,1.0,59.0,2.0,11.0,5.6,0.0,16.0,3.0,0.0,3.0,0.0,0.0,3.0,0.0,81.0,0.0,9.0,4.0,5.0
2026,Round 7,2026-04-25,Carlton,home,CD_M20260140706,43,Isaiah Dudley,CD_I1011558,1.0,0.0,0.0,0.0,1.0,0.0,0.0,0.0,0.0,0.0,0.0,0.0,50.0,3.0,2.0,50.0,6.0,3.0,2.0,3.0,1.0,0.0,0.0,1.0,0.0,3.0,2.0,0.0,0.0,0.0,0.0,1.0,0.0,0.0,50.0,2.0,0.0,0.0,4.0,1.0,1.0,0.0,109.0,0.0,7.0,1.0,0.0,0.0,4.0,1.0,2.0,0.0,1.0,2.0,0.0,63.0,1.0,6.0,1.0,3.0
2026,Round 7,2026-04-25,Carlton,home,CD_M20260140706,28,Neil Erasmus,CD_I1020250,0.0,0.0,0.0,0.0,4.0,0.0,0.0,1.0,0.0,0.0,0.0,0.0,47.1,8.0,3.0,66.7,15.0,10.0,4.0,0.0,2.0,1.0,0.0,1.0,0.0,5.0,7.0,0.0,0.0,0.0,0.0,3.0,0.0,1.0,50.0,1.1,0.0,0.0,8.0,6.0,0.0,0.0,207.0,2.0,6.0,6.0,2.0,0.0,1.0,0.0,0.0,2.0,5.0,0.0,0.0,74.0,5.0,17.0,3.0,9.0
2026,Round 7,2026-04-25,Carlton,home,CD_M20260140706,32,Michael Frederick,CD_I999321,1.0,1.0,0.0,0.0,3.0,0.0,0.0,0.0,2.0,0.0,0.0,0.0,27.3,3.0,1.0,45.5,11.0,5.0,4.0,1.0,1.0,0.0,50.0,1.0,2.0,3.0,3.0,0.0,0.0,0.0,0.0,2.0,0.0,0.0,50.0,2.7,0.0,0.0,8.0,5.0,3.0,0.0,255.0,0.0,6.0,6.6,0.0,0.0,5.0,0.0,4.0,0.0,0.0,2.0,0.0,69.0,0.0,11.0,4.0,8.0
2026,Round 7,2026-04-25,Carlton,home,CD_M20260140706,9,Luke Jackson,CD_I1009399,1.0,0.0,25.0,2.0,3.0,0.0,0.0,1.0,0.0,0.0,0.0,2.0,39.1,9.0,7.0,71.4,21.0,15.0,6.0,0.0,0.0,2.0,66.7,0.0,2.0,5.0,13.0,45.2,51.7,31.0,14.0,2.0,3.0,6.0,75.0,0.6,0.0,0.0,8.0,5.0,0.0,0.0,205.0,4.0,24.0,27.1,0.0,60.0,8.0,7.0,3.0,3.0,1.0,6.0,0.0,77.0,3.0,23.0,2.0,14.0
2026,Round 7,2026-04-25,Carlton,home,CD_M20260140706,44,Matthew Johnson,CD_I1016825,0.0,0.0,10.0,1.0,3.0,0.0,0.0,0.0,0.0,0.0,0.0,0.0,21.4,3.0,6.0,85.7,14.0,12.0,3.0,0.0,2.0,1.0,0.0,1.0,0.0,2.0,10.0,0.0,0.0,0.0,0.0,2.0,0.0,0.0,75.0,0.4,0.0,0.0,4.0,1.0,0.0,0.0,175.0,4.0,12.0,6.3,2.0,0.0,2.0,0.0,1.0,2.0,1.0,3.0,0.0,71.0,2.0,14.0,3.0,11.0
2026,Round 7,2026-04-25,Carlton,home,CD_M20260140706,17,Judd McVee,CD_I1017703,0.0,1.0,0.0,0.0,2.0,0.0,0.0,0.0,0.0,0.0,0.0,1.0,23.8,5.0,5.0,100.0,22.0,22.0,11.0,0.0,1.0,0.0,0.0,0.0,0.0,4.0,11.0,0.0,0.0,0.0,0.0,0.0,1.0,5.0,100.0,1.0,1.0,1.0,11.0,7.0,0.0,0.0,198.0,0.0,6.0,10.3,5.0,0.0,4.0,1.0,0.0,0.0,0.0,2.0,0.0,83.0,0.0,21.0,1.0,16.0
2026,Round 7,2026-04-25,Carlton,home,CD_M20260140706,25,Alex Pearce,CD_I298409,0.0,0.0,0.0,0.0,3.0,0.0,0.0,4.0,0.0,0.0,0.0,1.0,66.7,6.0,8.0,77.8,9.0,7.0,4.0,0.0,1.0,1.0,0.0,0.0,0.0,4.0,4.0,0.0,0.0,0.0,0.0,1.0,3.0,7.0,80.0,1.3,0.0,0.0,5.0,4.0,0.0,0.0,132.0,2.0,8.0,6.4,4.0,0.0,1.0,1.0,0.0,2.0,0.0,3.0,0.0,83.0,0.0,9.0,2.0,3.0
2026,Round 7,2026-04-25,Carlton,home,CD_M20260140706,16,Murphy Reid,CD_I1028513,0.0,2.0,10.0,1.0,1.0,0.0,0.0,0.0,0.0,0.0,0.0,0.0,21.7,5.0,8.0,82.6,23.0,19.0,8.0,0.0,0.0,0.0,0.0,1.0,0.0,4.0,12.0,0.0,0.0,0.0,0.0,3.0,0.0,1.0,72.7,0.9,0.0,0.0,11.0,5.0,0.0,2.0,179.0,0.0,16.0,9.8,0.0,0.0,5.0,0.0,0.0,0.0,2.0,1.0,0.0,84.0,3.0,23.0,3.0,18.0
2026,Round 7,2026-04-25,Carlton,home,CD_M20260140706,13,Luke Ryan,CD_I998659,0.0,0.0,0.0,0.0,3.0,0.0,0.0,2.0,0.0,0.0,0.0,0.0,11.8,2.0,4.0,91.7,24.0,22.0,19.0,0.0,2.0,1.0,0.0,0.0,0.0,2.0,4.0,0.0,0.0,0.0,0.0,2.0,0.0,3.0,95.0,5.0,6.0,6.0,20.0,8.0,0.0,1.0,570.0,5.0,6.0,2.5,8.0,0.0,6.0,1.0,0.0,3.0,0.0,1.0,0.0,91.0,0.0,17.0,4.0,15.0
2026,Round 7,2026-04-25,Carlton,home,CD_M20260140706,3,Caleb Serong,CD_I1009420,0.0,0.0,20.0,3.0,5.0,0.0,0.0,0.0,0.0,0.0,0.0,0.0,60.9,14.0,8.0,50.0,22.0,11.0,4.0,1.0,1.0,1.0,0.0,1.0,0.0,10.0,10.0,0.0,0.0,0.0,0.0,5.0,0.0,5.0,33.3,1.2,0.0,0.0,12.0,0.0,0.0,0.0,334.0,1.0,15.0,14.0,2.0,0.0,7.0,4.0,0.0,0.0,2.0,3.0,0.0,72.0,5.0,23.0,7.0,9.0
2026,Round 7,2026-04-25,Carlton,home,CD_M20260140706,14,Jeremy Sharp,CD_I1009380,0.0,0.0,0.0,0.0,0.0,0.0,0.0,0.0,1.0,0.0,0.0,0.0,7.1,1.0,0.0,100.0,14.0,14.0,8.0,0.0,0.0,0.0,100.0,0.0,2.0,1.0,6.0,0.0,0.0,0.0,0.0,1.0,0.0,0.0,100.0,1.3,0.0,0.0,8.0,8.0,2.0,0.0,211.0,0.0,3.0,7.1,0.0,0.0,4.0,0.0,2.0,0.0,0.0,1.0,1.0,71.0,0.0,14.0,1.0,13.0
2026,Round 7,2026-04-25,Carlton,home,CD_M20260140706,39,Sam Switkowski,CD_I992059,0.0,0.0,0.0,0.0,0.0,0.0,0.0,1.0,0.0,0.0,0.0,1.0,42.9,6.0,3.0,83.3,12.0,10.0,0.0,1.0,0.0,0.0,0.0,1.0,0.0,4.0,10.0,0.0,0.0,0.0,0.0,3.0,1.0,2.0,0.0,0.2,0.0,0.0,2.0,3.0,0.0,0.0,51.0,2.0,18.0,9.6,0.0,0.0,7.0,1.0,0.0,0.0,0.0,2.0,1.0,68.0,0.0,14.0,2.0,8.0
2026,Round 7,2026-04-25,Carlton,home,CD_M20260140706,35,Josh Treacy,CD_I1012819,0.0,0.0,0.0,0.0,2.0,0.0,0.0,0.0,7.0,0.0,0.0,1.0,37.5,3.0,2.0,100.0,8.0,8.0,6.0,0.0,2.0,1.0,100.0,1.0,3.0,1.0,2.0,0.0,0.0,0.0,0.0,1.0,1.0,2.0,100.0,3.0,0.0,0.0,6.0,5.0,3.0,1.0,208.0,1.0,9.0,10.4,0.0,0.0,5.0,1.0,3.0,1.0,0.0,2.0,0.0,89.0,0.0,8.0,1.0,5.0
2026,Round 7,2026-04-25,Carlton,home,CD_M20260140706,34,Corey Wagner,CD_I993940,0.0,0.0,0.0,0.0,4.0,0.0,0.0,1.0,0.0,0.0,0.0,0.0,28.6,8.0,9.0,77.8,27.0,21.0,13.0,0.0,0.0,1.0,0.0,0.0,0.0,7.0,10.0,0.0,0.0,0.0,0.0,5.0,0.0,3.0,76.5,1.7,0.0,0.0,17.0,4.0,0.0,0.0,448.0,1.0,16.0,12.2,2.0,0.0,3.0,0.0,0.0,1.0,1.0,5.0,1.0,77.0,1.0,28.0,5.0,20.0
2026,Round 7,2026-04-25,Carlton,home,CD_M20260140706,23,Karl Worner,CD_I1021015,0.0,2.0,0.0,0.0,2.0,0.0,0.0,2.0,0.0,0.0,0.0,1.0,31.8,7.0,6.0,78.3,23.0,18.0,5.0,0.0,0.0,1.0,0.0,0.0,0.0,5.0,14.0,0.0,0.0,0.0,0.0,1.0,1.0,8.0,55.6,0.6,0.0,0.0,9.0,4.0,0.0,0.0,318.0,2.0,7.0,6.3,3.0,0.0,2.0,0.0,0.0,2.0,0.0,2.0,0.0,80.0,0.0,22.0,4.0,15.0
2026,Round 7,2026-04-25,Carlton,home,CD_M20260140706,26,Hayden Young,CD_I1009256,0.0,1.0,19.0,4.0,1.0,0.0,0.0,0.0,0.0,0.0,0.0,0.0,47.8,11.0,3.0,90.5,21.0,19.0,6.0,0.0,0.0,1.0,0.0,1.0,0.0,5.0,13.0,0.0,0.0,0.0,0.0,2.0,0.0,1.0,75.0,0.6,0.0,0.0,8.0,4.0,0.0,0.0,287.0,2.0,16.0,15.3,1.0,0.0,6.0,1.0,0.0,0.0,1.0,1.0,0.0,72.0,5.0,23.0,3.0,12.0
2026,Round 8,2026-05-01,Western Bulldogs,away,CD_M20260140802,24,Jye Amiss,CD_I1020594,3.0,0.0,0.0,0.0,1.0,0.0,0.0,0.0,3.0,0.0,0.0,0.0,8.3,1.0,2.0,58.3,12.0,7.0,3.0,1.0,0.0,0.0,0.0,1.0,0.0,1.0,4.0,0.0,0.0,0.0,0.0,0.0,0.0,0.0,37.5,2.0,0.0,0.0,8.0,4.0,3.0,2.0,133.0,0.0,9.0,1.3,0.0,0.0,4.0,0.0,3.0,0.0,0.0,3.0,3.0,91.0,0.0,12.0,1.0,11.0
2026,Round 8,2026-05-01,Western Bulldogs,away,CD_M20260140802,10,Shai Bolton,CD_I993993,1.0,1.0,20.0,5.0,3.0,0.0,0.0,0.0,1.0,0.0,0.0,0.0,48.4,15.0,5.0,83.3,30.0,25.0,9.0,2.0,2.0,0.0,25.0,2.0,1.0,8.0,16.0,0.0,0.0,0.0,0.0,8.0,0.0,0.0,64.3,0.9,0.0,0.0,14.0,2.0,0.0,1.0,497.0,1.0,15.0,26.1,1.0,0.0,16.0,0.0,4.0,0.0,4.0,3.0,0.0,83.0,9.0,31.0,3.0,16.0
2026,Round 8,2026-05-01,Western Bulldogs,away,CD_M20260140802,8,Andrew Brayshaw,CD_I1002232,0.0,0.0,28.0,4.0,3.0,0.0,0.0,0.0,0.0,0.0,0.0,0.0,42.1,8.0,14.0,68.2,22.0,15.0,6.0,2.0,1.0,1.0,100.0,0.0,1.0,6.0,10.0,0.0,0.0,0.0,0.0,4.0,0.0,4.0,50.0,1.2,0.0,0.0,12.0,3.0,0.0,0.0,443.0,2.0,19.0,11.5,1.0,0.0,7.0,3.0,1.0,1.0,2.0,8.0,0.0,79.0,6.0,19.0,5.0,11.0
2026,Round 8,2026-05-01,Western Bulldogs,away,CD_M20260140802,5,Heath Chapman,CD_I1013224,0.0,0.0,0.0,0.0,2.0,0.0,0.0,1.0,0.0,0.0,0.0,0.0,35.7,5.0,13.0,86.7,15.0,13.0,6.0,0.0,1.0,0.0,100.0,0.0,1.0,5.0,8.0,0.0,0.0,0.0,0.0,1.0,1.0,6.0,85.7,0.9,1.0,1.0,7.0,5.0,0.0,1.0,302.0,6.0,14.0,12.1,2.0,0.0,3.0,1.0,1.0,4.0,0.0,3.0,0.0,88.0,0.0,14.0,1.0,9.0
2026,Round 8,2026-05-01,Western Bulldogs,away,CD_M20260140802,6,Jordan Clark,CD_I1006152,0.0,0.0,0.0,0.0,5.0,0.0,0.0,1.0,0.0,0.0,0.0,0.0,38.1,8.0,10.0,77.3,22.0,17.0,11.0,0.0,3.0,0.0,0.0,0.0,0.0,8.0,7.0,0.0,0.0,0.0,0.0,4.0,1.0,6.0,73.3,2.1,1.0,1.0,15.0,5.0,0.0,1.0,566.0,2.0,10.0,5.7,3.0,0.0,4.0,1.0,0.0,2.0,3.0,2.0,0.0,88.0,3.0,21.0,7.0,13.0
2026,Round 8,2026-05-01,Western Bulldogs,away,CD_M20260140802,36,Brennan Cox,CD_I997033,0.0,0.0,0.0,0.0,2.0,0.0,0.0,0.0,0.0,0.0,0.0,1.0,50.0,6.0,6.0,92.3,13.0,12.0,7.0,0.0,1.0,0.0,0.0,0.0,0.0,5.0,5.0,0.0,0.0,0.0,0.0,3.0,1.0,7.0,87.5,1.6,0.0,0.0,8.0,2.0,0.0,0.0,223.0,6.0,8.0,10.1,3.0,0.0,5.0,3.0,0.0,5.0,0.0,3.0,0.0,85.0,0.0,12.0,0.0,6.0
2026,Round 8,2026-05-01,Western Bulldogs,away,CD_M20260140802,18,Mason Cox,CD_I998647,2.0,0.0,8.0,0.0,0.0,0.0,0.0,0.0,0.0,0.0,0.0,1.0,62.5,5.0,3.0,50.0,8.0,4.0,4.0,0.0,0.0,2.0,0.0,0.0,0.0,2.0,1.0,28.0,86.2,25.0,7.0,0.0,0.0,1.0,57.1,7.0,0.0,0.0,7.0,2.0,1.0,0.0,123.0,0.0,6.0,5.9,1.0,29.0,3.0,1.0,2.0,0.0,2.0,3.0,1.0,48.0,2.0,8.0,2.0,3.0
2026,Round 8,2026-05-01,Western Bulldogs,away,CD_M20260140802,43,Isaiah Dudley,CD_I1011558,0.0,0.0,0.0,0.0,2.0,0.0,0.0,0.0,1.0,0.0,0.0,0.0,42.9,3.0,1.0,100.0,6.0,6.0,2.0,1.0,1.0,1.0,100.0,2.0,1.0,1.0,4.0,0.0,0.0,0.0,0.0,0.0,0.0,0.0,100.0,0.5,0.0,0.0,2.0,0.0,0.0,0.0,32.0,1.0,14.0,7.1,0.0,0.0,3.0,0.0,1.0,0.0,1.0,2.0,1.0,68.0,1.0,7.0,1.0,4.0
2026,Round 8,2026-05-01,Western Bulldogs,away,CD_M20260140802,28,Neil Erasmus,CD_I1020250,0.0,0.0,0.0,0.0,5.0,0.0,0.0,0.0,0.0,0.0,0.0,0.0,43.8,7.0,6.0,60.0,15.0,9.0,5.0,0.0,1.0,1.0,100.0,1.0,1.0,4.0,4.0,0.0,0.0,0.0,0.0,2.0,0.0,3.0,45.5,2.8,0.0,0.0,11.0,4.0,1.0,0.0,295.0,0.0,10.0,4.7,3.0,0.0,3.0,0.0,1.0,0.0,4.0,4.0,0.0,69.0,4.0,16.0,5.0,9.0
2026,Round 8,2026-05-01,Western Bulldogs,away,CD_M20260140802,32,Michael Frederick,CD_I999321,0.0,1.0,0.0,0.0,1.0,0.0,0.0,1.0,0.0,0.0,0.0,1.0,33.3,3.0,5.0,88.9,9.0,8.0,5.0,1.0,1.0,0.0,100.0,0.0,1.0,1.0,3.0,0.0,0.0,0.0,0.0,2.0,1.0,1.0,83.3,2.0,0.0,0.0,6.0,3.0,0.0,0.0,232.0,1.0,13.0,9.0,1.0,0.0,3.0,0.0,1.0,1.0,1.0,3.0,0.0,78.0,1.0,9.0,2.0,6.0
2026,Round 8,2026-05-01,Western Bulldogs,away,CD_M20260140802,9,Luke Jackson,CD_I1009399,2.0,0.0,27.0,1.0,4.0,0.0,0.0,0.0,0.0,0.0,0.0,2.0,70.6,12.0,10.0,66.7,18.0,12.0,5.0,1.0,1.0,3.0,33.3,0.0,1.0,5.0,10.0,30.6,52.9,36.0,11.0,5.0,0.0,2.0,62.5,0.8,0.0,0.0,8.0,3.0,2.0,0.0,295.0,2.0,20.0,23.2,0.0,68.0,13.0,10.0,3.0,2.0,2.0,8.0,1.0,80.0,3.0,17.0,0.0,5.0
2026,Round 8,2026-05-01,Western Bulldogs,away,CD_M20260140802,44,Matthew Johnson,CD_I1016825,0.0,0.0,7.0,1.0,6.0,0.0,0.0,1.0,0.0,0.0,0.0,0.0,30.8,4.0,11.0,90.9,11.0,10.0,2.0,0.0,4.0,0.0,0.0,0.0,0.0,2.0,9.0,0.0,0.0,0.0,0.0,2.0,0.0,1.0,100.0,0.2,0.0,0.0,2.0,0.0,0.0,0.0,159.0,2.0,17.0,7.6,2.0,0.0,3.0,0.0,0.0,1.0,1.0,1.0,0.0,84.0,2.0,13.0,2.0,9.0
2026,Round 8,2026-05-01,Western Bulldogs,away,CD_M20260140802,25,Alex Pearce,CD_I298409,0.0,0.0,0.0,0.0,2.0,0.0,0.0,0.0,0.0,0.0,0.0,0.0,14.3,1.0,7.0,100.0,7.0,7.0,3.0,0.0,2.0,0.0,0.0,0.0,0.0,1.0,4.0,0.0,0.0,0.0,0.0,0.0,1.0,3.0,100.0,0.8,0.0,0.0,3.0,4.0,0.0,0.0,79.0,3.0,7.0,5.0,1.0,0.0,2.0,1.0,0.0,2.0,0.0,3.0,0.0,92.0,0.0,7.0,0.0,6.0
2026,Round 8,2026-05-01,Western Bulldogs,away,CD_M20260140802,16,Murphy Reid,CD_I1028513,0.0,2.0,6.0,2.0,2.0,0.0,0.0,0.0,0.0,0.0,0.0,0.0,20.0,4.0,9.0,81.8,22.0,18.0,8.0,0.0,0.0,1.0,100.0,1.0,1.0,2.0,12.0,0.0,0.0,0.0,0.0,4.0,0.0,0.0,80.0,0.8,0.0,0.0,10.0,3.0,0.0,0.0,347.0,1.0,17.0,10.5,1.0,0.0,8.0,0.0,1.0,0.0,1.0,3.0,1.0,81.0,3.0,20.0,3.0,16.0
2026,Round 8,2026-05-01,Western Bulldogs,away,CD_M20260140802,13,Luke Ryan,CD_I998659,0.0,0.0,0.0,0.0,1.0,33.3,1.0,3.0,0.0,0.0,0.0,1.0,27.8,5.0,18.0,95.5,22.0,21.0,19.0,0.0,1.0,2.0,0.0,0.0,0.0,1.0,2.0,0.0,0.0,0.0,0.0,2.0,1.0,5.0,95.0,10.0,6.0,5.0,20.0,8.0,0.0,1.0,386.0,4.0,18.0,12.2,4.0,0.0,5.0,1.0,0.0,2.0,0.0,3.0,0.0,85.0,0.0,18.0,0.0,13.0
2026,Round 8,2026-05-01,Western Bulldogs,away,CD_M20260140802,3,Caleb Serong,CD_I1009420,0.0,0.0,26.0,3.0,3.0,0.0,0.0,0.0,0.0,0.0,0.0,0.0,37.5,6.0,12.0,52.9,17.0,9.0,4.0,0.0,1.0,1.0,0.0,0.0,0.0,2.0,6.0,0.0,0.0,0.0,0.0,5.0,0.0,2.0,36.4,1.8,0.0,0.0,11.0,0.0,0.0,0.0,352.0,0.0,31.0,8.5,1.0,0.0,1.0,0.0,0.0,0.0,1.0,8.0,2.0,80.0,4.0,16.0,3.0,10.0
2026,Round 8,2026-05-01,Western Bulldogs,away,CD_M20260140802,14,Jeremy Sharp,CD_I1009380,0.0,0.0,0.0,0.0,2.0,0.0,0.0,0.0,1.0,0.0,0.0,0.0,23.1,3.0,5.0,90.0,10.0,9.0,6.0,1.0,0.0,0.0,0.0,0.0,0.0,3.0,3.0,0.0,0.0,0.0,0.0,3.0,0.0,2.0,85.7,2.3,0.0,0.0,7.0,4.0,0.0,1.0,221.0,1.0,8.0,5.6,0.0,0.0,2.0,0.0,0.0,1.0,0.0,1.0,1.0,64.0,0.0,13.0,5.0,10.0
2026,Round 8,2026-05-01,Western Bulldogs,away,CD_M20260140802,39,Sam Switkowski,CD_I992059,0.0,2.0,0.0,0.0,2.0,0.0,0.0,0.0,0.0,0.0,0.0,0.0,50.0,6.0,2.0,75.0,12.0,9.0,4.0,2.0,1.0,0.0,100.0,0.0,3.0,4.0,5.0,0.0,0.0,0.0,0.0,1.0,0.0,1.0,57.1,1.4,0.0,0.0,7.0,3.0,2.0,1.0,144.0,2.0,19.0,20.6,0.0,0.0,8.0,2.0,3.0,0.0,1.0,3.0,1.0,77.0,1.0,12.0,1.0,6.0
2026,Round 8,2026-05-01,Western Bulldogs,away,CD_M20260140802,35,Josh Treacy,CD_I1012819,3.0,0.0,0.0,0.0,5.0,0.0,0.0,0.0,4.0,0.0,0.0,2.0,47.1,8.0,2.0,58.8,17.0,10.0,6.0,1.0,2.0,2.0,50.0,2.0,3.0,3.0,5.0,0.0,0.0,0.0,0.0,4.0,1.0,3.0,50.0,2.4,0.0,0.0,12.0,8.0,5.0,1.0,335.0,3.0,13.0,11.6,0.0,0.0,10.0,1.0,6.0,2.0,0.0,2.0,1.0,86.0,0.0,17.0,7.0,9.0
2026,Round 8,2026-05-01,Western Bulldogs,away,CD_M20260140802,20,Patrick Voss,CD_I1017754,0.0,0.0,0.0,0.0,3.0,0.0,0.0,0.0,1.0,0.0,0.0,0.0,60.0,3.0,1.0,100.0,5.0,5.0,2.0,0.0,2.0,1.0,0.0,0.0,0.0,1.0,3.0,0.0,0.0,0.0,0.0,2.0,0.0,1.0,100.0,0.7,0.0,0.0,2.0,1.0,0.0,0.0,123.0,2.0,16.0,2.1,0.0,0.0,2.0,0.0,0.0,2.0,1.0,3.0,2.0,70.0,1.0,5.0,1.0,2.0
2026,Round 8,2026-05-01,Western Bulldogs,away,CD_M20260140802,34,Corey Wagner,CD_I993940,0.0,0.0,0.0,0.0,4.0,100.0,2.0,2.0,0.0,0.0,0.0,0.0,27.8,5.0,8.0,63.2,19.0,12.0,6.0,0.0,1.0,0.0,0.0,1.0,0.0,5.0,8.0,0.0,0.0,0.0,0.0,2.0,0.0,2.0,54.5,1.4,1.0,1.0,11.0,2.0,0.0,0.0,427.0,2.0,10.0,8.6,6.0,0.0,5.0,0.0,0.0,2.0,1.0,0.0,0.0,71.0,1.0,18.0,6.0,13.0
2026,Round 8,2026-05-01,Western Bulldogs,away,CD_M20260140802,23,Karl Worner,CD_I1021015,0.0,1.0,0.0,0.0,1.0,0.0,0.0,0.0,0.0,0.0,0.0,1.0,22.2,4.0,3.0,100.0,21.0,21.0,16.0,0.0,0.0,2.0,0.0,0.0,0.0,1.0,5.0,0.0,0.0,0.0,0.0,6.0,4.0,6.0,100.0,3.2,3.0,3.0,16.0,8.0,0.0,0.0,473.0,1.0,5.0,7.8,5.0,0.0,6.0,4.0,0.0,1.0,1.0,2.0,0.0,77.0,1.0,18.0,5.0,14.0
2026,Round 8,2026-05-01,Western Bulldogs,away,CD_M20260140802,26,Hayden Young,CD_I1009256,0.0,0.0,18.0,2.0,3.0,0.0,0.0,0.0,0.0,0.0,0.0,0.0,45.0,9.0,10.0,65.0,20.0,13.0,5.0,3.0,1.0,0.0,100.0,0.0,3.0,8.0,10.0,0.0,0.0,0.0,0.0,3.0,0.0,1.0,50.0,1.0,0.0,0.0,10.0,1.0,0.0,0.0,339.0,0.0,20.0,21.4,2.0,0.0,7.0,1.0,3.0,0.0,1.0,7.0,0.0,76.0,3.0,20.0,2.0,11.0
2026,Round 9,2026-05-07,Hawthorn,home,CD_M20260140901,24,Jye Amiss,CD_I1020594,0.0,0.0,0.0,0.0,0.0,0.0,0.0,0.0,2.0,0.0,0.0,1.0,33.3,2.0,0.0,83.3,6.0,5.0,4.0,1.0,0.0,0.0,100.0,1.0,3.0,1.0,1.0,0.0,0.0,0.0,0.0,0.0,0.0,0.0,80.0,5.0,0.0,0.0,5.0,2.0,2.0,0.0,98.0,1.0,2.0,13.0,0.0,0.0,6.0,0.0,3.0,0.0,0.0,0.0,0.0,93.0,0.0,6.0,0.0,4.0
2026,Round 9,2026-05-07,Hawthorn,home,CD_M20260140901,10,Shai Bolton,CD_I993993,0.0,0.0,15.0,3.0,2.0,0.0,0.0,0.0,0.0,0.0,0.0,0.0,39.1,9.0,4.0,90.9,22.0,20.0,4.0,1.0,2.0,1.0,0.0,1.0,0.0,6.0,17.0,0.0,0.0,0.0,0.0,2.0,0.0,0.0,80.0,0.3,0.0,0.0,5.0,1.0,0.0,0.0,170.0,0.0,13.0,11.4,0.0,0.0,10.0,2.0,0.0,0.0,2.0,3.0,1.0,82.0,5.0,23.0,1.0,14.0
2026,Round 9,2026-05-07,Hawthorn,home,CD_M20260140901,8,Andrew Brayshaw,CD_I1002232,0.0,0.0,21.0,1.0,2.0,0.0,0.0,0.0,0.0,0.0,0.0,0.0,24.0,6.0,9.0,75.0,24.0,18.0,10.0,0.0,2.0,1.0,0.0,1.0,0.0,3.0,10.0,0.0,0.0,0.0,0.0,5.0,0.0,0.0,71.4,1.4,0.0,0.0,14.0,4.0,0.0,0.0,331.0,2.0,13.0,7.4,0.0,0.0,7.0,2.0,0.0,1.0,5.0,4.0,0.0,77.0,6.0,25.0,7.0,19.0
2026,Round 9,2026-05-07,Hawthorn,home,CD_M20260140901,5,Heath Chapman,CD_I1013224,0.0,0.0,0.0,0.0,1.0,0.0,0.0,1.0,0.0,0.0,0.0,0.0,23.5,4.0,4.0,93.8,16.0,15.0,9.0,0.0,1.0,0.0,0.0,0.0,0.0,4.0,6.0,0.0,0.0,0.0,0.0,3.0,1.0,5.0,90.0,1.7,0.0,0.0,10.0,7.0,0.0,0.0,314.0,4.0,7.0,11.6,0.0,0.0,6.0,0.0,0.0,4.0,0.0,2.0,0.0,89.0,0.0,17.0,2.0,13.0
2026,Round 9,2026-05-07,Hawthorn,home,CD_M20260140901,6,Jordan Clark,CD_I1006152,0.0,2.0,0.0,0.0,5.0,0.0,0.0,0.0,0.0,0.0,0.0,0.0,16.7,3.0,4.0,78.9,19.0,15.0,8.0,0.0,0.0,0.0,0.0,0.0,0.0,3.0,7.0,0.0,0.0,0.0,0.0,2.0,1.0,3.0,66.7,1.7,2.0,2.0,12.0,4.0,0.0,0.0,526.0,1.0,8.0,7.1,3.0,0.0,5.0,0.0,1.0,0.0,1.0,1.0,0.0,82.0,1.0,18.0,8.0,15.0
2026,Round 9,2026-05-07,Hawthorn,home,CD_M20260140901,36,Brennan Cox,CD_I997033,0.0,0.0,0.0,0.0,4.0,66.7,2.0,3.0,0.0,0.0,0.0,0.0,38.5,5.0,3.0,69.2,13.0,9.0,8.0,0.0,2.0,1.0,0.0,0.0,0.0,4.0,1.0,0.0,0.0,0.0,0.0,1.0,3.0,8.0,66.7,12.0,0.0,0.0,12.0,7.0,0.0,0.0,286.0,7.0,3.0,7.6,8.0,0.0,2.0,0.0,0.0,7.0,0.0,1.0,0.0,92.0,0.0,13.0,2.0,8.0
2026,Round 9,2026-05-07,Hawthorn,home,CD_M20260140901,18,Mason Cox,CD_I998647,0.0,0.0,7.0,0.0,2.0,0.0,0.0,0.0,1.0,0.0,0.0,0.0,25.0,2.0,0.0,66.7,9.0,6.0,3.0,0.0,1.0,1.0,0.0,0.0,0.0,1.0,4.0,41.7,44.4,12.0,5.0,1.0,3.0,5.0,60.0,1.3,0.0,0.0,5.0,4.0,0.0,0.0,155.0,4.0,5.0,3.2,1.0,27.0,2.0,1.0,0.0,3.0,0.0,0.0,0.0,49.0,0.0,8.0,4.0,6.0
2026,Round 9,2026-05-07,Hawthorn,home,CD_M20260140901,43,Isaiah Dudley,CD_I1011558,1.0,0.0,0.0,0.0,1.0,0.0,0.0,0.0,0.0,0.0,0.0,0.0,75.0,3.0,6.0,33.3,3.0,1.0,1.0,1.0,0.0,2.0,33.3,0.0,1.0,1.0,0.0,0.0,0.0,0.0,0.0,1.0,0.0,2.0,33.3,3.0,0.0,0.0,3.0,1.0,1.0,0.0,86.0,0.0,20.0,4.6,0.0,0.0,3.0,1.0,3.0,0.0,0.0,3.0,2.0,71.0,0.0,4.0,1.0,1.0
2026,Round 9,2026-05-07,Hawthorn,home,CD_M20260140901,28,Neil Erasmus,CD_I1020250,0.0,0.0,0.0,0.0,2.0,0.0,0.0,0.0,0.0,0.0,0.0,0.0,14.3,2.0,6.0,71.4,14.0,10.0,6.0,0.0,0.0,0.0,0.0,0.0,0.0,2.0,5.0,0.0,0.0,0.0,0.0,3.0,0.0,2.0,66.7,1.8,0.0,0.0,9.0,4.0,0.0,0.0,326.0,0.0,10.0,4.8,3.0,0.0,3.0,0.0,0.0,0.0,0.0,1.0,0.0,67.0,0.0,14.0,2.0,12.0
2026,Round 9,2026-05-07,Hawthorn,home,CD_M20260140901,32,Michael Frederick,CD_I999321,0.0,0.0,0.0,0.0,1.0,0.0,0.0,0.0,0.0,0.0,0.0,0.0,33.3,6.0,5.0,73.7,19.0,14.0,11.0,1.0,0.0,2.0,75.0,0.0,3.0,4.0,5.0,0.0,0.0,0.0,0.0,4.0,0.0,3.0,78.6,2.8,0.0,0.0,14.0,4.0,1.0,0.0,438.0,1.0,11.0,18.7,0.0,0.0,8.0,1.0,4.0,0.0,1.0,3.0,0.0,71.0,1.0,18.0,2.0,12.0
2026,Round 9,2026-05-07,Hawthorn,home,CD_M20260140901,9,Luke Jackson,CD_I1009399,1.0,0.0,20.0,3.0,5.0,0.0,0.0,1.0,1.0,1.0,100.0,2.0,78.3,18.0,8.0,63.6,22.0,14.0,7.0,1.0,2.0,3.0,0.0,0.0,0.0,11.0,10.0,18.2,35.5,22.0,4.0,5.0,2.0,5.0,58.3,1.2,0.0,0.0,12.0,4.0,1.0,0.0,250.0,4.0,16.0,17.1,2.0,62.0,9.0,5.0,2.0,1.0,4.0,10.0,0.0,82.0,7.0,23.0,3.0,5.0
2026,Round 9,2026-05-07,Hawthorn,home,CD_M20260140901,44,Matthew Johnson,CD_I1016825,0.0,0.0,6.0,1.0,1.0,0.0,0.0,0.0,0.0,0.0,0.0,0.0,14.3,1.0,6.0,100.0,6.0,6.0,2.0,0.0,1.0,0.0,0.0,1.0,0.0,1.0,4.0,0.0,0.0,0.0,0.0,2.0,0.0,0.0,100.0,0.5,0.0,0.0,2.0,1.0,0.0,0.0,93.0,0.0,15.0,4.6,0.0,0.0,1.0,0.0,0.0,0.0,0.0,2.0,1.0,74.0,1.0,7.0,1.0,6.0
2026,Round 9,2026-05-07,Hawthorn,home,CD_M20260140901,17,Judd McVee,CD_I1017703,0.0,1.0,0.0,0.0,0.0,0.0,0.0,0.0,0.0,0.0,0.0,0.0,45.5,5.0,9.0,88.9,9.0,8.0,3.0,0.0,0.0,0.0,0.0,0.0,0.0,4.0,5.0,0.0,0.0,0.0,0.0,2.0,0.0,4.0,75.0,0.8,0.0,0.0,4.0,2.0,0.0,0.0,119.0,1.0,10.0,10.2,1.0,0.0,4.0,2.0,0.0,0.0,1.0,0.0,0.0,80.0,1.0,11.0,0.0,6.0
2026,Round 9,2026-05-07,Hawthorn,home,CD_M20260140901,25,Alex Pearce,CD_I298409,0.0,0.0,0.0,0.0,1.0,0.0,0.0,1.0,0.0,0.0,0.0,1.0,50.0,4.0,2.0,71.4,7.0,5.0,2.0,0.0,0.0,1.0,0.0,0.0,0.0,1.0,5.0,0.0,0.0,0.0,0.0,1.0,1.0,4.0,100.0,0.4,0.0,0.0,2.0,3.0,0.0,0.0,84.0,2.0,2.0,5.2,1.0,0.0,2.0,1.0,0.0,1.0,0.0,1.0,0.0,89.0,0.0,8.0,1.0,4.0
2026,Round 9,2026-05-07,Hawthorn,home,CD_M20260140901,16,Murphy Reid,CD_I1028513,2.0,0.0,3.0,1.0,1.0,0.0,0.0,0.0,0.0,0.0,0.0,0.0,19.0,4.0,4.0,75.0,20.0,15.0,8.0,0.0,1.0,0.0,33.3,1.0,1.0,4.0,7.0,0.0,0.0,0.0,0.0,9.0,0.0,0.0,61.5,1.9,0.0,0.0,13.0,1.0,0.0,0.0,473.0,1.0,9.0,12.0,1.0,0.0,10.0,1.0,3.0,0.0,3.0,1.0,0.0,84.0,4.0,21.0,2.0,17.0
2026,Round 9,2026-05-07,Hawthorn,home,CD_M20260140901,13,Luke Ryan,CD_I998659,0.0,0.0,0.0,0.0,3.0,100.0,1.0,1.0,0.0,0.0,0.0,0.0,15.4,2.0,3.0,88.9,18.0,16.0,12.0,0.0,2.0,0.0,0.0,0.0,0.0,2.0,4.0,0.0,0.0,0.0,0.0,1.0,1.0,4.0,85.7,3.5,3.0,3.0,14.0,7.0,0.0,0.0,410.0,2.0,6.0,3.6,3.0,0.0,6.0,2.0,0.0,1.0,0.0,2.0,0.0,74.0,0.0,13.0,2.0,11.0
2026,Round 9,2026-05-07,Hawthorn,home,CD_M20260140901,3,Caleb Serong,CD_I1009420,0.0,0.0,20.0,2.0,3.0,0.0,0.0,0.0,0.0,0.0,0.0,0.0,42.3,11.0,9.0,75.0,28.0,21.0,11.0,3.0,0.0,1.0,0.0,1.0,0.0,8.0,10.0,0.0,0.0,0.0,0.0,8.0,1.0,3.0,61.1,1.8,0.0,0.0,18.0,3.0,0.0,0.0,403.0,1.0,18.0,16.1,1.0,0.0,7.0,4.0,0.0,0.0,6.0,5.0,1.0,76.0,8.0,26.0,5.0,15.0
2026,Round 9,2026-05-07,Hawthorn,home,CD_M20260140901,39,Sam Switkowski,CD_I992059,1.0,0.0,0.0,0.0,3.0,100.0,1.0,1.0,0.0,0.0,0.0,0.0,50.0,2.0,3.0,60.0,5.0,3.0,0.0,1.0,1.0,0.0,0.0,0.0,0.0,2.0,3.0,0.0,0.0,0.0,0.0,1.0,0.0,0.0,0.0,0.7,0.0,0.0,2.0,0.0,0.0,0.0,41.0,0.0,16.0,1.3,0.0,0.0,3.0,0.0,1.0,0.0,0.0,5.0,2.0,73.0,0.0,4.0,2.0,2.0
2026,Round 9,2026-05-07,Hawthorn,home,CD_M20260140901,35,Josh Treacy,CD_I1012819,4.0,0.0,0.0,0.0,0.0,0.0,0.0,0.0,5.0,0.0,0.0,1.0,44.4,8.0,2.0,70.6,17.0,12.0,3.0,4.0,0.0,0.0,33.3,1.0,2.0,6.0,9.0,0.0,0.0,0.0,0.0,0.0,1.0,1.0,37.5,0.9,0.0,0.0,8.0,7.0,5.0,4.0,245.0,4.0,12.0,10.6,1.0,0.0,8.0,0.0,6.0,2.0,0.0,2.0,2.0,90.0,0.0,18.0,1.0,10.0
2026,Round 9,2026-05-07,Hawthorn,home,CD_M20260140901,20,Patrick Voss,CD_I1017754,2.0,0.0,0.0,0.0,2.0,0.0,0.0,0.0,3.0,0.0,0.0,0.0,25.0,2.0,3.0,75.0,8.0,6.0,2.0,0.0,1.0,0.0,33.3,3.0,1.0,2.0,4.0,0.0,0.0,0.0,0.0,2.0,0.0,0.0,50.0,1.0,0.0,0.0,4.0,4.0,3.0,2.0,169.0,0.0,8.0,0.9,0.0,0.0,7.0,0.0,3.0,0.0,0.0,2.0,1.0,82.0,0.0,8.0,1.0,6.0
2026,Round 9,2026-05-07,Hawthorn,home,CD_M20260140901,34,Corey Wagner,CD_I993940,2.0,0.0,0.0,0.0,1.0,0.0,0.0,0.0,0.0,0.0,0.0,0.0,21.4,3.0,6.0,86.7,15.0,13.0,4.0,0.0,1.0,1.0,0.0,0.0,0.0,3.0,9.0,0.0,0.0,0.0,0.0,1.0,0.0,3.0,66.7,0.7,0.0,0.0,6.0,3.0,1.0,0.0,257.0,2.0,10.0,2.0,1.0,0.0,8.0,2.0,2.0,1.0,1.0,2.0,0.0,67.0,1.0,14.0,3.0,11.0
2026,Round 9,2026-05-07,Hawthorn,home,CD_M20260140901,23,Karl Worner,CD_I1021015,0.0,2.0,0.0,0.0,0.0,0.0,0.0,1.0,0.0,0.0,0.0,0.0,25.0,3.0,7.0,85.7,14.0,12.0,7.0,0.0,0.0,1.0,0.0,0.0,0.0,2.0,6.0,0.0,0.0,0.0,0.0,1.0,1.0,4.0,87.5,1.3,2.0,2.0,8.0,3.0,0.0,0.0,242.0,4.0,9.0,7.9,3.0,0.0,5.0,1.0,0.0,4.0,1.0,3.0,0.0,76.0,1.0,12.0,2.0,9.0
2026,Round 9,2026-05-07,Hawthorn,home,CD_M20260140901,26,Hayden Young,CD_I1009256,0.0,1.0,16.0,2.0,2.0,0.0,0.0,0.0,0.0,0.0,0.0,0.0,60.0,9.0,8.0,73.3,15.0,11.0,5.0,1.0,0.0,2.0,100.0,0.0,1.0,3.0,6.0,0.0,0.0,0.0,0.0,1.0,0.0,2.0,55.6,1.5,0.0,0.0,9.0,3.0,0.0,1.0,133.0,3.0,17.0,11.2,0.0,0.0,8.0,3.0,1.0,0.0,3.0,5.0,1.0,78.0,5.0,15.0,2.0,6.0
2026,Round 10,2026-05-17,Essendon,away,CD_M20260141007,24,Jye Amiss,CD_I1020594,2.0,0.0,0.0,0.0,3.0,0.0,0.0,0.0,3.0,1.0,33.3,1.0,30.0,3.0,1.0,70.0,10.0,7.0,4.0,0.0,1.0,1.0,50.0,0.0,2.0,1.0,3.0,0.0,0.0,0.0,0.0,1.0,0.0,0.0,57.1,2.3,0.0,0.0,7.0,4.0,2.0,2.0,121.0,0.0,5.0,3.7,0.0,0.0,6.0,0.0,4.0,0.0,0.0,3.0,3.0,85.0,0.0,10.0,3.0,7.0
2026,Round 10,2026-05-17,Essendon,away,CD_M20260141007,10,Shai Bolton,CD_I993993,0.0,0.0,20.0,1.0,4.0,0.0,0.0,0.0,0.0,0.0,0.0,0.0,22.2,4.0,6.0,54.2,24.0,13.0,7.0,0.0,0.0,0.0,100.0,1.0,2.0,3.0,8.0,0.0,0.0,0.0,0.0,6.0,0.0,1.0,43.8,2.0,0.0,0.0,16.0,3.0,0.0,1.0,410.0,1.0,18.0,13.6,1.0,0.0,8.0,2.0,2.0,1.0,2.0,2.0,0.0,76.0,3.0,18.0,5.0,14.0
2026,Round 10,2026-05-17,Essendon,away,CD_M20260141007,8,Andrew Brayshaw,CD_I1002232,0.0,0.0,19.0,2.0,5.0,0.0,0.0,0.0,0.0,0.0,0.0,0.0,25.9,7.0,9.0,88.5,26.0,23.0,12.0,0.0,3.0,1.0,0.0,0.0,0.0,5.0,12.0,0.0,0.0,0.0,0.0,4.0,0.0,2.0,85.7,1.2,0.0,0.0,14.0,4.0,0.0,1.0,418.0,2.0,17.0,12.1,1.0,0.0,8.0,3.0,0.0,1.0,2.0,5.0,0.0,78.0,4.0,27.0,5.0,20.0
2026,Round 10,2026-05-17,Essendon,away,CD_M20260141007,5,Heath Chapman,CD_I1013224,0.0,0.0,0.0,0.0,1.0,0.0,0.0,1.0,0.0,0.0,0.0,1.0,17.6,3.0,7.0,70.6,17.0,12.0,9.0,0.0,0.0,0.0,0.0,0.0,0.0,2.0,4.0,0.0,0.0,0.0,0.0,1.0,1.0,3.0,69.2,3.3,0.0,0.0,13.0,9.0,0.0,0.0,282.0,4.0,9.0,6.6,4.0,0.0,1.0,0.0,0.0,4.0,0.0,3.0,0.0,77.0,0.0,17.0,5.0,14.0
2026,Round 10,2026-05-17,Essendon,away,CD_M20260141007,6,Jordan Clark,CD_I1006152,0.0,0.0,0.0,0.0,3.0,0.0,0.0,0.0,0.0,0.0,0.0,0.0,23.5,4.0,0.0,77.3,22.0,17.0,12.0,0.0,0.0,1.0,0.0,1.0,0.0,3.0,7.0,0.0,0.0,0.0,0.0,3.0,1.0,3.0,80.0,2.1,4.0,4.0,15.0,4.0,0.0,1.0,462.0,2.0,4.0,7.9,4.0,0.0,5.0,1.0,0.0,2.0,0.0,1.0,0.0,84.0,0.0,17.0,3.0,13.0
2026,Round 10,2026-05-17,Essendon,away,CD_M20260141007,36,Brennan Cox,CD_I997033,0.0,0.0,0.0,0.0,0.0,0.0,0.0,3.0,0.0,0.0,0.0,1.0,40.0,4.0,4.0,91.7,12.0,11.0,7.0,0.0,0.0,2.0,0.0,0.0,0.0,2.0,4.0,0.0,0.0,0.0,0.0,0.0,1.0,5.0,87.5,2.0,1.0,1.0,8.0,4.0,0.0,0.0,94.0,5.0,4.0,7.5,2.0,0.0,0.0,0.0,0.0,5.0,0.0,3.0,0.0,79.0,0.0,10.0,1.0,6.0
2026,Round 10,2026-05-17,Essendon,away,CD_M20260141007,18,Mason Cox,CD_I998647,0.0,0.0,10.0,2.0,2.0,0.0,0.0,0.0,0.0,0.0,0.0,1.0,80.0,4.0,8.0,37.5,8.0,3.0,1.0,0.0,1.0,2.0,0.0,0.0,0.0,1.0,2.0,12.5,41.0,16.0,2.0,1.0,0.0,0.0,16.7,3.0,0.0,0.0,6.0,1.0,0.0,0.0,53.0,4.0,12.0,4.1,1.0,39.0,3.0,2.0,1.0,4.0,1.0,2.0,0.0,55.0,3.0,5.0,1.0,1.0
2026,Round 10,2026-05-17,Essendon,away,CD_M20260141007,43,Isaiah Dudley,CD_I1011558,0.0,0.0,0.0,0.0,2.0,0.0,0.0,0.0,0.0,0.0,0.0,0.0,41.7,5.0,2.0,63.6,11.0,7.0,2.0,2.0,0.0,0.0,100.0,2.0,1.0,3.0,5.0,0.0,0.0,0.0,0.0,4.0,0.0,1.0,33.3,1.2,0.0,0.0,6.0,1.0,0.0,0.0,193.0,3.0,15.0,13.2,0.0,0.0,5.0,0.0,1.0,0.0,2.0,4.0,1.0,70.0,2.0,12.0,1.0,7.0
2026,Round 10,2026-05-17,Essendon,away,CD_M20260141007,28,Neil Erasmus,CD_I1020250,0.0,0.0,0.0,0.0,4.0,0.0,0.0,0.0,2.0,0.0,0.0,0.0,27.8,5.0,8.0,77.8,18.0,14.0,10.0,0.0,3.0,1.0,0.0,1.0,0.0,5.0,5.0,0.0,0.0,0.0,0.0,4.0,0.0,2.0,76.9,2.6,0.0,0.0,13.0,6.0,0.0,1.0,399.0,0.0,12.0,7.6,1.0,0.0,4.0,0.0,0.0,0.0,0.0,5.0,0.0,70.0,0.0,18.0,5.0,13.0
2026,Round 10,2026-05-17,Essendon,away,CD_M20260141007,32,Michael Frederick,CD_I999321,0.0,0.0,0.0,1.0,0.0,0.0,0.0,0.0,0.0,0.0,0.0,0.0,16.7,2.0,3.0,92.3,13.0,12.0,7.0,1.0,0.0,0.0,100.0,0.0,1.0,2.0,5.0,0.0,0.0,0.0,0.0,1.0,0.0,2.0,87.5,1.6,0.0,0.0,8.0,3.0,1.0,0.0,213.0,0.0,5.0,9.1,1.0,0.0,5.0,1.0,1.0,0.0,0.0,2.0,0.0,79.0,1.0,12.0,1.0,10.0
2026,Round 10,2026-05-17,Essendon,away,CD_M20260141007,9,Luke Jackson,CD_I1009399,0.0,0.0,16.0,1.0,4.0,100.0,1.0,1.0,2.0,1.0,50.0,0.0,66.7,10.0,6.0,75.0,16.0,12.0,4.0,0.0,1.0,3.0,100.0,0.0,1.0,7.0,10.0,26.3,47.5,19.0,5.0,0.0,1.0,4.0,66.7,0.6,0.0,0.0,6.0,1.0,0.0,0.0,27.0,1.0,14.0,10.1,1.0,40.0,2.0,1.0,1.0,1.0,1.0,1.0,0.0,68.0,2.0,15.0,0.0,5.0
2026,Round 10,2026-05-17,Essendon,away,CD_M20260141007,44,Matthew Johnson,CD_I1016825,0.0,0.0,14.0,0.0,2.0,0.0,0.0,0.0,0.0,0.0,0.0,0.0,19.0,4.0,6.0,81.8,22.0,18.0,8.0,0.0,0.0,0.0,0.0,2.0,0.0,3.0,11.0,0.0,0.0,0.0,0.0,4.0,0.0,1.0,72.7,1.0,0.0,0.0,11.0,4.0,0.0,0.0,249.0,1.0,17.0,11.3,0.0,0.0,7.0,1.0,0.0,0.0,1.0,4.0,0.0,74.0,1.0,21.0,4.0,17.0
2026,Round 10,2026-05-17,Essendon,away,CD_M20260141007,21,Oscar McDonald,CD_I992472,0.0,0.0,0.0,0.0,2.0,0.0,0.0,7.0,0.0,0.0,0.0,0.0,38.5,5.0,4.0,92.3,13.0,12.0,8.0,0.0,1.0,4.0,0.0,0.0,0.0,1.0,4.0,0.0,0.0,0.0,0.0,2.0,0.0,4.0,88.9,2.3,0.0,0.0,9.0,3.0,0.0,0.0,221.0,8.0,5.0,7.6,5.0,0.0,0.0,0.0,0.0,7.0,1.0,3.0,0.0,92.0,1.0,13.0,3.0,8.0
2026,Round 10,2026-05-17,Essendon,away,CD_M20260141007,17,Judd McVee,CD_I1017703,0.0,0.0,0.0,0.0,5.0,0.0,0.0,1.0,0.0,0.0,0.0,0.0,30.8,4.0,5.0,64.3,14.0,9.0,6.0,0.0,2.0,1.0,0.0,0.0,0.0,3.0,3.0,0.0,0.0,0.0,0.0,2.0,1.0,4.0,54.5,3.7,2.0,2.0,11.0,4.0,0.0,1.0,218.0,2.0,5.0,4.2,2.0,0.0,1.0,0.0,0.0,2.0,1.0,1.0,0.0,81.0,1.0,13.0,5.0,9.0
2026,Round 10,2026-05-17,Essendon,away,CD_M20260141007,30,Nathan O'Driscoll,CD_I1013220,0.0,0.0,1.0,0.0,1.0,0.0,0.0,0.0,0.0,0.0,0.0,0.0,33.3,6.0,8.0,70.6,17.0,12.0,7.0,1.0,1.0,1.0,0.0,0.0,0.0,5.0,8.0,0.0,0.0,0.0,0.0,0.0,0.0,4.0,77.8,1.1,0.0,0.0,9.0,5.0,0.0,0.0,294.0,3.0,11.0,7.9,3.0,0.0,4.0,1.0,0.0,1.0,1.0,2.0,0.0,81.0,1.0,18.0,3.0,12.0
2026,Round 10,2026-05-17,Essendon,away,CD_M20260141007,16,Murphy Reid,CD_I1028513,2.0,0.0,7.0,0.0,4.0,0.0,0.0,0.0,0.0,0.0,0.0,1.0,33.3,10.0,5.0,63.3,30.0,19.0,9.0,1.0,1.0,0.0,25.0,1.0,1.0,7.0,15.0,0.0,0.0,0.0,0.0,7.0,0.0,2.0,60.0,1.0,0.0,0.0,15.0,5.0,1.0,1.0,343.0,0.0,9.0,10.5,0.0,0.0,7.0,0.0,4.0,0.0,1.0,1.0,0.0,81.0,1.0,30.0,5.0,20.0
2026,Round 10,2026-05-17,Essendon,away,CD_M20260141007,13,Luke Ryan,CD_I998659,0.0,0.0,0.0,0.0,4.0,0.0,0.0,0.0,0.0,0.0,0.0,0.0,21.4,3.0,8.0,88.2,17.0,15.0,13.0,0.0,2.0,0.0,0.0,0.0,0.0,3.0,3.0,0.0,0.0,0.0,0.0,2.0,0.0,3.0,92.9,4.7,5.0,3.0,14.0,7.0,0.0,0.0,373.0,4.0,8.0,6.7,5.0,0.0,4.0,3.0,0.0,3.0,0.0,3.0,0.0,91.0,0.0,14.0,2.0,11.0
2026,Round 10,2026-05-17,Essendon,away,CD_M20260141007,45,Christopher Scerri,CD_I1040573,0.0,0.0,0.0,0.0,2.0,0.0,0.0,0.0,0.0,0.0,0.0,0.0,33.3,3.0,3.0,77.8,9.0,7.0,2.0,1.0,1.0,1.0,50.0,0.0,1.0,2.0,6.0,0.0,0.0,0.0,0.0,0.0,0.0,1.0,66.7,0.5,0.0,0.0,3.0,0.0,0.0,0.0,100.0,0.0,18.0,5.3,0.0,0.0,4.0,1.0,2.0,0.0,0.0,6.0,3.0,77.0,0.0,9.0,2.0,6.0
2026,Round 10,2026-05-17,Essendon,away,CD_M20260141007,3,Caleb Serong,CD_I1009420,0.0,0.0,17.0,4.0,1.0,0.0,0.0,0.0,0.0,0.0,0.0,1.0,62.5,15.0,4.0,75.0,24.0,18.0,6.0,0.0,0.0,1.0,0.0,1.0,0.0,10.0,14.0,0.0,0.0,0.0,0.0,4.0,0.0,4.0,60.0,0.7,0.0,0.0,10.0,3.0,0.0,1.0,230.0,3.0,17.0,16.4,2.0,0.0,6.0,2.0,0.0,1.0,2.0,5.0,1.0,72.0,6.0,24.0,2.0,9.0
2026,Round 10,2026-05-17,Essendon,away,CD_M20260141007,39,Sam Switkowski,CD_I992059,0.0,0.0,0.0,0.0,1.0,0.0,0.0,0.0,0.0,0.0,0.0,0.0,36.4,4.0,7.0,81.8,11.0,9.0,2.0,1.0,0.0,0.0,0.0,1.0,0.0,4.0,8.0,0.0,0.0,0.0,0.0,2.0,1.0,1.0,66.7,0.4,0.0,0.0,3.0,4.0,0.0,0.0,110.0,1.0,14.0,6.5,0.0,0.0,6.0,2.0,0.0,0.0,1.0,2.0,0.0,74.0,1.0,11.0,1.0,7.0
2026,Round 10,2026-05-17,Essendon,away,CD_M20260141007,35,Josh Treacy,CD_I1012819,1.0,0.0,0.0,0.0,4.0,0.0,0.0,0.0,2.0,0.0,0.0,2.0,50.0,7.0,3.0,81.8,11.0,9.0,4.0,1.0,1.0,1.0,66.7,1.0,2.0,3.0,5.0,0.0,0.0,0.0,0.0,1.0,1.0,2.0,66.7,1.2,0.0,0.0,6.0,6.0,3.0,2.0,190.0,2.0,12.0,13.1,0.0,0.0,6.0,0.0,3.0,0.0,0.0,1.0,0.0,83.0,0.0,14.0,3.0,7.0
2026,Round 10,2026-05-17,Essendon,away,CD_M20260141007,20,Patrick Voss,CD_I1017754,0.0,0.0,0.0,0.0,3.0,0.0,0.0,0.0,2.0,0.0,0.0,1.0,58.3,7.0,1.0,83.3,12.0,10.0,5.0,4.0,1.0,1.0,83.3,0.0,5.0,5.0,5.0,0.0,0.0,0.0,0.0,2.0,0.0,4.0,71.4,1.4,0.0,0.0,7.0,2.0,2.0,0.0,136.0,0.0,7.0,16.6,0.0,0.0,8.0,3.0,6.0,0.0,1.0,5.0,4.0,86.0,1.0,12.0,3.0,5.0
2026,Round 10,2026-05-17,Essendon,away,CD_M20260141007,23,Karl Worner,CD_I1021015,1.0,1.0,0.0,0.0,0.0,0.0,0.0,1.0,0.0,0.0,0.0,0.0,30.8,8.0,9.0,88.9,27.0,24.0,13.0,0.0,0.0,0.0,0.0,0.0,0.0,6.0,13.0,0.0,0.0,0.0,0.0,1.0,0.0,11.0,92.9,1.1,1.0,1.0,14.0,5.0,0.0,0.0,425.0,7.0,9.0,14.8,6.0,0.0,4.0,1.0,1.0,5.0,1.0,1.0,0.0,85.0,1.0,26.0,1.0,18.0
2026,Round 11,2026-05-22,St Kilda,home,CD_M20260141103,24,Jye Amiss,CD_I1020594,0.0,0.0,0.0,0.0,0.0,0.0,0.0,0.0,1.0,0.0,0.0,0.0,33.3,3.0,0.0,75.0,8.0,6.0,5.0,1.0,0.0,2.0,100.0,0.0,4.0,1.0,1.0,0.0,0.0,0.0,0.0,1.0,0.0,0.0,71.4,7.0,0.0,0.0,7.0,4.0,2.0,4.0,233.0,0.0,8.0,17.0,0.0,0.0,5.0,0.0,4.0,0.0,0.0,2.0,2.0,89.0,0.0,9.0,2.0,6.0
2026,Round 11,2026-05-22,St Kilda,home,CD_M20260141103,10,Shai Bolton,CD_I993993,2.0,3.0,18.0,1.0,4.0,0.0,0.0,0.0,1.0,0.0,0.0,1.0,40.7,11.0,7.0,60.0,25.0,15.0,6.0,1.0,1.0,1.0,33.3,1.0,1.0,7.0,11.0,0.0,0.0,0.0,0.0,12.0,1.0,3.0,42.9,1.3,0.0,0.0,14.0,3.0,0.0,0.0,631.0,1.0,9.0,18.0,1.0,0.0,6.0,1.0,3.0,0.0,3.0,1.0,0.0,79.0,4.0,27.0,3.0,16.0
2026,Round 11,2026-05-22,St Kilda,home,CD_M20260141103,8,Andrew Brayshaw,CD_I1002232,0.0,0.0,25.0,1.0,1.0,0.0,0.0,0.0,0.0,0.0,0.0,0.0,44.0,11.0,4.0,96.0,25.0,24.0,8.0,2.0,0.0,0.0,0.0,0.0,0.0,8.0,16.0,0.0,0.0,0.0,0.0,3.0,0.0,3.0,88.9,0.6,0.0,0.0,9.0,5.0,0.0,0.0,227.0,1.0,14.0,17.3,1.0,0.0,4.0,1.0,0.0,0.0,6.0,3.0,1.0,80.0,7.0,25.0,3.0,14.0
2026,Round 11,2026-05-22,St Kilda,home,CD_M20260141103,5,Heath Chapman,CD_I1013224,0.0,4.0,0.0,0.0,1.0,0.0,0.0,1.0,0.0,0.0,0.0,2.0,28.6,4.0,7.0,80.0,15.0,12.0,9.0,0.0,0.0,0.0,0.0,1.0,0.0,2.0,3.0,0.0,0.0,0.0,0.0,2.0,3.0,6.0,75.0,4.0,0.0,0.0,12.0,8.0,0.0,0.0,345.0,4.0,9.0,10.0,4.0,0.0,1.0,0.0,1.0,4.0,0.0,2.0,0.0,88.0,0.0,14.0,2.0,10.0
2026,Round 11,2026-05-22,St Kilda,home,CD_M20260141103,6,Jordan Clark,CD_I1006152,0.0,2.0,0.0,0.0,2.0,0.0,0.0,1.0,0.0,0.0,0.0,0.0,20.0,3.0,6.0,88.9,18.0,16.0,11.0,0.0,1.0,0.0,0.0,1.0,0.0,3.0,5.0,0.0,0.0,0.0,0.0,2.0,0.0,3.0,84.6,2.6,2.0,2.0,13.0,4.0,0.0,0.0,352.0,1.0,10.0,7.5,3.0,0.0,6.0,1.0,0.0,1.0,1.0,3.0,0.0,81.0,1.0,15.0,4.0,12.0
2026,Round 11,2026-05-22,St Kilda,home,CD_M20260141103,36,Brennan Cox,CD_I997033,0.0,1.0,0.0,0.0,3.0,0.0,0.0,0.0,0.0,0.0,0.0,4.0,38.1,8.0,4.0,80.0,20.0,16.0,11.0,0.0,0.0,1.0,0.0,0.0,0.0,2.0,5.0,0.0,0.0,0.0,0.0,0.0,6.0,9.0,73.3,3.0,0.0,0.0,15.0,10.0,0.0,0.0,220.0,2.0,6.0,8.2,3.0,0.0,0.0,0.0,0.0,2.0,0.0,0.0,0.0,84.0,0.0,21.0,4.0,13.0
2026,Round 11,2026-05-22,St Kilda,home,CD_M20260141103,18,Mason Cox,CD_I998647,0.0,0.0,6.0,2.0,6.0,0.0,0.0,0.0,0.0,0.0,0.0,1.0,75.0,6.0,2.0,37.5,8.0,3.0,0.0,1.0,2.0,1.0,0.0,0.0,0.0,3.0,4.0,16.7,57.1,12.0,2.0,1.0,0.0,1.0,0.0,1.0,0.0,0.0,4.0,2.0,0.0,0.0,117.0,2.0,4.0,-0.9,1.0,21.0,2.0,1.0,0.0,1.0,1.0,2.0,0.0,47.0,3.0,8.0,5.0,2.0
2026,Round 11,2026-05-22,St Kilda,home,CD_M20260141103,43,Isaiah Dudley,CD_I1011558,0.0,0.0,0.0,0.0,3.0,0.0,0.0,0.0,0.0,0.0,0.0,0.0,50.0,4.0,3.0,66.7,9.0,6.0,4.0,3.0,1.0,0.0,66.7,2.0,2.0,4.0,2.0,0.0,0.0,0.0,0.0,1.0,0.0,1.0,57.1,3.5,0.0,0.0,7.0,1.0,0.0,1.0,166.0,0.0,13.0,10.3,0.0,0.0,4.0,0.0,3.0,0.0,0.0,3.0,0.0,64.0,0.0,8.0,3.0,4.0
2026,Round 11,2026-05-22,St Kilda,home,CD_M20260141103,28,Neil Erasmus,CD_I1020250,0.0,0.0,5.0,0.0,2.0,0.0,0.0,0.0,0.0,0.0,0.0,1.0,33.3,5.0,5.0,80.0,15.0,12.0,5.0,1.0,0.0,1.0,100.0,1.0,1.0,2.0,8.0,0.0,0.0,0.0,0.0,2.0,1.0,2.0,71.4,0.9,0.0,0.0,7.0,2.0,0.0,1.0,157.0,1.0,12.0,8.0,1.0,0.0,4.0,1.0,1.0,1.0,1.0,5.0,1.0,67.0,1.0,15.0,3.0,10.0
2026,Round 11,2026-05-22,St Kilda,home,CD_M20260141103,32,Michael Frederick,CD_I999321,1.0,3.0,0.0,1.0,1.0,0.0,0.0,0.0,1.0,0.0,0.0,0.0,37.5,6.0,1.0,64.7,17.0,11.0,4.0,1.0,0.0,0.0,33.3,2.0,1.0,6.0,8.0,0.0,0.0,0.0,0.0,6.0,0.0,4.0,44.4,1.1,0.0,0.0,9.0,1.0,0.0,0.0,371.0,1.0,11.0,14.9,1.0,0.0,7.0,0.0,3.0,0.0,0.0,1.0,0.0,82.0,1.0,16.0,2.0,10.0
2026,Round 11,2026-05-22,St Kilda,home,CD_M20260141103,9,Luke Jackson,CD_I1009399,1.0,0.0,24.0,5.0,3.0,0.0,0.0,0.0,0.0,0.0,0.0,3.0,75.0,18.0,4.0,59.1,22.0,13.0,3.0,0.0,1.0,2.0,0.0,0.0,0.0,6.0,15.0,38.1,30.0,21.0,8.0,4.0,1.0,1.0,42.9,0.5,0.0,0.0,7.0,3.0,1.0,0.0,279.0,0.0,12.0,14.8,0.0,70.0,8.0,4.0,1.0,0.0,2.0,3.0,0.0,77.0,7.0,24.0,2.0,6.0
2026,Round 11,2026-05-22,St Kilda,home,CD_M20260141103,44,Matthew Johnson,CD_I1016825,0.0,0.0,24.0,2.0,2.0,0.0,0.0,0.0,0.0,0.0,0.0,0.0,30.0,6.0,5.0,80.0,20.0,16.0,3.0,0.0,0.0,0.0,0.0,0.0,0.0,5.0,16.0,0.0,0.0,0.0,0.0,1.0,0.0,0.0,75.0,0.3,0.0,0.0,4.0,2.0,0.0,0.0,117.0,0.0,12.0,6.2,1.0,0.0,3.0,1.0,0.0,0.0,1.0,3.0,0.0,80.0,3.0,20.0,2.0,14.0
2026,Round 11,2026-05-22,St Kilda,home,CD_M20260141103,21,Oscar McDonald,CD_I992472,0.0,0.0,0.0,0.0,3.0,0.0,0.0,1.0,0.0,0.0,0.0,2.0,60.0,6.0,6.0,90.0,10.0,9.0,6.0,0.0,1.0,1.0,0.0,0.0,0.0,3.0,3.0,0.0,0.0,0.0,0.0,1.0,3.0,6.0,85.7,2.3,0.0,0.0,7.0,5.0,0.0,1.0,123.0,3.0,7.0,5.2,1.0,0.0,1.0,1.0,0.0,3.0,0.0,2.0,0.0,92.0,0.0,10.0,1.0,4.0
2026,Round 11,2026-05-22,St Kilda,home,CD_M20260141103,17,Judd McVee,CD_I1017703,0.0,1.0,0.0,0.0,3.0,0.0,0.0,0.0,0.0,0.0,0.0,0.0,6.3,1.0,4.0,75.0,16.0,12.0,6.0,0.0,0.0,0.0,0.0,0.0,0.0,1.0,6.0,0.0,0.0,0.0,0.0,2.0,0.0,1.0,60.0,1.7,0.0,0.0,10.0,7.0,0.0,0.0,236.0,3.0,4.0,0.0,4.0,0.0,2.0,1.0,0.0,3.0,0.0,0.0,0.0,65.0,0.0,16.0,4.0,15.0
2026,Round 11,2026-05-22,St Kilda,home,CD_M20260141103,30,Nathan O'Driscoll,CD_I1013220,0.0,1.0,5.0,1.0,4.0,0.0,0.0,1.0,0.0,0.0,0.0,0.0,30.8,8.0,9.0,63.0,27.0,17.0,4.0,0.0,0.0,0.0,0.0,0.0,0.0,7.0,17.0,0.0,0.0,0.0,0.0,4.0,1.0,6.0,40.0,0.6,0.0,0.0,10.0,7.0,2.0,0.0,243.0,2.0,16.0,6.9,0.0,0.0,4.0,2.0,1.0,2.0,2.0,2.0,0.0,77.0,3.0,26.0,5.0,18.0
2026,Round 11,2026-05-22,St Kilda,home,CD_M20260141103,16,Murphy Reid,CD_I1028513,1.0,0.0,12.0,2.0,3.0,0.0,0.0,0.0,0.0,0.0,0.0,0.0,30.0,9.0,4.0,76.7,30.0,23.0,13.0,3.0,2.0,0.0,50.0,2.0,1.0,8.0,15.0,0.0,0.0,0.0,0.0,5.0,0.0,5.0,86.7,1.0,0.0,0.0,15.0,3.0,0.0,0.0,354.0,0.0,20.0,19.2,1.0,0.0,14.0,4.0,2.0,0.0,1.0,2.0,1.0,83.0,3.0,30.0,2.0,21.0
2026,Round 11,2026-05-22,St Kilda,home,CD_M20260141103,13,Luke Ryan,CD_I998659,0.0,1.0,0.0,0.0,1.0,100.0,1.0,1.0,0.0,0.0,0.0,0.0,33.3,7.0,7.0,95.8,24.0,23.0,14.0,0.0,0.0,0.0,0.0,0.0,0.0,7.0,10.0,0.0,0.0,0.0,0.0,0.0,1.0,8.0,100.0,1.4,3.0,2.0,14.0,9.0,0.0,0.0,303.0,1.0,7.0,14.8,2.0,0.0,3.0,3.0,0.0,1.0,0.0,0.0,0.0,86.0,0.0,21.0,2.0,14.0
2026,Round 11,2026-05-22,St Kilda,home,CD_M20260141103,45,Christopher Scerri,CD_I1040573,0.0,1.0,0.0,0.0,0.0,0.0,0.0,0.0,0.0,0.0,0.0,0.0,57.1,4.0,4.0,87.5,8.0,7.0,2.0,2.0,0.0,0.0,0.0,0.0,0.0,4.0,6.0,0.0,0.0,0.0,0.0,1.0,0.0,2.0,100.0,0.3,0.0,0.0,2.0,1.0,0.0,1.0,116.0,2.0,15.0,7.6,1.0,0.0,4.0,1.0,0.0,1.0,0.0,2.0,2.0,65.0,0.0,7.0,1.0,3.0
2026,Round 11,2026-05-22,St Kilda,home,CD_M20260141103,39,Sam Switkowski,CD_I992059,0.0,0.0,1.0,0.0,2.0,0.0,0.0,0.0,0.0,0.0,0.0,0.0,50.0,4.0,1.0,57.1,7.0,4.0,2.0,3.0,1.0,0.0,50.0,1.0,1.0,4.0,3.0,0.0,0.0,0.0,0.0,3.0,0.0,0.0,50.0,1.3,0.0,0.0,4.0,1.0,1.0,0.0,100.0,0.0,17.0,4.7,0.0,0.0,3.0,0.0,2.0,0.0,0.0,4.0,3.0,75.0,0.0,8.0,2.0,4.0
2026,Round 11,2026-05-22,St Kilda,home,CD_M20260141103,35,Josh Treacy,CD_I1012819,2.0,0.0,0.0,0.0,2.0,0.0,0.0,1.0,2.0,1.0,50.0,2.0,40.9,9.0,4.0,73.7,19.0,14.0,8.0,1.0,0.0,3.0,40.0,0.0,2.0,4.0,7.0,0.0,0.0,0.0,0.0,3.0,0.0,3.0,66.7,1.7,0.0,0.0,12.0,11.0,5.0,5.0,321.0,1.0,12.0,11.1,0.0,0.0,9.0,1.0,5.0,0.0,0.0,4.0,0.0,95.0,0.0,22.0,2.0,13.0
2026,Round 11,2026-05-22,St Kilda,home,CD_M20260141103,20,Patrick Voss,CD_I1017754,0.0,0.0,0.0,0.0,3.0,0.0,0.0,0.0,3.0,1.0,33.3,1.0,45.5,5.0,2.0,72.7,11.0,8.0,5.0,2.0,2.0,1.0,75.0,1.0,3.0,3.0,4.0,0.0,0.0,0.0,0.0,2.0,0.0,0.0,71.4,1.8,0.0,0.0,7.0,4.0,2.0,1.0,135.0,4.0,9.0,10.4,0.0,0.0,6.0,0.0,4.0,3.0,0.0,4.0,2.0,89.0,0.0,11.0,2.0,6.0
2026,Round 11,2026-05-22,St Kilda,home,CD_M20260141103,34,Corey Wagner,CD_I993940,0.0,1.0,0.0,0.0,0.0,0.0,0.0,0.0,0.0,0.0,0.0,0.0,20.0,3.0,9.0,73.3,15.0,11.0,6.0,0.0,0.0,1.0,0.0,1.0,0.0,2.0,5.0,0.0,0.0,0.0,0.0,3.0,0.0,2.0,60.0,2.0,0.0,0.0,10.0,2.0,0.0,0.0,411.0,0.0,15.0,6.5,1.0,0.0,4.0,1.0,0.0,0.0,0.0,4.0,0.0,68.0,0.0,15.0,0.0,12.0
2026,Round 11,2026-05-22,St Kilda,home,CD_M20260141103,23,Karl Worner,CD_I1021015,0.0,1.0,0.0,1.0,3.0,0.0,0.0,1.0,0.0,0.0,0.0,0.0,30.4,7.0,3.0,76.0,25.0,19.0,10.0,0.0,1.0,0.0,0.0,0.0,0.0,7.0,13.0,0.0,0.0,0.0,0.0,2.0,1.0,6.0,83.3,0.9,3.0,2.0,12.0,6.0,0.0,0.0,519.0,1.0,7.0,8.9,8.0,0.0,4.0,0.0,0.0,1.0,0.0,2.0,0.0,85.0,1.0,23.0,6.0,16.0
2026,Round 12,2026-05-30,Brisbane Lions,away,CD_M20260141204,24,Jye Amiss,CD_I1020594,4.0,0.0,0.0,0.0,2.0,0.0,0.0,0.0,4.0,1.0,25.0,2.0,40.0,6.0,1.0,60.0,15.0,9.0,6.0,0.0,0.0,2.0,50.0,0.0,4.0,1.0,5.0,0.0,0.0,0.0,0.0,0.0,0.0,1.0,60.0,2.0,0.0,0.0,10.0,6.0,6.0,3.0,163.0,2.0,2.0,10.4,0.0,0.0,10.0,0.0,8.0,1.0,0.0,1.0,0.0,90.0,0.0,15.0,2.0,9.0
2026,Round 12,2026-05-30,Brisbane Lions,away,CD_M20260141204,10,Shai Bolton,CD_I993993,0.0,2.0,20.0,3.0,3.0,0.0,0.0,0.0,0.0,0.0,0.0,0.0,40.9,9.0,10.0,57.1,21.0,12.0,3.0,2.0,0.0,1.0,0.0,3.0,0.0,6.0,12.0,0.0,0.0,0.0,0.0,6.0,0.0,1.0,33.3,0.8,0.0,0.0,9.0,2.0,0.0,0.0,261.0,0.0,14.0,7.9,1.0,0.0,7.0,2.0,1.0,0.0,3.0,3.0,0.0,83.0,6.0,22.0,3.0,13.0
2026,Round 12,2026-05-30,Brisbane Lions,away,CD_M20260141204,8,Andrew Brayshaw,CD_I1002232,0.0,1.0,21.0,0.0,3.0,0.0,0.0,0.0,0.0,0.0,0.0,0.0,39.1,9.0,8.0,87.5,24.0,21.0,7.0,0.0,0.0,0.0,0.0,2.0,0.0,8.0,16.0,0.0,0.0,0.0,0.0,4.0,0.0,6.0,87.5,0.5,0.0,0.0,8.0,2.0,0.0,0.0,296.0,2.0,18.0,12.2,0.0,0.0,7.0,1.0,0.0,0.0,0.0,6.0,0.0,77.0,0.0,23.0,3.0,14.0
2026,Round 12,2026-05-30,Brisbane Lions,away,CD_M20260141204,5,Heath Chapman,CD_I1013224,0.0,1.0,0.0,0.0,6.0,0.0,0.0,2.0,0.0,0.0,0.0,0.0,15.4,2.0,6.0,66.7,15.0,10.0,4.0,0.0,1.0,0.0,0.0,0.0,0.0,2.0,7.0,0.0,0.0,0.0,0.0,1.0,1.0,6.0,50.0,1.1,0.0,0.0,8.0,4.0,0.0,1.0,241.0,4.0,8.0,2.9,7.0,0.0,4.0,2.0,0.0,2.0,0.0,2.0,0.0,94.0,0.0,13.0,6.0,11.0
2026,Round 12,2026-05-30,Brisbane Lions,away,CD_M20260141204,6,Jordan Clark,CD_I1006152,0.0,4.0,0.0,0.0,4.0,0.0,0.0,0.0,0.0,0.0,0.0,0.0,10.5,2.0,5.0,83.3,24.0,20.0,12.0,0.0,2.0,0.0,0.0,2.0,0.0,2.0,8.0,0.0,0.0,0.0,0.0,5.0,0.0,0.0,75.0,2.0,6.0,6.0,16.0,4.0,0.0,0.0,659.0,3.0,11.0,9.5,6.0,0.0,5.0,0.0,0.0,3.0,0.0,3.0,1.0,89.0,0.0,19.0,7.0,17.0
2026,Round 12,2026-05-30,Brisbane Lions,away,CD_M20260141204,36,Brennan Cox,CD_I997033,0.0,0.0,0.0,0.0,0.0,0.0,0.0,1.0,0.0,0.0,0.0,0.0,85.7,6.0,2.0,85.7,7.0,6.0,0.0,0.0,0.0,0.0,0.0,0.0,0.0,6.0,7.0,0.0,0.0,0.0,0.0,0.0,0.0,5.0,0.0,0.0,0.0,0.0,0.0,1.0,0.0,0.0,4.0,4.0,3.0,8.4,1.0,0.0,0.0,0.0,0.0,4.0,0.0,0.0,0.0,37.0,0.0,7.0,0.0,1.0
2026,Round 12,2026-05-30,Brisbane Lions,away,CD_M20260141204,18,Mason Cox,CD_I998647,0.0,0.0,9.0,1.0,5.0,0.0,0.0,0.0,2.0,0.0,0.0,0.0,50.0,4.0,2.0,0.0,5.0,0.0,0.0,0.0,3.0,1.0,0.0,0.0,0.0,2.0,2.0,38.5,52.0,13.0,5.0,0.0,0.0,1.0,0.0,1.5,0.0,0.0,3.0,0.0,0.0,0.0,52.0,1.0,3.0,-2.2,1.0,25.0,0.0,1.0,0.0,0.0,0.0,1.0,0.0,55.0,1.0,8.0,2.0,4.0
2026,Round 12,2026-05-30,Brisbane Lions,away,CD_M20260141204,43,Isaiah Dudley,CD_I1011558,0.0,0.0,0.0,0.0,0.0,0.0,0.0,0.0,0.0,0.0,0.0,0.0,30.0,3.0,3.0,88.9,9.0,8.0,3.0,0.0,0.0,1.0,100.0,0.0,1.0,1.0,5.0,0.0,0.0,0.0,0.0,1.0,0.0,2.0,75.0,0.8,0.0,0.0,4.0,2.0,1.0,1.0,71.0,1.0,10.0,6.4,0.0,0.0,3.0,0.0,1.0,0.0,1.0,2.0,0.0,64.0,1.0,10.0,0.0,7.0
2026,Round 12,2026-05-30,Brisbane Lions,away,CD_M20260141204,28,Neil Erasmus,CD_I1020250,0.0,1.0,7.0,0.0,5.0,0.0,0.0,0.0,0.0,0.0,0.0,0.0,35.7,5.0,9.0,76.9,13.0,10.0,2.0,0.0,1.0,0.0,0.0,0.0,0.0,5.0,9.0,0.0,0.0,0.0,0.0,0.0,0.0,1.0,50.0,0.4,0.0,0.0,4.0,4.0,0.0,3.0,13.0,1.0,16.0,5.8,1.0,0.0,3.0,2.0,0.0,0.0,2.0,2.0,0.0,77.0,2.0,14.0,2.0,9.0
2026,Round 12,2026-05-30,Brisbane Lions,away,CD_M20260141204,32,Michael Frederick,CD_I999321,1.0,1.0,0.0,0.0,2.0,0.0,0.0,0.0,0.0,0.0,0.0,0.0,15.4,2.0,6.0,69.2,13.0,9.0,6.0,0.0,1.0,0.0,0.0,0.0,0.0,1.0,5.0,0.0,0.0,0.0,0.0,4.0,0.0,0.0,75.0,1.6,0.0,0.0,8.0,4.0,1.0,1.0,331.0,0.0,8.0,4.3,3.0,0.0,7.0,0.0,1.0,0.0,2.0,0.0,0.0,80.0,2.0,13.0,2.0,11.0
2026,Round 12,2026-05-30,Brisbane Lions,away,CD_M20260141204,9,Luke Jackson,CD_I1009399,0.0,0.0,18.0,2.0,4.0,0.0,0.0,0.0,0.0,0.0,0.0,1.0,56.3,9.0,5.0,80.0,15.0,12.0,4.0,0.0,3.0,1.0,100.0,0.0,1.0,3.0,8.0,13.6,34.9,22.0,3.0,2.0,1.0,3.0,57.1,0.9,0.0,0.0,7.0,1.0,0.0,0.0,160.0,0.0,9.0,9.6,0.0,63.0,10.0,7.0,1.0,0.0,3.0,3.0,0.0,81.0,5.0,16.0,2.0,7.0
2026,Round 12,2026-05-30,Brisbane Lions,away,CD_M20260141204,44,Matthew Johnson,CD_I1016825,0.0,0.0,19.0,2.0,1.0,100.0,1.0,1.0,0.0,0.0,0.0,1.0,36.8,7.0,10.0,85.0,20.0,17.0,10.0,3.0,1.0,1.0,100.0,1.0,1.0,5.0,7.0,0.0,0.0,0.0,0.0,1.0,0.0,1.0,76.9,1.9,0.0,0.0,13.0,6.0,0.0,3.0,344.0,1.0,16.0,17.8,1.0,0.0,5.0,1.0,1.0,0.0,4.0,4.0,1.0,79.0,6.0,19.0,1.0,12.0
2026,Round 12,2026-05-30,Brisbane Lions,away,CD_M20260141204,17,Judd McVee,CD_I1017703,0.0,0.0,0.0,0.0,1.0,0.0,0.0,0.0,0.0,0.0,0.0,1.0,23.5,4.0,3.0,100.0,20.0,20.0,8.0,0.0,0.0,0.0,0.0,0.0,0.0,3.0,12.0,0.0,0.0,0.0,0.0,1.0,1.0,4.0,100.0,0.7,3.0,2.0,8.0,5.0,0.0,1.0,219.0,1.0,4.0,9.8,3.0,0.0,7.0,2.0,0.0,1.0,0.0,1.0,0.0,81.0,0.0,17.0,1.0,13.0
2026,Round 12,2026-05-30,Brisbane Lions,away,CD_M20260141204,30,Nathan O'Driscoll,CD_I1013220,0.0,0.0,2.0,0.0,2.0,0.0,0.0,0.0,0.0,0.0,0.0,0.0,27.3,6.0,1.0,77.3,22.0,17.0,11.0,2.0,0.0,1.0,0.0,2.0,0.0,5.0,7.0,0.0,0.0,0.0,0.0,6.0,0.0,2.0,73.3,2.1,0.0,0.0,15.0,2.0,0.0,0.0,562.0,1.0,5.0,14.0,2.0,0.0,8.0,0.0,1.0,0.0,0.0,1.0,0.0,83.0,0.0,22.0,3.0,16.0
2026,Round 12,2026-05-30,Brisbane Lions,away,CD_M20260141204,25,Alex Pearce,CD_I298409,0.0,1.0,0.0,0.0,3.0,50.0,1.0,2.0,0.0,0.0,0.0,0.0,75.0,6.0,4.0,66.7,9.0,6.0,5.0,0.0,2.0,2.0,0.0,0.0,0.0,4.0,3.0,0.0,0.0,0.0,0.0,1.0,1.0,8.0,83.3,2.0,0.0,0.0,6.0,2.0,0.0,0.0,102.0,5.0,4.0,5.6,1.0,0.0,2.0,2.0,0.0,4.0,0.0,0.0,0.0,72.0,0.0,8.0,2.0,2.0
2026,Round 12,2026-05-30,Brisbane Lions,away,CD_M20260141204,16,Murphy Reid,CD_I1028513,0.0,0.0,12.0,1.0,1.0,0.0,0.0,0.0,0.0,0.0,0.0,0.0,30.0,6.0,8.0,66.7,21.0,14.0,4.0,0.0,0.0,1.0,0.0,0.0,0.0,3.0,11.0,0.0,0.0,0.0,0.0,2.0,0.0,1.0,40.0,0.9,0.0,0.0,10.0,1.0,0.0,0.0,241.0,1.0,12.0,8.5,2.0,0.0,6.0,0.0,0.0,0.0,3.0,3.0,0.0,85.0,4.0,20.0,2.0,14.0
2026,Round 12,2026-05-30,Brisbane Lions,away,CD_M20260141204,13,Luke Ryan,CD_I998659,0.0,1.0,0.0,0.0,1.0,0.0,0.0,1.0,0.0,0.0,0.0,0.0,13.3,2.0,2.0,81.8,22.0,18.0,14.0,0.0,0.0,0.0,0.0,0.0,0.0,1.0,5.0,0.0,0.0,0.0,0.0,1.0,1.0,4.0,82.4,3.4,7.0,7.0,17.0,5.0,0.0,0.0,572.0,2.0,3.0,5.1,7.0,0.0,1.0,1.0,0.0,1.0,0.0,1.0,0.0,90.0,0.0,15.0,4.0,13.0
2026,Round 12,2026-05-30,Brisbane Lions,away,CD_M20260141204,45,Christopher Scerri,CD_I1040573,0.0,0.0,0.0,0.0,0.0,0.0,0.0,0.0,0.0,0.0,0.0,1.0,77.8,7.0,8.0,100.0,9.0,9.0,0.0,1.0,0.0,0.0,0.0,0.0,0.0,6.0,9.0,0.0,0.0,0.0,0.0,1.0,0.0,3.0,0.0,0.0,0.0,0.0,0.0,1.0,0.0,0.0,-23.0,1.0,16.0,9.5,0.0,0.0,2.0,1.0,0.0,0.0,1.0,0.0,0.0,64.0,1.0,9.0,0.0,2.0
2026,Round 12,2026-05-30,Brisbane Lions,away,CD_M20260141204,39,Sam Switkowski,CD_I992059,1.0,1.0,0.0,0.0,0.0,0.0,0.0,0.0,1.0,1.0,100.0,0.0,37.5,6.0,5.0,87.5,16.0,14.0,5.0,0.0,0.0,2.0,50.0,0.0,1.0,4.0,9.0,0.0,0.0,0.0,0.0,0.0,2.0,5.0,71.4,0.8,0.0,0.0,7.0,3.0,1.0,0.0,210.0,1.0,12.0,15.1,0.0,0.0,9.0,3.0,2.0,1.0,0.0,2.0,2.0,75.0,0.0,16.0,0.0,10.0
2026,Round 12,2026-05-30,Brisbane Lions,away,CD_M20260141204,35,Josh Treacy,CD_I1012819,1.0,0.0,0.0,0.0,1.0,0.0,0.0,0.0,6.0,1.0,16.7,1.0,50.0,9.0,7.0,87.5,16.0,14.0,10.0,2.0,1.0,5.0,60.0,0.0,3.0,3.0,4.0,0.0,0.0,0.0,0.0,3.0,1.0,3.0,83.3,3.0,0.0,0.0,12.0,7.0,2.0,2.0,388.0,0.0,12.0,14.8,0.0,0.0,7.0,1.0,5.0,0.0,0.0,3.0,2.0,91.0,0.0,18.0,2.0,9.0
2026,Round 12,2026-05-30,Brisbane Lions,away,CD_M20260141204,20,Patrick Voss,CD_I1017754,3.0,0.0,0.0,0.0,4.0,0.0,0.0,0.0,2.0,1.0,50.0,2.0,38.5,5.0,1.0,76.9,13.0,10.0,9.0,1.0,3.0,2.0,57.1,1.0,4.0,1.0,1.0,0.0,0.0,0.0,0.0,4.0,0.0,0.0,75.0,12.0,0.0,0.0,12.0,8.0,4.0,1.0,407.0,0.0,6.0,8.8,0.0,0.0,9.0,0.0,7.0,0.0,0.0,2.0,0.0,92.0,0.0,13.0,4.0,8.0
2026,Round 12,2026-05-30,Brisbane Lions,away,CD_M20260141204,34,Corey Wagner,CD_I993940,0.0,3.0,0.0,0.0,2.0,0.0,0.0,0.0,0.0,0.0,0.0,0.0,11.8,2.0,6.0,64.7,17.0,11.0,5.0,0.0,0.0,1.0,0.0,0.0,0.0,0.0,6.0,0.0,0.0,0.0,0.0,2.0,1.0,1.0,45.5,1.8,0.0,0.0,11.0,3.0,0.0,0.0,410.0,0.0,11.0,8.4,5.0,0.0,4.0,0.0,1.0,0.0,2.0,3.0,0.0,79.0,2.0,17.0,5.0,15.0
2026,Round 12,2026-05-30,Brisbane Lions,away,CD_M20260141204,23,Karl Worner,CD_I1021015,0.0,1.0,0.0,1.0,1.0,0.0,0.0,0.0,0.0,0.0,0.0,0.0,18.8,3.0,8.0,94.4,18.0,17.0,9.0,0.0,0.0,0.0,0.0,1.0,0.0,3.0,8.0,0.0,0.0,0.0,0.0,2.0,4.0,6.0,90.0,1.3,2.0,2.0,10.0,7.0,0.0,0.0,474.0,2.0,9.0,13.2,7.0,0.0,5.0,2.0,0.0,2.0,0.0,2.0,0.0,82.0,1.0,16.0,1.0,13.0
2026,Round 13,2026-06-06,North Melbourne,away,CD_M20260141303,24,Jye Amiss,CD_I1020594,1.0,0.0,0.0,0.0,1.0,0.0,0.0,0.0,4.0,2.0,50.0,3.0,60.0,6.0,1.0,60.0,10.0,6.0,5.0,1.0,0.0,2.0,40.0,0.0,2.0,1.0,2.0,0.0,0.0,0.0,0.0,0.0,1.0,2.0,62.5,4.0,0.0,0.0,8.0,6.0,4.0,3.0,77.0,1.0,3.0,7.7,0.0,0.0,5.0,1.0,5.0,0.0,0.0,1.0,0.0,92.0,0.0,10.0,1.0,4.0
2026,Round 13,2026-06-06,North Melbourne,away,CD_M20260141303,10,Shai Bolton,CD_I993993,0.0,2.0,21.0,2.0,4.0,0.0,0.0,0.0,0.0,0.0,0.0,0.0,24.1,7.0,5.0,85.2,27.0,23.0,11.0,1.0,3.0,2.0,0.0,2.0,0.0,3.0,13.0,0.0,0.0,0.0,0.0,4.0,0.0,2.0,78.6,1.1,0.0,0.0,14.0,7.0,0.0,2.0,411.0,0.0,13.0,6.8,1.0,0.0,8.0,1.0,1.0,0.0,1.0,4.0,0.0,84.0,3.0,29.0,5.0,22.0
2026,Round 13,2026-06-06,North Melbourne,away,CD_M20260141303,8,Andrew Brayshaw,CD_I1002232,0.0,2.0,26.0,5.0,1.0,0.0,0.0,0.0,0.0,0.0,0.0,0.0,41.9,13.0,8.0,76.7,30.0,23.0,7.0,0.0,0.0,1.0,0.0,0.0,0.0,8.0,18.0,0.0,0.0,0.0,0.0,4.0,0.0,3.0,58.3,0.7,0.0,0.0,12.0,1.0,0.0,0.0,560.0,5.0,17.0,16.3,1.0,0.0,10.0,3.0,0.0,1.0,4.0,3.0,0.0,80.0,9.0,31.0,5.0,18.0
2026,Round 13,2026-06-06,North Melbourne,away,CD_M20260141303,5,Heath Chapman,CD_I1013224,0.0,1.0,0.0,0.0,1.0,0.0,0.0,1.0,0.0,0.0,0.0,0.0,8.3,1.0,3.0,91.7,12.0,11.0,7.0,0.0,1.0,0.0,0.0,0.0,0.0,1.0,4.0,0.0,0.0,0.0,0.0,1.0,1.0,2.0,87.5,2.0,1.0,0.0,8.0,7.0,0.0,0.0,119.0,2.0,4.0,4.7,0.0,0.0,4.0,1.0,0.0,2.0,0.0,1.0,0.0,84.0,0.0,12.0,1.0,11.0
2026,Round 13,2026-06-06,North Melbourne,away,CD_M20260141303,6,Jordan Clark,CD_I1006152,0.0,2.0,0.0,0.0,2.0,0.0,0.0,0.0,0.0,0.0,0.0,0.0,11.1,2.0,4.0,89.5,19.0,17.0,11.0,0.0,1.0,0.0,0.0,0.0,0.0,1.0,7.0,0.0,0.0,0.0,0.0,3.0,2.0,3.0,91.7,1.7,2.0,2.0,12.0,7.0,0.0,2.0,375.0,2.0,4.0,13.4,3.0,0.0,4.0,1.0,0.0,1.0,1.0,1.0,0.0,84.0,1.0,18.0,3.0,16.0
2026,Round 13,2026-06-06,North Melbourne,away,CD_M20260141303,18,Mason Cox,CD_I998647,0.0,0.0,8.0,1.0,2.0,0.0,0.0,0.0,0.0,0.0,0.0,1.0,66.7,2.0,3.0,66.7,3.0,2.0,0.0,0.0,1.0,0.0,0.0,0.0,0.0,1.0,2.0,28.6,48.3,14.0,4.0,0.0,0.0,0.0,0.0,0.5,0.0,0.0,1.0,1.0,0.0,0.0,16.0,0.0,6.0,2.3,0.0,29.0,3.0,2.0,0.0,0.0,0.0,2.0,0.0,59.0,1.0,3.0,1.0,1.0
2026,Round 13,2026-06-06,North Melbourne,away,CD_M20260141303,43,Isaiah Dudley,CD_I1011558,0.0,1.0,0.0,0.0,2.0,0.0,0.0,0.0,0.0,0.0,0.0,0.0,45.5,5.0,2.0,83.3,12.0,10.0,3.0,3.0,1.0,0.0,100.0,0.0,1.0,5.0,7.0,0.0,0.0,0.0,0.0,1.0,0.0,2.0,60.0,0.7,0.0,0.0,5.0,1.0,0.0,0.0,128.0,0.0,9.0,11.1,0.0,0.0,4.0,1.0,1.0,0.0,0.0,0.0,0.0,72.0,0.0,11.0,3.0,6.0
2026,Round 13,2026-06-06,North Melbourne,away,CD_M20260141303,28,Neil Erasmus,CD_I1020250,0.0,0.0,11.0,2.0,3.0,0.0,0.0,0.0,0.0,0.0,0.0,0.0,37.5,9.0,5.0,95.5,22.0,21.0,7.0,0.0,1.0,1.0,100.0,1.0,1.0,4.0,14.0,0.0,0.0,0.0,0.0,4.0,0.0,5.0,87.5,0.6,0.0,0.0,8.0,6.0,0.0,0.0,197.0,1.0,19.0,15.2,0.0,0.0,8.0,2.0,1.0,1.0,0.0,10.0,2.0,81.0,2.0,24.0,2.0,15.0
2026,Round 13,2026-06-06,North Melbourne,away,CD_M20260141303,32,Michael Frederick,CD_I999321,1.0,0.0,0.0,0.0,0.0,0.0,0.0,0.0,0.0,0.0,0.0,0.0,9.1,1.0,3.0,90.9,11.0,10.0,6.0,0.0,0.0,1.0,66.7,2.0,2.0,0.0,4.0,0.0,0.0,0.0,0.0,2.0,1.0,1.0,85.7,1.8,0.0,0.0,7.0,5.0,2.0,1.0,157.0,0.0,7.0,6.3,0.0,0.0,9.0,1.0,3.0,0.0,0.0,0.0,0.0,81.0,0.0,11.0,0.0,10.0
2026,Round 13,2026-06-06,North Melbourne,away,CD_M20260141303,9,Luke Jackson,CD_I1009399,0.0,0.0,23.0,3.0,3.0,0.0,0.0,0.0,0.0,0.0,0.0,0.0,26.3,5.0,1.0,89.5,19.0,17.0,6.0,0.0,2.0,1.0,100.0,1.0,3.0,3.0,13.0,40.9,41.5,22.0,9.0,3.0,1.0,1.0,100.0,0.5,0.0,0.0,6.0,4.0,1.0,1.0,182.0,1.0,4.0,18.4,1.0,53.0,13.0,5.0,3.0,1.0,1.0,1.0,0.0,73.0,4.0,19.0,1.0,14.0
2026,Round 13,2026-06-06,North Melbourne,away,CD_M20260141303,21,Oscar McDonald,CD_I992472,0.0,0.0,0.0,0.0,1.0,100.0,1.0,1.0,0.0,0.0,0.0,1.0,21.4,3.0,1.0,85.7,14.0,12.0,10.0,0.0,0.0,0.0,0.0,1.0,0.0,2.0,2.0,0.0,0.0,0.0,0.0,1.0,1.0,3.0,83.3,6.0,0.0,0.0,12.0,6.0,0.0,0.0,183.0,6.0,1.0,6.8,4.0,0.0,5.0,1.0,0.0,6.0,0.0,1.0,0.0,92.0,0.0,14.0,1.0,11.0
2026,Round 13,2026-06-06,North Melbourne,away,CD_M20260141303,17,Judd McVee,CD_I1017703,0.0,7.0,0.0,0.0,2.0,0.0,0.0,1.0,0.0,0.0,0.0,0.0,13.3,2.0,3.0,87.5,16.0,14.0,5.0,0.0,0.0,2.0,0.0,1.0,0.0,0.0,9.0,0.0,0.0,0.0,0.0,2.0,0.0,1.0,71.4,0.8,0.0,0.0,7.0,3.0,0.0,0.0,261.0,1.0,4.0,4.9,3.0,0.0,4.0,0.0,0.0,1.0,1.0,0.0,0.0,79.0,1.0,15.0,1.0,13.0
2026,Round 13,2026-06-06,North Melbourne,away,CD_M20260141303,30,Nathan O'Driscoll,CD_I1013220,1.0,1.0,2.0,0.0,2.0,0.0,0.0,0.0,0.0,0.0,0.0,0.0,22.7,5.0,2.0,82.6,23.0,19.0,7.0,1.0,0.0,2.0,0.0,1.0,0.0,4.0,14.0,0.0,0.0,0.0,0.0,3.0,1.0,4.0,77.8,0.6,0.0,0.0,9.0,4.0,0.0,2.0,332.0,1.0,9.0,10.1,2.0,0.0,8.0,3.0,1.0,1.0,1.0,1.0,0.0,72.0,1.0,22.0,3.0,17.0
2026,Round 13,2026-06-06,North Melbourne,away,CD_M20260141303,2,Jaeger O'Meara,CD_I294613,0.0,0.0,6.0,0.0,3.0,0.0,0.0,0.0,0.0,0.0,0.0,0.0,33.3,6.0,4.0,81.3,16.0,13.0,4.0,0.0,1.0,1.0,0.0,2.0,0.0,2.0,10.0,0.0,0.0,0.0,0.0,2.0,1.0,3.0,66.7,0.6,0.0,0.0,6.0,5.0,0.0,0.0,211.0,1.0,9.0,8.7,1.0,0.0,5.0,0.0,0.0,0.0,3.0,3.0,2.0,66.0,3.0,18.0,3.0,12.0
2026,Round 13,2026-06-06,North Melbourne,away,CD_M20260141303,25,Alex Pearce,CD_I298409,0.0,0.0,0.0,0.0,1.0,33.3,1.0,3.0,0.0,0.0,0.0,1.0,50.0,2.0,0.0,100.0,4.0,4.0,3.0,0.0,0.0,0.0,0.0,0.0,0.0,1.0,1.0,0.0,0.0,0.0,0.0,0.0,2.0,3.0,100.0,3.0,0.0,0.0,3.0,3.0,0.0,0.0,17.0,2.0,0.0,1.7,2.0,0.0,1.0,1.0,0.0,2.0,0.0,0.0,0.0,68.0,0.0,4.0,0.0,2.0
2026,Round 13,2026-06-06,North Melbourne,away,CD_M20260141303,16,Murphy Reid,CD_I1028513,1.0,1.0,10.0,1.0,5.0,0.0,0.0,0.0,0.0,0.0,0.0,0.0,26.9,7.0,4.0,60.9,23.0,14.0,9.0,1.0,0.0,0.0,66.7,0.0,2.0,6.0,8.0,0.0,0.0,0.0,0.0,4.0,1.0,2.0,60.0,1.9,0.0,0.0,15.0,8.0,3.0,3.0,439.0,3.0,11.0,15.9,2.0,0.0,9.0,3.0,3.0,0.0,1.0,1.0,0.0,88.0,2.0,26.0,2.0,19.0
2026,Round 13,2026-06-06,North Melbourne,away,CD_M20260141303,13,Luke Ryan,CD_I998659,0.0,5.0,0.0,0.0,1.0,50.0,1.0,2.0,0.0,0.0,0.0,0.0,19.0,4.0,5.0,100.0,24.0,24.0,16.0,0.0,1.0,0.0,0.0,0.0,0.0,4.0,8.0,0.0,0.0,0.0,0.0,1.0,1.0,6.0,100.0,2.0,2.0,2.0,16.0,11.0,0.0,0.0,378.0,3.0,5.0,13.0,4.0,0.0,4.0,1.0,0.0,3.0,0.0,1.0,0.0,85.0,0.0,21.0,1.0,17.0
2026,Round 13,2026-06-06,North Melbourne,away,CD_M20260141303,39,Sam Switkowski,CD_I992059,0.0,1.0,0.0,0.0,0.0,0.0,0.0,0.0,0.0,0.0,0.0,0.0,46.2,6.0,7.0,76.9,13.0,10.0,5.0,1.0,0.0,1.0,100.0,1.0,3.0,5.0,6.0,0.0,0.0,0.0,0.0,3.0,1.0,2.0,71.4,1.2,0.0,0.0,7.0,3.0,1.0,2.0,262.0,0.0,12.0,18.8,0.0,0.0,5.0,1.0,3.0,0.0,3.0,1.0,0.0,69.0,3.0,13.0,0.0,7.0
2026,Round 13,2026-06-06,North Melbourne,away,CD_M20260141303,35,Josh Treacy,CD_I1012819,0.0,0.0,0.0,0.0,3.0,0.0,0.0,0.0,4.0,2.0,50.0,1.0,38.5,5.0,1.0,69.2,13.0,9.0,6.0,0.0,0.0,3.0,80.0,0.0,4.0,1.0,4.0,0.0,0.0,0.0,0.0,1.0,0.0,1.0,66.7,2.3,0.0,0.0,9.0,6.0,5.0,3.0,218.0,2.0,7.0,9.0,1.0,0.0,6.0,1.0,5.0,1.0,0.0,1.0,0.0,82.0,0.0,13.0,3.0,8.0
2026,Round 13,2026-06-06,North Melbourne,away,CD_M20260141303,20,Patrick Voss,CD_I1017754,4.0,0.0,0.0,0.0,3.0,0.0,0.0,0.0,2.0,2.0,100.0,1.0,30.0,6.0,1.0,65.0,20.0,13.0,9.0,0.0,0.0,2.0,44.4,3.0,4.0,2.0,4.0,0.0,0.0,0.0,0.0,6.0,0.0,1.0,56.3,4.0,0.0,0.0,16.0,10.0,6.0,6.0,561.0,1.0,4.0,20.7,0.0,0.0,15.0,1.0,9.0,0.0,0.0,2.0,2.0,81.0,0.0,20.0,2.0,14.0
2026,Round 13,2026-06-06,North Melbourne,away,CD_M20260141303,34,Corey Wagner,CD_I993940,0.0,1.0,0.0,0.0,2.0,0.0,0.0,0.0,0.0,0.0,0.0,0.0,0.0,0.0,7.0,66.7,15.0,10.0,5.0,0.0,1.0,0.0,0.0,1.0,0.0,0.0,5.0,0.0,0.0,0.0,0.0,5.0,0.0,0.0,50.0,2.0,0.0,0.0,10.0,4.0,0.0,0.0,385.0,1.0,8.0,2.9,0.0,0.0,6.0,0.0,0.0,1.0,0.0,5.0,0.0,79.0,0.0,16.0,3.0,16.0
2026,Round 13,2026-06-06,North Melbourne,away,CD_M20260141303,23,Karl Worner,CD_I1021015,0.0,1.0,0.0,0.0,1.0,0.0,0.0,0.0,0.0,0.0,0.0,0.0,8.3,1.0,4.0,78.6,14.0,11.0,10.0,0.0,0.0,0.0,0.0,0.0,0.0,1.0,3.0,0.0,0.0,0.0,0.0,1.0,0.0,1.0,90.9,3.7,2.0,2.0,11.0,6.0,0.0,0.0,233.0,2.0,6.0,3.4,2.0,0.0,3.0,0.0,0.0,2.0,0.0,0.0,0.0,84.0,0.0,12.0,2.0,11.0
2026,Round 13,2026-06-06,North Melbourne,away,CD_M20260141303,26,Hayden Young,CD_I1009256,0.0,0.0,17.0,3.0,5.0,0.0,0.0,0.0,0.0,0.0,0.0,0.0,50.0,11.0,4.0,73.9,23.0,17.0,9.0,3.0,0.0,3.0,100.0,1.0,2.0,5.0,11.0,0.0,0.0,0.0,0.0,6.0,0.0,4.0,75.0,1.1,0.0,0.0,12.0,4.0,0.0,0.0,411.0,1.0,12.0,14.2,1.0,0.0,8.0,5.0,2.0,0.0,4.0,4.0,0.0,66.0,7.0,22.0,5.0,11.0
2026,Round 15,2026-06-18,Geelong,home,CD_M20260141501,24,Jye Amiss,CD_I1020594,4.0,0.0,0.0,0.0,3.0,0.0,0.0,0.0,2.0,2.0,100.0,1.0,40.0,4.0,0.0,36.4,11.0,4.0,3.0,1.0,1.0,1.0,30.0,0.0,3.0,2.0,1.0,0.0,0.0,0.0,0.0,0.0,0.0,0.0,30.0,10.0,0.0,0.0,10.0,7.0,7.0,4.0,245.0,0.0,1.0,2.7,0.0,0.0,8.0,0.0,10.0,0.0,0.0,0.0,0.0,86.0,0.0,10.0,3.0,6.0
2026,Round 15,2026-06-18,Geelong,home,CD_M20260141501,10,Shai Bolton,CD_I993993,1.0,4.0,16.0,2.0,6.0,0.0,0.0,0.0,0.0,0.0,0.0,2.0,44.4,8.0,7.0,72.2,18.0,13.0,7.0,1.0,2.0,0.0,0.0,0.0,0.0,4.0,7.0,0.0,0.0,0.0,0.0,5.0,1.0,1.0,63.6,1.6,0.0,0.0,11.0,5.0,0.0,1.0,470.0,0.0,11.0,6.2,0.0,0.0,6.0,1.0,2.0,0.0,2.0,3.0,0.0,82.0,4.0,18.0,2.0,10.0
2026,Round 15,2026-06-18,Geelong,home,CD_M20260141501,8,Andrew Brayshaw,CD_I1002232,0.0,0.0,24.0,2.0,7.0,0.0,0.0,0.0,0.0,0.0,0.0,0.0,25.7,9.0,10.0,77.1,35.0,27.0,10.0,0.0,0.0,3.0,0.0,0.0,0.0,4.0,22.0,0.0,0.0,0.0,0.0,3.0,1.0,6.0,76.9,0.6,0.0,0.0,13.0,6.0,0.0,0.0,453.0,4.0,17.0,10.6,1.0,0.0,7.0,1.0,0.0,1.0,2.0,7.0,0.0,84.0,4.0,35.0,4.0,26.0
2026,Round 15,2026-06-18,Geelong,home,CD_M20260141501,5,Heath Chapman,CD_I1013224,0.0,1.0,0.0,0.0,0.0,0.0,0.0,0.0,0.0,0.0,0.0,1.0,30.8,4.0,5.0,84.6,13.0,11.0,3.0,0.0,0.0,0.0,0.0,0.0,0.0,3.0,9.0,0.0,0.0,0.0,0.0,0.0,1.0,3.0,75.0,0.4,0.0,0.0,4.0,4.0,0.0,0.0,147.0,3.0,7.0,8.4,1.0,0.0,3.0,1.0,0.0,3.0,0.0,3.0,0.0,80.0,0.0,13.0,1.0,9.0
2026,Round 15,2026-06-18,Geelong,home,CD_M20260141501,6,Jordan Clark,CD_I1006152,0.0,3.0,0.0,0.0,1.0,0.0,0.0,0.0,0.0,0.0,0.0,1.0,20.0,3.0,1.0,76.5,17.0,13.0,7.0,0.0,0.0,1.0,0.0,0.0,0.0,1.0,6.0,0.0,0.0,0.0,0.0,3.0,1.0,2.0,63.6,1.8,1.0,1.0,11.0,5.0,0.0,0.0,378.0,2.0,5.0,9.7,2.0,0.0,2.0,0.0,0.0,2.0,1.0,2.0,0.0,78.0,1.0,15.0,3.0,12.0
2026,Round 15,2026-06-18,Geelong,home,CD_M20260141501,36,Brennan Cox,CD_I997033,0.0,0.0,0.0,0.0,1.0,50.0,1.0,2.0,0.0,0.0,0.0,1.0,41.7,5.0,4.0,75.0,12.0,9.0,5.0,0.0,0.0,0.0,0.0,0.0,0.0,4.0,4.0,0.0,0.0,0.0,0.0,1.0,2.0,4.0,62.5,2.0,0.0,0.0,8.0,6.0,0.0,0.0,137.0,4.0,4.0,9.0,2.0,0.0,2.0,2.0,0.0,4.0,1.0,0.0,0.0,82.0,1.0,12.0,3.0,7.0
2026,Round 15,2026-06-18,Geelong,home,CD_M20260141501,18,Mason Cox,CD_I998647,1.0,0.0,8.0,0.0,0.0,0.0,0.0,0.0,0.0,0.0,0.0,0.0,80.0,4.0,4.0,33.3,6.0,2.0,1.0,0.0,0.0,2.0,0.0,1.0,0.0,1.0,1.0,27.3,50.0,11.0,3.0,0.0,0.0,2.0,20.0,5.0,0.0,0.0,5.0,1.0,1.0,0.0,62.0,4.0,6.0,5.6,0.0,22.0,3.0,2.0,2.0,1.0,1.0,2.0,0.0,57.0,1.0,5.0,1.0,1.0
2026,Round 15,2026-06-18,Geelong,home,CD_M20260141501,43,Isaiah Dudley,CD_I1011558,0.0,0.0,0.0,1.0,1.0,0.0,0.0,0.0,0.0,0.0,0.0,0.0,42.9,3.0,1.0,71.4,7.0,5.0,4.0,1.0,0.0,1.0,100.0,1.0,1.0,2.0,3.0,0.0,0.0,0.0,0.0,1.0,0.0,1.0,100.0,1.3,0.0,0.0,4.0,0.0,0.0,0.0,95.0,1.0,10.0,9.8,0.0,0.0,4.0,0.0,1.0,0.0,0.0,4.0,3.0,76.0,1.0,7.0,1.0,4.0
2026,Round 15,2026-06-18,Geelong,home,CD_M20260141501,28,Neil Erasmus,CD_I1020250,0.0,0.0,0.0,0.0,6.0,0.0,0.0,0.0,0.0,0.0,0.0,0.0,34.8,8.0,1.0,62.5,24.0,15.0,5.0,1.0,0.0,0.0,50.0,1.0,1.0,7.0,12.0,0.0,0.0,0.0,0.0,3.0,0.0,5.0,41.7,1.0,0.0,0.0,12.0,3.0,1.0,0.0,347.0,1.0,7.0,8.4,2.0,1.0,8.0,3.0,2.0,0.0,3.0,2.0,0.0,70.0,3.0,23.0,2.0,15.0
2026,Round 15,2026-06-18,Geelong,home,CD_M20260141501,32,Michael Frederick,CD_I999321,0.0,0.0,0.0,0.0,0.0,0.0,0.0,0.0,0.0,0.0,0.0,0.0,11.1,1.0,4.0,100.0,9.0,9.0,4.0,0.0,0.0,0.0,0.0,0.0,0.0,1.0,5.0,0.0,0.0,0.0,0.0,1.0,0.0,1.0,100.0,0.8,0.0,0.0,4.0,3.0,0.0,1.0,126.0,2.0,13.0,2.8,0.0,0.0,2.0,1.0,0.0,2.0,0.0,3.0,0.0,78.0,0.0,9.0,1.0,8.0
2026,Round 15,2026-06-18,Geelong,home,CD_M20260141501,9,Luke Jackson,CD_I1009399,0.0,0.0,24.0,5.0,5.0,0.0,0.0,1.0,4.0,1.0,25.0,1.0,55.6,15.0,9.0,64.3,28.0,18.0,9.0,2.0,0.0,3.0,100.0,0.0,3.0,8.0,15.0,28.0,43.9,25.0,7.0,5.0,1.0,2.0,69.2,0.9,0.0,0.0,13.0,5.0,2.0,0.0,337.0,1.0,23.0,17.1,1.0,57.0,9.0,2.0,3.0,1.0,1.0,9.0,0.0,80.0,6.0,27.0,10.0,12.0
2026,Round 15,2026-06-18,Geelong,home,CD_M20260141501,44,Matthew Johnson,CD_I1016825,1.0,2.0,7.0,0.0,2.0,0.0,0.0,0.0,0.0,0.0,0.0,0.0,20.0,3.0,6.0,86.7,15.0,13.0,7.0,0.0,0.0,0.0,0.0,1.0,0.0,2.0,6.0,0.0,0.0,0.0,0.0,3.0,0.0,1.0,77.8,1.5,0.0,0.0,9.0,5.0,0.0,0.0,290.0,0.0,15.0,6.1,1.0,0.0,6.0,1.0,1.0,0.0,2.0,1.0,0.0,70.0,2.0,15.0,3.0,12.0
2026,Round 15,2026-06-18,Geelong,home,CD_M20260141501,17,Judd McVee,CD_I1017703,0.0,0.0,0.0,0.0,0.0,0.0,0.0,1.0,0.0,0.0,0.0,0.0,37.5,6.0,5.0,93.3,15.0,14.0,7.0,0.0,0.0,1.0,0.0,0.0,0.0,4.0,8.0,0.0,0.0,0.0,0.0,1.0,1.0,5.0,100.0,0.9,0.0,0.0,7.0,5.0,0.0,0.0,160.0,2.0,7.0,8.1,1.0,0.0,3.0,0.0,0.0,1.0,1.0,0.0,0.0,79.0,1.0,16.0,1.0,10.0
2026,Round 15,2026-06-18,Geelong,home,CD_M20260141501,30,Nathan O'Driscoll,CD_I1013220,0.0,1.0,0.0,0.0,1.0,0.0,0.0,0.0,0.0,0.0,0.0,0.0,7.1,1.0,7.0,92.9,14.0,13.0,8.0,0.0,0.0,1.0,0.0,1.0,0.0,0.0,6.0,0.0,0.0,0.0,0.0,6.0,0.0,1.0,100.0,1.3,0.0,0.0,8.0,4.0,0.0,0.0,319.0,1.0,8.0,3.0,1.0,0.0,7.0,0.0,0.0,1.0,0.0,2.0,0.0,73.0,0.0,14.0,2.0,13.0
2026,Round 15,2026-06-18,Geelong,home,CD_M20260141501,25,Alex Pearce,CD_I298409,0.0,0.0,0.0,0.0,2.0,25.0,1.0,4.0,0.0,0.0,0.0,3.0,33.3,6.0,0.0,83.3,18.0,15.0,9.0,0.0,2.0,0.0,0.0,0.0,0.0,3.0,7.0,0.0,0.0,0.0,0.0,0.0,7.0,11.0,81.8,1.6,0.0,0.0,11.0,11.0,0.0,0.0,123.0,1.0,0.0,10.2,5.0,0.0,5.0,5.0,0.0,1.0,0.0,0.0,0.0,91.0,0.0,18.0,3.0,12.0
2026,Round 15,2026-06-18,Geelong,home,CD_M20260141501,16,Murphy Reid,CD_I1028513,2.0,0.0,19.0,1.0,4.0,0.0,0.0,0.0,0.0,0.0,0.0,0.0,23.1,6.0,4.0,77.8,27.0,21.0,14.0,1.0,1.0,1.0,33.3,0.0,1.0,5.0,9.0,0.0,0.0,0.0,0.0,7.0,0.0,4.0,77.8,2.0,0.0,0.0,18.0,5.0,1.0,0.0,412.0,0.0,13.0,10.6,1.0,0.0,8.0,2.0,3.0,0.0,1.0,1.0,0.0,82.0,2.0,26.0,4.0,20.0
2026,Round 15,2026-06-18,Geelong,home,CD_M20260141501,13,Luke Ryan,CD_I998659,0.0,0.0,0.0,0.0,1.0,0.0,0.0,1.0,0.0,0.0,0.0,0.0,11.8,2.0,6.0,90.0,20.0,18.0,15.0,0.0,1.0,0.0,0.0,0.0,0.0,2.0,4.0,0.0,0.0,0.0,0.0,0.0,2.0,4.0,93.8,4.0,3.0,3.0,16.0,8.0,0.0,0.0,372.0,2.0,6.0,8.1,7.0,0.0,4.0,0.0,0.0,2.0,0.0,2.0,0.0,90.0,0.0,17.0,3.0,15.0
2026,Round 15,2026-06-18,Geelong,home,CD_M20260141501,3,Caleb Serong,CD_I1009420,0.0,0.0,17.0,3.0,3.0,0.0,0.0,0.0,1.0,0.0,0.0,0.0,40.0,8.0,7.0,68.2,22.0,15.0,6.0,1.0,0.0,0.0,50.0,1.0,1.0,5.0,11.0,0.0,0.0,0.0,0.0,2.0,0.0,2.0,54.5,1.0,0.0,0.0,11.0,1.0,0.0,0.0,244.0,1.0,16.0,11.8,1.0,0.0,5.0,2.0,2.0,0.0,1.0,0.0,0.0,66.0,4.0,20.0,5.0,12.0
2026,Round 15,2026-06-18,Geelong,home,CD_M20260141501,39,Sam Switkowski,CD_I992059,1.0,1.0,0.0,0.0,0.0,0.0,0.0,0.0,0.0,0.0,0.0,1.0,46.7,7.0,1.0,70.6,17.0,12.0,5.0,2.0,0.0,0.0,0.0,2.0,0.0,6.0,9.0,0.0,0.0,0.0,0.0,3.0,1.0,2.0,62.5,0.9,0.0,0.0,8.0,5.0,2.0,1.0,212.0,0.0,13.0,9.6,0.0,0.0,5.0,1.0,2.0,0.0,1.0,2.0,1.0,74.0,1.0,15.0,1.0,8.0
2026,Round 15,2026-06-18,Geelong,home,CD_M20260141501,35,Josh Treacy,CD_I1012819,2.0,0.0,0.0,0.0,1.0,0.0,0.0,0.0,5.0,1.0,20.0,1.0,37.5,3.0,5.0,66.7,9.0,6.0,5.0,0.0,1.0,1.0,40.0,0.0,2.0,1.0,1.0,0.0,0.0,0.0,0.0,3.0,0.0,0.0,62.5,8.0,0.0,0.0,8.0,6.0,4.0,3.0,239.0,3.0,12.0,6.4,0.0,0.0,6.0,0.0,5.0,3.0,0.0,2.0,1.0,90.0,0.0,8.0,3.0,5.0
2026,Round 15,2026-06-18,Geelong,home,CD_M20260141501,20,Patrick Voss,CD_I1017754,1.0,0.0,0.0,0.0,1.0,0.0,0.0,0.0,3.0,0.0,0.0,0.0,50.0,5.0,0.0,72.7,11.0,8.0,5.0,1.0,1.0,2.0,50.0,0.0,2.0,3.0,3.0,0.0,0.0,0.0,0.0,2.0,0.0,1.0,62.5,2.7,0.0,0.0,8.0,3.0,1.0,2.0,266.0,0.0,14.0,13.2,0.0,0.0,7.0,1.0,4.0,0.0,0.0,2.0,0.0,88.0,0.0,10.0,1.0,5.0
2026,Round 15,2026-06-18,Geelong,home,CD_M20260141501,23,Karl Worner,CD_I1021015,0.0,1.0,0.0,1.0,2.0,100.0,1.0,1.0,0.0,0.0,0.0,0.0,23.5,4.0,5.0,89.5,19.0,17.0,14.0,0.0,0.0,0.0,0.0,0.0,0.0,2.0,5.0,0.0,0.0,0.0,0.0,1.0,1.0,7.0,100.0,2.8,2.0,2.0,14.0,7.0,0.0,0.0,439.0,3.0,6.0,8.6,3.0,0.0,4.0,3.0,0.0,0.0,0.0,2.0,0.0,77.0,1.0,17.0,3.0,13.0
2026,Round 15,2026-06-18,Geelong,home,CD_M20260141501,26,Hayden Young,CD_I1009256,1.0,0.0,13.0,3.0,1.0,0.0,0.0,0.0,1.0,0.0,0.0,0.0,29.4,5.0,7.0,66.7,15.0,10.0,6.0,0.0,0.0,2.0,0.0,1.0,0.0,1.0,5.0,0.0,0.0,0.0,0.0,4.0,0.0,1.0,60.0,2.0,0.0,0.0,10.0,5.0,1.0,0.0,269.0,2.0,13.0,9.0,0.0,0.0,9.0,1.0,1.0,0.0,0.0,2.0,0.0,67.0,3.0,17.0,2.0,12.0
2026,Round 16,2026-06-28,Gold Coast,home,CD_M20260141604,24,Jye Amiss,CD_I1020594,2.0,0.0,0.0,0.0,2.0,0.0,0.0,0.0,1.0,0.0,0.0,2.0,42.9,3.0,0.0,57.1,7.0,4.0,3.0,1.0,0.0,0.0,33.3,0.0,1.0,1.0,2.0,0.0,0.0,0.0,0.0,2.0,0.0,0.0,60.0,2.5,0.0,0.0,5.0,4.0,3.0,1.0,125.0,0.0,8.0,0.0,0.0,0.0,3.0,0.0,3.0,0.0,0.0,1.0,1.0,91.0,0.0,7.0,1.0,4.0
2026,Round 16,2026-06-28,Gold Coast,home,CD_M20260141604,10,Shai Bolton,CD_I993993,0.0,2.0,13.0,1.0,3.0,0.0,0.0,1.0,0.0,0.0,0.0,0.0,26.9,7.0,6.0,76.9,26.0,20.0,8.0,0.0,1.0,1.0,0.0,1.0,0.0,6.0,12.0,0.0,0.0,0.0,0.0,5.0,0.0,2.0,57.1,1.2,0.0,0.0,14.0,6.0,1.0,1.0,445.0,0.0,12.0,9.4,1.0,0.0,8.0,3.0,2.0,0.0,1.0,5.0,2.0,80.0,2.0,26.0,5.0,19.0
2026,Round 16,2026-06-28,Gold Coast,home,CD_M20260141604,8,Andrew Brayshaw,CD_I1002232,1.0,1.0,15.0,0.0,3.0,0.0,0.0,0.0,0.0,0.0,0.0,0.0,13.3,4.0,11.0,82.8,29.0,24.0,13.0,0.0,1.0,2.0,50.0,1.0,1.0,2.0,13.0,0.0,0.0,0.0,0.0,8.0,0.0,1.0,81.3,1.2,0.0,0.0,16.0,9.0,1.0,1.0,654.0,1.0,25.0,18.6,1.0,0.0,10.0,0.0,2.0,0.0,1.0,6.0,2.0,77.0,1.0,30.0,3.0,26.0
2026,Round 16,2026-06-28,Gold Coast,home,CD_M20260141604,5,Heath Chapman,CD_I1013224,0.0,0.0,0.0,0.0,2.0,0.0,0.0,0.0,0.0,0.0,0.0,0.0,40.0,6.0,3.0,100.0,15.0,15.0,7.0,0.0,1.0,1.0,0.0,1.0,0.0,5.0,8.0,0.0,0.0,0.0,0.0,1.0,2.0,8.0,100.0,0.9,1.0,1.0,7.0,4.0,0.0,1.0,188.0,0.0,4.0,10.8,4.0,0.0,4.0,2.0,0.0,0.0,0.0,3.0,0.0,72.0,0.0,15.0,2.0,9.0
2026,Round 16,2026-06-28,Gold Coast,home,CD_M20260141604,6,Jordan Clark,CD_I1006152,0.0,0.0,0.0,0.0,2.0,0.0,0.0,0.0,0.0,0.0,0.0,0.0,36.0,9.0,8.0,83.3,24.0,20.0,12.0,0.0,1.0,2.0,0.0,0.0,0.0,7.0,11.0,0.0,0.0,0.0,0.0,4.0,0.0,5.0,92.3,1.2,1.0,1.0,13.0,5.0,0.0,0.0,388.0,2.0,13.0,11.3,3.0,0.0,6.0,1.0,0.0,1.0,1.0,4.0,0.0,81.0,1.0,25.0,5.0,16.0
2026,Round 16,2026-06-28,Gold Coast,home,CD_M20260141604,36,Brennan Cox,CD_I997033,0.0,0.0,0.0,0.0,5.0,60.0,3.0,5.0,0.0,0.0,0.0,0.0,37.5,6.0,4.0,82.4,17.0,14.0,8.0,0.0,2.0,1.0,0.0,0.0,0.0,5.0,8.0,0.0,0.0,0.0,0.0,0.0,2.0,8.0,88.9,1.1,0.0,0.0,9.0,6.0,0.0,0.0,182.0,7.0,4.0,9.4,4.0,0.0,3.0,2.0,0.0,7.0,0.0,2.0,0.0,95.0,0.0,16.0,3.0,10.0
2026,Round 16,2026-06-28,Gold Coast,home,CD_M20260141604,4,Sean Darcy,CD_I998145,0.0,0.0,6.0,0.0,3.0,0.0,0.0,1.0,1.0,0.0,0.0,0.0,60.0,3.0,1.0,83.3,6.0,5.0,1.0,1.0,2.0,2.0,100.0,0.0,1.0,1.0,4.0,15.0,51.3,20.0,3.0,0.0,0.0,0.0,50.0,0.5,0.0,0.0,2.0,0.0,0.0,0.0,-12.0,2.0,5.0,4.7,1.0,39.0,3.0,2.0,1.0,2.0,2.0,3.0,0.0,59.0,2.0,5.0,1.0,2.0
2026,Round 16,2026-06-28,Gold Coast,home,CD_M20260141604,43,Isaiah Dudley,CD_I1011558,2.0,0.0,0.0,1.0,2.0,0.0,0.0,0.0,0.0,0.0,0.0,0.0,23.1,3.0,2.0,66.7,15.0,10.0,4.0,1.0,1.0,2.0,0.0,1.0,0.0,2.0,7.0,0.0,0.0,0.0,0.0,3.0,0.0,2.0,50.0,1.1,0.0,0.0,8.0,0.0,0.0,0.0,210.0,0.0,21.0,0.5,0.0,0.0,8.0,2.0,4.0,0.0,0.0,6.0,5.0,82.0,1.0,13.0,2.0,10.0
2026,Round 16,2026-06-28,Gold Coast,home,CD_M20260141604,28,Neil Erasmus,CD_I1020250,1.0,0.0,0.0,0.0,2.0,0.0,0.0,0.0,0.0,0.0,0.0,0.0,25.0,5.0,5.0,80.0,20.0,16.0,4.0,1.0,1.0,1.0,0.0,0.0,0.0,4.0,12.0,0.0,0.0,0.0,0.0,1.0,0.0,5.0,50.0,0.7,0.0,0.0,8.0,1.0,0.0,0.0,239.0,1.0,13.0,10.0,1.0,0.0,5.0,0.0,2.0,1.0,0.0,4.0,0.0,72.0,0.0,20.0,3.0,15.0
2026,Round 16,2026-06-28,Gold Coast,home,CD_M20260141604,32,Michael Frederick,CD_I999321,0.0,0.0,0.0,0.0,1.0,0.0,0.0,0.0,0.0,0.0,0.0,0.0,28.6,2.0,4.0,85.7,7.0,6.0,5.0,0.0,1.0,1.0,100.0,0.0,4.0,1.0,1.0,0.0,0.0,0.0,0.0,2.0,0.0,2.0,83.3,6.0,0.0,0.0,6.0,5.0,3.0,1.0,210.0,0.0,11.0,14.2,0.0,0.0,4.0,1.0,4.0,0.0,0.0,2.0,1.0,82.0,0.0,7.0,1.0,5.0
2026,Round 16,2026-06-28,Gold Coast,home,CD_M20260141604,9,Luke Jackson,CD_I1009399,0.0,0.0,12.0,3.0,1.0,0.0,0.0,0.0,1.0,0.0,0.0,1.0,40.0,6.0,6.0,86.7,15.0,13.0,6.0,1.0,1.0,0.0,100.0,3.0,2.0,3.0,8.0,12.5,33.3,16.0,2.0,5.0,1.0,1.0,85.7,0.9,0.0,0.0,7.0,5.0,3.0,0.0,254.0,2.0,13.0,20.1,1.0,48.0,7.0,3.0,2.0,2.0,1.0,3.0,2.0,70.0,4.0,15.0,1.0,9.0
2026,Round 16,2026-06-28,Gold Coast,home,CD_M20260141604,44,Matthew Johnson,CD_I1016825,0.0,0.0,3.0,0.0,1.0,0.0,0.0,0.0,0.0,0.0,0.0,0.0,33.3,6.0,2.0,77.8,18.0,14.0,3.0,0.0,0.0,0.0,0.0,0.0,0.0,5.0,14.0,0.0,0.0,0.0,0.0,0.0,0.0,1.0,75.0,0.3,0.0,0.0,4.0,3.0,0.0,0.0,50.0,2.0,13.0,7.0,1.0,0.0,1.0,0.0,0.0,1.0,3.0,1.0,0.0,63.0,3.0,18.0,1.0,12.0
2026,Round 16,2026-06-28,Gold Coast,home,CD_M20260141604,17,Judd McVee,CD_I1017703,0.0,7.0,0.0,0.0,1.0,0.0,0.0,1.0,0.0,0.0,0.0,0.0,27.8,5.0,6.0,95.0,20.0,19.0,9.0,0.0,0.0,1.0,0.0,2.0,0.0,4.0,10.0,0.0,0.0,0.0,0.0,2.0,1.0,6.0,90.0,1.0,2.0,2.0,10.0,5.0,0.0,0.0,259.0,1.0,6.0,13.0,3.0,0.0,5.0,1.0,0.0,0.0,0.0,3.0,0.0,86.0,0.0,18.0,0.0,13.0
2026,Round 16,2026-06-28,Gold Coast,home,CD_M20260141604,30,Nathan O'Driscoll,CD_I1013220,0.0,1.0,0.0,0.0,3.0,0.0,0.0,0.0,0.0,0.0,0.0,0.0,47.8,11.0,2.0,69.6,23.0,16.0,3.0,1.0,0.0,0.0,0.0,0.0,0.0,11.0,17.0,0.0,0.0,0.0,0.0,3.0,0.0,7.0,50.0,0.4,0.0,0.0,6.0,1.0,0.0,0.0,220.0,2.0,4.0,11.5,3.0,0.0,3.0,1.0,0.0,2.0,0.0,2.0,0.0,81.0,0.0,23.0,0.0,12.0
2026,Round 16,2026-06-28,Gold Coast,home,CD_M20260141604,25,Alex Pearce,CD_I298409,0.0,0.0,0.0,0.0,0.0,0.0,0.0,2.0,0.0,0.0,0.0,2.0,40.0,2.0,2.0,80.0,5.0,4.0,2.0,0.0,0.0,0.0,0.0,0.0,0.0,0.0,2.0,0.0,0.0,0.0,0.0,0.0,4.0,4.0,66.7,1.5,0.0,0.0,3.0,4.0,0.0,0.0,56.0,4.0,2.0,5.3,0.0,0.0,0.0,0.0,0.0,2.0,0.0,0.0,0.0,75.0,0.0,5.0,1.0,3.0
2026,Round 16,2026-06-28,Gold Coast,home,CD_M20260141604,16,Murphy Reid,CD_I1028513,0.0,1.0,5.0,1.0,3.0,0.0,0.0,0.0,0.0,0.0,0.0,0.0,14.3,4.0,5.0,75.0,28.0,21.0,11.0,1.0,1.0,1.0,0.0,0.0,0.0,2.0,13.0,0.0,0.0,0.0,0.0,4.0,0.0,0.0,73.3,1.2,0.0,0.0,15.0,3.0,0.0,0.0,367.0,1.0,16.0,8.5,0.0,0.0,7.0,0.0,2.0,0.0,2.0,1.0,0.0,79.0,3.0,28.0,5.0,24.0
2026,Round 16,2026-06-28,Gold Coast,home,CD_M20260141604,13,Luke Ryan,CD_I998659,0.0,0.0,0.0,0.0,2.0,0.0,0.0,1.0,0.0,0.0,0.0,0.0,16.7,3.0,3.0,95.7,23.0,22.0,17.0,0.0,1.0,0.0,0.0,1.0,0.0,2.0,5.0,0.0,0.0,0.0,0.0,2.0,1.0,5.0,94.4,3.6,7.0,5.0,18.0,8.0,0.0,0.0,500.0,7.0,4.0,11.3,5.0,0.0,5.0,2.0,0.0,6.0,0.0,0.0,0.0,89.0,0.0,18.0,3.0,15.0
2026,Round 16,2026-06-28,Gold Coast,home,CD_M20260141604,3,Caleb Serong,CD_I1009420,0.0,0.0,11.0,1.0,3.0,0.0,0.0,0.0,0.0,0.0,0.0,0.0,42.1,8.0,3.0,80.0,20.0,16.0,5.0,0.0,1.0,0.0,0.0,0.0,0.0,5.0,12.0,0.0,0.0,0.0,0.0,2.0,0.0,4.0,62.5,0.7,0.0,0.0,8.0,1.0,0.0,0.0,211.0,1.0,14.0,8.5,1.0,0.0,7.0,3.0,0.0,0.0,2.0,5.0,3.0,73.0,3.0,19.0,2.0,11.0
2026,Round 16,2026-06-28,Gold Coast,home,CD_M20260141604,39,Sam Switkowski,CD_I992059,1.0,0.0,0.0,0.0,3.0,0.0,0.0,0.0,1.0,1.0,100.0,0.0,46.7,7.0,10.0,58.8,17.0,10.0,3.0,0.0,0.0,1.0,0.0,0.0,0.0,6.0,9.0,0.0,0.0,0.0,0.0,2.0,0.0,2.0,37.5,0.9,0.0,0.0,8.0,3.0,1.0,2.0,107.0,1.0,17.0,3.9,0.0,0.0,5.0,0.0,2.0,0.0,2.0,5.0,2.0,68.0,2.0,15.0,5.0,8.0
2026,Round 16,2026-06-28,Gold Coast,home,CD_M20260141604,35,Josh Treacy,CD_I1012819,1.0,0.0,0.0,0.0,3.0,0.0,0.0,0.0,3.0,1.0,33.3,3.0,54.5,6.0,6.0,60.0,10.0,6.0,3.0,1.0,2.0,1.0,0.0,0.0,0.0,2.0,5.0,0.0,0.0,0.0,0.0,2.0,0.0,1.0,60.0,1.0,0.0,0.0,5.0,4.0,1.0,0.0,169.0,4.0,19.0,4.7,0.0,0.0,4.0,1.0,1.0,3.0,0.0,3.0,1.0,81.0,0.0,11.0,2.0,5.0
2026,Round 16,2026-06-28,Gold Coast,home,CD_M20260141604,20,Patrick Voss,CD_I1017754,1.0,0.0,0.0,0.0,3.0,0.0,0.0,0.0,1.0,0.0,0.0,0.0,25.0,3.0,3.0,58.3,12.0,7.0,2.0,2.0,1.0,0.0,50.0,0.0,2.0,3.0,5.0,0.0,0.0,0.0,0.0,2.0,0.0,0.0,28.6,1.4,0.0,0.0,7.0,5.0,4.0,3.0,203.0,0.0,10.0,7.5,0.0,0.0,5.0,0.0,4.0,0.0,1.0,2.0,2.0,91.0,1.0,12.0,3.0,9.0
2026,Round 16,2026-06-28,Gold Coast,home,CD_M20260141604,23,Karl Worner,CD_I1021015,0.0,1.0,0.0,0.0,4.0,0.0,0.0,0.0,0.0,0.0,0.0,0.0,16.0,4.0,8.0,91.3,23.0,21.0,12.0,0.0,3.0,1.0,0.0,0.0,0.0,3.0,10.0,0.0,0.0,0.0,0.0,3.0,0.0,4.0,92.3,1.3,0.0,0.0,13.0,6.0,0.0,1.0,469.0,5.0,13.0,11.3,4.0,0.0,4.0,0.0,0.0,5.0,0.0,5.0,0.0,84.0,0.0,25.0,4.0,21.0
2026,Round 16,2026-06-28,Gold Coast,home,CD_M20260141604,26,Hayden Young,CD_I1009256,0.0,0.0,7.0,0.0,3.0,0.0,0.0,0.0,0.0,0.0,0.0,0.0,15.4,2.0,7.0,69.2,13.0,9.0,3.0,0.0,0.0,0.0,0.0,0.0,0.0,1.0,7.0,0.0,0.0,0.0,0.0,1.0,0.0,0.0,50.0,0.9,0.0,0.0,6.0,3.0,0.0,1.0,203.0,0.0,23.0,5.2,2.0,0.0,2.0,0.0,0.0,0.0,1.0,1.0,0.0,69.0,1.0,13.0,3.0,11.0
2026,Round 17,2026-07-04,Greater Western Sydney,away,CD_M20260141704,24,Jye Amiss,CD_I1020594,0.0,0.0,0.0,0.0,1.0,0.0,0.0,0.0,6.0,2.0,33.3,1.0,80.0,4.0,3.0,50.0,4.0,2.0,1.0,2.0,0.0,0.0,100.0,0.0,1.0,2.0,2.0,0.0,0.0,0.0,0.0,0.0,0.0,0.0,50.0,1.0,0.0,0.0,2.0,2.0,1.0,1.0,17.0,1.0,5.0,3.5,0.0,0.0,2.0,0.0,1.0,0.0,0.0,3.0,0.0,85.0,0.0,5.0,1.0,1.0
2026,Round 17,2026-07-04,Greater Western Sydney,away,CD_M20260141704,10,Shai Bolton,CD_I993993,0.0,3.0,18.0,3.0,3.0,0.0,0.0,0.0,0.0,0.0,0.0,0.0,38.1,8.0,10.0,95.0,20.0,19.0,11.0,0.0,2.0,1.0,100.0,1.0,1.0,6.0,9.0,0.0,0.0,0.0,0.0,3.0,0.0,1.0,100.0,1.2,0.0,0.0,11.0,2.0,0.0,0.0,260.0,0.0,20.0,12.4,1.0,0.0,7.0,0.0,1.0,0.0,2.0,6.0,0.0,80.0,5.0,21.0,2.0,13.0
2026,Round 17,2026-07-04,Greater Western Sydney,away,CD_M20260141704,8,Andrew Brayshaw,CD_I1002232,0.0,0.0,27.0,1.0,2.0,0.0,0.0,0.0,0.0,0.0,0.0,0.0,25.0,6.0,14.0,68.2,22.0,15.0,7.0,0.0,1.0,1.0,0.0,0.0,0.0,4.0,11.0,0.0,0.0,0.0,0.0,5.0,0.0,1.0,63.6,1.0,0.0,0.0,11.0,5.0,0.0,0.0,444.0,1.0,27.0,9.6,1.0,0.0,3.0,1.0,0.0,0.0,2.0,8.0,1.0,81.0,3.0,24.0,6.0,18.0
2026,Round 17,2026-07-04,Greater Western Sydney,away,CD_M20260141704,5,Heath Chapman,CD_I1013224,0.0,0.0,0.0,0.0,3.0,0.0,0.0,1.0,0.0,0.0,0.0,0.0,30.0,3.0,5.0,80.0,10.0,8.0,4.0,0.0,1.0,1.0,0.0,0.0,0.0,2.0,5.0,0.0,0.0,0.0,0.0,1.0,1.0,4.0,80.0,1.0,0.0,0.0,5.0,2.0,0.0,0.0,152.0,2.0,5.0,6.1,0.0,0.0,2.0,0.0,0.0,1.0,1.0,2.0,0.0,78.0,1.0,10.0,3.0,7.0
2026,Round 17,2026-07-04,Greater Western Sydney,away,CD_M20260141704,6,Jordan Clark,CD_I1006152,0.0,3.0,0.0,1.0,2.0,0.0,0.0,1.0,0.0,0.0,0.0,0.0,23.5,4.0,12.0,87.0,23.0,20.0,11.0,0.0,1.0,1.0,0.0,0.0,0.0,3.0,10.0,0.0,0.0,0.0,0.0,4.0,1.0,2.0,84.6,1.3,5.0,5.0,13.0,5.0,0.0,1.0,446.0,3.0,12.0,14.7,7.0,0.0,2.0,1.0,0.0,3.0,1.0,3.0,0.0,84.0,2.0,17.0,5.0,13.0
2026,Round 17,2026-07-04,Greater Western Sydney,away,CD_M20260141704,36,Brennan Cox,CD_I997033,0.0,1.0,0.0,0.0,3.0,0.0,0.0,3.0,0.0,0.0,0.0,2.0,46.7,7.0,7.0,75.0,12.0,9.0,5.0,0.0,1.0,1.0,0.0,0.0,0.0,3.0,5.0,0.0,0.0,0.0,0.0,0.0,3.0,9.0,71.4,1.4,0.0,0.0,7.0,6.0,0.0,0.0,180.0,7.0,7.0,11.5,2.0,0.0,1.0,2.0,0.0,5.0,0.0,3.0,0.0,83.0,0.0,15.0,4.0,8.0
2026,Round 17,2026-07-04,Greater Western Sydney,away,CD_M20260141704,4,Sean Darcy,CD_I998145,0.0,0.0,13.0,1.0,4.0,0.0,0.0,1.0,1.0,0.0,0.0,0.0,50.0,4.0,1.0,75.0,8.0,6.0,2.0,1.0,2.0,2.0,0.0,0.0,0.0,2.0,4.0,40.0,45.5,15.0,6.0,2.0,0.0,2.0,50.0,1.0,0.0,0.0,4.0,0.0,0.0,0.0,80.0,4.0,4.0,4.5,0.0,33.0,4.0,4.0,0.0,4.0,0.0,0.0,0.0,57.0,1.0,8.0,0.0,4.0
2026,Round 17,2026-07-04,Greater Western Sydney,away,CD_M20260141704,43,Isaiah Dudley,CD_I1011558,0.0,0.0,0.0,0.0,1.0,0.0,0.0,0.0,0.0,0.0,0.0,0.0,30.0,3.0,8.0,70.0,10.0,7.0,4.0,2.0,0.0,0.0,50.0,0.0,1.0,3.0,4.0,0.0,0.0,0.0,0.0,2.0,0.0,1.0,66.7,1.5,0.0,0.0,6.0,3.0,0.0,3.0,202.0,0.0,17.0,7.7,0.0,0.0,3.0,2.0,2.0,0.0,1.0,4.0,1.0,78.0,1.0,10.0,0.0,7.0
2026,Round 17,2026-07-04,Greater Western Sydney,away,CD_M20260141704,28,Neil Erasmus,CD_I1020250,1.0,0.0,0.0,0.0,0.0,0.0,0.0,0.0,0.0,0.0,0.0,0.0,50.0,5.0,1.0,90.0,10.0,9.0,5.0,2.0,0.0,1.0,50.0,1.0,1.0,3.0,4.0,0.0,0.0,0.0,0.0,2.0,1.0,2.0,83.3,1.5,0.0,0.0,6.0,3.0,0.0,0.0,213.0,0.0,5.0,8.0,1.0,0.0,5.0,1.0,2.0,0.0,2.0,0.0,0.0,68.0,2.0,10.0,1.0,5.0
2026,Round 17,2026-07-04,Greater Western Sydney,away,CD_M20260141704,32,Michael Frederick,CD_I999321,0.0,1.0,0.0,0.0,2.0,0.0,0.0,1.0,0.0,0.0,0.0,1.0,35.7,5.0,0.0,71.4,14.0,10.0,7.0,0.0,0.0,2.0,0.0,0.0,0.0,2.0,4.0,0.0,0.0,0.0,0.0,3.0,1.0,3.0,70.0,2.5,0.0,0.0,10.0,4.0,0.0,0.0,286.0,1.0,5.0,5.5,1.0,0.0,2.0,1.0,1.0,1.0,0.0,2.0,1.0,80.0,0.0,14.0,4.0,9.0
2026,Round 17,2026-07-04,Greater Western Sydney,away,CD_M20260141704,9,Luke Jackson,CD_I1009399,0.0,0.0,20.0,0.0,2.0,0.0,0.0,0.0,2.0,0.0,0.0,1.0,53.8,7.0,1.0,58.3,12.0,7.0,4.0,0.0,2.0,1.0,100.0,0.0,2.0,3.0,6.0,25.8,56.4,31.0,8.0,2.0,0.0,2.0,66.7,1.0,0.0,0.0,6.0,3.0,1.0,0.0,211.0,1.0,16.0,17.2,0.0,55.0,5.0,3.0,2.0,0.0,0.0,4.0,3.0,80.0,0.0,13.0,1.0,6.0
2026,Round 17,2026-07-04,Greater Western Sydney,away,CD_M20260141704,44,Matthew Johnson,CD_I1016825,0.0,3.0,6.0,1.0,2.0,0.0,0.0,1.0,0.0,0.0,0.0,0.0,37.5,6.0,4.0,75.0,16.0,12.0,5.0,0.0,1.0,2.0,0.0,2.0,0.0,5.0,9.0,0.0,0.0,0.0,0.0,4.0,0.0,2.0,71.4,0.8,0.0,0.0,7.0,3.0,0.0,0.0,297.0,0.0,14.0,8.5,3.0,0.0,5.0,1.0,0.0,0.0,0.0,2.0,0.0,72.0,1.0,16.0,3.0,10.0
2026,Round 17,2026-07-04,Greater Western Sydney,away,CD_M20260141704,17,Judd McVee,CD_I1017703,0.0,2.0,0.0,0.0,1.0,0.0,0.0,2.0,0.0,0.0,0.0,0.0,50.0,5.0,10.0,60.0,10.0,6.0,3.0,0.0,0.0,0.0,0.0,0.0,0.0,4.0,6.0,0.0,0.0,0.0,0.0,0.0,0.0,5.0,75.0,0.7,1.0,1.0,4.0,1.0,0.0,0.0,93.0,3.0,11.0,4.0,2.0,0.0,1.0,0.0,0.0,1.0,0.0,2.0,0.0,78.0,0.0,10.0,2.0,5.0
2026,Round 17,2026-07-04,Greater Western Sydney,away,CD_M20260141704,30,Nathan O'Driscoll,CD_I1013220,0.0,0.0,4.0,0.0,5.0,0.0,0.0,0.0,0.0,0.0,0.0,0.0,40.0,6.0,6.0,78.6,14.0,11.0,5.0,2.0,0.0,2.0,100.0,0.0,1.0,4.0,7.0,0.0,0.0,0.0,0.0,1.0,0.0,3.0,71.4,1.0,0.0,0.0,7.0,3.0,0.0,1.0,285.0,2.0,14.0,13.0,2.0,0.0,5.0,1.0,1.0,0.0,2.0,2.0,1.0,83.0,2.0,15.0,2.0,9.0
2026,Round 17,2026-07-04,Greater Western Sydney,away,CD_M20260141704,25,Alex Pearce,CD_I298409,0.0,0.0,0.0,0.0,1.0,0.0,0.0,3.0,0.0,0.0,0.0,1.0,77.8,7.0,10.0,87.5,8.0,7.0,3.0,0.0,0.0,0.0,0.0,0.0,0.0,4.0,5.0,0.0,0.0,0.0,0.0,0.0,1.0,6.0,100.0,0.6,0.0,0.0,3.0,2.0,0.0,0.0,85.0,5.0,11.0,12.9,1.0,0.0,1.0,1.0,0.0,3.0,0.0,3.0,0.0,95.0,0.0,9.0,0.0,2.0
2026,Round 17,2026-07-04,Greater Western Sydney,away,CD_M20260141704,16,Murphy Reid,CD_I1028513,2.0,1.0,11.0,0.0,2.0,0.0,0.0,0.0,0.0,0.0,0.0,0.0,42.1,8.0,10.0,68.4,19.0,13.0,8.0,1.0,0.0,2.0,33.3,1.0,1.0,5.0,8.0,0.0,0.0,0.0,0.0,2.0,0.0,2.0,72.7,1.4,0.0,0.0,11.0,2.0,0.0,0.0,298.0,0.0,18.0,8.6,1.0,0.0,8.0,2.0,3.0,0.0,1.0,3.0,1.0,70.0,1.0,19.0,3.0,11.0
2026,Round 17,2026-07-04,Greater Western Sydney,away,CD_M20260141704,13,Luke Ryan,CD_I998659,0.0,2.0,0.0,0.0,4.0,25.0,1.0,4.0,0.0,0.0,0.0,1.0,31.3,5.0,12.0,77.8,18.0,14.0,10.0,0.0,1.0,1.0,0.0,0.0,0.0,3.0,6.0,0.0,0.0,0.0,0.0,0.0,1.0,4.0,83.3,2.0,2.0,2.0,12.0,4.0,0.0,0.0,435.0,2.0,12.0,4.3,10.0,0.0,1.0,0.0,0.0,2.0,1.0,2.0,0.0,88.0,1.0,16.0,7.0,11.0
2026,Round 17,2026-07-04,Greater Western Sydney,away,CD_M20260141704,3,Caleb Serong,CD_I1009420,0.0,1.0,23.0,3.0,7.0,0.0,0.0,0.0,0.0,0.0,0.0,0.0,45.2,14.0,8.0,54.8,31.0,17.0,5.0,1.0,1.0,1.0,0.0,1.0,0.0,8.0,19.0,0.0,0.0,0.0,0.0,8.0,0.0,4.0,41.7,0.6,0.0,0.0,12.0,2.0,0.0,1.0,554.0,2.0,20.0,12.0,3.0,0.0,8.0,0.0,0.0,1.0,3.0,6.0,1.0,81.0,6.0,31.0,7.0,17.0
2026,Round 17,2026-07-04,Greater Western Sydney,away,CD_M20260141704,39,Sam Switkowski,CD_I992059,2.0,1.0,0.0,0.0,4.0,0.0,0.0,0.0,0.0,0.0,0.0,0.0,43.8,7.0,6.0,53.3,15.0,8.0,0.0,1.0,2.0,0.0,0.0,0.0,0.0,5.0,11.0,0.0,0.0,0.0,0.0,2.0,0.0,1.0,0.0,0.4,0.0,0.0,4.0,0.0,0.0,0.0,136.0,2.0,29.0,6.8,0.0,0.0,6.0,0.0,2.0,0.0,0.0,4.0,3.0,77.0,0.0,16.0,3.0,9.0
2026,Round 17,2026-07-04,Greater Western Sydney,away,CD_M20260141704,35,Josh Treacy,CD_I1012819,0.0,0.0,0.0,0.0,0.0,0.0,0.0,0.0,1.0,0.0,0.0,1.0,33.3,3.0,7.0,90.0,10.0,9.0,7.0,0.0,0.0,2.0,100.0,0.0,3.0,0.0,2.0,0.0,0.0,0.0,0.0,1.0,1.0,2.0,87.5,4.0,0.0,0.0,8.0,5.0,2.0,3.0,214.0,2.0,12.0,15.6,0.0,0.0,3.0,0.0,3.0,1.0,0.0,3.0,1.0,92.0,0.0,9.0,1.0,6.0
2026,Round 17,2026-07-04,Greater Western Sydney,away,CD_M20260141704,20,Patrick Voss,CD_I1017754,2.0,1.0,0.0,0.0,4.0,0.0,0.0,0.0,0.0,0.0,0.0,0.0,45.5,5.0,1.0,72.7,11.0,8.0,4.0,0.0,2.0,2.0,50.0,1.0,2.0,3.0,4.0,0.0,0.0,0.0,0.0,3.0,0.0,0.0,57.1,1.8,0.0,0.0,7.0,5.0,1.0,2.0,277.0,0.0,9.0,6.6,0.0,0.0,6.0,1.0,4.0,0.0,1.0,2.0,1.0,85.0,1.0,11.0,2.0,6.0
2026,Round 17,2026-07-04,Greater Western Sydney,away,CD_M20260141704,23,Karl Worner,CD_I1021015,0.0,3.0,0.0,0.0,2.0,0.0,0.0,0.0,0.0,0.0,0.0,1.0,17.4,4.0,3.0,89.7,29.0,26.0,15.0,0.0,1.0,1.0,0.0,0.0,0.0,2.0,11.0,0.0,0.0,0.0,0.0,1.0,5.0,9.0,83.3,1.6,5.0,5.0,18.0,10.0,0.0,1.0,691.0,1.0,5.0,14.9,8.0,0.0,3.0,2.0,0.0,1.0,0.0,1.0,0.0,84.0,0.0,23.0,5.0,19.0
2026,Round 17,2026-07-04,Greater Western Sydney,away,CD_M20260141704,26,Hayden Young,CD_I1009256,0.0,0.0,10.0,0.0,0.0,0.0,0.0,0.0,1.0,0.0,0.0,0.0,22.2,2.0,2.0,90.0,10.0,9.0,3.0,0.0,0.0,0.0,0.0,1.0,0.0,1.0,6.0,0.0,0.0,0.0,0.0,1.0,0.0,1.0,75.0,0.7,0.0,0.0,4.0,2.0,0.0,0.0,128.0,0.0,8.0,4.7,2.0,0.0,2.0,0.0,0.0,0.0,1.0,2.0,0.0,43.0,1.0,9.0,0.0,7.0
2026,Round 18,2026-07-09,Sydney,home,CD_M20260141805,24,Jye Amiss,CD_I1020594,2.0,0.0,0.0,0.0,3.0,0.0,0.0,0.0,7.0,1.0,14.3,3.0,62.5,5.0,0.0,62.5,8.0,5.0,4.0,0.0,3.0,3.0,50.0,0.0,2.0,1.0,1.0,0.0,0.0,0.0,0.0,4.0,0.0,1.0,57.1,7.0,0.0,0.0,7.0,4.0,2.0,1.0,228.0,2.0,4.0,4.1,0.0,0.0,6.0,1.0,4.0,2.0,0.0,0.0,0.0,91.0,0.0,8.0,2.0,3.0
2026,Round 18,2026-07-09,Sydney,home,CD_M20260141805,10,Shai Bolton,CD_I993993,2.0,3.0,17.0,2.0,2.0,0.0,0.0,0.0,1.0,0.0,0.0,0.0,32.0,8.0,7.0,65.2,23.0,15.0,6.0,1.0,2.0,1.0,28.6,1.0,2.0,5.0,11.0,0.0,0.0,0.0,0.0,6.0,0.0,1.0,50.0,1.1,0.0,0.0,12.0,1.0,1.0,1.0,666.0,1.0,14.0,16.8,0.0,0.0,7.0,0.0,7.0,1.0,1.0,4.0,1.0,76.0,3.0,25.0,2.0,17.0
2026,Round 18,2026-07-09,Sydney,home,CD_M20260141805,8,Andrew Brayshaw,CD_I1002232,0.0,1.0,21.0,1.0,1.0,0.0,0.0,0.0,0.0,0.0,0.0,0.0,50.0,12.0,8.0,80.0,25.0,20.0,7.0,1.0,0.0,0.0,0.0,3.0,0.0,9.0,15.0,0.0,0.0,0.0,0.0,9.0,0.0,3.0,70.0,0.7,0.0,0.0,10.0,1.0,0.0,0.0,440.0,2.0,22.0,23.2,2.0,0.0,10.0,1.0,0.0,0.0,2.0,5.0,3.0,80.0,3.0,24.0,1.0,12.0
2026,Round 18,2026-07-09,Sydney,home,CD_M20260141805,5,Heath Chapman,CD_I1013224,0.0,1.0,0.0,0.0,0.0,0.0,0.0,2.0,0.0,0.0,0.0,0.0,11.1,1.0,8.0,88.9,9.0,8.0,3.0,0.0,0.0,0.0,0.0,0.0,0.0,1.0,6.0,0.0,0.0,0.0,0.0,0.0,0.0,0.0,100.0,0.5,0.0,0.0,3.0,3.0,0.0,0.0,60.0,1.0,10.0,3.4,0.0,0.0,3.0,1.0,0.0,1.0,1.0,3.0,1.0,88.0,1.0,9.0,1.0,8.0
2026,Round 18,2026-07-09,Sydney,home,CD_M20260141805,6,Jordan Clark,CD_I1006152,0.0,4.0,0.0,0.0,2.0,0.0,0.0,0.0,0.0,0.0,0.0,0.0,19.0,4.0,7.0,87.0,23.0,20.0,14.0,0.0,2.0,0.0,100.0,0.0,1.0,3.0,7.0,0.0,0.0,0.0,0.0,2.0,1.0,3.0,87.5,2.3,4.0,4.0,16.0,4.0,0.0,0.0,619.0,3.0,9.0,18.5,4.0,0.0,8.0,2.0,1.0,2.0,1.0,2.0,0.0,85.0,1.0,21.0,3.0,17.0
2026,Round 18,2026-07-09,Sydney,home,CD_M20260141805,36,Brennan Cox,CD_I997033,0.0,0.0,0.0,0.0,1.0,20.0,1.0,5.0,0.0,0.0,0.0,1.0,57.1,4.0,4.0,100.0,6.0,6.0,3.0,0.0,1.0,0.0,0.0,0.0,0.0,3.0,3.0,0.0,0.0,0.0,0.0,0.0,0.0,4.0,100.0,1.0,0.0,0.0,3.0,2.0,0.0,0.0,33.0,10.0,5.0,9.8,1.0,0.0,2.0,0.0,0.0,9.0,0.0,1.0,0.0,85.0,0.0,7.0,1.0,3.0
2026,Round 18,2026-07-09,Sydney,home,CD_M20260141805,18,Mason Cox,CD_I998647,0.0,0.0,6.0,2.0,0.0,0.0,0.0,0.0,0.0,0.0,0.0,2.0,50.0,5.0,1.0,80.0,10.0,8.0,4.0,0.0,0.0,3.0,100.0,0.0,1.0,0.0,4.0,60.0,66.7,10.0,6.0,3.0,3.0,4.0,66.7,1.5,0.0,0.0,6.0,6.0,1.0,1.0,209.0,0.0,5.0,13.5,1.0,15.0,5.0,3.0,1.0,0.0,0.0,1.0,0.0,46.0,2.0,10.0,4.0,5.0
2026,Round 18,2026-07-09,Sydney,home,CD_M20260141805,43,Isaiah Dudley,CD_I1011558,2.0,0.0,0.0,0.0,3.0,0.0,0.0,1.0,1.0,0.0,0.0,0.0,36.4,4.0,3.0,55.6,9.0,5.0,3.0,0.0,2.0,0.0,0.0,0.0,0.0,4.0,3.0,0.0,0.0,0.0,0.0,2.0,0.0,3.0,50.0,2.0,0.0,0.0,6.0,1.0,0.0,1.0,202.0,4.0,15.0,6.5,0.0,0.0,4.0,2.0,2.0,2.0,0.0,2.0,1.0,61.0,0.0,11.0,3.0,7.0
2026,Round 18,2026-07-09,Sydney,home,CD_M20260141805,28,Neil Erasmus,CD_I1020250,0.0,0.0,0.0,0.0,3.0,0.0,0.0,0.0,1.0,0.0,0.0,0.0,20.0,4.0,6.0,84.2,19.0,16.0,10.0,0.0,1.0,1.0,0.0,0.0,0.0,2.0,8.0,0.0,0.0,0.0,0.0,4.0,0.0,2.0,90.9,1.4,0.0,0.0,11.0,7.0,0.0,2.0,361.0,0.0,10.0,6.0,5.0,0.0,5.0,1.0,0.0,0.0,1.0,2.0,0.0,66.0,1.0,20.0,6.0,16.0
2026,Round 18,2026-07-09,Sydney,home,CD_M20260141805,32,Michael Frederick,CD_I999321,1.0,0.0,0.0,0.0,3.0,0.0,0.0,0.0,0.0,0.0,0.0,1.0,16.7,3.0,2.0,58.8,17.0,10.0,7.0,1.0,0.0,0.0,66.7,2.0,2.0,1.0,5.0,0.0,0.0,0.0,0.0,6.0,2.0,3.0,58.3,2.4,0.0,0.0,12.0,6.0,1.0,1.0,444.0,1.0,5.0,8.8,1.0,0.0,8.0,1.0,3.0,0.0,0.0,1.0,1.0,75.0,0.0,18.0,4.0,15.0
2026,Round 18,2026-07-09,Sydney,home,CD_M20260141805,9,Luke Jackson,CD_I1009399,0.0,0.0,22.0,3.0,5.0,0.0,0.0,0.0,1.0,0.0,0.0,0.0,73.7,14.0,3.0,70.6,17.0,12.0,1.0,2.0,1.0,2.0,0.0,0.0,0.0,7.0,14.0,34.6,36.1,26.0,9.0,2.0,0.0,3.0,33.3,0.2,0.0,0.0,3.0,0.0,0.0,0.0,87.0,5.0,12.0,15.4,0.0,72.0,8.0,7.0,0.0,3.0,4.0,4.0,1.0,83.0,7.0,19.0,4.0,5.0
2026,Round 18,2026-07-09,Sydney,home,CD_M20260141805,44,Matthew Johnson,CD_I1016825,1.0,1.0,17.0,2.0,2.0,0.0,0.0,0.0,0.0,0.0,0.0,0.0,32.0,8.0,12.0,79.2,24.0,19.0,5.0,1.0,2.0,0.0,0.0,3.0,0.0,7.0,16.0,0.0,0.0,0.0,0.0,4.0,0.0,3.0,62.5,0.5,0.0,0.0,8.0,4.0,1.0,0.0,243.0,1.0,18.0,13.5,0.0,0.0,10.0,4.0,2.0,1.0,3.0,4.0,0.0,76.0,5.0,25.0,2.0,17.0
2026,Round 18,2026-07-09,Sydney,home,CD_M20260141805,17,Judd McVee,CD_I1017703,0.0,1.0,0.0,0.0,0.0,0.0,0.0,1.0,0.0,0.0,0.0,0.0,20.0,3.0,3.0,94.1,17.0,16.0,10.0,0.0,0.0,1.0,100.0,1.0,1.0,2.0,7.0,0.0,0.0,0.0,0.0,1.0,1.0,3.0,100.0,1.4,2.0,2.0,10.0,6.0,0.0,1.0,341.0,4.0,3.0,10.9,3.0,0.0,5.0,1.0,1.0,4.0,2.0,0.0,0.0,84.0,2.0,15.0,0.0,12.0
2026,Round 18,2026-07-09,Sydney,home,CD_M20260141805,30,Nathan O'Driscoll,CD_I1013220,0.0,2.0,0.0,0.0,2.0,0.0,0.0,0.0,0.0,0.0,0.0,0.0,25.0,5.0,7.0,73.7,19.0,14.0,5.0,0.0,0.0,1.0,0.0,0.0,0.0,3.0,12.0,0.0,0.0,0.0,0.0,1.0,0.0,1.0,71.4,0.6,0.0,0.0,7.0,2.0,0.0,0.0,338.0,2.0,12.0,10.2,3.0,0.0,5.0,1.0,0.0,0.0,2.0,3.0,1.0,75.0,2.0,20.0,2.0,15.0
2026,Round 18,2026-07-09,Sydney,home,CD_M20260141805,2,Jaeger O'Meara,CD_I294613,0.0,1.0,0.0,1.0,2.0,0.0,0.0,0.0,0.0,0.0,0.0,0.0,30.8,4.0,8.0,83.3,12.0,10.0,2.0,0.0,1.0,0.0,0.0,0.0,0.0,3.0,8.0,0.0,0.0,0.0,0.0,1.0,0.0,2.0,50.0,0.5,0.0,0.0,4.0,1.0,0.0,0.0,179.0,1.0,12.0,6.3,1.0,0.0,4.0,2.0,0.0,0.0,0.0,2.0,0.0,74.0,1.0,13.0,1.0,9.0
2026,Round 18,2026-07-09,Sydney,home,CD_M20260141805,25,Alex Pearce,CD_I298409,0.0,0.0,0.0,0.0,0.0,50.0,1.0,2.0,0.0,0.0,0.0,0.0,63.6,7.0,2.0,100.0,9.0,9.0,2.0,0.0,0.0,2.0,0.0,0.0,0.0,4.0,7.0,0.0,0.0,0.0,0.0,0.0,2.0,9.0,100.0,0.3,0.0,0.0,2.0,2.0,0.0,0.0,114.0,8.0,2.0,18.1,1.0,0.0,4.0,4.0,0.0,7.0,0.0,0.0,0.0,80.0,0.0,11.0,0.0,4.0
2026,Round 18,2026-07-09,Sydney,home,CD_M20260141805,16,Murphy Reid,CD_I1028513,1.0,0.0,5.0,1.0,2.0,0.0,0.0,0.0,0.0,0.0,0.0,1.0,28.6,8.0,4.0,85.7,28.0,24.0,10.0,2.0,0.0,0.0,0.0,0.0,0.0,6.0,15.0,0.0,0.0,0.0,0.0,5.0,0.0,3.0,76.9,0.9,0.0,0.0,13.0,6.0,1.0,1.0,254.0,1.0,24.0,16.0,0.0,0.0,12.0,1.0,1.0,0.0,1.0,2.0,1.0,83.0,2.0,28.0,3.0,20.0
2026,Round 18,2026-07-09,Sydney,home,CD_M20260141805,13,Luke Ryan,CD_I998659,0.0,0.0,0.0,0.0,3.0,0.0,0.0,1.0,0.0,0.0,0.0,0.0,38.5,5.0,5.0,81.3,16.0,13.0,9.0,0.0,2.0,0.0,0.0,0.0,0.0,5.0,6.0,0.0,0.0,0.0,0.0,0.0,0.0,5.0,90.0,1.7,4.0,4.0,10.0,3.0,0.0,0.0,227.0,1.0,6.0,5.6,6.0,0.0,2.0,1.0,0.0,1.0,1.0,2.0,0.0,71.0,1.0,13.0,3.0,8.0
2026,Round 18,2026-07-09,Sydney,home,CD_M20260141805,3,Caleb Serong,CD_I1009420,0.0,0.0,24.0,3.0,2.0,0.0,0.0,0.0,0.0,0.0,0.0,0.0,38.5,10.0,11.0,78.6,28.0,22.0,12.0,0.0,1.0,2.0,0.0,0.0,0.0,5.0,12.0,0.0,0.0,0.0,0.0,7.0,0.0,2.0,75.0,1.3,0.0,0.0,16.0,2.0,0.0,1.0,457.0,0.0,21.0,11.2,2.0,0.0,6.0,1.0,0.0,0.0,4.0,6.0,1.0,83.0,7.0,26.0,8.0,16.0
2026,Round 18,2026-07-09,Sydney,home,CD_M20260141805,39,Sam Switkowski,CD_I992059,2.0,0.0,0.0,0.0,2.0,0.0,0.0,0.0,0.0,0.0,0.0,0.0,38.5,5.0,5.0,38.5,13.0,5.0,1.0,2.0,1.0,0.0,0.0,0.0,0.0,5.0,7.0,0.0,0.0,0.0,0.0,2.0,0.0,4.0,16.7,0.9,0.0,0.0,6.0,3.0,1.0,1.0,188.0,1.0,14.0,0.5,0.0,0.0,4.0,0.0,2.0,1.0,0.0,1.0,0.0,79.0,0.0,13.0,3.0,8.0
2026,Round 18,2026-07-09,Sydney,home,CD_M20260141805,35,Josh Treacy,CD_I1012819,4.0,0.0,0.0,0.0,2.0,0.0,0.0,0.0,3.0,2.0,66.7,3.0,66.7,12.0,1.0,38.9,18.0,7.0,4.0,4.0,0.0,2.0,44.4,0.0,4.0,7.0,5.0,0.0,0.0,0.0,0.0,4.0,0.0,1.0,30.8,2.6,0.0,0.0,13.0,5.0,4.0,0.0,415.0,2.0,11.0,13.8,0.0,0.0,9.0,0.0,9.0,2.0,0.0,2.0,2.0,89.0,0.0,18.0,4.0,6.0
2026,Round 18,2026-07-09,Sydney,home,CD_M20260141805,20,Patrick Voss,CD_I1017754,2.0,0.0,0.0,0.0,4.0,0.0,0.0,0.0,2.0,1.0,50.0,1.0,69.2,9.0,2.0,54.5,11.0,6.0,3.0,2.0,2.0,2.0,40.0,0.0,2.0,4.0,4.0,0.0,0.0,0.0,0.0,2.0,0.0,1.0,42.9,1.8,0.0,0.0,7.0,2.0,2.0,0.0,248.0,1.0,7.0,10.2,0.0,0.0,7.0,0.0,5.0,0.0,1.0,2.0,2.0,87.0,1.0,13.0,3.0,4.0
2026,Round 18,2026-07-09,Sydney,home,CD_M20260141805,23,Karl Worner,CD_I1021015,0.0,0.0,0.0,0.0,2.0,0.0,0.0,2.0,0.0,0.0,0.0,0.0,33.3,6.0,9.0,90.0,20.0,18.0,9.0,0.0,1.0,1.0,0.0,0.0,0.0,6.0,10.0,0.0,0.0,0.0,0.0,0.0,1.0,5.0,90.0,1.0,2.0,2.0,10.0,6.0,0.0,0.0,424.0,1.0,10.0,10.3,6.0,0.0,6.0,0.0,0.0,1.0,0.0,1.0,0.0,83.0,0.0,18.0,2.0,12.0
2026,Round 19,2026-07-18,Port Adelaide,away,CD_M20260141906,24,Jye Amiss,CD_I1020594,2.0,0.0,0.0,0.0,0.0,0.0,0.0,0.0,4.0,3.0,75.0,2.0,53.8,7.0,1.0,75.0,12.0,9.0,6.0,2.0,0.0,2.0,57.1,1.0,4.0,2.0,3.0,0.0,0.0,0.0,0.0,2.0,0.0,0.0,66.7,3.0,0.0,0.0,9.0,4.0,3.0,2.0,246.0,2.0,5.0,19.3,0.0,0.0,10.0,0.0,7.0,1.0,0.0,0.0,0.0,87.0,0.0,13.0,0.0,6.0
2026,Round 19,2026-07-18,Port Adelaide,away,CD_M20260141906,8,Andrew Brayshaw,CD_I1002232,0.0,2.0,23.0,0.0,5.0,0.0,0.0,0.0,0.0,0.0,0.0,0.0,29.0,9.0,9.0,80.0,30.0,24.0,8.0,0.0,2.0,1.0,0.0,2.0,0.0,8.0,17.0,0.0,0.0,0.0,0.0,4.0,0.0,5.0,61.5,0.8,0.0,0.0,13.0,2.0,0.0,0.0,491.0,0.0,18.0,16.2,2.0,0.0,7.0,2.0,0.0,0.0,3.0,5.0,1.0,77.0,3.0,31.0,7.0,22.0
2026,Round 19,2026-07-18,Port Adelaide,away,CD_M20260141906,5,Heath Chapman,CD_I1013224,0.0,0.0,0.0,0.0,4.0,100.0,2.0,2.0,0.0,0.0,0.0,0.0,25.0,4.0,9.0,93.8,16.0,15.0,7.0,0.0,3.0,1.0,0.0,0.0,0.0,3.0,9.0,0.0,0.0,0.0,0.0,0.0,1.0,3.0,100.0,0.8,0.0,0.0,7.0,5.0,0.0,0.0,126.0,3.0,12.0,7.0,3.0,0.0,2.0,0.0,0.0,3.0,0.0,4.0,0.0,84.0,0.0,16.0,1.0,12.0
2026,Round 19,2026-07-18,Port Adelaide,away,CD_M20260141906,6,Jordan Clark,CD_I1006152,0.0,0.0,0.0,0.0,0.0,0.0,0.0,1.0,0.0,0.0,0.0,0.0,23.5,4.0,5.0,81.8,22.0,18.0,12.0,0.0,0.0,1.0,0.0,1.0,0.0,3.0,8.0,0.0,0.0,0.0,0.0,3.0,2.0,5.0,85.7,1.8,4.0,4.0,14.0,2.0,0.0,0.0,451.0,1.0,6.0,10.7,7.0,0.0,5.0,3.0,0.0,1.0,1.0,3.0,0.0,86.0,1.0,17.0,4.0,13.0
2026,Round 19,2026-07-18,Port Adelaide,away,CD_M20260141906,36,Brennan Cox,CD_I997033,0.0,0.0,0.0,0.0,1.0,0.0,0.0,1.0,0.0,0.0,0.0,0.0,25.0,2.0,1.0,80.0,10.0,8.0,5.0,0.0,1.0,0.0,0.0,0.0,0.0,2.0,4.0,0.0,0.0,0.0,0.0,2.0,0.0,4.0,83.3,1.5,1.0,1.0,6.0,2.0,0.0,0.0,223.0,5.0,1.0,7.3,3.0,0.0,2.0,1.0,0.0,5.0,0.0,1.0,0.0,74.0,0.0,8.0,0.0,6.0
2026,Round 19,2026-07-18,Port Adelaide,away,CD_M20260141906,18,Mason Cox,CD_I998647,2.0,0.0,8.0,1.0,4.0,0.0,0.0,0.0,0.0,0.0,0.0,3.0,85.7,6.0,0.0,66.7,6.0,4.0,1.0,1.0,4.0,1.0,0.0,1.0,0.0,1.0,3.0,26.7,51.7,15.0,4.0,0.0,1.0,1.0,33.3,1.0,0.0,0.0,3.0,4.0,2.0,0.0,59.0,1.0,0.0,2.7,0.0,29.0,5.0,0.0,2.0,0.0,0.0,0.0,0.0,62.0,1.0,7.0,0.0,1.0
2026,Round 19,2026-07-18,Port Adelaide,away,CD_M20260141906,43,Isaiah Dudley,CD_I1011558,3.0,0.0,0.0,0.0,2.0,0.0,0.0,0.0,0.0,0.0,0.0,0.0,26.3,5.0,3.0,77.8,18.0,14.0,6.0,4.0,2.0,2.0,25.0,3.0,1.0,4.0,8.0,0.0,0.0,0.0,0.0,4.0,1.0,4.0,60.0,1.3,0.0,0.0,10.0,3.0,2.0,1.0,294.0,1.0,14.0,14.5,0.0,0.0,10.0,4.0,4.0,0.0,1.0,4.0,3.0,79.0,1.0,19.0,4.0,14.0
2026,Round 19,2026-07-18,Port Adelaide,away,CD_M20260141906,28,Neil Erasmus,CD_I1020250,1.0,1.0,8.0,1.0,4.0,0.0,0.0,0.0,0.0,0.0,0.0,1.0,42.9,9.0,7.0,68.2,22.0,15.0,4.0,0.0,1.0,2.0,50.0,2.0,1.0,5.0,12.0,0.0,0.0,0.0,0.0,4.0,2.0,4.0,40.0,0.8,0.0,0.0,10.0,6.0,1.0,1.0,311.0,0.0,13.0,9.9,1.0,0.0,7.0,3.0,2.0,0.0,4.0,4.0,0.0,76.0,5.0,21.0,6.0,12.0
2026,Round 19,2026-07-18,Port Adelaide,away,CD_M20260141906,32,Michael Frederick,CD_I999321,0.0,1.0,0.0,0.0,1.0,0.0,0.0,0.0,0.0,0.0,0.0,0.0,21.4,3.0,4.0,69.2,13.0,9.0,6.0,0.0,0.0,0.0,60.0,0.0,3.0,2.0,4.0,0.0,0.0,0.0,0.0,3.0,0.0,1.0,66.7,2.3,0.0,0.0,9.0,5.0,3.0,2.0,351.0,1.0,11.0,13.0,0.0,0.0,4.0,0.0,5.0,0.0,0.0,1.0,1.0,81.0,0.0,14.0,2.0,11.0
2026,Round 19,2026-07-18,Port Adelaide,away,CD_M20260141906,9,Luke Jackson,CD_I1009399,0.0,0.0,21.0,2.0,5.0,0.0,0.0,2.0,0.0,0.0,0.0,0.0,41.2,7.0,5.0,93.8,16.0,15.0,2.0,1.0,4.0,2.0,100.0,0.0,1.0,4.0,13.0,25.0,32.3,20.0,5.0,2.0,0.0,0.0,66.7,0.2,0.0,0.0,3.0,1.0,0.0,0.0,132.0,2.0,13.0,10.8,0.0,62.0,9.0,3.0,1.0,1.0,1.0,5.0,0.0,71.0,3.0,17.0,2.0,10.0
2026,Round 19,2026-07-18,Port Adelaide,away,CD_M20260141906,44,Matthew Johnson,CD_I1016825,0.0,0.0,15.0,0.0,4.0,0.0,0.0,0.0,0.0,0.0,0.0,0.0,50.0,10.0,13.0,70.0,20.0,14.0,5.0,0.0,1.0,2.0,0.0,1.0,0.0,7.0,11.0,0.0,0.0,0.0,0.0,5.0,0.0,4.0,55.6,0.8,0.0,0.0,9.0,3.0,0.0,0.0,368.0,0.0,19.0,9.7,0.0,0.0,3.0,0.0,0.0,0.0,5.0,8.0,0.0,74.0,5.0,20.0,6.0,10.0
2026,Round 19,2026-07-18,Port Adelaide,away,CD_M20260141906,17,Judd McVee,CD_I1017703,0.0,1.0,0.0,0.0,3.0,0.0,0.0,1.0,0.0,0.0,0.0,2.0,30.8,4.0,7.0,100.0,15.0,15.0,6.0,0.0,0.0,0.0,0.0,0.0,0.0,2.0,9.0,0.0,0.0,0.0,0.0,0.0,2.0,4.0,100.0,0.7,0.0,0.0,6.0,4.0,0.0,0.0,187.0,0.0,9.0,5.8,2.0,0.0,4.0,0.0,0.0,0.0,0.0,1.0,0.0,85.0,0.0,13.0,1.0,9.0
2026,Round 19,2026-07-18,Port Adelaide,away,CD_M20260141906,30,Nathan O'Driscoll,CD_I1013220,0.0,0.0,0.0,0.0,6.0,0.0,0.0,0.0,0.0,0.0,0.0,0.0,25.0,4.0,6.0,75.0,16.0,12.0,3.0,0.0,1.0,0.0,0.0,0.0,0.0,4.0,11.0,0.0,0.0,0.0,0.0,3.0,0.0,2.0,60.0,0.5,0.0,0.0,5.0,5.0,0.0,1.0,208.0,2.0,12.0,6.0,0.0,0.0,2.0,0.0,0.0,1.0,0.0,4.0,0.0,75.0,0.0,16.0,5.0,12.0
2026,Round 19,2026-07-18,Port Adelaide,away,CD_M20260141906,2,Jaeger O'Meara,CD_I294613,1.0,0.0,0.0,0.0,1.0,0.0,0.0,0.0,0.0,0.0,0.0,0.0,15.4,2.0,2.0,66.7,15.0,10.0,6.0,0.0,0.0,0.0,0.0,0.0,0.0,2.0,6.0,0.0,0.0,0.0,0.0,1.0,1.0,3.0,66.7,1.5,0.0,0.0,9.0,2.0,0.0,0.0,215.0,0.0,9.0,5.2,2.0,0.0,4.0,1.0,1.0,0.0,1.0,3.0,0.0,56.0,1.0,13.0,3.0,11.0
2026,Round 19,2026-07-18,Port Adelaide,away,CD_M20260141906,25,Alex Pearce,CD_I298409,0.0,2.0,0.0,0.0,3.0,25.0,1.0,4.0,0.0,0.0,0.0,3.0,58.3,7.0,4.0,80.0,10.0,8.0,4.0,0.0,3.0,0.0,0.0,0.0,0.0,4.0,5.0,0.0,0.0,0.0,0.0,0.0,3.0,5.0,80.0,1.0,0.0,0.0,5.0,5.0,0.0,0.0,171.0,4.0,4.0,8.0,2.0,0.0,1.0,1.0,0.0,4.0,0.0,0.0,0.0,85.0,0.0,12.0,1.0,5.0
2026,Round 19,2026-07-18,Port Adelaide,away,CD_M20260141906,16,Murphy Reid,CD_I1028513,0.0,1.0,6.0,0.0,4.0,0.0,0.0,0.0,0.0,0.0,0.0,0.0,40.0,6.0,4.0,60.0,15.0,9.0,0.0,0.0,0.0,0.0,0.0,0.0,0.0,4.0,10.0,0.0,0.0,0.0,0.0,3.0,0.0,0.0,0.0,0.5,0.0,0.0,5.0,2.0,0.0,1.0,189.0,1.0,10.0,3.9,1.0,0.0,5.0,1.0,2.0,0.0,2.0,1.0,0.0,80.0,2.0,15.0,4.0,9.0
2026,Round 19,2026-07-18,Port Adelaide,away,CD_M20260141906,13,Luke Ryan,CD_I998659,0.0,1.0,0.0,1.0,0.0,0.0,0.0,0.0,0.0,0.0,0.0,2.0,31.6,6.0,3.0,100.0,21.0,21.0,12.0,0.0,0.0,0.0,0.0,0.0,0.0,3.0,9.0,0.0,0.0,0.0,0.0,4.0,2.0,7.0,100.0,1.3,2.0,1.0,12.0,7.0,0.0,0.0,404.0,4.0,4.0,12.7,4.0,0.0,5.0,2.0,0.0,3.0,1.0,0.0,0.0,86.0,2.0,19.0,2.0,13.0
2026,Round 19,2026-07-18,Port Adelaide,away,CD_M20260141906,3,Caleb Serong,CD_I1009420,0.0,1.0,21.0,3.0,2.0,0.0,0.0,0.0,1.0,0.0,0.0,0.0,50.0,15.0,13.0,71.4,28.0,20.0,7.0,0.0,0.0,2.0,0.0,0.0,0.0,9.0,17.0,0.0,0.0,0.0,0.0,2.0,0.0,1.0,63.6,0.6,0.0,0.0,11.0,2.0,0.0,0.0,282.0,4.0,18.0,13.1,2.0,0.0,5.0,2.0,0.0,0.0,5.0,9.0,1.0,81.0,8.0,30.0,2.0,15.0
2026,Round 19,2026-07-18,Port Adelaide,away,CD_M20260141906,39,Sam Switkowski,CD_I992059,0.0,0.0,0.0,0.0,3.0,0.0,0.0,0.0,0.0,0.0,0.0,0.0,14.3,2.0,6.0,76.9,13.0,10.0,1.0,0.0,1.0,0.0,0.0,0.0,0.0,2.0,10.0,0.0,0.0,0.0,0.0,2.0,2.0,2.0,33.3,0.3,0.0,0.0,3.0,3.0,0.0,0.0,104.0,0.0,14.0,6.0,0.0,0.0,4.0,2.0,0.0,0.0,1.0,4.0,0.0,74.0,1.0,14.0,4.0,12.0
2026,Round 19,2026-07-18,Port Adelaide,away,CD_M20260141906,35,Josh Treacy,CD_I1012819,1.0,0.0,0.0,0.0,2.0,0.0,0.0,0.0,2.0,0.0,0.0,1.0,42.9,6.0,1.0,78.6,14.0,11.0,7.0,2.0,0.0,2.0,60.0,1.0,3.0,3.0,4.0,0.0,0.0,0.0,0.0,1.0,0.0,1.0,70.0,2.5,0.0,0.0,10.0,5.0,4.0,1.0,240.0,3.0,8.0,15.3,0.0,0.0,10.0,1.0,5.0,1.0,0.0,1.0,1.0,87.0,0.0,14.0,2.0,8.0
2026,Round 19,2026-07-18,Port Adelaide,away,CD_M20260141906,20,Patrick Voss,CD_I1017754,0.0,0.0,0.0,0.0,3.0,0.0,0.0,0.0,2.0,0.0,0.0,0.0,44.4,4.0,3.0,62.5,8.0,5.0,4.0,1.0,1.0,2.0,100.0,1.0,1.0,3.0,2.0,0.0,0.0,0.0,0.0,2.0,0.0,4.0,66.7,3.0,0.0,0.0,6.0,3.0,1.0,3.0,203.0,0.0,13.0,9.2,0.0,0.0,5.0,2.0,1.0,0.0,0.0,7.0,4.0,86.0,0.0,9.0,2.0,5.0
2026,Round 19,2026-07-18,Port Adelaide,away,CD_M20260141906,23,Karl Worner,CD_I1021015,0.0,0.0,0.0,0.0,5.0,0.0,0.0,3.0,0.0,0.0,0.0,3.0,31.3,5.0,6.0,73.7,19.0,14.0,13.0,0.0,1.0,1.0,0.0,0.0,0.0,1.0,2.0,0.0,0.0,0.0,0.0,4.0,3.0,7.0,76.5,8.5,2.0,2.0,17.0,7.0,0.0,0.0,522.0,2.0,7.0,6.8,3.0,0.0,2.0,0.0,0.0,2.0,0.0,2.0,0.0,86.0,0.0,16.0,9.0,11.0
2026,Round 19,2026-07-18,Port Adelaide,away,CD_M20260141906,26,Hayden Young,CD_I1009256,0.0,2.0,14.0,1.0,1.0,0.0,0.0,0.0,0.0,0.0,0.0,0.0,28.6,6.0,3.0,80.0,20.0,16.0,9.0,1.0,0.0,0.0,100.0,0.0,1.0,3.0,8.0,0.0,0.0,0.0,0.0,4.0,0.0,0.0,75.0,1.5,0.0,0.0,12.0,4.0,0.0,0.0,338.0,2.0,4.0,9.7,4.0,0.0,5.0,0.0,1.0,1.0,2.0,0.0,0.0,67.0,3.0,21.0,0.0,15.0
2026,Round 20,2026-07-24,West Coast,home,CD_M20260142004,24,Jye Amiss,CD_I1020594,1.0,0.0,0.0,0.0,0.0,0.0,0.0,0.0,3.0,3.0,100.0,3.0,53.3,8.0,0.0,73.3,15.0,11.0,6.0,2.0,0.0,1.0,71.4,1.0,5.0,4.0,6.0,0.0,0.0,0.0,0.0,2.0,0.0,0.0,66.7,1.5,0.0,0.0,9.0,8.0,7.0,2.0,186.0,0.0,2.0,14.9,0.0,0.0,11.0,0.0,7.0,0.0,0.0,0.0,0.0,85.0,0.0,15.0,0.0,7.0
2026,Round 20,2026-07-24,West Coast,home,CD_M20260142004,10,Shai Bolton,CD_I993993,1.0,3.0,16.0,3.0,3.0,0.0,0.0,0.0,0.0,0.0,0.0,0.0,61.1,11.0,2.0,66.7,18.0,12.0,5.0,0.0,1.0,2.0,33.3,2.0,1.0,5.0,9.0,0.0,0.0,0.0,0.0,5.0,0.0,1.0,55.6,1.0,0.0,0.0,9.0,1.0,0.0,0.0,323.0,0.0,11.0,14.1,0.0,0.0,9.0,3.0,3.0,0.0,4.0,3.0,1.0,73.0,7.0,18.0,2.0,7.0
2026,Round 20,2026-07-24,West Coast,home,CD_M20260142004,8,Andrew Brayshaw,CD_I1002232,0.0,0.0,20.0,2.0,6.0,0.0,0.0,0.0,0.0,0.0,0.0,0.0,38.5,10.0,13.0,68.0,25.0,17.0,6.0,0.0,1.0,3.0,0.0,1.0,0.0,6.0,14.0,0.0,0.0,0.0,0.0,4.0,0.0,3.0,54.5,0.8,0.0,0.0,11.0,5.0,0.0,1.0,319.0,0.0,27.0,10.4,1.0,0.0,7.0,1.0,0.0,0.0,2.0,7.0,0.0,75.0,4.0,26.0,4.0,16.0
2026,Round 20,2026-07-24,West Coast,home,CD_M20260142004,5,Heath Chapman,CD_I1013224,1.0,1.0,0.0,0.0,0.0,0.0,0.0,0.0,0.0,0.0,0.0,0.0,25.0,2.0,6.0,77.8,9.0,7.0,3.0,1.0,0.0,0.0,0.0,0.0,0.0,2.0,5.0,0.0,0.0,0.0,0.0,0.0,1.0,2.0,75.0,0.8,0.0,0.0,4.0,2.0,1.0,0.0,148.0,4.0,15.0,8.1,0.0,0.0,3.0,1.0,1.0,4.0,0.0,1.0,0.0,81.0,0.0,8.0,1.0,6.0
2026,Round 20,2026-07-24,West Coast,home,CD_M20260142004,6,Jordan Clark,CD_I1006152,0.0,0.0,0.0,0.0,1.0,0.0,0.0,0.0,0.0,0.0,0.0,1.0,18.8,3.0,9.0,77.8,18.0,14.0,8.0,0.0,1.0,0.0,0.0,0.0,0.0,2.0,7.0,0.0,0.0,0.0,0.0,1.0,2.0,3.0,72.7,1.6,2.0,2.0,11.0,4.0,0.0,0.0,398.0,1.0,12.0,7.2,5.0,0.0,4.0,2.0,0.0,1.0,1.0,3.0,0.0,84.0,1.0,16.0,2.0,13.0
2026,Round 20,2026-07-24,West Coast,home,CD_M20260142004,18,Mason Cox,CD_I998647,1.0,0.0,9.0,1.0,0.0,0.0,0.0,0.0,2.0,0.0,0.0,0.0,42.9,3.0,4.0,75.0,8.0,6.0,2.0,1.0,0.0,2.0,50.0,0.0,1.0,1.0,5.0,36.0,75.8,25.0,9.0,1.0,0.0,1.0,66.7,0.6,0.0,0.0,3.0,2.0,0.0,0.0,52.0,1.0,8.0,9.4,0.0,33.0,5.0,3.0,2.0,1.0,1.0,2.0,0.0,57.0,2.0,7.0,0.0,4.0
2026,Round 20,2026-07-24,West Coast,home,CD_M20260142004,43,Isaiah Dudley,CD_I1011558,1.0,0.0,0.0,0.0,2.0,0.0,0.0,0.0,0.0,0.0,0.0,0.0,33.3,5.0,5.0,73.3,15.0,11.0,1.0,2.0,0.0,0.0,33.3,2.0,1.0,5.0,10.0,0.0,0.0,0.0,0.0,1.0,0.0,0.0,20.0,0.5,0.0,0.0,5.0,3.0,1.0,2.0,142.0,3.0,16.0,9.2,1.0,0.0,8.0,0.0,3.0,1.0,0.0,3.0,1.0,76.0,0.0,15.0,1.0,10.0
2026,Round 20,2026-07-24,West Coast,home,CD_M20260142004,28,Neil Erasmus,CD_I1020250,1.0,0.0,6.0,1.0,2.0,0.0,0.0,0.0,0.0,0.0,0.0,0.0,53.3,8.0,11.0,64.3,14.0,9.0,3.0,0.0,0.0,1.0,0.0,0.0,0.0,5.0,8.0,0.0,0.0,0.0,0.0,2.0,0.0,4.0,50.0,0.8,0.0,0.0,6.0,1.0,1.0,0.0,142.0,2.0,13.0,7.2,0.0,0.0,5.0,0.0,1.0,1.0,0.0,2.0,0.0,73.0,1.0,15.0,2.0,7.0
2026,Round 20,2026-07-24,West Coast,home,CD_M20260142004,32,Michael Frederick,CD_I999321,1.0,0.0,0.0,0.0,4.0,0.0,0.0,0.0,0.0,0.0,0.0,0.0,50.0,7.0,3.0,54.5,11.0,6.0,5.0,2.0,1.0,0.0,50.0,1.0,1.0,5.0,3.0,0.0,0.0,0.0,0.0,4.0,0.0,2.0,62.5,2.7,0.0,0.0,8.0,4.0,1.0,0.0,231.0,2.0,16.0,9.5,1.0,0.0,5.0,1.0,2.0,0.0,1.0,5.0,1.0,82.0,1.0,14.0,3.0,7.0
2026,Round 20,2026-07-24,West Coast,home,CD_M20260142004,9,Luke Jackson,CD_I1009399,1.0,0.0,17.0,2.0,4.0,0.0,0.0,0.0,0.0,0.0,0.0,2.0,55.6,10.0,5.0,63.2,19.0,12.0,4.0,2.0,0.0,1.0,50.0,0.0,1.0,5.0,11.0,20.0,46.3,25.0,5.0,1.0,0.0,0.0,50.0,0.7,0.0,0.0,8.0,2.0,0.0,0.0,210.0,0.0,14.0,13.1,1.0,54.0,6.0,4.0,2.0,0.0,3.0,6.0,1.0,72.0,5.0,18.0,3.0,8.0
2026,Round 20,2026-07-24,West Coast,home,CD_M20260142004,44,Matthew Johnson,CD_I1016825,0.0,0.0,17.0,3.0,2.0,0.0,0.0,0.0,0.0,0.0,0.0,0.0,36.7,11.0,8.0,89.7,29.0,26.0,11.0,0.0,0.0,6.0,0.0,0.0,0.0,4.0,18.0,0.0,0.0,0.0,0.0,4.0,0.0,1.0,100.0,0.6,0.0,0.0,11.0,4.0,0.0,1.0,355.0,0.0,16.0,15.7,3.0,0.0,7.0,0.0,0.0,0.0,4.0,5.0,0.0,78.0,7.0,30.0,4.0,19.0
2026,Round 20,2026-07-24,West Coast,home,CD_M20260142004,21,Oscar McDonald,CD_I992472,0.0,0.0,0.0,0.0,3.0,50.0,1.0,2.0,0.0,0.0,0.0,0.0,16.7,2.0,8.0,92.3,13.0,12.0,9.0,0.0,1.0,2.0,0.0,0.0,0.0,1.0,3.0,0.0,0.0,0.0,0.0,0.0,2.0,6.0,90.0,3.3,0.0,0.0,10.0,4.0,0.0,0.0,208.0,5.0,13.0,4.8,1.0,0.0,5.0,2.0,0.0,5.0,0.0,2.0,0.0,97.0,0.0,12.0,2.0,10.0
2026,Round 20,2026-07-24,West Coast,home,CD_M20260142004,17,Judd McVee,CD_I1017703,0.0,3.0,0.0,0.0,0.0,0.0,0.0,0.0,0.0,0.0,0.0,0.0,21.4,3.0,5.0,73.3,15.0,11.0,4.0,0.0,0.0,0.0,0.0,1.0,0.0,3.0,9.0,0.0,0.0,0.0,0.0,0.0,2.0,5.0,66.7,0.7,1.0,1.0,6.0,4.0,0.0,0.0,163.0,3.0,9.0,5.8,2.0,0.0,4.0,1.0,0.0,3.0,0.0,0.0,0.0,84.0,0.0,14.0,3.0,11.0
2026,Round 20,2026-07-24,West Coast,home,CD_M20260142004,30,Nathan O'Driscoll,CD_I1013220,0.0,0.0,0.0,0.0,5.0,0.0,0.0,1.0,0.0,0.0,0.0,0.0,15.8,3.0,5.0,68.4,19.0,13.0,8.0,0.0,0.0,1.0,66.7,0.0,2.0,2.0,6.0,0.0,0.0,0.0,0.0,3.0,1.0,3.0,61.5,2.2,0.0,0.0,13.0,5.0,0.0,0.0,453.0,1.0,10.0,10.7,2.0,0.0,7.0,0.0,3.0,0.0,0.0,3.0,0.0,82.0,0.0,19.0,4.0,16.0
2026,Round 20,2026-07-24,West Coast,home,CD_M20260142004,25,Alex Pearce,CD_I298409,0.0,1.0,0.0,0.0,1.0,0.0,0.0,2.0,0.0,0.0,0.0,1.0,36.4,4.0,4.0,91.7,12.0,11.0,6.0,0.0,0.0,1.0,0.0,0.0,0.0,2.0,5.0,0.0,0.0,0.0,0.0,0.0,2.0,5.0,85.7,1.4,0.0,0.0,7.0,4.0,0.0,0.0,218.0,1.0,5.0,5.9,2.0,0.0,2.0,1.0,0.0,0.0,0.0,0.0,0.0,79.0,0.0,11.0,2.0,7.0
2026,Round 20,2026-07-24,West Coast,home,CD_M20260142004,16,Murphy Reid,CD_I1028513,1.0,2.0,2.0,0.0,5.0,0.0,0.0,0.0,1.0,0.0,0.0,0.0,24.0,6.0,6.0,88.5,26.0,23.0,13.0,0.0,2.0,0.0,50.0,1.0,1.0,4.0,11.0,0.0,0.0,0.0,0.0,6.0,0.0,1.0,86.7,1.4,0.0,0.0,15.0,4.0,1.0,0.0,463.0,0.0,17.0,15.1,0.0,0.0,8.0,0.0,2.0,0.0,2.0,0.0,0.0,77.0,2.0,25.0,3.0,19.0
2026,Round 20,2026-07-24,West Coast,home,CD_M20260142004,13,Luke Ryan,CD_I998659,0.0,0.0,0.0,0.0,2.0,0.0,0.0,1.0,0.0,0.0,0.0,0.0,22.7,5.0,6.0,90.5,21.0,19.0,10.0,0.0,1.0,4.0,0.0,0.0,0.0,2.0,9.0,0.0,0.0,0.0,0.0,2.0,1.0,7.0,83.3,1.3,1.0,1.0,12.0,6.0,0.0,0.0,344.0,3.0,8.0,7.6,4.0,0.0,6.0,3.0,0.0,2.0,0.0,2.0,0.0,75.0,0.0,22.0,5.0,17.0
2026,Round 20,2026-07-24,West Coast,home,CD_M20260142004,3,Caleb Serong,CD_I1009420,0.0,0.0,17.0,3.0,3.0,0.0,0.0,0.0,0.0,0.0,0.0,1.0,34.8,8.0,4.0,72.0,25.0,18.0,11.0,2.0,1.0,1.0,0.0,0.0,0.0,5.0,9.0,0.0,0.0,0.0,0.0,4.0,0.0,1.0,68.8,1.8,0.0,0.0,16.0,6.0,0.0,1.0,409.0,0.0,22.0,17.1,0.0,0.0,11.0,5.0,1.0,0.0,4.0,5.0,0.0,73.0,7.0,23.0,3.0,15.0
2026,Round 20,2026-07-24,West Coast,home,CD_M20260142004,39,Sam Switkowski,CD_I992059,0.0,0.0,0.0,0.0,1.0,0.0,0.0,0.0,0.0,0.0,0.0,0.0,44.4,4.0,3.0,87.5,8.0,7.0,2.0,2.0,1.0,0.0,100.0,0.0,1.0,4.0,6.0,0.0,0.0,0.0,0.0,1.0,0.0,1.0,100.0,0.3,0.0,0.0,2.0,2.0,0.0,0.0,91.0,1.0,22.0,10.0,0.0,0.0,5.0,0.0,1.0,1.0,0.0,3.0,0.0,76.0,0.0,9.0,1.0,5.0
2026,Round 20,2026-07-24,West Coast,home,CD_M20260142004,35,Josh Treacy,CD_I1012819,1.0,0.0,0.0,0.0,1.0,0.0,0.0,0.0,1.0,1.0,100.0,0.0,40.0,4.0,2.0,77.8,9.0,7.0,2.0,1.0,1.0,2.0,50.0,0.0,1.0,1.0,6.0,0.0,0.0,0.0,0.0,1.0,1.0,2.0,66.7,0.5,0.0,0.0,3.0,3.0,1.0,0.0,40.0,3.0,3.0,3.5,0.0,0.0,4.0,1.0,2.0,1.0,0.0,0.0,0.0,75.0,0.0,10.0,2.0,6.0
2026,Round 20,2026-07-24,West Coast,home,CD_M20260142004,20,Patrick Voss,CD_I1017754,1.0,1.0,0.0,0.0,1.0,0.0,0.0,0.0,1.0,0.0,0.0,3.0,33.3,3.0,0.0,81.8,11.0,9.0,7.0,0.0,0.0,0.0,33.3,1.0,1.0,0.0,2.0,0.0,0.0,0.0,0.0,6.0,1.0,1.0,77.8,4.5,0.0,0.0,9.0,6.0,1.0,1.0,404.0,2.0,10.0,13.6,0.0,0.0,7.0,1.0,3.0,2.0,0.0,2.0,1.0,94.0,0.0,9.0,1.0,6.0
2026,Round 20,2026-07-24,West Coast,home,CD_M20260142004,34,Corey Wagner,CD_I993940,1.0,3.0,0.0,0.0,1.0,100.0,1.0,1.0,0.0,0.0,0.0,0.0,18.8,3.0,6.0,78.6,14.0,11.0,6.0,0.0,0.0,0.0,0.0,1.0,0.0,3.0,5.0,0.0,0.0,0.0,0.0,4.0,0.0,2.0,66.7,1.8,0.0,0.0,9.0,2.0,0.0,1.0,414.0,0.0,13.0,8.4,2.0,0.0,7.0,0.0,1.0,0.0,0.0,3.0,1.0,69.0,0.0,16.0,1.0,13.0
2026,Round 20,2026-07-24,West Coast,home,CD_M20260142004,23,Karl Worner,CD_I1021015,0.0,0.0,0.0,0.0,2.0,50.0,1.0,2.0,0.0,0.0,0.0,1.0,28.6,4.0,2.0,100.0,16.0,16.0,8.0,0.0,2.0,0.0,0.0,0.0,0.0,3.0,8.0,0.0,0.0,0.0,0.0,0.0,2.0,6.0,100.0,1.0,2.0,2.0,8.0,5.0,0.0,0.0,247.0,4.0,5.0,9.9,3.0,0.0,4.0,3.0,0.0,3.0,0.0,0.0,0.0,85.0,0.0,14.0,1.0,10.0
2026,Round 21,2026-07-31,Western Bulldogs,home,CD_M20260142104,24,Jye Amiss,CD_I1020594,1.0,0.0,0.0,0.0,0.0,0.0,0.0,0.0,1.0,1.0,100.0,1.0,66.7,4.0,0.0,50.0,6.0,3.0,3.0,1.0,0.0,1.0,0.0,0.0,0.0,2.0,1.0,0.0,0.0,0.0,0.0,3.0,0.0,0.0,60.0,5.0,0.0,0.0,5.0,3.0,1.0,2.0,96.0,1.0,5.0,1.5,0.0,0.0,1.0,0.0,1.0,0.0,0.0,0.0,0.0,85.0,0.0,6.0,0.0,2.0
2026,Round 21,2026-07-31,Western Bulldogs,home,CD_M20260142104,10,Shai Bolton,CD_I993993,0.0,5.0,13.0,1.0,1.0,0.0,0.0,0.0,0.0,0.0,0.0,0.0,11.8,2.0,5.0,88.2,17.0,15.0,5.0,0.0,0.0,1.0,100.0,0.0,1.0,1.0,11.0,0.0,0.0,0.0,0.0,1.0,0.0,1.0,83.3,0.5,0.0,0.0,6.0,3.0,0.0,1.0,128.0,1.0,10.0,8.6,0.0,0.0,3.0,0.0,1.0,1.0,0.0,3.0,1.0,77.0,1.0,17.0,3.0,15.0
2026,Round 21,2026-07-31,Western Bulldogs,home,CD_M20260142104,8,Andrew Brayshaw,CD_I1002232,1.0,0.0,11.0,1.0,3.0,0.0,0.0,0.0,0.0,0.0,0.0,0.0,37.5,9.0,8.0,73.9,23.0,17.0,8.0,0.0,2.0,1.0,0.0,0.0,0.0,7.0,12.0,0.0,0.0,0.0,0.0,3.0,0.0,3.0,72.7,0.9,0.0,0.0,11.0,6.0,0.0,0.0,306.0,1.0,17.0,7.3,1.0,0.0,4.0,1.0,1.0,0.0,1.0,4.0,1.0,78.0,2.0,24.0,4.0,15.0
2026,Round 21,2026-07-31,Western Bulldogs,home,CD_M20260142104,5,Heath Chapman,CD_I1013224,0.0,1.0,0.0,0.0,2.0,0.0,0.0,1.0,0.0,0.0,0.0,2.0,30.8,4.0,4.0,92.3,13.0,12.0,7.0,0.0,0.0,1.0,0.0,0.0,0.0,1.0,5.0,0.0,0.0,0.0,0.0,0.0,2.0,5.0,87.5,1.6,0.0,0.0,8.0,7.0,0.0,1.0,-8.0,3.0,7.0,4.3,0.0,0.0,2.0,0.0,0.0,3.0,0.0,2.0,0.0,88.0,0.0,13.0,1.0,9.0
2026,Round 21,2026-07-31,Western Bulldogs,home,CD_M20260142104,6,Jordan Clark,CD_I1006152,0.0,5.0,0.0,1.0,4.0,0.0,0.0,0.0,0.0,0.0,0.0,0.0,15.0,3.0,11.0,91.3,23.0,21.0,13.0,0.0,2.0,1.0,0.0,1.0,0.0,3.0,8.0,0.0,0.0,0.0,0.0,3.0,0.0,3.0,86.7,1.9,4.0,4.0,15.0,6.0,0.0,0.0,480.0,0.0,18.0,7.9,4.0,0.0,5.0,1.0,0.0,0.0,0.0,1.0,0.0,85.0,1.0,20.0,2.0,17.0
2026,Round 21,2026-07-31,Western Bulldogs,home,CD_M20260142104,18,Mason Cox,CD_I998647,0.0,0.0,5.0,0.0,1.0,0.0,0.0,0.0,0.0,0.0,0.0,1.0,60.0,3.0,0.0,57.1,7.0,4.0,1.0,1.0,0.0,0.0,0.0,0.0,0.0,1.0,3.0,26.7,53.6,15.0,4.0,2.0,0.0,0.0,25.0,1.3,0.0,0.0,4.0,1.0,0.0,0.0,57.0,1.0,2.0,4.2,0.0,28.0,2.0,0.0,0.0,1.0,0.0,0.0,0.0,62.0,0.0,5.0,1.0,2.0
2026,Round 21,2026-07-31,Western Bulldogs,home,CD_M20260142104,43,Isaiah Dudley,CD_I1011558,1.0,0.0,0.0,0.0,1.0,0.0,0.0,0.0,0.0,0.0,0.0,0.0,36.4,4.0,4.0,81.8,11.0,9.0,6.0,1.0,0.0,1.0,33.3,0.0,1.0,3.0,3.0,0.0,0.0,0.0,0.0,4.0,0.0,0.0,75.0,2.7,0.0,0.0,8.0,5.0,1.0,0.0,271.0,0.0,16.0,9.9,0.0,0.0,5.0,1.0,3.0,0.0,2.0,0.0,0.0,63.0,2.0,11.0,0.0,7.0
2026,Round 21,2026-07-31,Western Bulldogs,home,CD_M20260142104,28,Neil Erasmus,CD_I1020250,0.0,3.0,0.0,0.0,2.0,0.0,0.0,0.0,0.0,0.0,0.0,0.0,11.8,2.0,3.0,88.2,17.0,15.0,13.0,1.0,0.0,1.0,0.0,1.0,0.0,1.0,2.0,0.0,0.0,0.0,0.0,3.0,0.0,1.0,86.7,7.5,0.0,0.0,15.0,7.0,0.0,0.0,406.0,1.0,9.0,9.9,2.0,0.0,6.0,1.0,0.0,0.0,1.0,1.0,0.0,69.0,1.0,17.0,3.0,15.0
2026,Round 21,2026-07-31,Western Bulldogs,home,CD_M20260142104,32,Michael Frederick,CD_I999321,2.0,0.0,0.0,0.0,5.0,0.0,0.0,0.0,0.0,0.0,0.0,1.0,50.0,9.0,4.0,72.2,18.0,13.0,9.0,2.0,0.0,3.0,0.0,0.0,0.0,6.0,6.0,0.0,0.0,0.0,0.0,2.0,0.0,2.0,75.0,2.0,0.0,0.0,12.0,5.0,0.0,2.0,304.0,2.0,15.0,6.1,1.0,0.0,3.0,1.0,3.0,0.0,0.0,6.0,3.0,75.0,0.0,18.0,5.0,9.0
2026,Round 21,2026-07-31,Western Bulldogs,home,CD_M20260142104,9,Luke Jackson,CD_I1009399,0.0,0.0,15.0,3.0,6.0,0.0,0.0,0.0,2.0,1.0,50.0,2.0,52.9,9.0,2.0,87.5,16.0,14.0,5.0,0.0,2.0,2.0,100.0,1.0,2.0,4.0,10.0,7.7,44.1,26.0,2.0,2.0,0.0,2.0,83.3,0.6,0.0,0.0,6.0,4.0,2.0,0.0,181.0,2.0,11.0,10.4,0.0,59.0,5.0,2.0,2.0,2.0,2.0,4.0,2.0,84.0,5.0,17.0,4.0,8.0
2026,Round 21,2026-07-31,Western Bulldogs,home,CD_M20260142104,44,Matthew Johnson,CD_I1016825,0.0,0.0,5.0,1.0,2.0,0.0,0.0,0.0,0.0,0.0,0.0,0.0,22.2,4.0,7.0,77.8,18.0,14.0,8.0,0.0,1.0,1.0,100.0,0.0,1.0,2.0,8.0,0.0,0.0,0.0,0.0,4.0,1.0,2.0,80.0,1.3,0.0,0.0,10.0,8.0,0.0,0.0,300.0,0.0,12.0,9.6,2.0,0.0,4.0,0.0,1.0,0.0,1.0,1.0,0.0,78.0,2.0,18.0,3.0,14.0
2026,Round 21,2026-07-31,Western Bulldogs,home,CD_M20260142104,21,Oscar McDonald,CD_I992472,0.0,0.0,0.0,0.0,0.0,0.0,0.0,3.0,0.0,0.0,0.0,1.0,20.8,5.0,7.0,90.9,22.0,20.0,17.0,0.0,0.0,0.0,0.0,1.0,0.0,3.0,3.0,0.0,0.0,0.0,0.0,2.0,3.0,8.0,89.5,6.3,0.0,0.0,19.0,12.0,0.0,0.0,495.0,10.0,7.0,12.9,6.0,0.0,5.0,0.0,0.0,8.0,0.0,1.0,0.0,91.0,0.0,24.0,0.0,19.0
2026,Round 21,2026-07-31,Western Bulldogs,home,CD_M20260142104,17,Judd McVee,CD_I1017703,0.0,0.0,0.0,0.0,3.0,0.0,0.0,1.0,0.0,0.0,0.0,0.0,25.0,3.0,3.0,92.3,13.0,12.0,8.0,0.0,2.0,0.0,0.0,0.0,0.0,3.0,4.0,0.0,0.0,0.0,0.0,2.0,1.0,4.0,88.9,2.3,2.0,2.0,9.0,5.0,0.0,0.0,158.0,3.0,3.0,8.8,2.0,0.0,2.0,1.0,0.0,2.0,0.0,0.0,0.0,77.0,0.0,12.0,2.0,9.0
2026,Round 21,2026-07-31,Western Bulldogs,home,CD_M20260142104,30,Nathan O'Driscoll,CD_I1013220,2.0,1.0,0.0,0.0,1.0,0.0,0.0,0.0,0.0,0.0,0.0,0.0,12.5,2.0,4.0,81.3,16.0,13.0,7.0,0.0,0.0,0.0,0.0,1.0,0.0,2.0,6.0,0.0,0.0,0.0,0.0,2.0,1.0,3.0,70.0,1.7,0.0,0.0,10.0,10.0,2.0,0.0,284.0,0.0,7.0,2.0,1.0,0.0,4.0,2.0,2.0,0.0,0.0,1.0,0.0,75.0,0.0,16.0,2.0,14.0
2026,Round 21,2026-07-31,Western Bulldogs,home,CD_M20260142104,25,Alex Pearce,CD_I298409,0.0,0.0,0.0,0.0,2.0,0.0,0.0,0.0,0.0,0.0,0.0,0.0,71.4,5.0,7.0,71.4,7.0,5.0,2.0,0.0,0.0,0.0,0.0,0.0,0.0,5.0,5.0,0.0,0.0,0.0,0.0,1.0,0.0,3.0,100.0,0.4,0.0,0.0,2.0,2.0,0.0,0.0,93.0,0.0,9.0,4.2,0.0,0.0,1.0,0.0,0.0,0.0,1.0,2.0,0.0,76.0,1.0,7.0,3.0,2.0
2026,Round 21,2026-07-31,Western Bulldogs,home,CD_M20260142104,16,Murphy Reid,CD_I1028513,0.0,1.0,4.0,0.0,2.0,0.0,0.0,0.0,0.0,0.0,0.0,0.0,42.9,9.0,3.0,72.7,22.0,16.0,12.0,0.0,0.0,1.0,0.0,1.0,0.0,8.0,5.0,0.0,0.0,0.0,0.0,6.0,0.0,1.0,70.6,3.4,0.0,0.0,17.0,2.0,0.0,2.0,327.0,0.0,10.0,12.6,1.0,0.0,4.0,1.0,0.0,0.0,3.0,1.0,0.0,79.0,3.0,21.0,3.0,12.0
2026,Round 21,2026-07-31,Western Bulldogs,home,CD_M20260142104,13,Luke Ryan,CD_I998659,0.0,0.0,0.0,0.0,2.0,33.3,1.0,3.0,0.0,0.0,0.0,0.0,21.4,3.0,8.0,95.0,20.0,19.0,16.0,0.0,1.0,0.0,0.0,0.0,0.0,3.0,3.0,0.0,0.0,0.0,0.0,1.0,0.0,4.0,94.1,5.7,5.0,5.0,17.0,7.0,0.0,0.0,340.0,4.0,8.0,6.4,6.0,0.0,4.0,1.0,0.0,3.0,0.0,2.0,0.0,76.0,0.0,14.0,2.0,11.0
2026,Round 21,2026-07-31,Western Bulldogs,home,CD_M20260142104,3,Caleb Serong,CD_I1009420,0.0,0.0,15.0,1.0,2.0,0.0,0.0,0.0,0.0,0.0,0.0,0.0,47.1,8.0,7.0,76.5,17.0,13.0,7.0,1.0,0.0,1.0,100.0,0.0,2.0,4.0,7.0,0.0,0.0,0.0,0.0,3.0,1.0,1.0,70.0,1.4,0.0,0.0,10.0,6.0,1.0,1.0,219.0,1.0,24.0,13.3,0.0,0.0,4.0,3.0,2.0,0.0,6.0,5.0,3.0,76.0,7.0,17.0,1.0,9.0
2026,Round 21,2026-07-31,Western Bulldogs,home,CD_M20260142104,39,Sam Switkowski,CD_I992059,0.0,0.0,0.0,0.0,1.0,0.0,0.0,0.0,0.0,0.0,0.0,0.0,21.4,3.0,6.0,88.2,17.0,15.0,9.0,1.0,1.0,1.0,0.0,2.0,0.0,2.0,7.0,0.0,0.0,0.0,0.0,5.0,1.0,2.0,90.0,1.4,0.0,0.0,10.0,6.0,1.0,0.0,125.0,0.0,21.0,8.1,0.0,0.0,8.0,3.0,0.0,0.0,2.0,4.0,1.0,80.0,2.0,14.0,2.0,11.0
2026,Round 21,2026-07-31,Western Bulldogs,home,CD_M20260142104,35,Josh Treacy,CD_I1012819,2.0,0.0,0.0,0.0,0.0,0.0,0.0,0.0,3.0,0.0,0.0,1.0,42.9,6.0,4.0,61.5,13.0,8.0,7.0,0.0,0.0,2.0,60.0,0.0,3.0,2.0,1.0,0.0,0.0,0.0,0.0,2.0,1.0,3.0,58.3,12.0,0.0,0.0,12.0,8.0,4.0,5.0,286.0,5.0,10.0,14.5,0.0,0.0,6.0,1.0,5.0,3.0,0.0,3.0,1.0,86.0,0.0,14.0,2.0,8.0
2026,Round 21,2026-07-31,Western Bulldogs,home,CD_M20260142104,20,Patrick Voss,CD_I1017754,0.0,1.0,0.0,0.0,3.0,0.0,0.0,0.0,0.0,0.0,0.0,0.0,12.5,1.0,3.0,75.0,8.0,6.0,2.0,1.0,3.0,0.0,50.0,0.0,1.0,1.0,4.0,0.0,0.0,0.0,0.0,0.0,0.0,0.0,50.0,1.0,0.0,0.0,4.0,4.0,2.0,2.0,226.0,0.0,13.0,5.6,0.0,0.0,2.0,0.0,2.0,0.0,0.0,4.0,1.0,85.0,0.0,8.0,1.0,7.0
2026,Round 21,2026-07-31,Western Bulldogs,home,CD_M20260142104,23,Karl Worner,CD_I1021015,1.0,1.0,0.0,0.0,4.0,0.0,0.0,0.0,0.0,0.0,0.0,1.0,17.9,5.0,4.0,85.7,28.0,24.0,17.0,0.0,1.0,0.0,0.0,0.0,0.0,4.0,7.0,0.0,0.0,0.0,0.0,2.0,4.0,10.0,81.0,3.0,0.0,0.0,21.0,13.0,0.0,0.0,604.0,2.0,6.0,14.9,6.0,0.0,8.0,4.0,1.0,2.0,0.0,3.0,0.0,82.0,0.0,28.0,4.0,23.0
2026,Round 21,2026-07-31,Western Bulldogs,home,CD_M20260142104,26,Hayden Young,CD_I1009256,1.0,0.0,12.0,1.0,0.0,0.0,0.0,0.0,0.0,0.0,0.0,0.0,27.8,5.0,4.0,88.9,18.0,16.0,8.0,1.0,0.0,1.0,0.0,0.0,0.0,4.0,8.0,0.0,0.0,0.0,0.0,1.0,1.0,2.0,80.0,1.3,0.0,0.0,10.0,6.0,0.0,2.0,131.0,0.0,10.0,10.5,0.0,0.0,3.0,0.0,2.0,0.0,1.0,3.0,1.0,70.0,2.0,18.0,1.0,13.0
2026,Round 22,2026-08-08,Melbourne,away,CD_M20260142205,24,Jye Amiss,CD_I1020594,0.0,0.0,0.0,0.0,2.0,0.0,0.0,0.0,4.0,0.0,0.0,1.0,50.0,4.0,0.0,87.5,8.0,7.0,5.0,1.0,1.0,1.0,100.0,0.0,5.0,2.0,3.0,0.0,0.0,0.0,0.0,0.0,0.0,0.0,100.0,1.7,0.0,0.0,5.0,5.0,4.0,3.0,102.0,1.0,3.0,13.8,0.0,0.0,5.0,0.0,5.0,1.0,0.0,0.0,0.0,86.0,0.0,8.0,1.0,4.0
2026,Round 22,2026-08-08,Melbourne,away,CD_M20260142205,10,Shai Bolton,CD_I993993,1.0,1.0,25.0,3.0,5.0,0.0,0.0,0.0,0.0,0.0,0.0,0.0,36.8,7.0,5.0,88.2,17.0,15.0,9.0,1.0,3.0,0.0,50.0,1.0,1.0,4.0,6.0,0.0,0.0,0.0,0.0,7.0,0.0,2.0,81.8,1.8,0.0,0.0,11.0,3.0,1.0,1.0,511.0,0.0,10.0,10.8,2.0,0.0,6.0,0.0,2.0,0.0,2.0,1.0,0.0,77.0,5.0,19.0,5.0,12.0
2026,Round 22,2026-08-08,Melbourne,away,CD_M20260142205,8,Andrew Brayshaw,CD_I1002232,0.0,0.0,29.0,2.0,6.0,0.0,0.0,0.0,0.0,0.0,0.0,0.0,42.9,9.0,7.0,80.0,20.0,16.0,6.0,0.0,2.0,1.0,0.0,0.0,0.0,5.0,11.0,0.0,0.0,0.0,0.0,1.0,0.0,2.0,66.7,0.8,0.0,0.0,9.0,1.0,0.0,0.0,181.0,2.0,20.0,8.1,3.0,0.0,3.0,0.0,0.0,1.0,3.0,6.0,0.0,81.0,5.0,21.0,6.0,12.0
2026,Round 22,2026-08-08,Melbourne,away,CD_M20260142205,5,Heath Chapman,CD_I1013224,0.0,0.0,0.0,0.0,0.0,0.0,0.0,1.0,0.0,0.0,0.0,1.0,33.3,4.0,9.0,83.3,12.0,10.0,8.0,0.0,0.0,0.0,0.0,0.0,0.0,3.0,3.0,0.0,0.0,0.0,0.0,1.0,1.0,4.0,88.9,3.0,0.0,0.0,9.0,6.0,0.0,0.0,187.0,4.0,10.0,8.5,2.0,0.0,4.0,1.0,0.0,4.0,0.0,2.0,0.0,85.0,0.0,12.0,0.0,8.0
2026,Round 22,2026-08-08,Melbourne,away,CD_M20260142205,6,Jordan Clark,CD_I1006152,0.0,0.0,0.0,0.0,1.0,0.0,0.0,0.0,0.0,0.0,0.0,0.0,25.0,5.0,7.0,90.5,21.0,19.0,8.0,0.0,0.0,1.0,0.0,0.0,0.0,4.0,12.0,0.0,0.0,0.0,0.0,1.0,0.0,2.0,88.9,0.8,2.0,2.0,9.0,5.0,0.0,1.0,258.0,2.0,10.0,9.9,2.0,0.0,5.0,1.0,0.0,0.0,1.0,1.0,0.0,76.0,1.0,20.0,1.0,15.0
2026,Round 22,2026-08-08,Melbourne,away,CD_M20260142205,36,Brennan Cox,CD_I997033,0.0,0.0,0.0,0.0,5.0,20.0,1.0,5.0,0.0,0.0,0.0,2.0,28.6,4.0,3.0,71.4,14.0,10.0,6.0,0.0,2.0,0.0,0.0,0.0,0.0,2.0,5.0,0.0,0.0,0.0,0.0,0.0,3.0,4.0,66.7,1.8,0.0,0.0,9.0,8.0,0.0,0.0,69.0,8.0,3.0,2.8,3.0,0.0,3.0,3.0,0.0,8.0,1.0,2.0,0.0,78.0,1.0,14.0,3.0,10.0
2026,Round 22,2026-08-08,Melbourne,away,CD_M20260142205,18,Mason Cox,CD_I998647,0.0,0.0,8.0,1.0,2.0,0.0,0.0,0.0,0.0,0.0,0.0,1.0,57.1,4.0,0.0,71.4,7.0,5.0,4.0,1.0,0.0,2.0,0.0,0.0,0.0,1.0,2.0,14.3,77.8,14.0,2.0,1.0,4.0,4.0,80.0,2.5,0.0,0.0,5.0,4.0,0.0,0.0,102.0,0.0,3.0,1.2,1.0,18.0,0.0,0.0,0.0,0.0,1.0,0.0,0.0,49.0,2.0,7.0,3.0,3.0
2026,Round 22,2026-08-08,Melbourne,away,CD_M20260142205,43,Isaiah Dudley,CD_I1011558,1.0,1.0,0.0,0.0,3.0,0.0,0.0,0.0,0.0,0.0,0.0,0.0,23.1,3.0,2.0,75.0,12.0,9.0,3.0,1.0,2.0,0.0,66.7,1.0,2.0,3.0,8.0,0.0,0.0,0.0,0.0,1.0,0.0,1.0,75.0,0.5,0.0,0.0,4.0,2.0,1.0,1.0,135.0,1.0,15.0,10.4,0.0,0.0,7.0,1.0,3.0,0.0,0.0,0.0,0.0,77.0,0.0,13.0,3.0,10.0
2026,Round 22,2026-08-08,Melbourne,away,CD_M20260142205,28,Neil Erasmus,CD_I1020250,0.0,0.0,0.0,0.0,3.0,100.0,1.0,1.0,0.0,0.0,0.0,1.0,46.2,6.0,3.0,83.3,12.0,10.0,5.0,0.0,2.0,0.0,0.0,0.0,0.0,4.0,5.0,0.0,0.0,0.0,0.0,2.0,1.0,4.0,71.4,1.4,0.0,0.0,7.0,5.0,0.0,1.0,262.0,2.0,5.0,7.4,3.0,0.0,4.0,2.0,0.0,1.0,2.0,0.0,0.0,76.0,2.0,13.0,6.0,7.0
2026,Round 22,2026-08-08,Melbourne,away,CD_M20260142205,32,Michael Frederick,CD_I999321,1.0,0.0,0.0,0.0,2.0,0.0,0.0,0.0,0.0,0.0,0.0,0.0,50.0,3.0,10.0,50.0,6.0,3.0,2.0,2.0,0.0,0.0,0.0,1.0,0.0,3.0,1.0,0.0,0.0,0.0,0.0,0.0,0.0,0.0,40.0,5.0,0.0,0.0,5.0,1.0,1.0,0.0,109.0,0.0,18.0,1.5,0.0,0.0,3.0,0.0,2.0,0.0,1.0,1.0,0.0,74.0,1.0,6.0,1.0,3.0
2026,Round 22,2026-08-08,Melbourne,away,CD_M20260142205,9,Luke Jackson,CD_I1009399,0.0,1.0,30.0,6.0,0.0,0.0,0.0,2.0,1.0,0.0,0.0,2.0,84.2,16.0,10.0,82.4,17.0,14.0,5.0,0.0,0.0,5.0,0.0,0.0,0.0,5.0,11.0,42.3,34.2,26.0,11.0,3.0,1.0,2.0,83.3,0.5,0.0,0.0,6.0,2.0,0.0,0.0,130.0,3.0,18.0,25.0,0.0,76.0,9.0,8.0,0.0,1.0,2.0,7.0,1.0,83.0,8.0,19.0,0.0,3.0
2026,Round 22,2026-08-08,Melbourne,away,CD_M20260142205,44,Matthew Johnson,CD_I1016825,0.0,0.0,9.0,0.0,4.0,0.0,0.0,0.0,1.0,1.0,100.0,2.0,40.0,10.0,3.0,70.8,24.0,17.0,10.0,0.0,1.0,0.0,100.0,0.0,1.0,7.0,11.0,0.0,0.0,0.0,0.0,5.0,2.0,6.0,76.9,1.2,0.0,0.0,13.0,8.0,1.0,0.0,421.0,0.0,9.0,15.6,1.0,0.0,5.0,0.0,1.0,0.0,2.0,5.0,0.0,79.0,2.0,25.0,6.0,15.0
2026,Round 22,2026-08-08,Melbourne,away,CD_M20260142205,21,Oscar McDonald,CD_I992472,0.0,0.0,0.0,0.0,2.0,0.0,0.0,1.0,0.0,0.0,0.0,0.0,14.3,1.0,1.0,85.7,7.0,6.0,4.0,0.0,2.0,0.0,0.0,0.0,0.0,1.0,2.0,0.0,0.0,0.0,0.0,0.0,0.0,1.0,80.0,2.5,0.0,0.0,5.0,3.0,0.0,0.0,160.0,6.0,2.0,4.2,1.0,0.0,2.0,1.0,0.0,5.0,1.0,1.0,0.0,91.0,1.0,7.0,1.0,6.0
2026,Round 22,2026-08-08,Melbourne,away,CD_M20260142205,17,Judd McVee,CD_I1017703,0.0,1.0,0.0,0.0,2.0,0.0,0.0,1.0,0.0,0.0,0.0,0.0,33.3,4.0,8.0,76.9,13.0,10.0,3.0,0.0,1.0,1.0,0.0,0.0,0.0,4.0,7.0,0.0,0.0,0.0,0.0,2.0,0.0,2.0,50.0,0.9,2.0,1.0,6.0,2.0,0.0,0.0,242.0,1.0,11.0,5.3,3.0,0.0,2.0,0.0,0.0,1.0,2.0,0.0,0.0,72.0,2.0,12.0,4.0,8.0
2026,Round 22,2026-08-08,Melbourne,away,CD_M20260142205,30,Nathan O'Driscoll,CD_I1013220,0.0,0.0,0.0,0.0,1.0,50.0,1.0,2.0,0.0,0.0,0.0,0.0,11.1,1.0,9.0,88.9,9.0,8.0,6.0,0.0,0.0,1.0,100.0,1.0,1.0,0.0,2.0,0.0,0.0,0.0,0.0,3.0,1.0,1.0,85.7,3.5,0.0,0.0,7.0,3.0,0.0,0.0,245.0,1.0,11.0,3.1,3.0,0.0,4.0,1.0,1.0,1.0,1.0,2.0,0.0,69.0,1.0,9.0,1.0,8.0
2026,Round 22,2026-08-08,Melbourne,away,CD_M20260142205,16,Murphy Reid,CD_I1028513,0.0,0.0,10.0,0.0,4.0,0.0,0.0,0.0,1.0,0.0,0.0,0.0,26.3,5.0,7.0,83.3,18.0,15.0,5.0,2.0,3.0,0.0,0.0,2.0,0.0,3.0,10.0,0.0,0.0,0.0,0.0,1.0,0.0,1.0,62.5,0.8,0.0,0.0,8.0,1.0,0.0,0.0,192.0,0.0,13.0,8.9,0.0,0.0,6.0,0.0,1.0,0.0,2.0,1.0,0.0,78.0,2.0,19.0,2.0,14.0
2026,Round 22,2026-08-08,Melbourne,away,CD_M20260142205,13,Luke Ryan,CD_I998659,0.0,0.0,0.0,0.0,5.0,50.0,1.0,2.0,0.0,0.0,0.0,0.0,0.0,0.0,4.0,88.9,18.0,16.0,15.0,0.0,4.0,0.0,0.0,0.0,0.0,0.0,2.0,0.0,0.0,0.0,0.0,1.0,0.0,0.0,93.8,8.0,5.0,5.0,16.0,8.0,0.0,1.0,373.0,0.0,5.0,-0.6,6.0,0.0,3.0,1.0,0.0,0.0,0.0,1.0,0.0,89.0,0.0,13.0,2.0,13.0
2026,Round 22,2026-08-08,Melbourne,away,CD_M20260142205,3,Caleb Serong,CD_I1009420,0.0,0.0,25.0,4.0,2.0,0.0,0.0,0.0,0.0,0.0,0.0,0.0,40.0,8.0,7.0,81.0,21.0,17.0,7.0,1.0,0.0,1.0,0.0,2.0,0.0,6.0,10.0,0.0,0.0,0.0,0.0,6.0,0.0,2.0,63.6,1.1,0.0,0.0,11.0,0.0,0.0,0.0,409.0,0.0,18.0,13.3,1.0,0.0,7.0,1.0,0.0,0.0,3.0,10.0,0.0,81.0,7.0,20.0,4.0,12.0
2026,Round 22,2026-08-08,Melbourne,away,CD_M20260142205,39,Sam Switkowski,CD_I992059,1.0,0.0,0.0,0.0,0.0,0.0,0.0,0.0,0.0,0.0,0.0,0.0,20.0,2.0,1.0,72.7,11.0,8.0,3.0,0.0,0.0,0.0,50.0,0.0,1.0,2.0,6.0,0.0,0.0,0.0,0.0,2.0,0.0,0.0,60.0,0.8,0.0,0.0,5.0,1.0,1.0,0.0,102.0,0.0,8.0,5.1,0.0,0.0,6.0,0.0,2.0,0.0,0.0,1.0,0.0,78.0,0.0,10.0,1.0,8.0
2026,Round 22,2026-08-08,Melbourne,away,CD_M20260142205,35,Josh Treacy,CD_I1012819,2.0,0.0,0.0,0.0,2.0,0.0,0.0,0.0,1.0,1.0,100.0,2.0,46.2,6.0,2.0,66.7,12.0,8.0,8.0,0.0,0.0,3.0,50.0,3.0,2.0,0.0,0.0,0.0,0.0,0.0,0.0,9.0,2.0,3.0,66.7,12.0,0.0,0.0,12.0,7.0,2.0,3.0,503.0,2.0,11.0,17.2,0.0,0.0,9.0,2.0,4.0,1.0,0.0,5.0,4.0,90.0,0.0,13.0,2.0,7.0
2026,Round 22,2026-08-08,Melbourne,away,CD_M20260142205,20,Patrick Voss,CD_I1017754,0.0,1.0,0.0,0.0,3.0,0.0,0.0,0.0,0.0,0.0,0.0,0.0,30.0,3.0,3.0,70.0,10.0,7.0,5.0,1.0,1.0,0.0,66.7,1.0,4.0,3.0,3.0,0.0,0.0,0.0,0.0,3.0,0.0,1.0,71.4,2.3,0.0,0.0,7.0,5.0,4.0,3.0,332.0,3.0,11.0,18.0,0.0,0.0,6.0,0.0,6.0,3.0,0.0,2.0,1.0,88.0,0.0,10.0,3.0,7.0
2026,Round 22,2026-08-08,Melbourne,away,CD_M20260142205,23,Karl Worner,CD_I1021015,0.0,0.0,0.0,0.0,4.0,0.0,0.0,1.0,0.0,0.0,0.0,0.0,16.7,2.0,12.0,92.3,13.0,12.0,10.0,0.0,3.0,1.0,0.0,0.0,0.0,1.0,2.0,0.0,0.0,0.0,0.0,0.0,1.0,3.0,90.9,5.5,1.0,1.0,11.0,6.0,0.0,2.0,239.0,2.0,14.0,5.4,3.0,0.0,3.0,1.0,0.0,1.0,0.0,7.0,0.0,80.0,0.0,12.0,1.0,10.0
2026,Round 22,2026-08-08,Melbourne,away,CD_M20260142205,26,Hayden Young,CD_I1009256,0.0,0.0,16.0,1.0,3.0,0.0,0.0,0.0,0.0,0.0,0.0,0.0,31.6,6.0,9.0,78.9,19.0,15.0,7.0,0.0,2.0,2.0,0.0,0.0,0.0,3.0,8.0,0.0,0.0,0.0,0.0,2.0,0.0,1.0,63.6,1.4,0.0,0.0,11.0,5.0,0.0,2.0,248.0,1.0,12.0,8.1,3.0,0.0,5.0,1.0,0.0,0.0,2.0,4.0,0.0,65.0,3.0,19.0,3.0,13.0
2026,Round 23,2026-08-14,Adelaide,home,CD_M20260142303,24,Jye Amiss,CD_I1020594,1.0,0.0,0.0,0.0,2.0,0.0,0.0,0.0,2.0,1.0,50.0,0.0,55.6,5.0,1.0,77.8,9.0,7.0,5.0,1.0,1.0,3.0,71.4,0.0,5.0,2.0,2.0,0.0,0.0,0.0,0.0,0.0,0.0,0.0,71.4,3.5,0.0,0.0,7.0,4.0,4.0,4.0,153.0,1.0,6.0,13.6,0.0,0.0,6.0,0.0,7.0,1.0,0.0,2.0,1.0,89.0,0.0,9.0,3.0,4.0
2026,Round 23,2026-08-14,Adelaide,home,CD_M20260142303,10,Shai Bolton,CD_I993993,0.0,4.0,19.0,2.0,6.0,0.0,0.0,0.0,0.0,0.0,0.0,0.0,32.1,9.0,4.0,74.1,27.0,20.0,16.0,0.0,2.0,0.0,100.0,3.0,1.0,4.0,6.0,0.0,0.0,0.0,0.0,15.0,0.0,3.0,76.2,3.5,0.0,0.0,21.0,2.0,0.0,1.0,929.0,1.0,16.0,17.6,1.0,0.0,9.0,2.0,1.0,0.0,2.0,4.0,0.0,72.0,4.0,28.0,10.0,19.0
2026,Round 23,2026-08-14,Adelaide,home,CD_M20260142303,8,Andrew Brayshaw,CD_I1002232,1.0,1.0,27.0,2.0,2.0,0.0,0.0,1.0,0.0,0.0,0.0,0.0,33.3,9.0,6.0,81.5,27.0,22.0,7.0,0.0,2.0,2.0,50.0,0.0,1.0,5.0,17.0,0.0,0.0,0.0,0.0,4.0,1.0,6.0,70.0,0.6,0.0,0.0,10.0,2.0,1.0,0.0,462.0,4.0,20.0,16.5,1.0,0.0,8.0,2.0,2.0,2.0,2.0,6.0,0.0,75.0,4.0,27.0,1.0,18.0
2026,Round 23,2026-08-14,Adelaide,home,CD_M20260142303,5,Heath Chapman,CD_I1013224,0.0,0.0,0.0,0.0,1.0,0.0,0.0,0.0,0.0,0.0,0.0,1.0,35.3,6.0,8.0,87.5,16.0,14.0,8.0,0.0,0.0,2.0,0.0,1.0,0.0,3.0,8.0,0.0,0.0,0.0,0.0,4.0,2.0,7.0,100.0,1.0,0.0,0.0,8.0,5.0,0.0,0.0,311.0,5.0,9.0,11.0,3.0,0.0,2.0,0.0,0.0,5.0,0.0,2.0,0.0,81.0,0.0,17.0,4.0,11.0
2026,Round 23,2026-08-14,Adelaide,home,CD_M20260142303,6,Jordan Clark,CD_I1006152,0.0,3.0,0.0,0.0,3.0,0.0,0.0,0.0,0.0,0.0,0.0,0.0,45.5,10.0,10.0,92.0,25.0,23.0,13.0,0.0,1.0,1.0,0.0,1.0,0.0,9.0,10.0,0.0,0.0,0.0,0.0,3.0,0.0,7.0,86.7,1.5,4.0,4.0,15.0,4.0,0.0,1.0,633.0,1.0,12.0,15.1,5.0,0.0,6.0,4.0,0.0,1.0,2.0,1.0,0.0,87.0,2.0,22.0,6.0,12.0
2026,Round 23,2026-08-14,Adelaide,home,CD_M20260142303,36,Brennan Cox,CD_I997033,0.0,0.0,0.0,0.0,0.0,0.0,0.0,1.0,0.0,0.0,0.0,0.0,16.7,1.0,3.0,100.0,6.0,6.0,3.0,0.0,0.0,0.0,0.0,0.0,0.0,1.0,3.0,0.0,0.0,0.0,0.0,0.0,1.0,2.0,100.0,1.0,0.0,0.0,3.0,3.0,0.0,0.0,37.0,8.0,3.0,3.9,1.0,0.0,0.0,0.0,0.0,7.0,0.0,1.0,0.0,78.0,0.0,6.0,0.0,5.0
2026,Round 23,2026-08-14,Adelaide,home,CD_M20260142303,18,Mason Cox,CD_I998647,0.0,0.0,7.0,0.0,1.0,100.0,1.0,1.0,0.0,0.0,0.0,1.0,57.1,4.0,1.0,60.0,10.0,6.0,3.0,0.0,0.0,1.0,100.0,1.0,1.0,2.0,5.0,38.1,72.4,21.0,8.0,2.0,0.0,1.0,60.0,1.0,0.0,0.0,5.0,2.0,1.0,1.0,127.0,2.0,4.0,8.8,0.0,29.0,6.0,5.0,1.0,1.0,1.0,2.0,1.0,46.0,1.0,7.0,4.0,3.0
2026,Round 23,2026-08-14,Adelaide,home,CD_M20260142303,43,Isaiah Dudley,CD_I1011558,0.0,0.0,0.0,0.0,1.0,0.0,0.0,0.0,0.0,0.0,0.0,0.0,44.4,4.0,2.0,75.0,8.0,6.0,3.0,1.0,0.0,1.0,100.0,0.0,3.0,3.0,5.0,0.0,0.0,0.0,0.0,0.0,0.0,2.0,100.0,0.6,0.0,0.0,3.0,0.0,0.0,0.0,134.0,1.0,8.0,12.7,0.0,0.0,5.0,1.0,3.0,0.0,2.0,1.0,0.0,70.0,2.0,9.0,2.0,5.0
2026,Round 23,2026-08-14,Adelaide,home,CD_M20260142303,28,Neil Erasmus,CD_I1020250,0.0,0.0,0.0,0.0,1.0,0.0,0.0,0.0,0.0,0.0,0.0,0.0,30.0,6.0,4.0,75.0,20.0,15.0,7.0,0.0,1.0,1.0,0.0,1.0,0.0,4.0,11.0,0.0,0.0,0.0,0.0,1.0,1.0,5.0,77.8,0.8,0.0,0.0,9.0,4.0,0.0,1.0,231.0,1.0,9.0,4.6,3.0,0.0,5.0,0.0,0.0,1.0,1.0,4.0,0.0,76.0,1.0,20.0,2.0,14.0
2026,Round 23,2026-08-14,Adelaide,home,CD_M20260142303,32,Michael Frederick,CD_I999321,0.0,0.0,0.0,0.0,0.0,0.0,0.0,0.0,0.0,0.0,0.0,1.0,38.5,5.0,5.0,66.7,12.0,8.0,5.0,1.0,0.0,1.0,50.0,0.0,2.0,1.0,4.0,0.0,0.0,0.0,0.0,1.0,0.0,2.0,62.5,2.0,0.0,0.0,8.0,2.0,1.0,0.0,239.0,1.0,12.0,7.1,1.0,0.0,6.0,1.0,4.0,0.0,1.0,2.0,0.0,80.0,1.0,13.0,2.0,8.0
2026,Round 23,2026-08-14,Adelaide,home,CD_M20260142303,9,Luke Jackson,CD_I1009399,2.0,0.0,26.0,4.0,3.0,0.0,0.0,0.0,2.0,0.0,0.0,1.0,42.1,8.0,11.0,65.0,20.0,13.0,4.0,1.0,2.0,0.0,0.0,1.0,0.0,5.0,12.0,33.3,41.3,33.0,11.0,4.0,1.0,3.0,50.0,0.7,0.0,0.0,8.0,3.0,0.0,1.0,243.0,0.0,18.0,11.0,2.0,80.0,10.0,2.0,2.0,0.0,1.0,9.0,1.0,82.0,5.0,19.0,4.0,11.0
2026,Round 23,2026-08-14,Adelaide,home,CD_M20260142303,44,Matthew Johnson,CD_I1016825,0.0,1.0,6.0,1.0,4.0,0.0,0.0,0.0,1.0,0.0,0.0,0.0,18.8,3.0,13.0,81.3,16.0,13.0,4.0,0.0,1.0,0.0,0.0,0.0,0.0,3.0,11.0,0.0,0.0,0.0,0.0,1.0,0.0,1.0,80.0,0.5,0.0,0.0,5.0,4.0,0.0,2.0,162.0,2.0,17.0,7.0,2.0,0.0,4.0,0.0,0.0,1.0,1.0,3.0,0.0,81.0,2.0,16.0,4.0,13.0
2026,Round 23,2026-08-14,Adelaide,home,CD_M20260142303,21,Oscar McDonald,CD_I992472,0.0,0.0,0.0,0.0,1.0,0.0,0.0,3.0,0.0,0.0,0.0,1.0,38.5,5.0,6.0,69.2,13.0,9.0,6.0,0.0,1.0,1.0,0.0,0.0,0.0,3.0,5.0,0.0,0.0,0.0,0.0,1.0,2.0,5.0,75.0,1.6,0.0,0.0,8.0,5.0,0.0,0.0,292.0,9.0,6.0,6.4,2.0,0.0,3.0,2.0,0.0,7.0,0.0,2.0,0.0,94.0,0.0,13.0,2.0,8.0
2026,Round 23,2026-08-14,Adelaide,home,CD_M20260142303,30,Nathan O'Driscoll,CD_I1013220,0.0,1.0,0.0,0.0,1.0,0.0,0.0,1.0,0.0,0.0,0.0,0.0,44.4,4.0,3.0,66.7,9.0,6.0,5.0,0.0,1.0,2.0,0.0,0.0,0.0,2.0,2.0,0.0,0.0,0.0,0.0,1.0,0.0,3.0,71.4,3.5,0.0,0.0,7.0,2.0,0.0,1.0,201.0,1.0,8.0,2.0,1.0,0.0,1.0,1.0,0.0,0.0,0.0,2.0,0.0,69.0,0.0,9.0,1.0,5.0
2026,Round 23,2026-08-14,Adelaide,home,CD_M20260142303,25,Alex Pearce,CD_I298409,0.0,0.0,0.0,0.0,3.0,75.0,3.0,4.0,0.0,0.0,0.0,0.0,33.3,1.0,3.0,33.3,3.0,1.0,0.0,0.0,2.0,0.0,0.0,0.0,0.0,1.0,1.0,0.0,0.0,0.0,0.0,0.0,1.0,2.0,0.0,2.0,0.0,0.0,2.0,1.0,0.0,0.0,59.0,2.0,3.0,0.3,1.0,0.0,0.0,0.0,0.0,2.0,0.0,1.0,0.0,82.0,0.0,3.0,1.0,2.0
2026,Round 23,2026-08-14,Adelaide,home,CD_M20260142303,13,Luke Ryan,CD_I998659,0.0,0.0,0.0,0.0,1.0,0.0,0.0,0.0,0.0,0.0,0.0,0.0,18.8,3.0,7.0,89.5,19.0,17.0,13.0,0.0,0.0,0.0,0.0,1.0,0.0,3.0,5.0,0.0,0.0,0.0,0.0,2.0,1.0,5.0,92.9,2.8,3.0,3.0,14.0,6.0,0.0,0.0,364.0,0.0,9.0,9.9,4.0,0.0,3.0,1.0,0.0,0.0,0.0,2.0,0.0,74.0,0.0,16.0,2.0,13.0
2026,Round 23,2026-08-14,Adelaide,home,CD_M20260142303,45,Christopher Scerri,CD_I1040573,1.0,0.0,0.0,0.0,5.0,0.0,0.0,0.0,1.0,0.0,0.0,0.0,58.3,7.0,4.0,66.7,12.0,8.0,4.0,2.0,2.0,1.0,0.0,1.0,0.0,6.0,6.0,0.0,0.0,0.0,0.0,4.0,0.0,2.0,66.7,1.0,0.0,0.0,6.0,1.0,0.0,0.0,209.0,3.0,19.0,7.8,0.0,0.0,5.0,1.0,1.0,0.0,0.0,5.0,1.0,79.0,0.0,12.0,4.0,5.0
2026,Round 23,2026-08-14,Adelaide,home,CD_M20260142303,3,Caleb Serong,CD_I1009420,0.0,0.0,26.0,4.0,2.0,0.0,0.0,0.0,0.0,0.0,0.0,1.0,46.4,13.0,12.0,79.3,29.0,23.0,10.0,0.0,0.0,0.0,100.0,0.0,2.0,6.0,13.0,0.0,0.0,0.0,0.0,5.0,1.0,2.0,62.5,1.2,0.0,0.0,16.0,2.0,0.0,0.0,536.0,0.0,22.0,21.8,1.0,0.0,9.0,2.0,2.0,0.0,8.0,5.0,0.0,80.0,12.0,28.0,4.0,15.0
2026,Round 23,2026-08-14,Adelaide,home,CD_M20260142303,39,Sam Switkowski,CD_I992059,0.0,0.0,2.0,1.0,0.0,0.0,0.0,0.0,1.0,0.0,0.0,0.0,42.9,6.0,9.0,92.3,13.0,12.0,3.0,2.0,0.0,0.0,0.0,1.0,0.0,5.0,10.0,0.0,0.0,0.0,0.0,3.0,0.0,1.0,100.0,0.3,0.0,0.0,3.0,1.0,0.0,1.0,158.0,1.0,18.0,12.0,0.0,0.0,6.0,3.0,0.0,0.0,3.0,4.0,1.0,79.0,4.0,14.0,2.0,8.0
2026,Round 23,2026-08-14,Adelaide,home,CD_M20260142303,35,Josh Treacy,CD_I1012819,4.0,0.0,0.0,0.0,1.0,0.0,0.0,0.0,6.0,1.0,16.7,6.0,61.5,8.0,3.0,57.1,14.0,8.0,5.0,2.0,0.0,0.0,16.7,0.0,1.0,2.0,3.0,0.0,0.0,0.0,0.0,4.0,0.0,0.0,45.5,3.7,0.0,0.0,11.0,11.0,5.0,4.0,262.0,2.0,6.0,11.0,0.0,0.0,7.0,0.0,6.0,1.0,0.0,1.0,1.0,91.0,0.0,13.0,3.0,5.0
2026,Round 23,2026-08-14,Adelaide,home,CD_M20260142303,20,Patrick Voss,CD_I1017754,1.0,0.0,0.0,0.0,2.0,0.0,0.0,0.0,1.0,0.0,0.0,0.0,37.5,3.0,2.0,71.4,7.0,5.0,0.0,2.0,1.0,0.0,0.0,3.0,0.0,2.0,6.0,0.0,0.0,0.0,0.0,0.0,0.0,0.0,0.0,0.2,0.0,0.0,1.0,1.0,1.0,1.0,-8.0,1.0,10.0,1.8,0.0,0.0,7.0,0.0,1.0,0.0,0.0,7.0,6.0,89.0,0.0,8.0,2.0,5.0
2026,Round 23,2026-08-14,Adelaide,home,CD_M20260142303,23,Karl Worner,CD_I1021015,0.0,0.0,0.0,0.0,1.0,0.0,0.0,1.0,0.0,0.0,0.0,1.0,23.1,3.0,4.0,86.7,15.0,13.0,9.0,0.0,0.0,1.0,0.0,0.0,0.0,1.0,4.0,0.0,0.0,0.0,0.0,1.0,3.0,8.0,81.8,2.8,2.0,2.0,11.0,6.0,0.0,1.0,197.0,7.0,6.0,10.1,2.0,0.0,1.0,0.0,0.0,7.0,0.0,2.0,0.0,79.0,0.0,13.0,3.0,10.0
2026,Round 23,2026-08-14,Adelaide,home,CD_M20260142303,26,Hayden Young,CD_I1009256,1.0,0.0,19.0,3.0,3.0,0.0,0.0,0.0,1.0,0.0,0.0,0.0,50.0,11.0,7.0,73.9,23.0,17.0,5.0,0.0,2.0,0.0,0.0,0.0,0.0,9.0,14.0,0.0,0.0,0.0,0.0,4.0,1.0,2.0,55.6,0.6,0.0,0.0,9.0,4.0,0.0,0.0,221.0,0.0,18.0,10.7,2.0,0.0,6.0,3.0,2.0,0.0,3.0,4.0,0.0,69.0,6.0,22.0,2.0,11.0
2026,Round 24,2026-08-22,Carlton,away,CD_M20260142403,41,Bailey Banfield,CD_I998180,0.0,0.0,0.0,0.0,4.0,100.0,1.0,1.0,0.0,0.0,0.0,0.0,42.9,6.0,11.0,71.4,14.0,10.0,1.0,0.0,0.0,0.0,0.0,0.0,0.0,6.0,10.0,0.0,0.0,0.0,0.0,0.0,1.0,5.0,25.0,0.4,0.0,0.0,4.0,3.0,0.0,0.0,86.0,1.0,12.0,4.5,3.0,0.0,0.0,0.0,0.0,1.0,1.0,3.0,0.0,91.0,1.0,14.0,3.0,8.0
2026,Round 24,2026-08-22,Carlton,away,CD_M20260142403,10,Shai Bolton,CD_I993993,0.0,0.0,17.0,2.0,2.0,0.0,0.0,0.0,0.0,0.0,0.0,0.0,44.4,8.0,12.0,76.5,17.0,13.0,6.0,4.0,1.0,2.0,50.0,0.0,1.0,5.0,8.0,0.0,0.0,0.0,0.0,5.0,1.0,2.0,66.7,1.1,0.0,0.0,9.0,3.0,1.0,1.0,313.0,0.0,20.0,17.0,1.0,0.0,6.0,1.0,2.0,0.0,0.0,5.0,1.0,73.0,2.0,18.0,2.0,10.0
2026,Round 24,2026-08-22,Carlton,away,CD_M20260142403,8,Andrew Brayshaw,CD_I1002232,1.0,0.0,24.0,0.0,3.0,0.0,0.0,0.0,0.0,0.0,0.0,0.0,28.6,6.0,10.0,81.0,21.0,17.0,7.0,0.0,1.0,1.0,50.0,3.0,1.0,3.0,13.0,0.0,0.0,0.0,0.0,4.0,0.0,3.0,87.5,0.6,0.0,0.0,8.0,2.0,1.0,1.0,345.0,2.0,21.0,12.3,0.0,0.0,7.0,1.0,2.0,0.0,2.0,8.0,1.0,75.0,2.0,21.0,2.0,15.0
2026,Round 24,2026-08-22,Carlton,away,CD_M20260142403,6,Jordan Clark,CD_I1006152,0.0,0.0,0.0,0.0,4.0,0.0,0.0,1.0,0.0,0.0,0.0,2.0,35.0,7.0,15.0,90.5,21.0,19.0,9.0,0.0,1.0,1.0,0.0,1.0,0.0,3.0,10.0,0.0,0.0,0.0,0.0,1.0,2.0,6.0,81.8,1.1,1.0,1.0,11.0,7.0,0.0,0.0,418.0,1.0,18.0,9.3,7.0,0.0,6.0,3.0,0.0,0.0,2.0,6.0,0.0,83.0,2.0,20.0,5.0,13.0
2026,Round 24,2026-08-22,Carlton,away,CD_M20260142403,36,Brennan Cox,CD_I997033,0.0,0.0,0.0,0.0,0.0,0.0,0.0,0.0,0.0,0.0,0.0,0.0,50.0,1.0,1.0,50.0,2.0,1.0,0.0,0.0,0.0,0.0,0.0,0.0,0.0,1.0,2.0,0.0,0.0,0.0,0.0,0.0,0.0,1.0,0.0,0.0,0.0,0.0,0.0,0.0,0.0,0.0,6.0,1.0,1.0,0.7,0.0,0.0,0.0,0.0,0.0,1.0,0.0,0.0,0.0,22.0,0.0,2.0,0.0,1.0
2026,Round 24,2026-08-22,Carlton,away,CD_M20260142403,18,Mason Cox,CD_I998647,2.0,0.0,16.0,0.0,0.0,0.0,0.0,0.0,0.0,0.0,0.0,0.0,50.0,3.0,5.0,71.4,7.0,5.0,3.0,1.0,0.0,2.0,0.0,1.0,0.0,1.0,2.0,40.0,65.2,15.0,6.0,1.0,0.0,1.0,60.0,2.5,0.0,0.0,5.0,2.0,1.0,0.0,116.0,2.0,10.0,6.6,1.0,23.0,3.0,3.0,2.0,2.0,3.0,1.0,0.0,75.0,3.0,6.0,1.0,3.0
2026,Round 24,2026-08-22,Carlton,away,CD_M20260142403,43,Isaiah Dudley,CD_I1011558,0.0,0.0,0.0,1.0,2.0,0.0,0.0,0.0,0.0,0.0,0.0,0.0,58.3,7.0,6.0,66.7,12.0,8.0,3.0,2.0,1.0,0.0,100.0,1.0,1.0,7.0,7.0,0.0,0.0,0.0,0.0,4.0,0.0,1.0,60.0,0.7,0.0,0.0,5.0,0.0,0.0,0.0,202.0,1.0,21.0,11.7,0.0,0.0,3.0,1.0,1.0,0.0,0.0,1.0,0.0,85.0,1.0,12.0,4.0,5.0
2026,Round 24,2026-08-22,Carlton,away,CD_M20260142403,28,Neil Erasmus,CD_I1020250,0.0,0.0,2.0,0.0,0.0,0.0,0.0,0.0,0.0,0.0,0.0,0.0,35.7,5.0,9.0,80.0,15.0,12.0,8.0,0.0,0.0,0.0,0.0,0.0,0.0,5.0,6.0,0.0,0.0,0.0,0.0,1.0,2.0,5.0,88.9,1.5,0.0,0.0,9.0,3.0,1.0,0.0,248.0,1.0,16.0,13.1,3.0,0.0,3.0,1.0,0.0,1.0,1.0,5.0,0.0,80.0,1.0,14.0,2.0,9.0
2026,Round 24,2026-08-22,Carlton,away,CD_M20260142403,32,Michael Frederick,CD_I999321,0.0,0.0,0.0,0.0,2.0,0.0,0.0,0.0,0.0,0.0,0.0,0.0,28.6,4.0,7.0,72.7,11.0,8.0,2.0,0.0,0.0,0.0,100.0,0.0,1.0,1.0,6.0,0.0,0.0,0.0,0.0,4.0,0.0,2.0,40.0,0.8,0.0,0.0,5.0,4.0,0.0,1.0,189.0,5.0,12.0,10.1,0.0,0.0,4.0,1.0,1.0,1.0,0.0,2.0,0.0,79.0,0.0,14.0,3.0,10.0
2026,Round 24,2026-08-22,Carlton,away,CD_M20260142403,9,Luke Jackson,CD_I1009399,2.0,0.0,18.0,2.0,2.0,0.0,0.0,0.0,1.0,1.0,100.0,1.0,60.0,9.0,5.0,71.4,14.0,10.0,5.0,0.0,2.0,4.0,33.3,1.0,1.0,2.0,7.0,29.2,40.0,24.0,7.0,2.0,2.0,3.0,71.4,1.0,0.0,0.0,7.0,4.0,2.0,0.0,158.0,2.0,14.0,8.8,2.0,60.0,6.0,5.0,3.0,2.0,2.0,5.0,1.0,72.0,4.0,15.0,1.0,6.0
2026,Round 24,2026-08-22,Carlton,away,CD_M20260142403,44,Matthew Johnson,CD_I1016825,0.0,0.0,17.0,4.0,2.0,0.0,0.0,0.0,0.0,0.0,0.0,0.0,50.0,7.0,7.0,70.6,17.0,12.0,4.0,0.0,1.0,1.0,0.0,0.0,0.0,5.0,11.0,0.0,0.0,0.0,0.0,3.0,0.0,2.0,66.7,0.5,0.0,0.0,6.0,1.0,0.0,0.0,276.0,0.0,9.0,10.3,1.0,0.0,5.0,0.0,0.0,0.0,1.0,1.0,0.0,75.0,5.0,14.0,5.0,7.0
2026,Round 24,2026-08-22,Carlton,away,CD_M20260142403,21,Oscar McDonald,CD_I992472,0.0,0.0,0.0,0.0,2.0,0.0,0.0,0.0,1.0,0.0,0.0,0.0,0.0,0.0,5.0,63.6,11.0,7.0,6.0,0.0,1.0,0.0,100.0,0.0,1.0,0.0,1.0,0.0,0.0,0.0,0.0,1.0,1.0,2.0,60.0,10.0,0.0,0.0,10.0,7.0,1.0,1.0,121.0,3.0,6.0,-0.3,1.0,0.0,1.0,0.0,1.0,3.0,0.0,1.0,0.0,94.0,0.0,10.0,4.0,10.0
2026,Round 24,2026-08-22,Carlton,away,CD_M20260142403,17,Judd McVee,CD_I1017703,0.0,0.0,0.0,0.0,1.0,0.0,0.0,0.0,0.0,0.0,0.0,0.0,18.2,2.0,1.0,100.0,13.0,13.0,7.0,0.0,0.0,0.0,0.0,0.0,0.0,2.0,6.0,0.0,0.0,0.0,0.0,0.0,0.0,2.0,100.0,1.2,2.0,2.0,7.0,4.0,0.0,0.0,246.0,1.0,5.0,0.6,4.0,0.0,0.0,0.0,0.0,1.0,0.0,0.0,0.0,84.0,0.0,11.0,1.0,9.0
2026,Round 24,2026-08-22,Carlton,away,CD_M20260142403,11,Tobyn Murray,CD_I1027844,1.0,0.0,0.0,0.0,3.0,0.0,0.0,0.0,0.0,0.0,0.0,0.0,30.8,4.0,2.0,61.5,13.0,8.0,4.0,1.0,0.0,1.0,33.3,0.0,1.0,4.0,7.0,0.0,0.0,0.0,0.0,0.0,0.0,2.0,66.7,0.9,0.0,0.0,6.0,2.0,0.0,0.0,158.0,0.0,11.0,0.0,0.0,0.0,4.0,1.0,3.0,0.0,1.0,4.0,3.0,82.0,1.0,13.0,3.0,9.0
2026,Round 24,2026-08-22,Carlton,away,CD_M20260142403,30,Nathan O'Driscoll,CD_I1013220,0.0,0.0,0.0,0.0,1.0,0.0,0.0,0.0,0.0,0.0,0.0,0.0,41.7,5.0,6.0,50.0,12.0,6.0,2.0,0.0,0.0,2.0,0.0,0.0,0.0,3.0,6.0,0.0,0.0,0.0,0.0,1.0,0.0,3.0,33.3,1.0,0.0,0.0,6.0,2.0,1.0,0.0,226.0,0.0,10.0,3.5,0.0,0.0,2.0,0.0,1.0,0.0,0.0,1.0,0.0,83.0,0.0,12.0,4.0,7.0
2026,Round 24,2026-08-22,Carlton,away,CD_M20260142403,25,Alex Pearce,CD_I298409,0.0,0.0,0.0,0.0,1.0,50.0,1.0,2.0,0.0,0.0,0.0,0.0,20.0,1.0,3.0,80.0,5.0,4.0,2.0,0.0,1.0,0.0,0.0,0.0,0.0,1.0,2.0,0.0,0.0,0.0,0.0,0.0,1.0,2.0,66.7,1.5,0.0,0.0,3.0,2.0,0.0,1.0,130.0,4.0,4.0,3.9,1.0,0.0,2.0,1.0,0.0,3.0,0.0,1.0,0.0,75.0,0.0,5.0,2.0,4.0
2026,Round 24,2026-08-22,Carlton,away,CD_M20260142403,13,Luke Ryan,CD_I998659,0.0,0.0,0.0,0.0,3.0,66.7,2.0,3.0,0.0,0.0,0.0,1.0,50.0,5.0,4.0,86.7,15.0,13.0,11.0,0.0,2.0,0.0,0.0,0.0,0.0,4.0,4.0,0.0,0.0,0.0,0.0,0.0,3.0,7.0,100.0,2.8,6.0,5.0,11.0,5.0,0.0,0.0,177.0,3.0,6.0,9.8,5.0,0.0,1.0,1.0,0.0,3.0,0.0,2.0,0.0,85.0,0.0,10.0,1.0,5.0
2026,Round 24,2026-08-22,Carlton,away,CD_M20260142403,45,Christopher Scerri,CD_I1040573,0.0,0.0,0.0,0.0,0.0,0.0,0.0,0.0,0.0,0.0,0.0,0.0,28.6,2.0,4.0,85.7,7.0,6.0,1.0,2.0,0.0,0.0,0.0,1.0,0.0,2.0,5.0,0.0,0.0,0.0,0.0,2.0,0.0,0.0,50.0,0.4,0.0,0.0,2.0,2.0,0.0,0.0,124.0,0.0,7.0,4.1,0.0,0.0,4.0,1.0,0.0,0.0,1.0,0.0,0.0,82.0,1.0,7.0,0.0,5.0
2026,Round 24,2026-08-22,Carlton,away,CD_M20260142403,3,Caleb Serong,CD_I1009420,0.0,0.0,27.0,3.0,4.0,0.0,0.0,0.0,0.0,0.0,0.0,0.0,33.3,8.0,15.0,73.9,23.0,17.0,8.0,0.0,0.0,2.0,0.0,1.0,0.0,3.0,10.0,0.0,0.0,0.0,0.0,5.0,0.0,2.0,61.5,1.3,0.0,0.0,13.0,2.0,0.0,0.0,450.0,2.0,27.0,11.7,1.0,0.0,6.0,0.0,0.0,1.0,2.0,3.0,1.0,76.0,5.0,24.0,6.0,16.0
2026,Round 24,2026-08-22,Carlton,away,CD_M20260142403,35,Josh Treacy,CD_I1012819,2.0,0.0,0.0,0.0,1.0,0.0,0.0,0.0,3.0,0.0,0.0,1.0,14.3,1.0,1.0,57.1,7.0,4.0,3.0,0.0,0.0,0.0,50.0,0.0,3.0,0.0,1.0,0.0,0.0,0.0,0.0,0.0,1.0,1.0,50.0,6.0,0.0,0.0,6.0,5.0,5.0,1.0,152.0,4.0,9.0,6.8,0.0,1.0,5.0,0.0,6.0,4.0,0.0,1.0,0.0,84.0,0.0,7.0,1.0,6.0
2026,Round 24,2026-08-22,Carlton,away,CD_M20260142403,20,Patrick Voss,CD_I1017754,0.0,0.0,0.0,0.0,4.0,0.0,0.0,0.0,2.0,0.0,0.0,0.0,0.0,0.0,3.0,66.7,6.0,4.0,2.0,0.0,2.0,0.0,66.7,0.0,2.0,0.0,3.0,0.0,0.0,0.0,0.0,0.0,0.0,0.0,66.7,1.0,0.0,0.0,3.0,2.0,2.0,0.0,109.0,1.0,13.0,1.1,0.0,0.0,2.0,0.0,3.0,0.0,0.0,1.0,1.0,91.0,0.0,7.0,4.0,7.0
2026,Round 24,2026-08-22,Carlton,away,CD_M20260142403,23,Karl Worner,CD_I1021015,0.0,3.0,0.0,0.0,2.0,50.0,1.0,2.0,0.0,0.0,0.0,1.0,25.0,3.0,4.0,85.7,14.0,12.0,8.0,0.0,1.0,0.0,0.0,0.0,0.0,2.0,5.0,0.0,0.0,0.0,0.0,0.0,2.0,5.0,88.9,1.8,2.0,2.0,9.0,6.0,0.0,1.0,240.0,2.0,5.0,7.6,4.0,0.0,1.0,1.0,0.0,2.0,0.0,1.0,0.0,87.0,0.0,12.0,1.0,9.0
2026,Round 24,2026-08-22,Carlton,away,CD_M20260142403,26,Hayden Young,CD_I1009256,0.0,0.0,15.0,2.0,1.0,0.0,0.0,0.0,0.0,0.0,0.0,0.0,41.7,10.0,5.0,60.9,23.0,14.0,7.0,0.0,0.0,0.0,0.0,1.0,0.0,8.0,11.0,0.0,0.0,0.0,0.0,8.0,1.0,4.0,58.3,1.1,0.0,0.0,12.0,3.0,0.0,1.0,385.0,2.0,12.0,11.5,0.0,0.0,4.0,1.0,0.0,0.0,0.0,0.0,0.0,66.0,2.0,24.0,4.0,14.0
2026,Qualifying & Elimination Finals,2026-09-03,Hawthorn,home,CD_M20260142601,24,Jye Amiss,CD_I1020594,1.0,0.0,0.0,0.0,3.0,0.0,0.0,0.0,3.0,1.0,33.3,3.0,80.0,4.0,1.0,40.0,5.0,2.0,2.0,1.0,1.0,0.0,33.3,0.0,1.0,1.0,0.0,0.0,0.0,0.0,0.0,0.0,0.0,0.0,40.0,5.0,0.0,0.0,5.0,4.0,2.0,0.0,90.0,1.0,8.0,2.8,0.0,0.0,3.0,0.0,3.0,1.0,0.0,2.0,2.0,90.0,0.0,5.0,3.0,1.0
2026,Qualifying & Elimination Finals,2026-09-03,Hawthorn,home,CD_M20260142601,10,Shai Bolton,CD_I993993,0.0,1.0,11.0,1.0,6.0,0.0,0.0,0.0,0.0,0.0,0.0,0.0,45.5,10.0,8.0,66.7,21.0,14.0,7.0,0.0,1.0,1.0,0.0,0.0,0.0,3.0,9.0,0.0,0.0,0.0,0.0,5.0,0.0,0.0,58.3,1.3,0.0,0.0,12.0,2.0,0.0,0.0,434.0,1.0,14.0,5.9,2.0,0.0,3.0,0.0,1.0,0.0,4.0,1.0,0.0,73.0,5.0,22.0,7.0,12.0
2026,Qualifying & Elimination Finals,2026-09-03,Hawthorn,home,CD_M20260142601,8,Andrew Brayshaw,CD_I1002232,1.0,0.0,15.0,1.0,4.0,0.0,0.0,0.0,0.0,0.0,0.0,0.0,30.0,9.0,11.0,76.7,30.0,23.0,14.0,2.0,1.0,1.0,50.0,1.0,1.0,7.0,12.0,0.0,0.0,0.0,0.0,8.0,0.0,0.0,77.8,1.5,0.0,0.0,18.0,5.0,1.0,0.0,619.0,0.0,24.0,13.5,1.0,0.0,8.0,0.0,2.0,0.0,1.0,4.0,0.0,79.0,2.0,30.0,7.0,21.0
2026,Qualifying & Elimination Finals,2026-09-03,Hawthorn,home,CD_M20260142601,5,Heath Chapman,CD_I1013224,0.0,0.0,0.0,0.0,6.0,0.0,0.0,1.0,0.0,0.0,0.0,1.0,33.3,7.0,7.0,68.2,22.0,15.0,8.0,0.0,2.0,0.0,0.0,0.0,0.0,6.0,9.0,0.0,0.0,0.0,0.0,2.0,2.0,6.0,61.5,1.4,1.0,1.0,13.0,8.0,0.0,0.0,403.0,3.0,9.0,9.0,7.0,0.0,3.0,0.0,0.0,3.0,1.0,2.0,0.0,86.0,1.0,21.0,11.0,14.0
2026,Qualifying & Elimination Finals,2026-09-03,Hawthorn,home,CD_M20260142601,6,Jordan Clark,CD_I1006152,1.0,0.0,0.0,0.0,5.0,0.0,0.0,0.0,0.0,0.0,0.0,1.0,26.5,9.0,6.0,76.3,38.0,29.0,16.0,0.0,1.0,0.0,0.0,1.0,0.0,8.0,14.0,0.0,0.0,0.0,0.0,7.0,2.0,8.0,66.7,1.7,4.0,4.0,24.0,11.0,1.0,1.0,549.0,1.0,10.0,10.7,3.0,0.0,4.0,1.0,1.0,1.0,2.0,0.0,0.0,85.0,2.0,34.0,7.0,25.0
2026,Qualifying & Elimination Finals,2026-09-03,Hawthorn,home,CD_M20260142601,18,Mason Cox,CD_I998647,0.0,0.0,1.0,0.0,1.0,0.0,0.0,0.0,0.0,0.0,0.0,0.0,0.0,0.0,1.0,100.0,4.0,4.0,3.0,0.0,0.0,0.0,0.0,0.0,0.0,0.0,1.0,40.0,50.0,5.0,2.0,1.0,3.0,3.0,100.0,3.0,0.0,0.0,3.0,3.0,0.0,0.0,86.0,1.0,6.0,1.9,1.0,10.0,1.0,1.0,0.0,1.0,0.0,0.0,0.0,43.0,0.0,4.0,2.0,4.0
2026,Qualifying & Elimination Finals,2026-09-03,Hawthorn,home,CD_M20260142601,43,Isaiah Dudley,CD_I1011558,2.0,0.0,0.0,0.0,1.0,0.0,0.0,0.0,0.0,0.0,0.0,0.0,23.1,3.0,3.0,42.9,14.0,6.0,4.0,1.0,0.0,1.0,0.0,0.0,0.0,2.0,2.0,0.0,0.0,0.0,0.0,5.0,0.0,0.0,33.3,6.0,0.0,0.0,12.0,5.0,1.0,3.0,344.0,0.0,13.0,4.0,1.0,0.0,5.0,0.0,4.0,0.0,0.0,2.0,0.0,77.0,0.0,13.0,3.0,10.0
2026,Qualifying & Elimination Finals,2026-09-03,Hawthorn,home,CD_M20260142601,28,Neil Erasmus,CD_I1020250,0.0,2.0,0.0,0.0,3.0,0.0,0.0,0.0,0.0,0.0,0.0,1.0,34.8,8.0,5.0,70.8,24.0,17.0,7.0,0.0,1.0,0.0,0.0,0.0,0.0,6.0,11.0,0.0,0.0,0.0,0.0,1.0,1.0,6.0,53.8,1.2,0.0,0.0,13.0,7.0,1.0,0.0,339.0,1.0,10.0,11.2,2.0,0.0,5.0,1.0,0.0,1.0,3.0,2.0,0.0,85.0,3.0,23.0,3.0,15.0
2026,Qualifying & Elimination Finals,2026-09-03,Hawthorn,home,CD_M20260142601,32,Michael Frederick,CD_I999321,0.0,0.0,0.0,0.0,0.0,0.0,0.0,0.0,0.0,0.0,0.0,0.0,50.0,6.0,3.0,70.0,10.0,7.0,3.0,2.0,0.0,1.0,0.0,0.0,0.0,4.0,6.0,0.0,0.0,0.0,0.0,1.0,0.0,2.0,75.0,0.7,0.0,0.0,4.0,4.0,0.0,1.0,69.0,2.0,16.0,5.6,1.0,0.0,2.0,1.0,0.0,1.0,0.0,3.0,2.0,68.0,0.0,12.0,1.0,6.0
2026,Qualifying & Elimination Finals,2026-09-03,Hawthorn,home,CD_M20260142601,9,Luke Jackson,CD_I1009399,1.0,0.0,18.0,2.0,2.0,0.0,0.0,1.0,1.0,1.0,100.0,3.0,71.4,15.0,2.0,90.9,22.0,20.0,5.0,1.0,1.0,2.0,50.0,0.0,1.0,8.0,15.0,30.8,41.9,26.0,8.0,2.0,2.0,3.0,71.4,0.5,0.0,0.0,7.0,6.0,1.0,1.0,251.0,3.0,6.0,20.2,1.0,62.0,5.0,1.0,2.0,3.0,4.0,1.0,0.0,80.0,6.0,21.0,3.0,6.0
2026,Qualifying & Elimination Finals,2026-09-03,Hawthorn,home,CD_M20260142601,44,Matthew Johnson,CD_I1016825,1.0,1.0,4.0,0.0,5.0,0.0,0.0,0.0,0.0,0.0,0.0,0.0,28.6,4.0,5.0,71.4,14.0,10.0,4.0,0.0,0.0,1.0,0.0,1.0,0.0,3.0,8.0,0.0,0.0,0.0,0.0,3.0,0.0,2.0,66.7,0.8,0.0,0.0,6.0,2.0,0.0,0.0,265.0,0.0,16.0,5.0,0.0,0.0,2.0,0.0,2.0,0.0,0.0,5.0,0.0,77.0,0.0,14.0,3.0,10.0
2026,Qualifying & Elimination Finals,2026-09-03,Hawthorn,home,CD_M20260142601,21,Oscar McDonald,CD_I992472,0.0,0.0,0.0,0.0,2.0,40.0,2.0,5.0,0.0,0.0,0.0,1.0,26.7,4.0,3.0,82.4,17.0,14.0,12.0,0.0,1.0,0.0,0.0,0.0,0.0,3.0,5.0,0.0,0.0,0.0,0.0,0.0,1.0,6.0,100.0,2.4,0.0,0.0,12.0,10.0,0.0,0.0,307.0,6.0,3.0,7.5,3.0,0.0,2.0,0.0,0.0,6.0,0.0,1.0,0.0,89.0,0.0,15.0,3.0,11.0
2026,Qualifying & Elimination Finals,2026-09-03,Hawthorn,home,CD_M20260142601,30,Nathan O'Driscoll,CD_I1013220,0.0,0.0,0.0,0.0,2.0,0.0,0.0,0.0,0.0,0.0,0.0,0.0,21.1,4.0,8.0,66.7,18.0,12.0,5.0,0.0,1.0,0.0,0.0,0.0,0.0,3.0,9.0,0.0,0.0,0.0,0.0,3.0,0.0,4.0,55.6,1.0,0.0,0.0,9.0,5.0,0.0,0.0,306.0,1.0,12.0,2.9,3.0,0.0,2.0,1.0,0.0,0.0,0.0,2.0,0.0,80.0,0.0,19.0,2.0,15.0
2026,Qualifying & Elimination Finals,2026-09-03,Hawthorn,home,CD_M20260142601,25,Alex Pearce,CD_I298409,0.0,0.0,0.0,0.0,1.0,0.0,0.0,6.0,0.0,0.0,0.0,2.0,61.1,11.0,8.0,88.9,18.0,16.0,2.0,0.0,0.0,1.0,0.0,0.0,0.0,8.0,15.0,0.0,0.0,0.0,0.0,0.0,3.0,11.0,66.7,0.2,0.0,0.0,3.0,3.0,0.0,0.0,171.0,5.0,8.0,19.9,0.0,0.0,2.0,2.0,0.0,3.0,1.0,0.0,0.0,85.0,1.0,18.0,0.0,7.0
2026,Qualifying & Elimination Finals,2026-09-03,Hawthorn,home,CD_M20260142601,16,Murphy Reid,CD_I1028513,0.0,0.0,2.0,0.0,3.0,0.0,0.0,0.0,0.0,0.0,0.0,0.0,12.5,3.0,6.0,75.0,24.0,18.0,8.0,1.0,0.0,0.0,0.0,0.0,0.0,3.0,13.0,0.0,0.0,0.0,0.0,3.0,0.0,1.0,72.7,0.8,0.0,0.0,11.0,2.0,0.0,1.0,153.0,0.0,14.0,4.0,1.0,0.0,4.0,0.0,0.0,0.0,1.0,1.0,0.0,81.0,1.0,24.0,3.0,21.0
2026,Qualifying & Elimination Finals,2026-09-03,Hawthorn,home,CD_M20260142601,13,Luke Ryan,CD_I998659,0.0,0.0,0.0,0.0,0.0,0.0,0.0,0.0,0.0,0.0,0.0,1.0,15.8,3.0,6.0,82.6,23.0,19.0,15.0,0.0,0.0,0.0,0.0,0.0,0.0,2.0,5.0,0.0,0.0,0.0,0.0,1.0,2.0,4.0,83.3,3.6,4.0,3.0,18.0,10.0,0.0,0.0,414.0,3.0,11.0,9.5,3.0,0.0,2.0,2.0,0.0,2.0,0.0,4.0,0.0,73.0,0.0,19.0,4.0,16.0
2026,Qualifying & Elimination Finals,2026-09-03,Hawthorn,home,CD_M20260142601,3,Caleb Serong,CD_I1009420,0.0,3.0,14.0,1.0,1.0,0.0,0.0,0.0,0.0,0.0,0.0,0.0,43.5,10.0,12.0,75.0,20.0,15.0,6.0,0.0,1.0,0.0,0.0,0.0,0.0,7.0,12.0,0.0,0.0,0.0,0.0,3.0,0.0,1.0,75.0,0.7,0.0,0.0,8.0,3.0,0.0,0.0,273.0,1.0,21.0,10.5,3.0,0.0,8.0,4.0,0.0,0.0,5.0,2.0,0.0,77.0,6.0,23.0,1.0,13.0
2026,Qualifying & Elimination Finals,2026-09-03,Hawthorn,home,CD_M20260142601,39,Sam Switkowski,CD_I992059,1.0,0.0,0.0,0.0,2.0,0.0,0.0,0.0,1.0,1.0,100.0,0.0,50.0,7.0,5.0,66.7,15.0,10.0,3.0,4.0,0.0,0.0,50.0,0.0,1.0,7.0,9.0,0.0,0.0,0.0,0.0,3.0,0.0,2.0,50.0,0.7,0.0,0.0,6.0,4.0,2.0,0.0,169.0,2.0,15.0,10.4,0.0,0.0,3.0,0.0,2.0,2.0,1.0,3.0,3.0,81.0,1.0,14.0,3.0,7.0
2026,Qualifying & Elimination Finals,2026-09-03,Hawthorn,home,CD_M20260142601,35,Josh Treacy,CD_I1012819,0.0,0.0,0.0,0.0,3.0,0.0,0.0,0.0,5.0,1.0,20.0,0.0,60.0,3.0,1.0,50.0,4.0,2.0,1.0,1.0,2.0,1.0,100.0,0.0,1.0,1.0,3.0,0.0,0.0,0.0,0.0,0.0,0.0,1.0,100.0,0.3,0.0,0.0,1.0,0.0,0.0,0.0,18.0,2.0,10.0,4.3,0.0,0.0,1.0,0.0,1.0,1.0,0.0,2.0,1.0,91.0,0.0,5.0,3.0,2.0
2026,Qualifying & Elimination Finals,2026-09-03,Hawthorn,home,CD_M20260142601,20,Patrick Voss,CD_I1017754,1.0,0.0,0.0,0.0,2.0,0.0,0.0,0.0,5.0,0.0,0.0,0.0,30.0,3.0,7.0,63.6,11.0,7.0,1.0,1.0,0.0,0.0,0.0,1.0,0.0,3.0,8.0,0.0,0.0,0.0,0.0,1.0,0.0,2.0,33.3,0.4,0.0,0.0,3.0,1.0,0.0,0.0,66.0,0.0,18.0,2.2,0.0,0.0,4.0,0.0,1.0,0.0,1.0,3.0,2.0,91.0,1.0,10.0,4.0,7.0
2026,Qualifying & Elimination Finals,2026-09-03,Hawthorn,home,CD_M20260142601,31,Brandon Walker,CD_I1009410,0.0,3.0,0.0,0.0,3.0,0.0,0.0,0.0,0.0,0.0,0.0,1.0,53.8,7.0,6.0,75.0,12.0,9.0,3.0,0.0,0.0,0.0,0.0,0.0,0.0,5.0,7.0,0.0,0.0,0.0,0.0,1.0,1.0,7.0,60.0,0.7,0.0,0.0,5.0,2.0,0.0,0.0,200.0,2.0,7.0,9.6,2.0,0.0,1.0,0.0,0.0,1.0,0.0,1.0,0.0,59.0,0.0,13.0,2.0,6.0
2026,Qualifying & Elimination Finals,2026-09-03,Hawthorn,home,CD_M20260142601,23,Karl Worner,CD_I1021015,0.0,6.0,0.0,0.0,2.0,0.0,0.0,0.0,0.0,0.0,0.0,0.0,25.0,5.0,4.0,90.9,22.0,20.0,12.0,0.0,0.0,3.0,0.0,1.0,0.0,2.0,8.0,0.0,0.0,0.0,0.0,2.0,0.0,4.0,85.7,1.8,3.0,3.0,14.0,6.0,0.0,0.0,533.0,5.0,9.0,9.4,7.0,0.0,2.0,0.0,0.0,5.0,1.0,3.0,0.0,80.0,1.0,20.0,4.0,15.0
2026,Qualifying & Elimination Finals,2026-09-03,Hawthorn,home,CD_M20260142601,26,Hayden Young,CD_I1009256,0.0,0.0,11.0,0.0,2.0,0.0,0.0,0.0,0.0,0.0,0.0,0.0,35.7,5.0,6.0,60.0,15.0,9.0,5.0,0.0,0.0,1.0,0.0,0.0,0.0,3.0,5.0,0.0,0.0,0.0,0.0,5.0,0.0,3.0,50.0,2.0,0.0,0.0,10.0,3.0,0.0,0.0,208.0,3.0,17.0,8.2,0.0,0.0,2.0,1.0,0.0,0.0,1.0,4.0,0.0,67.0,1.0,14.0,5.0,9.0
2026,Semi Finals,2026-09-11,Geelong,home,CD_M20260142701,24,Jye Amiss,CD_I1020594,1.0,0.0,0.0,0.0,3.0,0.0,0.0,0.0,4.0,1.0,25.0,2.0,60.0,3.0,0.0,75.0,4.0,3.0,2.0,1.0,2.0,0.0,66.7,1.0,2.0,1.0,1.0,0.0,0.0,0.0,0.0,0.0,0.0,0.0,66.7,3.0,0.0,0.0,3.0,3.0,3.0,0.0,50.0,2.0,9.0,1.7,0.0,0.0,4.0,0.0,3.0,1.0,0.0,1.0,1.0,91.0,0.0,5.0,3.0,2.0
2026,Semi Finals,2026-09-11,Geelong,home,CD_M20260142701,10,Shai Bolton,CD_I993993,0.0,3.0,24.0,4.0,3.0,0.0,0.0,0.0,0.0,0.0,0.0,0.0,19.2,5.0,8.0,73.1,26.0,19.0,9.0,0.0,0.0,1.0,100.0,1.0,2.0,2.0,12.0,0.0,0.0,0.0,0.0,7.0,0.0,1.0,64.3,1.2,0.0,0.0,14.0,3.0,1.0,0.0,541.0,1.0,18.0,15.6,2.0,0.0,10.0,1.0,2.0,0.0,0.0,8.0,0.0,80.0,4.0,26.0,4.0,21.0
2026,Semi Finals,2026-09-11,Geelong,home,CD_M20260142701,8,Andrew Brayshaw,CD_I1002232,0.0,0.0,33.0,2.0,2.0,0.0,0.0,0.0,0.0,0.0,0.0,0.0,21.7,5.0,11.0,87.5,24.0,21.0,7.0,0.0,0.0,0.0,0.0,1.0,0.0,3.0,15.0,0.0,0.0,0.0,0.0,2.0,0.0,0.0,77.8,0.6,0.0,0.0,9.0,2.0,0.0,1.0,303.0,1.0,21.0,12.6,1.0,0.0,7.0,0.0,0.0,0.0,2.0,4.0,0.0,81.0,4.0,23.0,2.0,18.0
2026,Semi Finals,2026-09-11,Geelong,home,CD_M20260142701,5,Heath Chapman,CD_I1013224,0.0,0.0,0.0,0.0,4.0,0.0,0.0,1.0,0.0,0.0,0.0,0.0,40.0,6.0,3.0,75.0,16.0,12.0,4.0,0.0,2.0,1.0,0.0,0.0,0.0,6.0,10.0,0.0,0.0,0.0,0.0,0.0,1.0,6.0,66.7,0.6,2.0,1.0,6.0,4.0,0.0,0.0,143.0,0.0,5.0,0.7,3.0,0.0,4.0,1.0,0.0,0.0,0.0,3.0,0.0,83.0,0.0,15.0,2.0,9.0
2026,Semi Finals,2026-09-11,Geelong,home,CD_M20260142701,6,Jordan Clark,CD_I1006152,0.0,0.0,0.0,1.0,2.0,0.0,0.0,0.0,0.0,0.0,0.0,0.0,30.0,6.0,4.0,88.0,25.0,22.0,12.0,0.0,0.0,0.0,0.0,1.0,0.0,6.0,11.0,0.0,0.0,0.0,0.0,6.0,1.0,5.0,85.7,1.3,3.0,3.0,14.0,1.0,0.0,0.0,623.0,0.0,9.0,14.9,6.0,0.0,5.0,1.0,0.0,0.0,1.0,3.0,0.0,83.0,2.0,20.0,5.0,14.0
2026,Semi Finals,2026-09-11,Geelong,home,CD_M20260142701,18,Mason Cox,CD_I998647,0.0,0.0,6.0,0.0,1.0,0.0,0.0,0.0,1.0,0.0,0.0,0.0,60.0,3.0,1.0,80.0,5.0,4.0,3.0,0.0,0.0,2.0,100.0,0.0,1.0,0.0,1.0,36.4,52.4,11.0,4.0,1.0,0.0,2.0,75.0,4.0,0.0,0.0,4.0,2.0,1.0,1.0,140.0,2.0,8.0,6.3,1.0,21.0,2.0,1.0,1.0,1.0,2.0,1.0,0.0,43.0,2.0,5.0,2.0,2.0
2026,Semi Finals,2026-09-11,Geelong,home,CD_M20260142701,43,Isaiah Dudley,CD_I1011558,1.0,0.0,0.0,0.0,1.0,0.0,0.0,0.0,0.0,0.0,0.0,0.0,44.4,4.0,3.0,37.5,8.0,3.0,2.0,2.0,0.0,1.0,50.0,0.0,2.0,2.0,2.0,0.0,0.0,0.0,0.0,2.0,0.0,0.0,33.3,3.0,0.0,0.0,6.0,3.0,3.0,1.0,166.0,2.0,6.0,7.1,0.0,0.0,6.0,0.0,4.0,1.0,0.0,1.0,0.0,73.0,0.0,9.0,2.0,5.0
2026,Semi Finals,2026-09-11,Geelong,home,CD_M20260142701,28,Neil Erasmus,CD_I1020250,0.0,1.0,0.0,2.0,2.0,0.0,0.0,0.0,0.0,0.0,0.0,0.0,46.7,7.0,5.0,70.6,17.0,12.0,4.0,1.0,0.0,0.0,0.0,0.0,0.0,5.0,9.0,0.0,0.0,0.0,0.0,3.0,0.0,2.0,50.0,0.9,0.0,0.0,8.0,3.0,0.0,0.0,247.0,1.0,12.0,12.9,0.0,0.0,6.0,0.0,1.0,0.0,1.0,2.0,0.0,75.0,3.0,15.0,1.0,8.0
2026,Semi Finals,2026-09-11,Geelong,home,CD_M20260142701,32,Michael Frederick,CD_I999321,0.0,0.0,0.0,0.0,1.0,0.0,0.0,0.0,0.0,0.0,0.0,0.0,0.0,0.0,5.0,100.0,6.0,6.0,6.0,0.0,1.0,0.0,100.0,0.0,2.0,0.0,0.0,0.0,0.0,0.0,0.0,0.0,0.0,0.0,100.0,6.0,0.0,0.0,6.0,4.0,1.0,0.0,182.0,0.0,19.0,9.4,0.0,0.0,5.0,0.0,2.0,0.0,0.0,3.0,1.0,71.0,0.0,6.0,1.0,6.0
2026,Semi Finals,2026-09-11,Geelong,home,CD_M20260142701,9,Luke Jackson,CD_I1009399,0.0,0.0,31.0,5.0,3.0,0.0,0.0,1.0,1.0,0.0,0.0,1.0,62.5,15.0,7.0,68.0,25.0,17.0,4.0,1.0,1.0,2.0,66.7,1.0,2.0,11.0,19.0,25.7,49.3,35.0,9.0,0.0,0.0,3.0,66.7,0.3,0.0,0.0,6.0,2.0,0.0,0.0,140.0,2.0,13.0,20.6,0.0,71.0,12.0,10.0,3.0,2.0,3.0,4.0,0.0,82.0,8.0,24.0,1.0,9.0
2026,Semi Finals,2026-09-11,Geelong,home,CD_M20260142701,44,Matthew Johnson,CD_I1016825,0.0,3.0,3.0,0.0,1.0,33.3,1.0,3.0,0.0,0.0,0.0,0.0,37.5,6.0,6.0,93.3,15.0,14.0,4.0,0.0,0.0,2.0,0.0,1.0,0.0,5.0,10.0,0.0,0.0,0.0,0.0,3.0,0.0,4.0,80.0,0.5,0.0,0.0,5.0,3.0,0.0,0.0,297.0,2.0,14.0,14.7,1.0,0.0,5.0,2.0,0.0,2.0,1.0,2.0,0.0,79.0,1.0,16.0,2.0,10.0
2026,Semi Finals,2026-09-11,Geelong,home,CD_M20260142701,21,Oscar McDonald,CD_I992472,0.0,0.0,0.0,0.0,6.0,0.0,0.0,1.0,0.0,0.0,0.0,1.0,50.0,6.0,5.0,50.0,12.0,6.0,5.0,0.0,1.0,1.0,0.0,0.0,0.0,5.0,4.0,0.0,0.0,0.0,0.0,2.0,1.0,5.0,62.5,2.0,0.0,0.0,8.0,2.0,0.0,0.0,219.0,6.0,5.0,5.9,3.0,0.0,3.0,2.0,0.0,6.0,0.0,0.0,0.0,100.0,0.0,12.0,5.0,6.0
2026,Semi Finals,2026-09-11,Geelong,home,CD_M20260142701,17,Judd McVee,CD_I1017703,0.0,1.0,0.0,0.0,4.0,0.0,0.0,0.0,0.0,0.0,0.0,0.0,18.2,2.0,5.0,66.7,12.0,8.0,3.0,0.0,0.0,0.0,0.0,0.0,0.0,2.0,7.0,0.0,0.0,0.0,0.0,2.0,0.0,2.0,60.0,0.7,1.0,1.0,5.0,1.0,0.0,0.0,174.0,2.0,7.0,2.5,1.0,0.0,3.0,1.0,0.0,2.0,0.0,1.0,1.0,66.0,0.0,11.0,3.0,9.0
2026,Semi Finals,2026-09-11,Geelong,home,CD_M20260142701,25,Alex Pearce,CD_I298409,0.0,0.0,0.0,1.0,2.0,0.0,0.0,1.0,0.0,0.0,0.0,1.0,53.8,7.0,5.0,84.6,13.0,11.0,4.0,0.0,1.0,0.0,0.0,0.0,0.0,6.0,9.0,0.0,0.0,0.0,0.0,0.0,2.0,6.0,100.0,0.4,0.0,0.0,4.0,3.0,0.0,0.0,10.0,4.0,5.0,8.9,0.0,0.0,3.0,2.0,0.0,2.0,0.0,0.0,0.0,90.0,1.0,13.0,1.0,6.0
2026,Semi Finals,2026-09-11,Geelong,home,CD_M20260142701,16,Murphy Reid,CD_I1028513,1.0,3.0,8.0,2.0,5.0,0.0,0.0,0.0,0.0,0.0,0.0,0.0,33.3,8.0,7.0,65.2,23.0,15.0,6.0,0.0,1.0,1.0,0.0,2.0,0.0,7.0,13.0,0.0,0.0,0.0,0.0,4.0,0.0,1.0,60.0,0.8,0.0,0.0,10.0,1.0,1.0,1.0,263.0,0.0,17.0,9.8,0.0,0.0,11.0,0.0,2.0,0.0,0.0,5.0,0.0,82.0,2.0,24.0,5.0,16.0
2026,Semi Finals,2026-09-11,Geelong,home,CD_M20260142701,13,Luke Ryan,CD_I998659,0.0,0.0,0.0,0.0,4.0,0.0,0.0,0.0,0.0,0.0,0.0,0.0,21.1,4.0,9.0,80.0,20.0,16.0,11.0,0.0,2.0,0.0,0.0,0.0,0.0,4.0,7.0,0.0,0.0,0.0,0.0,1.0,0.0,4.0,84.6,1.9,1.0,1.0,13.0,7.0,0.0,0.0,418.0,4.0,9.0,1.9,3.0,0.0,5.0,0.0,0.0,4.0,0.0,2.0,0.0,73.0,0.0,19.0,2.0,15.0
2026,Semi Finals,2026-09-11,Geelong,home,CD_M20260142701,3,Caleb Serong,CD_I1009420,0.0,0.0,24.0,4.0,3.0,0.0,0.0,0.0,0.0,0.0,0.0,0.0,45.8,11.0,4.0,69.6,23.0,16.0,8.0,1.0,0.0,0.0,100.0,2.0,1.0,8.0,11.0,0.0,0.0,0.0,0.0,4.0,1.0,5.0,66.7,1.1,0.0,0.0,12.0,1.0,1.0,0.0,430.0,1.0,14.0,18.5,2.0,0.0,7.0,2.0,1.0,0.0,2.0,5.0,1.0,74.0,6.0,24.0,3.0,13.0
2026,Semi Finals,2026-09-11,Geelong,home,CD_M20260142701,39,Sam Switkowski,CD_I992059,0.0,0.0,0.0,0.0,3.0,0.0,0.0,0.0,1.0,0.0,0.0,0.0,45.5,5.0,7.0,72.7,11.0,8.0,1.0,0.0,1.0,0.0,0.0,1.0,0.0,4.0,7.0,0.0,0.0,0.0,0.0,4.0,0.0,1.0,25.0,0.6,0.0,0.0,4.0,4.0,0.0,2.0,149.0,1.0,14.0,8.7,0.0,0.0,5.0,1.0,0.0,1.0,1.0,2.0,2.0,77.0,1.0,11.0,3.0,6.0
2026,Semi Finals,2026-09-11,Geelong,home,CD_M20260142701,35,Josh Treacy,CD_I1012819,1.0,0.0,0.0,0.0,3.0,0.0,0.0,0.0,3.0,2.0,66.7,3.0,52.9,9.0,3.0,76.9,13.0,10.0,8.0,1.0,1.0,2.0,33.3,2.0,1.0,2.0,3.0,0.0,0.0,0.0,0.0,6.0,0.0,2.0,80.0,3.3,0.0,0.0,10.0,8.0,1.0,4.0,418.0,8.0,8.0,15.3,0.0,0.0,7.0,0.0,3.0,6.0,0.0,4.0,1.0,91.0,0.0,17.0,1.0,8.0
2026,Semi Finals,2026-09-11,Geelong,home,CD_M20260142701,20,Patrick Voss,CD_I1017754,1.0,0.0,0.0,0.0,2.0,0.0,0.0,0.0,0.0,0.0,0.0,2.0,50.0,6.0,2.0,66.7,12.0,8.0,5.0,2.0,1.0,1.0,66.7,0.0,4.0,3.0,3.0,0.0,0.0,0.0,0.0,2.0,0.0,0.0,55.6,3.0,0.0,0.0,9.0,5.0,3.0,1.0,291.0,0.0,8.0,14.7,0.0,0.0,8.0,0.0,6.0,0.0,0.0,1.0,0.0,89.0,0.0,12.0,5.0,6.0
2026,Semi Finals,2026-09-11,Geelong,home,CD_M20260142701,34,Corey Wagner,CD_I993940,0.0,0.0,0.0,0.0,2.0,0.0,0.0,2.0,0.0,0.0,0.0,0.0,25.0,3.0,15.0,53.8,13.0,7.0,4.0,0.0,1.0,0.0,0.0,1.0,0.0,3.0,5.0,0.0,0.0,0.0,0.0,1.0,0.0,1.0,50.0,1.6,0.0,0.0,8.0,3.0,0.0,0.0,340.0,1.0,20.0,3.3,3.0,0.0,6.0,1.0,0.0,1.0,1.0,8.0,0.0,71.0,1.0,12.0,3.0,9.0
2026,Semi Finals,2026-09-11,Geelong,home,CD_M20260142701,23,Karl Worner,CD_I1021015,0.0,0.0,0.0,0.0,1.0,0.0,0.0,0.0,0.0,0.0,0.0,0.0,50.0,8.0,10.0,100.0,18.0,18.0,10.0,0.0,0.0,1.0,0.0,0.0,0.0,7.0,8.0,0.0,0.0,0.0,0.0,1.0,1.0,4.0,100.0,1.3,3.0,3.0,10.0,5.0,0.0,1.0,271.0,3.0,10.0,12.1,4.0,0.0,4.0,1.0,0.0,3.0,3.0,4.0,0.0,80.0,3.0,16.0,1.0,8.0
2026,Semi Finals,2026-09-11,Geelong,home,CD_M20260142701,26,Hayden Young,CD_I1009256,1.0,3.0,19.0,2.0,4.0,0.0,0.0,0.0,0.0,0.0,0.0,1.0,57.1,12.0,9.0,65.2,23.0,15.0,9.0,0.0,0.0,1.0,50.0,0.0,1.0,7.0,9.0,0.0,0.0,0.0,0.0,9.0,1.0,4.0,64.3,1.6,0.0,0.0,14.0,4.0,1.0,0.0,556.0,1.0,16.0,17.7,0.0,0.0,6.0,3.0,2.0,0.0,4.0,4.0,1.0,66.0,6.0,21.0,5.0,9.0
2026,Preliminary Finals,2026-09-18,Sydney,away,CD_M20260142802,24,Jye Amiss,CD_I1020594,0.0,0.0,0.0,0.0,2.0,0.0,0.0,0.0,2.0,1.0,50.0,1.0,50.0,5.0,0.0,80.0,10.0,8.0,3.0,3.0,2.0,0.0,33.3,0.0,1.0,4.0,5.0,0.0,0.0,0.0,0.0,2.0,0.0,1.0,60.0,1.0,0.0,0.0,5.0,2.0,2.0,1.0,164.0,0.0,4.0,10.0,0.0,0.0,4.0,0.0,3.0,0.0,0.0,0.0,0.0,95.0,0.0,10.0,5.0,5.0
2026,Preliminary Finals,2026-09-18,Sydney,away,CD_M20260142802,10,Shai Bolton,CD_I993993,0.0,1.0,14.0,2.0,4.0,0.0,0.0,0.0,0.0,0.0,0.0,1.0,52.4,11.0,1.0,70.0,20.0,14.0,7.0,2.0,1.0,3.0,50.0,1.0,2.0,4.0,7.0,0.0,0.0,0.0,0.0,7.0,0.0,2.0,53.8,1.9,0.0,0.0,13.0,3.0,0.0,0.0,397.0,1.0,13.0,17.6,0.0,0.0,7.0,2.0,4.0,0.0,1.0,8.0,4.0,73.0,3.0,21.0,6.0,10.0
2026,Preliminary Finals,2026-09-18,Sydney,away,CD_M20260142802,8,Andrew Brayshaw,CD_I1002232,0.0,1.0,17.0,1.0,6.0,0.0,0.0,0.0,0.0,0.0,0.0,1.0,43.3,13.0,6.0,72.4,29.0,21.0,7.0,0.0,2.0,1.0,0.0,0.0,0.0,8.0,17.0,0.0,0.0,0.0,0.0,5.0,1.0,4.0,58.3,0.7,0.0,0.0,12.0,5.0,0.0,0.0,379.0,2.0,21.0,12.1,0.0,0.0,2.0,1.0,0.0,0.0,4.0,6.0,0.0,79.0,5.0,30.0,6.0,17.0
2026,Preliminary Finals,2026-09-18,Sydney,away,CD_M20260142802,5,Heath Chapman,CD_I1013224,0.0,0.0,0.0,0.0,1.0,100.0,1.0,1.0,0.0,0.0,0.0,1.0,41.2,7.0,5.0,85.0,20.0,17.0,11.0,0.0,0.0,0.0,0.0,0.0,0.0,5.0,9.0,0.0,0.0,0.0,0.0,1.0,2.0,10.0,100.0,1.2,1.0,1.0,11.0,6.0,0.0,1.0,395.0,4.0,8.0,10.9,7.0,0.0,3.0,1.0,0.0,3.0,0.0,0.0,0.0,85.0,0.0,17.0,4.0,10.0
2026,Preliminary Finals,2026-09-18,Sydney,away,CD_M20260142802,6,Jordan Clark,CD_I1006152,1.0,0.0,0.0,0.0,6.0,0.0,0.0,0.0,0.0,0.0,0.0,0.0,36.8,7.0,6.0,63.2,19.0,12.0,5.0,0.0,4.0,0.0,0.0,0.0,0.0,7.0,9.0,0.0,0.0,0.0,0.0,2.0,0.0,6.0,50.0,1.1,2.0,2.0,10.0,0.0,0.0,0.0,490.0,0.0,7.0,5.1,5.0,0.0,2.0,0.0,1.0,0.0,1.0,0.0,0.0,79.0,1.0,19.0,10.0,12.0
2026,Preliminary Finals,2026-09-18,Sydney,away,CD_M20260142802,18,Mason Cox,CD_I998647,0.0,0.0,6.0,0.0,0.0,0.0,0.0,0.0,1.0,0.0,0.0,2.0,75.0,3.0,1.0,75.0,4.0,3.0,1.0,1.0,0.0,0.0,100.0,0.0,1.0,1.0,2.0,47.6,60.0,21.0,10.0,0.0,0.0,0.0,50.0,1.0,0.0,0.0,2.0,3.0,1.0,0.0,69.0,2.0,3.0,11.6,0.0,35.0,3.0,2.0,1.0,2.0,0.0,0.0,0.0,43.0,0.0,4.0,0.0,1.0
2026,Preliminary Finals,2026-09-18,Sydney,away,CD_M20260142802,43,Isaiah Dudley,CD_I1011558,1.0,0.0,0.0,0.0,1.0,0.0,0.0,0.0,1.0,0.0,0.0,0.0,37.5,6.0,1.0,50.0,16.0,8.0,6.0,3.0,0.0,1.0,40.0,0.0,2.0,6.0,5.0,0.0,0.0,0.0,0.0,1.0,0.0,1.0,54.5,2.2,0.0,0.0,11.0,3.0,1.0,2.0,301.0,0.0,9.0,11.5,0.0,0.0,4.0,1.0,5.0,0.0,2.0,5.0,3.0,76.0,2.0,16.0,2.0,10.0
2026,Preliminary Finals,2026-09-18,Sydney,away,CD_M20260142802,28,Neil Erasmus,CD_I1020250,0.0,0.0,0.0,0.0,5.0,0.0,0.0,0.0,1.0,1.0,100.0,0.0,37.5,6.0,1.0,58.8,17.0,10.0,8.0,1.0,1.0,2.0,33.3,0.0,1.0,3.0,3.0,0.0,0.0,0.0,0.0,2.0,0.0,3.0,57.1,4.7,0.0,0.0,14.0,5.0,0.0,1.0,427.0,2.0,8.0,3.1,2.0,0.0,2.0,1.0,3.0,1.0,2.0,2.0,0.0,80.0,2.0,16.0,7.0,10.0
2026,Preliminary Finals,2026-09-18,Sydney,away,CD_M20260142802,32,Michael Frederick,CD_I999321,1.0,3.0,0.0,0.0,1.0,0.0,0.0,0.0,0.0,0.0,0.0,0.0,28.6,4.0,6.0,46.2,13.0,6.0,2.0,0.0,0.0,2.0,25.0,0.0,1.0,1.0,5.0,0.0,0.0,0.0,0.0,3.0,0.0,2.0,25.0,1.6,0.0,0.0,8.0,1.0,0.0,0.0,233.0,3.0,20.0,4.9,0.0,0.0,3.0,1.0,4.0,1.0,2.0,5.0,3.0,72.0,2.0,14.0,3.0,10.0
2026,Preliminary Finals,2026-09-18,Sydney,away,CD_M20260142802,9,Luke Jackson,CD_I1009399,0.0,0.0,19.0,2.0,2.0,0.0,0.0,0.0,2.0,0.0,0.0,3.0,76.9,10.0,2.0,80.0,15.0,12.0,6.0,0.0,2.0,1.0,100.0,0.0,2.0,3.0,6.0,40.7,39.1,27.0,11.0,2.0,1.0,1.0,66.7,1.5,0.0,0.0,9.0,4.0,2.0,0.0,162.0,3.0,10.0,23.8,0.0,69.0,8.0,5.0,2.0,1.0,1.0,5.0,3.0,80.0,3.0,13.0,1.0,3.0
2026,Preliminary Finals,2026-09-18,Sydney,away,CD_M20260142802,44,Matthew Johnson,CD_I1016825,0.0,0.0,4.0,1.0,3.0,0.0,0.0,1.0,0.0,0.0,0.0,1.0,52.6,10.0,10.0,68.4,19.0,13.0,12.0,1.0,1.0,2.0,0.0,1.0,0.0,4.0,4.0,0.0,0.0,0.0,0.0,5.0,1.0,4.0,80.0,3.8,0.0,0.0,15.0,3.0,0.0,0.0,420.0,2.0,18.0,9.0,2.0,0.0,4.0,2.0,1.0,1.0,2.0,6.0,0.0,72.0,3.0,19.0,6.0,9.0
2026,Preliminary Finals,2026-09-18,Sydney,away,CD_M20260142802,21,Oscar McDonald,CD_I992472,0.0,0.0,0.0,0.0,3.0,0.0,0.0,6.0,0.0,0.0,0.0,2.0,50.0,5.0,4.0,80.0,10.0,8.0,5.0,0.0,2.0,0.0,0.0,1.0,0.0,2.0,3.0,0.0,0.0,0.0,0.0,1.0,2.0,6.0,71.4,2.3,0.0,0.0,7.0,4.0,0.0,0.0,197.0,6.0,9.0,10.2,3.0,0.0,3.0,2.0,0.0,5.0,0.0,4.0,0.0,96.0,0.0,10.0,1.0,5.0
2026,Preliminary Finals,2026-09-18,Sydney,away,CD_M20260142802,17,Judd McVee,CD_I1017703,0.0,0.0,0.0,0.0,2.0,50.0,1.0,2.0,0.0,0.0,0.0,0.0,46.7,7.0,4.0,86.7,15.0,13.0,5.0,0.0,1.0,1.0,0.0,1.0,0.0,6.0,8.0,0.0,0.0,0.0,0.0,2.0,0.0,7.0,71.4,0.9,1.0,0.0,7.0,1.0,0.0,0.0,187.0,3.0,4.0,14.0,2.0,0.0,2.0,0.0,0.0,3.0,1.0,1.0,0.0,82.0,1.0,15.0,1.0,8.0
2026,Preliminary Finals,2026-09-18,Sydney,away,CD_M20260142802,25,Alex Pearce,CD_I298409,0.0,0.0,0.0,0.0,3.0,0.0,0.0,5.0,0.0,0.0,0.0,2.0,70.0,7.0,4.0,77.8,9.0,7.0,2.0,0.0,2.0,1.0,0.0,0.0,0.0,4.0,7.0,0.0,0.0,0.0,0.0,0.0,2.0,6.0,100.0,0.3,0.0,0.0,2.0,2.0,0.0,0.0,76.0,5.0,8.0,7.4,2.0,0.0,0.0,0.0,0.0,5.0,0.0,0.0,0.0,94.0,0.0,10.0,2.0,3.0
2026,Preliminary Finals,2026-09-18,Sydney,away,CD_M20260142802,16,Murphy Reid,CD_I1028513,0.0,0.0,6.0,1.0,3.0,0.0,0.0,0.0,0.0,0.0,0.0,0.0,30.4,7.0,2.0,70.0,20.0,14.0,0.0,2.0,1.0,1.0,0.0,1.0,0.0,5.0,14.0,0.0,0.0,0.0,0.0,4.0,0.0,2.0,0.0,0.4,0.0,0.0,6.0,2.0,0.0,0.0,215.0,0.0,9.0,7.6,1.0,0.0,1.0,0.0,0.0,0.0,2.0,3.0,0.0,82.0,3.0,23.0,3.0,16.0
2026,Preliminary Finals,2026-09-18,Sydney,away,CD_M20260142802,13,Luke Ryan,CD_I998659,0.0,0.0,0.0,0.0,2.0,0.0,0.0,0.0,0.0,0.0,0.0,0.0,33.3,4.0,2.0,94.1,17.0,16.0,12.0,0.0,0.0,0.0,0.0,0.0,0.0,4.0,4.0,0.0,0.0,0.0,0.0,2.0,0.0,4.0,92.3,3.3,5.0,5.0,13.0,4.0,0.0,0.0,496.0,0.0,4.0,5.3,7.0,0.0,1.0,0.0,0.0,0.0,1.0,1.0,0.0,72.0,1.0,12.0,3.0,8.0
2026,Preliminary Finals,2026-09-18,Sydney,away,CD_M20260142802,3,Caleb Serong,CD_I1009420,3.0,0.0,21.0,4.0,0.0,0.0,0.0,0.0,0.0,0.0,0.0,0.0,46.4,13.0,5.0,57.1,28.0,16.0,8.0,2.0,0.0,1.0,0.0,0.0,0.0,9.0,9.0,0.0,0.0,0.0,0.0,10.0,0.0,2.0,42.1,2.1,0.0,0.0,19.0,1.0,0.0,1.0,625.0,1.0,14.0,17.9,2.0,0.0,8.0,1.0,3.0,0.0,6.0,2.0,1.0,78.0,10.0,28.0,3.0,15.0
2026,Preliminary Finals,2026-09-18,Sydney,away,CD_M20260142802,39,Sam Switkowski,CD_I992059,0.0,0.0,0.0,0.0,0.0,0.0,0.0,0.0,0.0,0.0,0.0,1.0,54.5,6.0,2.0,58.3,12.0,7.0,2.0,1.0,0.0,0.0,0.0,0.0,0.0,5.0,8.0,0.0,0.0,0.0,0.0,3.0,0.0,0.0,50.0,0.5,0.0,0.0,4.0,2.0,0.0,0.0,125.0,0.0,8.0,5.2,0.0,0.0,3.0,0.0,0.0,0.0,1.0,0.0,0.0,75.0,1.0,11.0,2.0,5.0
2026,Preliminary Finals,2026-09-18,Sydney,away,CD_M20260142802,35,Josh Treacy,CD_I1012819,0.0,0.0,0.0,0.0,3.0,0.0,0.0,0.0,6.0,2.0,33.3,1.0,50.0,3.0,1.0,62.5,8.0,5.0,4.0,0.0,0.0,1.0,0.0,1.0,0.0,1.0,2.0,0.0,0.0,0.0,0.0,2.0,0.0,2.0,66.7,3.0,0.0,0.0,6.0,2.0,0.0,0.0,172.0,1.0,9.0,-0.3,0.0,0.0,1.0,0.0,0.0,1.0,0.0,0.0,0.0,87.0,0.0,6.0,2.0,3.0
2026,Preliminary Finals,2026-09-18,Sydney,away,CD_M20260142802,20,Patrick Voss,CD_I1017754,2.0,0.0,0.0,0.0,4.0,0.0,0.0,0.0,1.0,0.0,0.0,1.0,54.5,6.0,1.0,60.0,10.0,6.0,4.0,3.0,3.0,1.0,25.0,0.0,1.0,4.0,2.0,0.0,0.0,0.0,0.0,3.0,0.0,2.0,50.0,4.0,0.0,0.0,8.0,5.0,1.0,1.0,247.0,0.0,18.0,6.3,0.0,0.0,4.0,2.0,4.0,0.0,0.0,4.0,2.0,90.0,0.0,11.0,4.0,5.0
2026,Preliminary Finals,2026-09-18,Sydney,away,CD_M20260142802,34,Corey Wagner,CD_I993940,0.0,0.0,0.0,0.0,3.0,0.0,0.0,0.0,0.0,0.0,0.0,0.0,50.0,8.0,7.0,68.8,16.0,11.0,7.0,1.0,2.0,2.0,0.0,1.0,0.0,6.0,6.0,0.0,0.0,0.0,0.0,5.0,1.0,3.0,70.0,1.7,0.0,0.0,10.0,5.0,0.0,0.0,325.0,1.0,15.0,5.2,2.0,0.0,3.0,1.0,0.0,0.0,3.0,4.0,0.0,69.0,3.0,16.0,4.0,8.0
2026,Preliminary Finals,2026-09-18,Sydney,away,CD_M20260142802,23,Karl Worner,CD_I1021015,0.0,1.0,0.0,0.0,3.0,0.0,0.0,2.0,0.0,0.0,0.0,0.0,30.8,4.0,5.0,78.6,14.0,11.0,6.0,0.0,0.0,0.0,0.0,0.0,0.0,3.0,7.0,0.0,0.0,0.0,0.0,0.0,0.0,2.0,85.7,1.0,2.0,2.0,7.0,2.0,0.0,0.0,210.0,5.0,6.0,7.0,4.0,0.0,1.0,1.0,0.0,4.0,0.0,1.0,0.0,76.0,0.0,13.0,1.0,9.0
2026,Preliminary Finals,2026-09-18,Sydney,away,CD_M20260142802,26,Hayden Young,CD_I1009256,0.0,2.0,13.0,1.0,1.0,0.0,0.0,0.0,1.0,0.0,0.0,0.0,39.3,11.0,6.0,64.3,28.0,18.0,5.0,4.0,0.0,0.0,100.0,1.0,1.0,6.0,16.0,0.0,0.0,0.0,0.0,5.0,1.0,3.0,41.7,0.8,0.0,0.0,12.0,5.0,1.0,3.0,326.0,1.0,24.0,12.4,0.0,0.0,7.0,0.0,1.0,0.0,3.0,7.0,1.0,68.0,4.0,28.0,4.0,17.0
2026,Grand Final,2026-09-26,Brisbane Lions,home,CD_M20260142901,24,Jye Amiss,CD_I1020594,0.0,0.0,0.0,0.0,0.0,0.0,0.0,0.0,8.0,6.0,75.0,4.0,72.7,8.0,1.0,40.0,10.0,4.0,3.0,2.0,0.0,1.0,50.0,0.0,2.0,3.0,2.0,0.0,0.0,0.0,0.0,2.0,0.0,0.0,37.5,4.0,0.0,0.0,8.0,4.0,2.0,0.0,146.0,1.0,5.0,12.3,0.0,0.0,4.0,0.0,4.0,0.0,0.0,2.0,2.0,95.0,0.0,11.0,2.0,3.0
2026,Grand Final,2026-09-26,Brisbane Lions,home,CD_M20260142901,10,Shai Bolton,CD_I993993,2.0,3.0,18.0,1.0,4.0,0.0,0.0,0.0,0.0,0.0,0.0,0.0,38.5,10.0,6.0,57.7,26.0,15.0,8.0,1.0,0.0,2.0,0.0,1.0,0.0,6.0,9.0,0.0,0.0,0.0,0.0,9.0,0.0,4.0,47.1,1.9,0.0,0.0,17.0,7.0,0.0,1.0,686.0,1.0,16.0,12.1,1.0,0.0,9.0,1.0,5.0,1.0,1.0,5.0,1.0,79.0,2.0,26.0,5.0,16.0
2026,Grand Final,2026-09-26,Brisbane Lions,home,CD_M20260142901,8,Andrew Brayshaw,CD_I1002232,0.0,1.0,25.0,3.0,4.0,0.0,0.0,2.0,0.0,0.0,0.0,0.0,47.4,9.0,10.0,75.0,16.0,12.0,7.0,0.0,0.0,2.0,0.0,0.0,0.0,4.0,7.0,0.0,0.0,0.0,0.0,4.0,0.0,1.0,77.8,1.3,0.0,0.0,9.0,3.0,0.0,0.0,333.0,5.0,31.0,11.5,3.0,0.0,6.0,3.0,0.0,1.0,3.0,7.0,1.0,81.0,6.0,19.0,2.0,10.0
2026,Grand Final,2026-09-26,Brisbane Lions,home,CD_M20260142901,5,Heath Chapman,CD_I1013224,0.0,0.0,0.0,0.0,1.0,33.3,1.0,3.0,0.0,0.0,0.0,1.0,50.0,5.0,7.0,100.0,10.0,10.0,4.0,0.0,1.0,0.0,0.0,0.0,0.0,3.0,6.0,0.0,0.0,0.0,0.0,2.0,3.0,5.0,100.0,0.7,0.0,0.0,4.0,4.0,0.0,0.0,191.0,4.0,12.0,11.3,2.0,0.0,3.0,2.0,0.0,4.0,1.0,2.0,0.0,85.0,1.0,10.0,1.0,5.0
2026,Grand Final,2026-09-26,Brisbane Lions,home,CD_M20260142901,6,Jordan Clark,CD_I1006152,0.0,0.0,0.0,0.0,1.0,0.0,0.0,1.0,0.0,0.0,0.0,0.0,50.0,5.0,9.0,85.7,14.0,12.0,11.0,0.0,0.0,1.0,0.0,0.0,0.0,4.0,3.0,0.0,0.0,0.0,0.0,1.0,2.0,9.0,100.0,3.7,2.0,2.0,11.0,4.0,0.0,0.0,424.0,2.0,12.0,6.7,7.0,0.0,2.0,1.0,0.0,2.0,0.0,0.0,0.0,85.0,0.0,10.0,7.0,5.0
2026,Grand Final,2026-09-26,Brisbane Lions,home,CD_M20260142901,18,Mason Cox,CD_I998647,0.0,0.0,2.0,0.0,0.0,0.0,0.0,0.0,0.0,0.0,0.0,0.0,50.0,1.0,2.0,100.0,2.0,2.0,2.0,0.0,0.0,0.0,0.0,0.0,0.0,0.0,0.0,50.0,50.0,4.0,2.0,0.0,0.0,0.0,100.0,2.0,0.0,0.0,2.0,0.0,0.0,0.0,26.0,1.0,3.0,4.4,0.0,8.0,3.0,1.0,0.0,0.0,0.0,0.0,0.0,32.0,0.0,2.0,0.0,1.0
2026,Grand Final,2026-09-26,Brisbane Lions,home,CD_M20260142901,43,Isaiah Dudley,CD_I1011558,1.0,2.0,0.0,0.0,2.0,0.0,0.0,1.0,0.0,0.0,0.0,0.0,38.5,5.0,2.0,76.9,13.0,10.0,7.0,3.0,2.0,0.0,66.7,1.0,2.0,5.0,3.0,0.0,0.0,0.0,0.0,5.0,0.0,0.0,70.0,3.3,0.0,0.0,10.0,1.0,0.0,0.0,406.0,0.0,5.0,14.1,1.0,0.0,7.0,0.0,3.0,0.0,1.0,0.0,0.0,64.0,1.0,13.0,4.0,8.0
2026,Grand Final,2026-09-26,Brisbane Lions,home,CD_M20260142901,28,Neil Erasmus,CD_I1020250,0.0,0.0,0.0,1.0,1.0,0.0,0.0,0.0,0.0,0.0,0.0,0.0,61.5,8.0,11.0,81.8,11.0,9.0,3.0,0.0,0.0,0.0,0.0,0.0,0.0,8.0,7.0,0.0,0.0,0.0,0.0,1.0,0.0,3.0,75.0,0.6,0.0,0.0,4.0,0.0,0.0,0.0,100.0,0.0,14.0,12.9,0.0,0.0,3.0,1.0,0.0,0.0,2.0,4.0,0.0,68.0,3.0,13.0,1.0,5.0
2026,Grand Final,2026-09-26,Brisbane Lions,home,CD_M20260142901,32,Michael Frederick,CD_I999321,1.0,0.0,0.0,0.0,0.0,0.0,0.0,0.0,0.0,0.0,0.0,0.0,40.0,4.0,6.0,66.7,9.0,6.0,6.0,1.0,0.0,2.0,50.0,0.0,1.0,2.0,0.0,0.0,0.0,0.0,0.0,3.0,1.0,1.0,66.7,9.0,0.0,0.0,9.0,5.0,1.0,0.0,233.0,0.0,13.0,9.2,0.0,0.0,3.0,2.0,2.0,0.0,2.0,4.0,1.0,78.0,2.0,10.0,2.0,6.0
2026,Grand Final,2026-09-26,Brisbane Lions,home,CD_M20260142901,9,Luke Jackson,CD_I1009399,0.0,0.0,28.0,3.0,2.0,0.0,0.0,0.0,3.0,2.0,66.7,2.0,61.5,8.0,5.0,60.0,15.0,9.0,6.0,0.0,0.0,1.0,0.0,1.0,0.0,3.0,5.0,27.7,50.5,47.0,13.0,2.0,1.0,1.0,60.0,2.0,0.0,0.0,10.0,2.0,0.0,0.0,254.0,3.0,11.0,19.1,0.0,93.0,8.0,5.0,0.0,0.0,1.0,4.0,0.0,86.0,4.0,13.0,5.0,5.0
2026,Grand Final,2026-09-26,Brisbane Lions,home,CD_M20260142901,44,Matthew Johnson,CD_I1016825,2.0,0.0,5.0,0.0,1.0,0.0,0.0,1.0,1.0,1.0,100.0,1.0,43.8,7.0,8.0,56.3,16.0,9.0,4.0,0.0,0.0,0.0,0.0,1.0,0.0,6.0,6.0,0.0,0.0,0.0,0.0,3.0,2.0,4.0,40.0,1.7,0.0,0.0,10.0,6.0,1.0,0.0,367.0,1.0,17.0,8.8,1.0,0.0,4.0,2.0,2.0,1.0,2.0,3.0,0.0,77.0,2.0,16.0,1.0,9.0
2026,Grand Final,2026-09-26,Brisbane Lions,home,CD_M20260142901,21,Oscar McDonald,CD_I992472,1.0,0.0,0.0,0.0,2.0,16.7,1.0,6.0,0.0,0.0,0.0,2.0,58.3,7.0,7.0,76.9,13.0,10.0,7.0,0.0,1.0,1.0,0.0,0.0,0.0,4.0,5.0,0.0,0.0,0.0,0.0,1.0,4.0,9.0,87.5,1.6,0.0,0.0,8.0,5.0,0.0,0.0,151.0,7.0,8.0,11.3,3.0,0.0,2.0,1.0,1.0,7.0,0.0,2.0,0.0,100.0,0.0,12.0,1.0,5.0
2026,Grand Final,2026-09-26,Brisbane Lions,home,CD_M20260142901,17,Judd McVee,CD_I1017703,0.0,0.0,0.0,0.0,2.0,50.0,1.0,2.0,0.0,0.0,0.0,1.0,55.6,5.0,5.0,80.0,10.0,8.0,8.0,0.0,1.0,0.0,0.0,0.0,0.0,4.0,0.0,0.0,0.0,0.0,0.0,0.0,3.0,6.0,80.0,10.0,1.0,1.0,10.0,4.0,0.0,0.0,214.0,2.0,7.0,8.9,2.0,0.0,6.0,5.0,0.0,2.0,1.0,1.0,0.0,78.0,1.0,9.0,2.0,4.0
2026,Grand Final,2026-09-26,Brisbane Lions,home,CD_M20260142901,25,Alex Pearce,CD_I298409,0.0,0.0,0.0,0.0,1.0,50.0,1.0,2.0,0.0,0.0,0.0,0.0,0.0,0.0,2.0,100.0,2.0,2.0,1.0,0.0,1.0,0.0,0.0,0.0,0.0,0.0,1.0,0.0,0.0,0.0,0.0,0.0,0.0,0.0,100.0,1.0,0.0,0.0,1.0,0.0,0.0,0.0,45.0,2.0,2.0,0.1,1.0,0.0,0.0,0.0,0.0,1.0,0.0,0.0,0.0,49.0,0.0,1.0,1.0,1.0
2026,Grand Final,2026-09-26,Brisbane Lions,home,CD_M20260142901,16,Murphy Reid,CD_I1028513,0.0,2.0,3.0,1.0,3.0,0.0,0.0,0.0,0.0,0.0,0.0,1.0,33.3,6.0,10.0,61.9,21.0,13.0,9.0,0.0,0.0,0.0,100.0,0.0,1.0,4.0,8.0,0.0,0.0,0.0,0.0,6.0,1.0,2.0,69.2,1.6,0.0,0.0,13.0,2.0,0.0,1.0,271.0,1.0,18.0,14.2,0.0,0.0,3.0,0.0,1.0,0.0,2.0,4.0,1.0,83.0,3.0,18.0,4.0,12.0
2026,Grand Final,2026-09-26,Brisbane Lions,home,CD_M20260142901,13,Luke Ryan,CD_I998659,0.0,1.0,0.0,0.0,0.0,0.0,0.0,2.0,0.0,0.0,0.0,0.0,37.5,3.0,8.0,76.9,13.0,10.0,8.0,0.0,0.0,0.0,0.0,0.0,0.0,3.0,3.0,0.0,0.0,0.0,0.0,0.0,0.0,2.0,80.0,3.3,6.0,5.0,10.0,2.0,0.0,0.0,416.0,3.0,11.0,6.9,5.0,0.0,1.0,0.0,0.0,3.0,0.0,4.0,0.0,78.0,0.0,8.0,6.0,5.0
2026,Grand Final,2026-09-26,Brisbane Lions,home,CD_M20260142901,3,Caleb Serong,CD_I1009420,0.0,0.0,25.0,6.0,6.0,0.0,0.0,0.0,0.0,0.0,0.0,0.0,73.9,17.0,12.0,54.2,24.0,13.0,7.0,1.0,0.0,0.0,0.0,2.0,0.0,11.0,9.0,0.0,0.0,0.0,0.0,5.0,0.0,3.0,46.7,1.7,0.0,0.0,15.0,1.0,0.0,0.0,470.0,0.0,21.0,14.2,0.0,0.0,4.0,0.0,1.0,0.0,7.0,1.0,0.0,78.0,13.0,23.0,10.0,6.0
2026,Grand Final,2026-09-26,Brisbane Lions,home,CD_M20260142901,39,Sam Switkowski,CD_I992059,0.0,0.0,0.0,0.0,1.0,0.0,0.0,0.0,0.0,0.0,0.0,1.0,37.5,6.0,4.0,81.3,16.0,13.0,4.0,3.0,0.0,0.0,0.0,1.0,0.0,5.0,10.0,0.0,0.0,0.0,0.0,4.0,1.0,1.0,66.7,0.6,0.0,0.0,6.0,6.0,2.0,0.0,143.0,1.0,14.0,8.3,0.0,0.0,5.0,2.0,1.0,0.0,2.0,4.0,1.0,86.0,2.0,16.0,2.0,10.0
2026,Grand Final,2026-09-26,Brisbane Lions,home,CD_M20260142901,35,Josh Treacy,CD_I1012819,2.0,0.0,0.0,0.0,0.0,0.0,0.0,0.0,3.0,1.0,33.3,3.0,50.0,5.0,1.0,66.7,9.0,6.0,5.0,0.0,0.0,0.0,33.3,1.0,1.0,2.0,1.0,0.0,0.0,0.0,0.0,3.0,0.0,1.0,62.5,8.0,0.0,0.0,8.0,6.0,2.0,0.0,154.0,3.0,10.0,8.2,0.0,0.0,5.0,0.0,3.0,3.0,0.0,4.0,2.0,97.0,0.0,10.0,0.0,5.0
2026,Grand Final,2026-09-26,Brisbane Lions,home,CD_M20260142901,20,Patrick Voss,CD_I1017754,2.0,0.0,0.0,0.0,0.0,0.0,0.0,0.0,3.0,0.0,0.0,0.0,40.0,4.0,4.0,66.7,9.0,6.0,3.0,3.0,0.0,1.0,60.0,0.0,3.0,3.0,3.0,0.0,0.0,0.0,0.0,2.0,0.0,0.0,50.0,2.0,0.0,0.0,6.0,5.0,4.0,2.0,136.0,0.0,11.0,10.5,0.0,0.0,8.0,0.0,5.0,0.0,0.0,5.0,2.0,93.0,0.0,10.0,1.0,6.0
2026,Grand Final,2026-09-26,Brisbane Lions,home,CD_M20260142901,34,Corey Wagner,CD_I993940,0.0,0.0,0.0,0.0,0.0,0.0,0.0,2.0,0.0,0.0,0.0,0.0,40.0,4.0,11.0,63.6,11.0,7.0,3.0,0.0,0.0,0.0,0.0,1.0,0.0,4.0,5.0,0.0,0.0,0.0,0.0,2.0,0.0,1.0,50.0,1.2,0.0,0.0,6.0,2.0,0.0,0.0,273.0,1.0,15.0,4.3,1.0,0.0,3.0,0.0,0.0,0.0,0.0,3.0,0.0,69.0,0.0,10.0,1.0,6.0
2026,Grand Final,2026-09-26,Brisbane Lions,home,CD_M20260142901,23,Karl Worner,CD_I1021015,1.0,2.0,0.0,0.0,1.0,50.0,1.0,2.0,0.0,0.0,0.0,1.0,36.4,4.0,6.0,68.8,16.0,11.0,7.0,0.0,0.0,0.0,0.0,0.0,0.0,3.0,4.0,0.0,0.0,0.0,0.0,2.0,2.0,7.0,58.3,3.0,3.0,3.0,12.0,3.0,0.0,0.0,529.0,3.0,9.0,4.5,7.0,0.0,2.0,2.0,1.0,3.0,1.0,2.0,0.0,82.0,1.0,11.0,5.0,7.0
2026,Grand Final,2026-09-26,Brisbane Lions,home,CD_M20260142901,26,Hayden Young,CD_I1009256,1.0,1.0,14.0,2.0,3.0,0.0,0.0,0.0,0.0,0.0,0.0,0.0,34.8,8.0,14.0,54.5,22.0,12.0,8.0,0.0,1.0,1.0,66.7,1.0,2.0,5.0,8.0,0.0,0.0,0.0,0.0,5.0,1.0,3.0,57.1,1.8,0.0,0.0,14.0,5.0,1.0,1.0,484.0,1.0,25.0,16.6,0.0,0.0,8.0,1.0,3.0,0.0,2.0,9.0,0.0,76.0,4.0,23.0,2.0,15.0
