season,round,date,opponent,event,quarter,quarter_secs,secs,team,kind,player,rushed,freo_score,opp_score
2026,R2,Sat 14-Mar-2026 4:15 PM,Geelong,1,1,2302,70,Freo,behind,,1,1,0
2026,R2,Sat 14-Mar-2026 4:15 PM,Geelong,2,1,2302,146,Freo,goal,Shai Bolton,0,7,0
2026,R2,Sat 14-Mar-2026 4:15 PM,Geelong,3,1,2302,220,Freo,behind,Neil Erasmus,0,8,0
2026,R2,Sat 14-Mar-2026 4:15 PM,Geelong,4,1,2302,289,Opp,goal,Jeremy Cameron,0,8,6
2026,R2,Sat 14-Mar-2026 4:15 PM,Geelong,5,1,2302,450,Opp,behind,Tanner Bruhn,0,8,7
2026,R2,Sat 14-Mar-2026 4:15 PM,Geelong,6,1,2302,570,Freo,goal,Caleb Serong,0,14,7
2026,R2,Sat 14-Mar-2026 4:15 PM,Geelong,7,1,2302,661,Freo,goal,Jye Amiss,0,20,7
2026,R2,Sat 14-Mar-2026 4:15 PM,Geelong,8,1,2302,816,Freo,behind,Neil Erasmus,0,21,7
2026,R2,Sat 14-Mar-2026 4:15 PM,Geelong,9,1,2302,986,Freo,goal,Isaiah Dudley,0,27,7
2026,R2,Sat 14-Mar-2026 4:15 PM,Geelong,10,1,2302,1094,Freo,behind,Isaiah Dudley,0,28,7
2026,R2,Sat 14-Mar-2026 4:15 PM,Geelong,11,1,2302,1205,Opp,goal,Shannon Neale,0,28,13
2026,R2,Sat 14-Mar-2026 4:15 PM,Geelong,12,1,2302,1429,Freo,goal,Josh Treacy,0,34,13
2026,R2,Sat 14-Mar-2026 4:15 PM,Geelong,13,1,2302,1540,Opp,goal,Jhye Clark,0,34,19
2026,R2,Sat 14-Mar-2026 4:15 PM,Geelong,14,1,2302,1685,Freo,goal,Luke Jackson,0,40,19
2026,R2,Sat 14-Mar-2026 4:15 PM,Geelong,15,1,2302,1891,Freo,goal,Nathan ODriscoll,0,46,19
2026,R2,Sat 14-Mar-2026 4:15 PM,Geelong,16,1,2302,2142,Freo,goal,Shai Bolton,0,52,19
2026,R2,Sat 14-Mar-2026 4:15 PM,Geelong,17,2,1879,30,Opp,goal,Shaun Mannagh,0,52,25
2026,R2,Sat 14-Mar-2026 4:15 PM,Geelong,18,2,1879,296,Freo,behind,Sam Switkowski,0,53,25
2026,R2,Sat 14-Mar-2026 4:15 PM,Geelong,19,2,1879,396,Opp,goal,Shaun Mannagh,0,53,31
2026,R2,Sat 14-Mar-2026 4:15 PM,Geelong,20,2,1879,546,Opp,goal,Shaun Mannagh,0,53,37
2026,R2,Sat 14-Mar-2026 4:15 PM,Geelong,21,2,1879,687,Freo,goal,Isaiah Dudley,0,59,37
2026,R2,Sat 14-Mar-2026 4:15 PM,Geelong,22,2,1879,771,Freo,goal,Murphy Reid,0,65,37
2026,R2,Sat 14-Mar-2026 4:15 PM,Geelong,23,2,1879,845,Opp,behind,Jeremy Cameron,0,65,38
2026,R2,Sat 14-Mar-2026 4:15 PM,Geelong,24,2,1879,942,Opp,behind,Jack Martin,0,65,39
2026,R2,Sat 14-Mar-2026 4:15 PM,Geelong,25,2,1879,1038,Freo,goal,Josh Treacy,0,71,39
2026,R2,Sat 14-Mar-2026 4:15 PM,Geelong,26,2,1879,1136,Freo,behind,Murphy Reid,0,72,39
2026,R2,Sat 14-Mar-2026 4:15 PM,Geelong,27,2,1879,1393,Freo,behind,Patrick Voss,0,73,39
2026,R2,Sat 14-Mar-2026 4:15 PM,Geelong,28,2,1879,1501,Freo,behind,Josh Treacy,0,74,39
2026,R2,Sat 14-Mar-2026 4:15 PM,Geelong,29,2,1879,1598,Opp,goal,Jeremy Cameron,0,74,45
2026,R2,Sat 14-Mar-2026 4:15 PM,Geelong,30,2,1879,1692,Opp,goal,Jeremy Cameron,0,74,51
2026,R2,Sat 14-Mar-2026 4:15 PM,Geelong,31,2,1879,1857,Opp,behind,Jeremy Cameron,0,74,52
2026,R2,Sat 14-Mar-2026 4:15 PM,Geelong,32,3,1829,146,Opp,goal,Jack Henry,0,74,58
2026,R2,Sat 14-Mar-2026 4:15 PM,Geelong,33,3,1829,271,Freo,goal,Hayden Young,0,80,58
2026,R2,Sat 14-Mar-2026 4:15 PM,Geelong,34,3,1829,367,Freo,behind,,1,81,58
2026,R2,Sat 14-Mar-2026 4:15 PM,Geelong,35,3,1829,436,Opp,goal,Shannon Neale,0,81,64
2026,R2,Sat 14-Mar-2026 4:15 PM,Geelong,36,3,1829,673,Opp,behind,Jeremy Cameron,0,81,65
2026,R2,Sat 14-Mar-2026 4:15 PM,Geelong,37,3,1829,742,Opp,goal,Shannon Neale,0,81,71
2026,R2,Sat 14-Mar-2026 4:15 PM,Geelong,38,3,1829,868,Opp,behind,Oliver Dempsey,0,81,72
2026,R2,Sat 14-Mar-2026 4:15 PM,Geelong,39,3,1829,916,Opp,goal,Shannon Neale,0,81,78
2026,R2,Sat 14-Mar-2026 4:15 PM,Geelong,40,3,1829,1126,Opp,behind,Jack Martin,0,81,79
2026,R2,Sat 14-Mar-2026 4:15 PM,Geelong,41,3,1829,1161,Freo,behind,Isaiah Dudley,0,82,79
2026,R2,Sat 14-Mar-2026 4:15 PM,Geelong,42,3,1829,1326,Freo,goal,Isaiah Dudley,0,88,79
2026,R2,Sat 14-Mar-2026 4:15 PM,Geelong,43,3,1829,1445,Freo,goal,Andrew Brayshaw,0,94,79
2026,R2,Sat 14-Mar-2026 4:15 PM,Geelong,44,3,1829,1558,Opp,behind,Jhye Clark,0,94,80
2026,R2,Sat 14-Mar-2026 4:15 PM,Geelong,45,3,1829,1630,Opp,goal,Patrick Dangerfield,0,94,86
2026,R2,Sat 14-Mar-2026 4:15 PM,Geelong,46,3,1829,1725,Freo,behind,Caleb Serong,0,95,86
2026,R2,Sat 14-Mar-2026 4:15 PM,Geelong,47,3,1829,1777,Freo,behind,Murphy Reid,0,96,86
2026,R2,Sat 14-Mar-2026 4:15 PM,Geelong,48,4,1608,58,Opp,behind,Max Holmes,0,96,87
2026,R2,Sat 14-Mar-2026 4:15 PM,Geelong,49,4,1608,200,Opp,behind,,1,96,88
2026,R2,Sat 14-Mar-2026 4:15 PM,Geelong,50,4,1608,258,Freo,behind,Murphy Reid,0,97,88
2026,R2,Sat 14-Mar-2026 4:15 PM,Geelong,51,4,1608,333,Opp,goal,Bailey Smith,0,97,94
2026,R2,Sat 14-Mar-2026 4:15 PM,Geelong,52,4,1608,440,Freo,behind,Patrick Voss,0,98,94
2026,R2,Sat 14-Mar-2026 4:15 PM,Geelong,53,4,1608,517,Opp,goal,Jack Martin,0,98,100
2026,R2,Sat 14-Mar-2026 4:15 PM,Geelong,54,4,1608,751,Opp,goal,Shannon Neale,0,98,106
2026,R2,Sat 14-Mar-2026 4:15 PM,Geelong,55,4,1608,951,Freo,behind,Patrick Voss,0,99,106
2026,R2,Sat 14-Mar-2026 4:15 PM,Geelong,56,4,1608,1214,Freo,behind,,1,100,106
2026,R2,Sat 14-Mar-2026 4:15 PM,Geelong,57,4,1608,1281,Opp,behind,Shannon Neale,0,100,107
2026,R2,Sat 14-Mar-2026 4:15 PM,Geelong,58,4,1608,1371,Opp,behind,Shaun Mannagh,0,100,108
2026,R2,Sat 14-Mar-2026 4:15 PM,Geelong,59,4,1608,1424,Opp,behind,Shaun Mannagh,0,100,109
2026,R2,Sat 14-Mar-2026 4:15 PM,Geelong,60,4,1608,1465,Opp,behind,Jeremy Cameron,0,100,110
2026,R3,Sat 21-Mar-2026 4:35 PM,Melbourne,1,1,1913,50,Freo,behind,Isaiah Dudley,0,1,0
2026,R3,Sat 21-Mar-2026 4:35 PM,Melbourne,2,1,1913,161,Freo,behind,Shai Bolton,0,2,0
2026,R3,Sat 21-Mar-2026 4:35 PM,Melbourne,3,1,1913,289,Freo,goal,Andrew Brayshaw,0,8,0
2026,R3,Sat 21-Mar-2026 4:35 PM,Melbourne,4,1,1913,512,Opp,goal,Ed Langdon,0,8,6
2026,R3,Sat 21-Mar-2026 4:35 PM,Melbourne,5,1,1913,667,Freo,goal,Matthew Johnson,0,14,6
2026,R3,Sat 21-Mar-2026 4:35 PM,Melbourne,6,1,1913,747,Freo,goal,Murphy Reid,0,20,6
2026,R3,Sat 21-Mar-2026 4:35 PM,Melbourne,7,1,1913,896,Freo,goal,Patrick Voss,0,26,6
2026,R3,Sat 21-Mar-2026 4:35 PM,Melbourne,8,1,1913,1023,Freo,goal,Josh Treacy,0,32,6
2026,R3,Sat 21-Mar-2026 4:35 PM,Melbourne,9,1,1913,1171,Freo,behind,Jye Amiss,0,33,6
2026,R3,Sat 21-Mar-2026 4:35 PM,Melbourne,10,1,1913,1248,Freo,goal,Shai Bolton,0,39,6
2026,R3,Sat 21-Mar-2026 4:35 PM,Melbourne,11,1,1913,1365,Freo,behind,Chris Scerri,0,40,6
2026,R3,Sat 21-Mar-2026 4:35 PM,Melbourne,12,1,1913,1436,Opp,behind,Trent Rivers,0,40,7
2026,R3,Sat 21-Mar-2026 4:35 PM,Melbourne,13,1,1913,1479,Freo,behind,,1,41,7
2026,R3,Sat 21-Mar-2026 4:35 PM,Melbourne,14,1,1913,1570,Freo,behind,Luke Jackson,0,42,7
2026,R3,Sat 21-Mar-2026 4:35 PM,Melbourne,15,1,1913,1593,Freo,behind,Matthew Johnson,0,43,7
2026,R3,Sat 21-Mar-2026 4:35 PM,Melbourne,16,1,1913,1673,Freo,goal,Josh Treacy,0,49,7
2026,R3,Sat 21-Mar-2026 4:35 PM,Melbourne,17,2,1833,311,Opp,goal,Harry Sharp,0,49,13
2026,R3,Sat 21-Mar-2026 4:35 PM,Melbourne,18,2,1833,583,Opp,behind,,1,49,14
2026,R3,Sat 21-Mar-2026 4:35 PM,Melbourne,19,2,1833,683,Opp,goal,Brody Mihocek,0,49,20
2026,R3,Sat 21-Mar-2026 4:35 PM,Melbourne,20,2,1833,914,Freo,behind,Luke Jackson,0,50,20
2026,R3,Sat 21-Mar-2026 4:35 PM,Melbourne,21,2,1833,1039,Freo,behind,Nathan ODriscoll,0,51,20
2026,R3,Sat 21-Mar-2026 4:35 PM,Melbourne,22,2,1833,1111,Opp,goal,Bayley Fritsch,0,51,26
2026,R3,Sat 21-Mar-2026 4:35 PM,Melbourne,23,2,1833,1223,Freo,behind,Sean Darcy,0,52,26
2026,R3,Sat 21-Mar-2026 4:35 PM,Melbourne,24,2,1833,1390,Opp,behind,Ed Langdon,0,52,27
2026,R3,Sat 21-Mar-2026 4:35 PM,Melbourne,25,2,1833,1436,Freo,behind,,1,53,27
2026,R3,Sat 21-Mar-2026 4:35 PM,Melbourne,26,2,1833,1482,Opp,goal,Kysaiah Pickett,0,53,33
2026,R3,Sat 21-Mar-2026 4:35 PM,Melbourne,27,2,1833,1582,Freo,goal,Sam Switkowski,0,59,33
2026,R3,Sat 21-Mar-2026 4:35 PM,Melbourne,28,2,1833,1677,Opp,behind,Harvey Langford,0,59,34
2026,R3,Sat 21-Mar-2026 4:35 PM,Melbourne,29,2,1833,1770,Freo,goal,Josh Treacy,0,65,34
2026,R3,Sat 21-Mar-2026 4:35 PM,Melbourne,30,3,1884,99,Freo,goal,Murphy Reid,0,71,34
2026,R3,Sat 21-Mar-2026 4:35 PM,Melbourne,31,3,1884,306,Freo,goal,Isaiah Dudley,0,77,34
2026,R3,Sat 21-Mar-2026 4:35 PM,Melbourne,32,3,1884,427,Freo,behind,Patrick Voss,0,78,34
2026,R3,Sat 21-Mar-2026 4:35 PM,Melbourne,33,3,1884,620,Opp,behind,Tom Sparrow,0,78,35
2026,R3,Sat 21-Mar-2026 4:35 PM,Melbourne,34,3,1884,704,Freo,goal,Shai Bolton,0,84,35
2026,R3,Sat 21-Mar-2026 4:35 PM,Melbourne,35,3,1884,873,Freo,goal,Josh Treacy,0,90,35
2026,R3,Sat 21-Mar-2026 4:35 PM,Melbourne,36,3,1884,1021,Opp,behind,Brody Mihocek,0,90,36
2026,R3,Sat 21-Mar-2026 4:35 PM,Melbourne,37,3,1884,1198,Opp,goal,Tom Sparrow,0,90,42
2026,R3,Sat 21-Mar-2026 4:35 PM,Melbourne,38,3,1884,1416,Freo,goal,Caleb Serong,0,96,42
2026,R3,Sat 21-Mar-2026 4:35 PM,Melbourne,39,3,1884,1670,Freo,goal,Isaiah Dudley,0,102,42
2026,R3,Sat 21-Mar-2026 4:35 PM,Melbourne,40,3,1884,1740,Freo,goal,Isaiah Dudley,0,108,42
2026,R3,Sat 21-Mar-2026 4:35 PM,Melbourne,41,3,1884,1812,Freo,behind,,1,109,42
2026,R3,Sat 21-Mar-2026 4:35 PM,Melbourne,42,4,1765,76,Freo,behind,Patrick Voss,0,110,42
2026,R3,Sat 21-Mar-2026 4:35 PM,Melbourne,43,4,1765,111,Opp,goal,Harry Sharp,0,110,48
2026,R3,Sat 21-Mar-2026 4:35 PM,Melbourne,44,4,1765,231,Opp,goal,Kade Chandler,0,110,54
2026,R3,Sat 21-Mar-2026 4:35 PM,Melbourne,45,4,1765,435,Opp,behind,Max Gawn,0,110,55
2026,R3,Sat 21-Mar-2026 4:35 PM,Melbourne,46,4,1765,618,Opp,behind,Bayley Fritsch,0,110,56
2026,R3,Sat 21-Mar-2026 4:35 PM,Melbourne,47,4,1765,785,Opp,goal,Bayley Fritsch,0,110,62
2026,R3,Sat 21-Mar-2026 4:35 PM,Melbourne,48,4,1765,1075,Freo,goal,Luke Jackson,0,116,62
2026,R3,Sat 21-Mar-2026 4:35 PM,Melbourne,49,4,1765,1230,Freo,behind,Sam Switkowski,0,117,62
2026,R3,Sat 21-Mar-2026 4:35 PM,Melbourne,50,4,1765,1377,Opp,behind,Kade Chandler,0,117,63
2026,R3,Sat 21-Mar-2026 4:35 PM,Melbourne,51,4,1765,1454,Opp,behind,Kysaiah Pickett,0,117,64
2026,R3,Sat 21-Mar-2026 4:35 PM,Melbourne,52,4,1765,1595,Opp,goal,Ed Langdon,0,117,70
2026,R3,Sat 21-Mar-2026 4:35 PM,Melbourne,53,4,1765,1702,Freo,behind,Josh Treacy,0,118,70
2026,R4,Sat 28-Mar-2026 1:15 PM,Richmond,1,1,1736,312,Freo,behind,Murphy Reid,0,1,0
2026,R4,Sat 28-Mar-2026 1:15 PM,Richmond,2,1,1736,476,Opp,behind,Steely Green,0,1,1
2026,R4,Sat 28-Mar-2026 1:15 PM,Richmond,3,1,1736,695,Freo,behind,Josh Treacy,0,2,1
2026,R4,Sat 28-Mar-2026 1:15 PM,Richmond,4,1,1736,878,Opp,behind,Jasper Alger,0,2,2
2026,R4,Sat 28-Mar-2026 1:15 PM,Richmond,5,1,1736,1079,Freo,goal,Jye Amiss,0,8,2
2026,R4,Sat 28-Mar-2026 1:15 PM,Richmond,6,1,1736,1268,Opp,behind,Jonty Faull,0,8,3
2026,R4,Sat 28-Mar-2026 1:15 PM,Richmond,7,1,1736,1353,Freo,behind,Luke Jackson,0,9,3
2026,R4,Sat 28-Mar-2026 1:15 PM,Richmond,8,1,1736,1410,Freo,behind,Caleb Serong,0,10,3
2026,R4,Sat 28-Mar-2026 1:15 PM,Richmond,9,1,1736,1689,Freo,behind,Andrew Brayshaw,0,11,3
2026,R4,Sat 28-Mar-2026 1:15 PM,Richmond,10,2,1976,172,Opp,goal,Tim Taranto,0,11,9
2026,R4,Sat 28-Mar-2026 1:15 PM,Richmond,11,2,1976,276,Freo,behind,Patrick Voss,0,12,9
2026,R4,Sat 28-Mar-2026 1:15 PM,Richmond,12,2,1976,339,Freo,behind,Josh Treacy,0,13,9
2026,R4,Sat 28-Mar-2026 1:15 PM,Richmond,13,2,1976,431,Opp,goal,Steely Green,0,13,15
2026,R4,Sat 28-Mar-2026 1:15 PM,Richmond,14,2,1976,536,Freo,goal,Josh Treacy,0,19,15
2026,R4,Sat 28-Mar-2026 1:15 PM,Richmond,15,2,1976,987,Freo,goal,Isaiah Dudley,0,25,15
2026,R4,Sat 28-Mar-2026 1:15 PM,Richmond,16,2,1976,1206,Opp,goal,Steely Green,0,25,21
2026,R4,Sat 28-Mar-2026 1:15 PM,Richmond,17,2,1976,1364,Freo,behind,Shai Bolton,0,26,21
2026,R4,Sat 28-Mar-2026 1:15 PM,Richmond,18,2,1976,1439,Freo,behind,Jye Amiss,0,27,21
2026,R4,Sat 28-Mar-2026 1:15 PM,Richmond,19,2,1976,1561,Opp,goal,Steely Green,0,27,27
2026,R4,Sat 28-Mar-2026 1:15 PM,Richmond,20,2,1976,1737,Opp,goal,Tim Taranto,0,27,33
2026,R4,Sat 28-Mar-2026 1:15 PM,Richmond,21,2,1976,1871,Freo,goal,Caleb Serong,0,33,33
2026,R4,Sat 28-Mar-2026 1:15 PM,Richmond,22,2,1976,1973,Freo,goal,Josh Treacy,0,39,33
2026,R4,Sat 28-Mar-2026 1:15 PM,Richmond,23,3,1848,229,Freo,goal,Luke Jackson,0,45,33
2026,R4,Sat 28-Mar-2026 1:15 PM,Richmond,24,3,1848,363,Freo,behind,Jye Amiss,0,46,33
2026,R4,Sat 28-Mar-2026 1:15 PM,Richmond,25,3,1848,485,Freo,behind,Luke Jackson,0,47,33
2026,R4,Sat 28-Mar-2026 1:15 PM,Richmond,26,3,1848,599,Freo,goal,Jye Amiss,0,53,33
2026,R4,Sat 28-Mar-2026 1:15 PM,Richmond,27,3,1848,727,Opp,behind,Tyler Sonsie,0,53,34
2026,R4,Sat 28-Mar-2026 1:15 PM,Richmond,28,3,1848,865,Freo,behind,Jye Amiss,0,54,34
2026,R4,Sat 28-Mar-2026 1:15 PM,Richmond,29,3,1848,934,Freo,behind,,1,55,34
2026,R4,Sat 28-Mar-2026 1:15 PM,Richmond,30,3,1848,974,Freo,behind,Luke Jackson,0,56,34
2026,R4,Sat 28-Mar-2026 1:15 PM,Richmond,31,3,1848,1090,Freo,goal,Matthew Johnson,0,62,34
2026,R4,Sat 28-Mar-2026 1:15 PM,Richmond,32,3,1848,1186,Freo,behind,Patrick Voss,0,63,34
2026,R4,Sat 28-Mar-2026 1:15 PM,Richmond,33,3,1848,1260,Freo,goal,Patrick Voss,0,69,34
2026,R4,Sat 28-Mar-2026 1:15 PM,Richmond,34,3,1848,1563,Freo,behind,Josh Treacy,0,70,34
2026,R4,Sat 28-Mar-2026 1:15 PM,Richmond,35,3,1848,1699,Freo,behind,Heath Chapman,0,71,34
2026,R4,Sat 28-Mar-2026 1:15 PM,Richmond,36,3,1848,1774,Freo,behind,Sam Switkowski,0,72,34
2026,R4,Sat 28-Mar-2026 1:15 PM,Richmond,37,3,1848,1843,Freo,goal,Josh Treacy,0,78,34
2026,R4,Sat 28-Mar-2026 1:15 PM,Richmond,38,4,1606,43,Freo,behind,,1,79,34
2026,R4,Sat 28-Mar-2026 1:15 PM,Richmond,39,4,1606,150,Freo,behind,Sam Switkowski,0,80,34
2026,R4,Sat 28-Mar-2026 1:15 PM,Richmond,40,4,1606,209,Freo,behind,,1,81,34
2026,R4,Sat 28-Mar-2026 1:15 PM,Richmond,41,4,1606,340,Freo,behind,Corey Wagner,0,82,34
2026,R4,Sat 28-Mar-2026 1:15 PM,Richmond,42,4,1606,444,Freo,goal,Josh Treacy,0,88,34
2026,R4,Sat 28-Mar-2026 1:15 PM,Richmond,43,4,1606,547,Opp,goal,Jonty Faull,0,88,40
2026,R4,Sat 28-Mar-2026 1:15 PM,Richmond,44,4,1606,614,Freo,goal,Caleb Serong,0,94,40
2026,R4,Sat 28-Mar-2026 1:15 PM,Richmond,45,4,1606,720,Opp,behind,Jonty Faull,0,94,41
2026,R4,Sat 28-Mar-2026 1:15 PM,Richmond,46,4,1606,790,Opp,behind,Sam Lalor,0,94,42
2026,R4,Sat 28-Mar-2026 1:15 PM,Richmond,47,4,1606,910,Freo,behind,Neil Erasmus,0,95,42
2026,R4,Sat 28-Mar-2026 1:15 PM,Richmond,48,4,1606,994,Freo,goal,Sean Darcy,0,101,42
2026,R4,Sat 28-Mar-2026 1:15 PM,Richmond,49,4,1606,1202,Opp,behind,Jack Ross,0,101,43
2026,R4,Sat 28-Mar-2026 1:15 PM,Richmond,50,4,1606,1365,Freo,behind,Patrick Voss,0,102,43
2026,R4,Sat 28-Mar-2026 1:15 PM,Richmond,51,4,1606,1591,Freo,behind,Luke Jackson,0,103,43
2026,R5,Fri 03-Apr-2026 6:45 PM,Adelaide,1,1,1867,109,Opp,behind,Hugh Bond,0,0,1
2026,R5,Fri 03-Apr-2026 6:45 PM,Adelaide,2,1,1867,199,Opp,goal,Finnbar Maley,0,0,7
2026,R5,Fri 03-Apr-2026 6:45 PM,Adelaide,3,1,1867,440,Freo,goal,Isaiah Dudley,0,6,7
2026,R5,Fri 03-Apr-2026 6:45 PM,Adelaide,4,1,1867,545,Freo,goal,Patrick Voss,0,12,7
2026,R5,Fri 03-Apr-2026 6:45 PM,Adelaide,5,1,1867,619,Freo,behind,Luke Jackson,0,13,7
2026,R5,Fri 03-Apr-2026 6:45 PM,Adelaide,6,1,1867,663,Freo,behind,Isaiah Dudley,0,14,7
2026,R5,Fri 03-Apr-2026 6:45 PM,Adelaide,7,1,1867,746,Freo,behind,Patrick Voss,0,15,7
2026,R5,Fri 03-Apr-2026 6:45 PM,Adelaide,8,1,1867,840,Opp,goal,Jordan Dawson,0,15,13
2026,R5,Fri 03-Apr-2026 6:45 PM,Adelaide,9,1,1867,977,Opp,behind,Alex Neal-Bullen,0,15,14
2026,R5,Fri 03-Apr-2026 6:45 PM,Adelaide,10,1,1867,1068,Freo,goal,Jye Amiss,0,21,14
2026,R5,Fri 03-Apr-2026 6:45 PM,Adelaide,11,1,1867,1176,Opp,behind,Taylor Walker,0,21,15
2026,R5,Fri 03-Apr-2026 6:45 PM,Adelaide,12,1,1867,1332,Freo,goal,Josh Treacy,0,27,15
2026,R5,Fri 03-Apr-2026 6:45 PM,Adelaide,13,1,1867,1408,Opp,goal,Sam Berry,0,27,21
2026,R5,Fri 03-Apr-2026 6:45 PM,Adelaide,14,2,1739,297,Freo,behind,Murphy Reid,0,28,21
2026,R5,Fri 03-Apr-2026 6:45 PM,Adelaide,15,2,1739,480,Freo,behind,Shai Bolton,0,29,21
2026,R5,Fri 03-Apr-2026 6:45 PM,Adelaide,16,2,1739,536,Freo,goal,Jye Amiss,0,35,21
2026,R5,Fri 03-Apr-2026 6:45 PM,Adelaide,17,2,1739,655,Freo,goal,Andrew Brayshaw,0,41,21
2026,R5,Fri 03-Apr-2026 6:45 PM,Adelaide,18,2,1739,779,Freo,goal,Jye Amiss,0,47,21
2026,R5,Fri 03-Apr-2026 6:45 PM,Adelaide,19,2,1739,892,Opp,goal,Alex Neal-Bullen,0,47,27
2026,R5,Fri 03-Apr-2026 6:45 PM,Adelaide,20,2,1739,1214,Freo,goal,Patrick Voss,0,53,27
2026,R5,Fri 03-Apr-2026 6:45 PM,Adelaide,21,2,1739,1339,Opp,behind,Izak Rankine,0,53,28
2026,R5,Fri 03-Apr-2026 6:45 PM,Adelaide,22,2,1739,1407,Opp,behind,Izak Rankine,0,53,29
2026,R5,Fri 03-Apr-2026 6:45 PM,Adelaide,23,2,1739,1674,Freo,behind,Caleb Serong,0,54,29
2026,R5,Fri 03-Apr-2026 6:45 PM,Adelaide,24,3,1872,119,Freo,behind,Josh Treacy,0,55,29
2026,R5,Fri 03-Apr-2026 6:45 PM,Adelaide,25,3,1872,211,Freo,behind,Jye Amiss,0,56,29
2026,R5,Fri 03-Apr-2026 6:45 PM,Adelaide,26,3,1872,286,Freo,behind,Patrick Voss,0,57,29
2026,R5,Fri 03-Apr-2026 6:45 PM,Adelaide,27,3,1872,582,Freo,goal,Jye Amiss,0,63,29
2026,R5,Fri 03-Apr-2026 6:45 PM,Adelaide,28,3,1872,726,Opp,goal,Zac Taylor,0,63,35
2026,R5,Fri 03-Apr-2026 6:45 PM,Adelaide,29,3,1872,1120,Opp,goal,Josh Rachele,0,63,41
2026,R5,Fri 03-Apr-2026 6:45 PM,Adelaide,30,3,1872,1405,Opp,goal,Riley Thilthorpe,0,63,47
2026,R5,Fri 03-Apr-2026 6:45 PM,Adelaide,31,3,1872,1704,Opp,goal,Brayden Cook,0,63,53
2026,R5,Fri 03-Apr-2026 6:45 PM,Adelaide,32,3,1872,1772,Opp,goal,James Peatling,0,63,59
2026,R5,Fri 03-Apr-2026 6:45 PM,Adelaide,33,4,2024,145,Opp,behind,Izak Rankine,0,63,60
2026,R5,Fri 03-Apr-2026 6:45 PM,Adelaide,34,4,2024,291,Freo,behind,Jaeger OMeara,0,64,60
2026,R5,Fri 03-Apr-2026 6:45 PM,Adelaide,35,4,2024,412,Opp,goal,Taylor Walker,0,64,66
2026,R5,Fri 03-Apr-2026 6:45 PM,Adelaide,36,4,2024,625,Opp,behind,,1,64,67
2026,R5,Fri 03-Apr-2026 6:45 PM,Adelaide,37,4,2024,728,Opp,goal,Jordan Dawson,0,64,73
2026,R5,Fri 03-Apr-2026 6:45 PM,Adelaide,38,4,2024,848,Opp,behind,Jake Soligo,0,64,74
2026,R5,Fri 03-Apr-2026 6:45 PM,Adelaide,39,4,2024,884,Freo,goal,Shai Bolton,0,70,74
2026,R5,Fri 03-Apr-2026 6:45 PM,Adelaide,40,4,2024,955,Freo,behind,Josh Treacy,0,71,74
2026,R5,Fri 03-Apr-2026 6:45 PM,Adelaide,41,4,2024,1409,Freo,goal,Josh Treacy,0,77,74
2026,R5,Fri 03-Apr-2026 6:45 PM,Adelaide,42,4,2024,1672,Freo,behind,Patrick Voss,0,78,74
2026,R5,Fri 03-Apr-2026 6:45 PM,Adelaide,43,4,2024,1896,Opp,behind,Ben Keays,0,78,75
2026,R5,Fri 03-Apr-2026 6:45 PM,Adelaide,44,4,2024,1949,Opp,behind,James Borlase,0,78,76
2026,R6,Fri 10-Apr-2026 7:10 PM,Collingwood,1,1,1679,360,Opp,goal,Tim Membrey,0,0,6
2026,R6,Fri 10-Apr-2026 7:10 PM,Collingwood,2,1,1679,521,Opp,behind,Tim Membrey,0,0,7
2026,R6,Fri 10-Apr-2026 7:10 PM,Collingwood,3,1,1679,829,Freo,behind,Patrick Voss,0,1,7
2026,R6,Fri 10-Apr-2026 7:10 PM,Collingwood,4,1,1679,922,Opp,behind,Lachie Schultz,0,1,8
2026,R6,Fri 10-Apr-2026 7:10 PM,Collingwood,5,1,1679,1259,Freo,goal,Sam Switkowski,0,7,8
2026,R6,Fri 10-Apr-2026 7:10 PM,Collingwood,6,2,1692,76,Freo,behind,Andrew Brayshaw,0,8,8
2026,R6,Fri 10-Apr-2026 7:10 PM,Collingwood,7,2,1692,355,Freo,goal,Shai Bolton,0,14,8
2026,R6,Fri 10-Apr-2026 7:10 PM,Collingwood,8,2,1692,609,Opp,behind,Tim Membrey,0,14,9
2026,R6,Fri 10-Apr-2026 7:10 PM,Collingwood,9,2,1692,699,Opp,goal,Ned Long,0,14,15
2026,R6,Fri 10-Apr-2026 7:10 PM,Collingwood,10,2,1692,930,Opp,behind,Lachie Schultz,0,14,16
2026,R6,Fri 10-Apr-2026 7:10 PM,Collingwood,11,2,1692,1087,Opp,goal,Daniel McStay,0,14,22
2026,R6,Fri 10-Apr-2026 7:10 PM,Collingwood,12,2,1692,1166,Opp,behind,,1,14,23
2026,R6,Fri 10-Apr-2026 7:10 PM,Collingwood,13,3,1801,160,Freo,goal,Isaiah Dudley,0,20,23
2026,R6,Fri 10-Apr-2026 7:10 PM,Collingwood,14,3,1801,264,Freo,goal,Jye Amiss,0,26,23
2026,R6,Fri 10-Apr-2026 7:10 PM,Collingwood,15,3,1801,345,Freo,goal,Isaiah Dudley,0,32,23
2026,R6,Fri 10-Apr-2026 7:10 PM,Collingwood,16,3,1801,907,Opp,behind,Ned Long,0,32,24
2026,R6,Fri 10-Apr-2026 7:10 PM,Collingwood,17,3,1801,1205,Opp,goal,Angus Anderson,0,32,30
2026,R6,Fri 10-Apr-2026 7:10 PM,Collingwood,18,3,1801,1636,Opp,goal,Jack Crisp,0,32,36
2026,R6,Fri 10-Apr-2026 7:10 PM,Collingwood,19,4,1613,75,Opp,behind,Daniel McStay,0,32,37
2026,R6,Fri 10-Apr-2026 7:10 PM,Collingwood,20,4,1613,190,Opp,behind,Lachie Schultz,0,32,38
2026,R6,Fri 10-Apr-2026 7:10 PM,Collingwood,21,4,1613,524,Opp,behind,Nick Daicos,0,32,39
2026,R6,Fri 10-Apr-2026 7:10 PM,Collingwood,22,4,1613,1064,Freo,goal,Jye Amiss,0,38,39
2026,R6,Fri 10-Apr-2026 7:10 PM,Collingwood,23,4,1613,1160,Freo,goal,Matthew Johnson,0,44,39
2026,R6,Fri 10-Apr-2026 7:10 PM,Collingwood,24,4,1613,1305,Freo,behind,Andrew Brayshaw,0,45,39
2026,R7,Sun 19-Apr-2026 3:10 PM,West Coast,1,1,1583,59,Opp,behind,Jake Waterman,0,0,1
2026,R7,Sun 19-Apr-2026 3:10 PM,West Coast,2,1,1583,200,Freo,goal,Josh Treacy,0,6,1
2026,R7,Sun 19-Apr-2026 3:10 PM,West Coast,3,1,1583,264,Opp,behind,,1,6,2
2026,R7,Sun 19-Apr-2026 3:10 PM,West Coast,4,1,1583,386,Freo,behind,Murphy Reid,0,7,2
2026,R7,Sun 19-Apr-2026 3:10 PM,West Coast,5,1,1583,487,Freo,goal,Patrick Voss,0,13,2
2026,R7,Sun 19-Apr-2026 3:10 PM,West Coast,6,1,1583,563,Freo,behind,Jye Amiss,0,14,2
2026,R7,Sun 19-Apr-2026 3:10 PM,West Coast,7,1,1583,702,Opp,behind,Bo Allan,0,14,3
2026,R7,Sun 19-Apr-2026 3:10 PM,West Coast,8,1,1583,1077,Opp,behind,Jamie Cripps,0,14,4
2026,R7,Sun 19-Apr-2026 3:10 PM,West Coast,9,1,1583,1263,Freo,behind,Luke Ryan,0,15,4
2026,R7,Sun 19-Apr-2026 3:10 PM,West Coast,10,1,1583,1403,Freo,behind,Jye Amiss,0,16,4
2026,R7,Sun 19-Apr-2026 3:10 PM,West Coast,11,1,1583,1470,Opp,behind,Harley Reid,0,16,5
2026,R7,Sun 19-Apr-2026 3:10 PM,West Coast,12,1,1583,1579,Opp,behind,Jake Waterman,0,16,6
2026,R7,Sun 19-Apr-2026 3:10 PM,West Coast,13,2,1778,153,Opp,behind,Jake Waterman,0,16,7
2026,R7,Sun 19-Apr-2026 3:10 PM,West Coast,14,2,1778,190,Opp,goal,Elliot Yeo,0,16,13
2026,R7,Sun 19-Apr-2026 3:10 PM,West Coast,15,2,1778,298,Opp,goal,Josh Lindsay,0,16,19
2026,R7,Sun 19-Apr-2026 3:10 PM,West Coast,16,2,1778,478,Opp,behind,Milan Murdock,0,16,20
2026,R7,Sun 19-Apr-2026 3:10 PM,West Coast,17,2,1778,568,Freo,goal,Jye Amiss,0,22,20
2026,R7,Sun 19-Apr-2026 3:10 PM,West Coast,18,2,1778,669,Freo,goal,Luke Jackson,0,28,20
2026,R7,Sun 19-Apr-2026 3:10 PM,West Coast,19,2,1778,878,Freo,goal,Jye Amiss,0,34,20
2026,R7,Sun 19-Apr-2026 3:10 PM,West Coast,20,2,1778,1198,Freo,behind,Josh Treacy,0,35,20
2026,R7,Sun 19-Apr-2026 3:10 PM,West Coast,21,2,1778,1267,Freo,goal,Jordan Clark,0,41,20
2026,R7,Sun 19-Apr-2026 3:10 PM,West Coast,22,2,1778,1628,Freo,behind,Mason Cox,0,42,20
2026,R7,Sun 19-Apr-2026 3:10 PM,West Coast,23,3,1783,18,Opp,goal,Jake Waterman,0,42,26
2026,R7,Sun 19-Apr-2026 3:10 PM,West Coast,24,3,1783,236,Freo,goal,Patrick Voss,0,48,26
2026,R7,Sun 19-Apr-2026 3:10 PM,West Coast,25,3,1783,443,Freo,behind,Murphy Reid,0,49,26
2026,R7,Sun 19-Apr-2026 3:10 PM,West Coast,26,3,1783,678,Freo,goal,Jye Amiss,0,55,26
2026,R7,Sun 19-Apr-2026 3:10 PM,West Coast,27,3,1783,797,Freo,behind,Hayden Young,0,56,26
2026,R7,Sun 19-Apr-2026 3:10 PM,West Coast,28,3,1783,909,Freo,behind,,1,57,26
2026,R7,Sun 19-Apr-2026 3:10 PM,West Coast,29,3,1783,1012,Freo,behind,Jye Amiss,0,58,26
2026,R7,Sun 19-Apr-2026 3:10 PM,West Coast,30,3,1783,1130,Freo,goal,Jye Amiss,0,64,26
2026,R7,Sun 19-Apr-2026 3:10 PM,West Coast,31,3,1783,1458,Opp,goal,Liam Baker,0,64,32
2026,R7,Sun 19-Apr-2026 3:10 PM,West Coast,32,3,1783,1664,Freo,goal,Neil Erasmus,0,70,32
2026,R7,Sun 19-Apr-2026 3:10 PM,West Coast,33,4,1664,75,Freo,goal,Jye Amiss,0,76,32
2026,R7,Sun 19-Apr-2026 3:10 PM,West Coast,34,4,1664,188,Freo,behind,,1,77,32
2026,R7,Sun 19-Apr-2026 3:10 PM,West Coast,35,4,1664,223,Freo,goal,Patrick Voss,0,83,32
2026,R7,Sun 19-Apr-2026 3:10 PM,West Coast,36,4,1664,521,Freo,goal,Shai Bolton,0,89,32
2026,R7,Sun 19-Apr-2026 3:10 PM,West Coast,37,4,1664,954,Freo,behind,Neil Erasmus,0,90,32
2026,R7,Sun 19-Apr-2026 3:10 PM,West Coast,38,4,1664,1043,Freo,behind,Jye Amiss,0,91,32
2026,R7,Sun 19-Apr-2026 3:10 PM,West Coast,39,4,1664,1171,Opp,goal,Liam Baker,0,91,38
2026,R7,Sun 19-Apr-2026 3:10 PM,West Coast,40,4,1664,1384,Opp,behind,Milan Murdock,0,91,39
2026,R7,Sun 19-Apr-2026 3:10 PM,West Coast,41,4,1664,1444,Freo,goal,Caleb Serong,0,97,39
2026,R7,Sun 19-Apr-2026 3:10 PM,West Coast,42,4,1664,1552,Opp,behind,Liam Baker,0,97,40
2026,R7,Sun 19-Apr-2026 3:10 PM,West Coast,43,4,1664,1653,Opp,behind,Jake Waterman,0,97,41
2026,R8,Sat 25-Apr-2026 6:15 PM,Carlton,1,1,1739,94,Freo,goal,Jye Amiss,0,6,0
2026,R8,Sat 25-Apr-2026 6:15 PM,Carlton,2,1,1739,302,Opp,goal,Mitch McGovern,0,6,6
2026,R8,Sat 25-Apr-2026 6:15 PM,Carlton,3,1,1739,431,Freo,behind,Shai Bolton,0,7,6
2026,R8,Sat 25-Apr-2026 6:15 PM,Carlton,4,1,1739,509,Freo,goal,Josh Treacy,0,13,6
2026,R8,Sat 25-Apr-2026 6:15 PM,Carlton,5,1,1739,701,Opp,behind,Will Hayward,0,13,7
2026,R8,Sat 25-Apr-2026 6:15 PM,Carlton,6,1,1739,1025,Freo,goal,Josh Treacy,0,19,7
2026,R8,Sat 25-Apr-2026 6:15 PM,Carlton,7,1,1739,1184,Freo,behind,,1,20,7
2026,R8,Sat 25-Apr-2026 6:15 PM,Carlton,8,1,1739,1351,Opp,goal,Brodie Kemp,0,20,13
2026,R8,Sat 25-Apr-2026 6:15 PM,Carlton,9,1,1739,1564,Freo,behind,Shai Bolton,0,21,13
2026,R8,Sat 25-Apr-2026 6:15 PM,Carlton,10,2,2013,16,Freo,goal,Luke Jackson,0,27,13
2026,R8,Sat 25-Apr-2026 6:15 PM,Carlton,11,2,2013,136,Opp,behind,,1,27,14
2026,R8,Sat 25-Apr-2026 6:15 PM,Carlton,12,2,2013,272,Freo,goal,Jye Amiss,0,33,14
2026,R8,Sat 25-Apr-2026 6:15 PM,Carlton,13,2,2013,531,Opp,goal,Brodie Kemp,0,33,20
2026,R8,Sat 25-Apr-2026 6:15 PM,Carlton,14,2,2013,630,Freo,goal,Josh Treacy,0,39,20
2026,R8,Sat 25-Apr-2026 6:15 PM,Carlton,15,2,2013,699,Opp,goal,Francis Evans,0,39,26
2026,R8,Sat 25-Apr-2026 6:15 PM,Carlton,16,2,2013,826,Freo,goal,Jye Amiss,0,45,26
2026,R8,Sat 25-Apr-2026 6:15 PM,Carlton,17,2,2013,932,Freo,behind,Michael Frederick,0,46,26
2026,R8,Sat 25-Apr-2026 6:15 PM,Carlton,18,2,2013,1044,Opp,goal,Brodie Kemp,0,46,32
2026,R8,Sat 25-Apr-2026 6:15 PM,Carlton,19,2,2013,1301,Opp,goal,Mitch McGovern,0,46,38
2026,R8,Sat 25-Apr-2026 6:15 PM,Carlton,20,2,2013,1493,Opp,behind,Francis Evans,0,46,39
2026,R8,Sat 25-Apr-2026 6:15 PM,Carlton,21,2,2013,1633,Opp,behind,Will Hayward,0,46,40
2026,R8,Sat 25-Apr-2026 6:15 PM,Carlton,22,2,2013,1785,Freo,goal,Mason Cox,0,52,40
2026,R8,Sat 25-Apr-2026 6:15 PM,Carlton,23,2,2013,1866,Opp,behind,Zac Williams,0,52,41
2026,R8,Sat 25-Apr-2026 6:15 PM,Carlton,24,3,1731,80,Freo,behind,Luke Jackson,0,53,41
2026,R8,Sat 25-Apr-2026 6:15 PM,Carlton,25,3,1731,451,Opp,goal,Mitch McGovern,0,53,47
2026,R8,Sat 25-Apr-2026 6:15 PM,Carlton,26,3,1731,552,Freo,goal,Michael Frederick,0,59,47
2026,R8,Sat 25-Apr-2026 6:15 PM,Carlton,27,3,1731,724,Opp,behind,,1,59,48
2026,R8,Sat 25-Apr-2026 6:15 PM,Carlton,28,3,1731,805,Opp,goal,Ashton Moir,0,59,54
2026,R8,Sat 25-Apr-2026 6:15 PM,Carlton,29,3,1731,881,Opp,behind,Cooper Lord,0,59,55
2026,R8,Sat 25-Apr-2026 6:15 PM,Carlton,30,3,1731,1108,Freo,goal,Jeremy Sharp,0,65,55
2026,R8,Sat 25-Apr-2026 6:15 PM,Carlton,31,3,1731,1233,Freo,behind,,1,66,55
2026,R8,Sat 25-Apr-2026 6:15 PM,Carlton,32,3,1731,1307,Freo,behind,Isaiah Dudley,0,67,55
2026,R8,Sat 25-Apr-2026 6:15 PM,Carlton,33,3,1731,1497,Freo,goal,Jeremy Sharp,0,73,55
2026,R8,Sat 25-Apr-2026 6:15 PM,Carlton,34,4,1916,24,Freo,goal,Shai Bolton,0,79,55
2026,R8,Sat 25-Apr-2026 6:15 PM,Carlton,35,4,1916,170,Freo,goal,Shai Bolton,0,85,55
2026,R8,Sat 25-Apr-2026 6:15 PM,Carlton,36,4,1916,260,Opp,behind,,1,85,56
2026,R8,Sat 25-Apr-2026 6:15 PM,Carlton,37,4,1916,321,Freo,goal,Michael Frederick,0,91,56
2026,R8,Sat 25-Apr-2026 6:15 PM,Carlton,38,4,1916,389,Freo,goal,Luke Jackson,0,97,56
2026,R8,Sat 25-Apr-2026 6:15 PM,Carlton,39,4,1916,745,Opp,behind,Sam Walsh,0,97,57
2026,R8,Sat 25-Apr-2026 6:15 PM,Carlton,40,4,1916,915,Opp,behind,Brodie Kemp,0,97,58
2026,R8,Sat 25-Apr-2026 6:15 PM,Carlton,41,4,1916,1080,Opp,goal,Matt Carroll,0,97,64
2026,R8,Sat 25-Apr-2026 6:15 PM,Carlton,42,4,1916,1198,Opp,goal,Ashton Moir,0,97,70
2026,R8,Sat 25-Apr-2026 6:15 PM,Carlton,43,4,1916,1338,Freo,goal,Mason Cox,0,103,70
2026,R8,Sat 25-Apr-2026 6:15 PM,Carlton,44,4,1916,1430,Opp,goal,Brodie Kemp,0,103,76
2026,R8,Sat 25-Apr-2026 6:15 PM,Carlton,45,4,1916,1503,Opp,goal,Sam Walsh,0,103,82
2026,R8,Sat 25-Apr-2026 6:15 PM,Carlton,46,4,1916,1616,Opp,behind,Patrick Cripps,0,103,83
2026,R8,Sat 25-Apr-2026 6:15 PM,Carlton,47,4,1916,1713,Opp,goal,Patrick Cripps,0,103,89
2026,R9,Fri 01-May-2026 7:30 PM,Western Bulldogs,1,1,1844,35,Opp,goal,Ed Richards,0,0,6
2026,R9,Fri 01-May-2026 7:30 PM,Western Bulldogs,2,1,1844,205,Opp,goal,Will Lewis,0,0,12
2026,R9,Fri 01-May-2026 7:30 PM,Western Bulldogs,3,1,1844,356,Opp,behind,,1,0,13
2026,R9,Fri 01-May-2026 7:30 PM,Western Bulldogs,4,1,1844,522,Opp,behind,Harvey Gallagher,0,0,14
2026,R9,Fri 01-May-2026 7:30 PM,Western Bulldogs,5,1,1844,672,Freo,goal,Sam Switkowski,0,6,14
2026,R9,Fri 01-May-2026 7:30 PM,Western Bulldogs,6,1,1844,939,Opp,goal,Aaron Naughton,0,6,20
2026,R9,Fri 01-May-2026 7:30 PM,Western Bulldogs,7,1,1844,1053,Freo,goal,Luke Jackson,0,12,20
2026,R9,Fri 01-May-2026 7:30 PM,Western Bulldogs,8,1,1844,1155,Opp,goal,Rhylee West,0,12,26
2026,R9,Fri 01-May-2026 7:30 PM,Western Bulldogs,9,1,1844,1219,Freo,behind,Luke Jackson,0,13,26
2026,R9,Fri 01-May-2026 7:30 PM,Western Bulldogs,10,1,1844,1442,Opp,behind,Harvey Gallagher,0,13,27
2026,R9,Fri 01-May-2026 7:30 PM,Western Bulldogs,11,1,1844,1639,Opp,goal,Aaron Naughton,0,13,33
2026,R9,Fri 01-May-2026 7:30 PM,Western Bulldogs,12,1,1844,1740,Opp,goal,Lachlan McNeil,0,13,39
2026,R9,Fri 01-May-2026 7:30 PM,Western Bulldogs,13,2,1849,104,Freo,goal,Isaiah Dudley,0,19,39
2026,R9,Fri 01-May-2026 7:30 PM,Western Bulldogs,14,2,1849,208,Freo,goal,Michael Frederick,0,25,39
2026,R9,Fri 01-May-2026 7:30 PM,Western Bulldogs,15,2,1849,326,Opp,goal,Marcus Bontempelli,0,25,45
2026,R9,Fri 01-May-2026 7:30 PM,Western Bulldogs,16,2,1849,422,Freo,behind,Josh Treacy,0,26,45
2026,R9,Fri 01-May-2026 7:30 PM,Western Bulldogs,17,2,1849,593,Opp,goal,Rhylee West,0,26,51
2026,R9,Fri 01-May-2026 7:30 PM,Western Bulldogs,18,2,1849,784,Freo,goal,Sam Switkowski,0,32,51
2026,R9,Fri 01-May-2026 7:30 PM,Western Bulldogs,19,2,1849,1141,Opp,behind,Arthur Jones,0,32,52
2026,R9,Fri 01-May-2026 7:30 PM,Western Bulldogs,20,2,1849,1230,Freo,behind,Mason Cox,0,33,52
2026,R9,Fri 01-May-2026 7:30 PM,Western Bulldogs,21,2,1849,1281,Opp,goal,Laitham Vandermeer,0,33,58
2026,R9,Fri 01-May-2026 7:30 PM,Western Bulldogs,22,2,1849,1362,Opp,behind,Joel Freijah,0,33,59
2026,R9,Fri 01-May-2026 7:30 PM,Western Bulldogs,23,2,1849,1429,Freo,behind,,1,34,59
2026,R9,Fri 01-May-2026 7:30 PM,Western Bulldogs,24,2,1849,1507,Freo,goal,Neil Erasmus,0,40,59
2026,R9,Fri 01-May-2026 7:30 PM,Western Bulldogs,25,2,1849,1781,Opp,behind,Will Lewis,0,40,60
2026,R9,Fri 01-May-2026 7:30 PM,Western Bulldogs,26,2,1849,1846,Freo,goal,Murphy Reid,0,46,60
2026,R9,Fri 01-May-2026 7:30 PM,Western Bulldogs,27,3,1895,290,Opp,behind,Aaron Naughton,0,46,61
2026,R9,Fri 01-May-2026 7:30 PM,Western Bulldogs,28,3,1895,361,Freo,behind,Josh Treacy,0,47,61
2026,R9,Fri 01-May-2026 7:30 PM,Western Bulldogs,29,3,1895,404,Opp,behind,,1,47,62
2026,R9,Fri 01-May-2026 7:30 PM,Western Bulldogs,30,3,1895,518,Opp,goal,Ryley Sanders,0,47,68
2026,R9,Fri 01-May-2026 7:30 PM,Western Bulldogs,31,3,1895,696,Freo,goal,Sam Switkowski,0,53,68
2026,R9,Fri 01-May-2026 7:30 PM,Western Bulldogs,32,3,1895,977,Freo,behind,Jye Amiss,0,54,68
2026,R9,Fri 01-May-2026 7:30 PM,Western Bulldogs,33,3,1895,1076,Freo,goal,Josh Treacy,0,60,68
2026,R9,Fri 01-May-2026 7:30 PM,Western Bulldogs,34,3,1895,1452,Opp,goal,Will Lewis,0,60,74
2026,R9,Fri 01-May-2026 7:30 PM,Western Bulldogs,35,3,1895,1513,Freo,goal,Hayden Young,0,66,74
2026,R9,Fri 01-May-2026 7:30 PM,Western Bulldogs,36,3,1895,1623,Freo,goal,Josh Treacy,0,72,74
2026,R9,Fri 01-May-2026 7:30 PM,Western Bulldogs,37,3,1895,1734,Freo,goal,Hayden Young,0,78,74
2026,R9,Fri 01-May-2026 7:30 PM,Western Bulldogs,38,3,1895,1820,Opp,behind,Marcus Bontempelli,0,78,75
2026,R9,Fri 01-May-2026 7:30 PM,Western Bulldogs,39,3,1895,1892,Freo,behind,Jye Amiss,0,79,75
2026,R9,Fri 01-May-2026 7:30 PM,Western Bulldogs,40,4,2014,84,Opp,behind,,1,79,76
2026,R9,Fri 01-May-2026 7:30 PM,Western Bulldogs,41,4,2014,242,Opp,behind,,1,79,77
2026,R9,Fri 01-May-2026 7:30 PM,Western Bulldogs,42,4,2014,292,Freo,behind,Shai Bolton,0,80,77
2026,R9,Fri 01-May-2026 7:30 PM,Western Bulldogs,43,4,2014,350,Freo,goal,Heath Chapman,0,86,77
2026,R9,Fri 01-May-2026 7:30 PM,Western Bulldogs,44,4,2014,421,Freo,goal,Hayden Young,0,92,77
2026,R9,Fri 01-May-2026 7:30 PM,Western Bulldogs,45,4,2014,523,Freo,goal,Josh Treacy,0,98,77
2026,R9,Fri 01-May-2026 7:30 PM,Western Bulldogs,46,4,2014,639,Freo,behind,Josh Treacy,0,99,77
2026,R9,Fri 01-May-2026 7:30 PM,Western Bulldogs,47,4,2014,694,Freo,goal,Andrew Brayshaw,0,105,77
2026,R9,Fri 01-May-2026 7:30 PM,Western Bulldogs,48,4,2014,805,Opp,goal,Arthur Jones,0,105,83
2026,R9,Fri 01-May-2026 7:30 PM,Western Bulldogs,49,4,2014,977,Opp,behind,Arthur Jones,0,105,84
2026,R9,Fri 01-May-2026 7:30 PM,Western Bulldogs,50,4,2014,1109,Opp,goal,Lachlan Bramble,0,105,90
2026,R9,Fri 01-May-2026 7:30 PM,Western Bulldogs,51,4,2014,1182,Opp,goal,Marcus Bontempelli,0,105,96
2026,R9,Fri 01-May-2026 7:30 PM,Western Bulldogs,52,4,2014,1412,Freo,behind,Mason Cox,0,106,96
2026,R9,Fri 01-May-2026 7:30 PM,Western Bulldogs,53,4,2014,1555,Freo,behind,Luke Jackson,0,107,96
2026,R9,Fri 01-May-2026 7:30 PM,Western Bulldogs,54,4,2014,1609,Opp,goal,Lachlan McNeil,0,107,102
2026,R9,Fri 01-May-2026 7:30 PM,Western Bulldogs,55,4,2014,1749,Freo,goal,Shai Bolton,0,113,102
2026,R9,Fri 01-May-2026 7:30 PM,Western Bulldogs,56,4,2014,2011,Freo,behind,Jye Amiss,0,114,102
2026,R10,Thu 07-May-2026 6:10 PM,Hawthorn,1,1,1861,59,Freo,behind,Sam Switkowski,0,1,0
2026,R10,Thu 07-May-2026 6:10 PM,Hawthorn,2,1,1861,89,Opp,goal,Nick Watson,0,1,6
2026,R10,Thu 07-May-2026 6:10 PM,Hawthorn,3,1,1861,182,Freo,goal,Patrick Voss,0,7,6
2026,R10,Thu 07-May-2026 6:10 PM,Hawthorn,4,1,1861,276,Freo,behind,Josh Treacy,0,8,6
2026,R10,Thu 07-May-2026 6:10 PM,Hawthorn,5,1,1861,373,Freo,goal,Michael Frederick,0,14,6
2026,R10,Thu 07-May-2026 6:10 PM,Hawthorn,6,1,1861,466,Opp,goal,Jack Gunston,0,14,12
2026,R10,Thu 07-May-2026 6:10 PM,Hawthorn,7,1,1861,645,Freo,behind,,1,15,12
2026,R10,Thu 07-May-2026 6:10 PM,Hawthorn,8,1,1861,749,Opp,goal,Sam Butler,0,15,18
2026,R10,Thu 07-May-2026 6:10 PM,Hawthorn,9,1,1861,852,Freo,behind,Corey Wagner,0,16,18
2026,R10,Thu 07-May-2026 6:10 PM,Hawthorn,10,1,1861,925,Opp,behind,Jack Gunston,0,16,19
2026,R10,Thu 07-May-2026 6:10 PM,Hawthorn,11,1,1861,1162,Opp,goal,Jack Gunston,0,16,25
2026,R10,Thu 07-May-2026 6:10 PM,Hawthorn,12,1,1861,1295,Freo,goal,Isaiah Dudley,0,22,25
2026,R10,Thu 07-May-2026 6:10 PM,Hawthorn,13,1,1861,1531,Opp,behind,Jack Gunston,0,22,26
2026,R10,Thu 07-May-2026 6:10 PM,Hawthorn,14,1,1861,1759,Freo,goal,Josh Treacy,0,28,26
2026,R10,Thu 07-May-2026 6:10 PM,Hawthorn,15,2,1809,51,Opp,behind,Max Ramsden,0,28,27
2026,R10,Thu 07-May-2026 6:10 PM,Hawthorn,16,2,1809,161,Freo,behind,Corey Wagner,0,29,27
2026,R10,Thu 07-May-2026 6:10 PM,Hawthorn,17,2,1809,257,Opp,goal,Nick Watson,0,29,33
2026,R10,Thu 07-May-2026 6:10 PM,Hawthorn,18,2,1809,354,Freo,goal,Jye Amiss,0,35,33
2026,R10,Thu 07-May-2026 6:10 PM,Hawthorn,19,2,1809,552,Opp,goal,Jack Gunston,0,35,39
2026,R10,Thu 07-May-2026 6:10 PM,Hawthorn,20,2,1809,679,Opp,goal,Jack Gunston,0,35,45
2026,R10,Thu 07-May-2026 6:10 PM,Hawthorn,21,2,1809,854,Opp,goal,Jack Gunston,0,35,51
2026,R10,Thu 07-May-2026 6:10 PM,Hawthorn,22,2,1809,1108,Freo,goal,Murphy Reid,0,41,51
2026,R10,Thu 07-May-2026 6:10 PM,Hawthorn,23,2,1809,1174,Opp,goal,Nick Watson,0,41,57
2026,R10,Thu 07-May-2026 6:10 PM,Hawthorn,24,2,1809,1267,Freo,behind,Isaiah Dudley,0,42,57
2026,R10,Thu 07-May-2026 6:10 PM,Hawthorn,25,2,1809,1491,Opp,behind,Mitch Lewis,0,42,58
2026,R10,Thu 07-May-2026 6:10 PM,Hawthorn,26,2,1809,1577,Freo,behind,Patrick Voss,0,43,58
2026,R10,Thu 07-May-2026 6:10 PM,Hawthorn,27,2,1809,1633,Opp,behind,,1,43,59
2026,R10,Thu 07-May-2026 6:10 PM,Hawthorn,28,2,1809,1804,Freo,behind,Luke Jackson,0,44,59
2026,R10,Thu 07-May-2026 6:10 PM,Hawthorn,29,3,1781,270,Freo,behind,Josh Treacy,0,45,59
2026,R10,Thu 07-May-2026 6:10 PM,Hawthorn,30,3,1781,359,Opp,goal,Mitch Lewis,0,45,65
2026,R10,Thu 07-May-2026 6:10 PM,Hawthorn,31,3,1781,730,Opp,behind,Nick Watson,0,45,66
2026,R10,Thu 07-May-2026 6:10 PM,Hawthorn,32,3,1781,902,Opp,behind,Lloyd Meek,0,45,67
2026,R10,Thu 07-May-2026 6:10 PM,Hawthorn,33,3,1781,970,Freo,goal,Jye Amiss,0,51,67
2026,R10,Thu 07-May-2026 6:10 PM,Hawthorn,34,3,1781,1096,Freo,behind,,1,52,67
2026,R10,Thu 07-May-2026 6:10 PM,Hawthorn,35,4,1823,134,Freo,behind,Josh Treacy,0,53,67
2026,R10,Thu 07-May-2026 6:10 PM,Hawthorn,36,4,1823,575,Freo,behind,Murphy Reid,0,54,67
2026,R10,Thu 07-May-2026 6:10 PM,Hawthorn,37,4,1823,697,Opp,goal,Jack Gunston,0,54,73
2026,R10,Thu 07-May-2026 6:10 PM,Hawthorn,38,4,1823,790,Freo,behind,Josh Treacy,0,55,73
2026,R10,Thu 07-May-2026 6:10 PM,Hawthorn,39,4,1823,859,Freo,behind,,1,56,73
2026,R10,Thu 07-May-2026 6:10 PM,Hawthorn,40,4,1823,966,Freo,goal,Josh Treacy,0,62,73
2026,R10,Thu 07-May-2026 6:10 PM,Hawthorn,41,4,1823,1135,Freo,behind,Patrick Voss,0,63,73
2026,R10,Thu 07-May-2026 6:10 PM,Hawthorn,42,4,1823,1265,Freo,goal,Michael Frederick,0,69,73
2026,R10,Thu 07-May-2026 6:10 PM,Hawthorn,43,4,1823,1338,Freo,goal,Jye Amiss,0,75,73
2026,R10,Thu 07-May-2026 6:10 PM,Hawthorn,44,4,1823,1516,Freo,goal,Michael Frederick,0,81,73
2026,R10,Thu 07-May-2026 6:10 PM,Hawthorn,45,4,1823,1656,Freo,goal,Hayden Young,0,87,73
2026,R10,Thu 07-May-2026 6:10 PM,Hawthorn,46,4,1823,1727,Freo,behind,Murphy Reid,0,88,73
2026,R11,Sun 17-May-2026 1:10 PM,Essendon,1,1,1726,30,Freo,goal,Shai Bolton,0,6,0
2026,R11,Sun 17-May-2026 1:10 PM,Essendon,2,1,1726,132,Freo,goal,Josh Treacy,0,12,0
2026,R11,Sun 17-May-2026 1:10 PM,Essendon,3,1,1726,272,Freo,goal,Michael Frederick,0,18,0
2026,R11,Sun 17-May-2026 1:10 PM,Essendon,4,1,1726,396,Freo,behind,Jye Amiss,0,19,0
2026,R11,Sun 17-May-2026 1:10 PM,Essendon,5,1,1726,511,Opp,behind,Nate Caddy,0,19,1
2026,R11,Sun 17-May-2026 1:10 PM,Essendon,6,1,1726,573,Opp,goal,Sullivan Robey,0,19,7
2026,R11,Sun 17-May-2026 1:10 PM,Essendon,7,1,1726,666,Freo,behind,Josh Treacy,0,20,7
2026,R11,Sun 17-May-2026 1:10 PM,Essendon,8,1,1726,1076,Opp,behind,Archer Day-Wicks,0,20,8
2026,R11,Sun 17-May-2026 1:10 PM,Essendon,9,1,1726,1119,Freo,goal,Isaiah Dudley,0,26,8
2026,R11,Sun 17-May-2026 1:10 PM,Essendon,10,1,1726,1195,Freo,behind,Murphy Reid,0,27,8
2026,R11,Sun 17-May-2026 1:10 PM,Essendon,11,1,1726,1328,Freo,goal,Josh Treacy,0,33,8
2026,R11,Sun 17-May-2026 1:10 PM,Essendon,12,1,1726,1471,Freo,behind,Jye Amiss,0,34,8
2026,R11,Sun 17-May-2026 1:10 PM,Essendon,13,1,1726,1708,Opp,behind,Will Setterfield,0,34,9
2026,R11,Sun 17-May-2026 1:10 PM,Essendon,14,2,1698,48,Freo,behind,,1,35,9
2026,R11,Sun 17-May-2026 1:10 PM,Essendon,15,2,1698,316,Freo,goal,Chris Scerri,0,41,9
2026,R11,Sun 17-May-2026 1:10 PM,Essendon,16,2,1698,616,Freo,goal,Patrick Voss,0,47,9
2026,R11,Sun 17-May-2026 1:10 PM,Essendon,17,2,1698,711,Opp,behind,Zach Merrett,0,47,10
2026,R11,Sun 17-May-2026 1:10 PM,Essendon,18,2,1698,808,Freo,goal,Patrick Voss,0,53,10
2026,R11,Sun 17-May-2026 1:10 PM,Essendon,19,2,1698,898,Freo,behind,,1,54,10
2026,R11,Sun 17-May-2026 1:10 PM,Essendon,20,2,1698,1041,Opp,behind,,1,54,11
2026,R11,Sun 17-May-2026 1:10 PM,Essendon,21,2,1698,1290,Opp,behind,,1,54,12
2026,R11,Sun 17-May-2026 1:10 PM,Essendon,22,2,1698,1350,Opp,behind,Kyle Langford,0,54,13
2026,R11,Sun 17-May-2026 1:10 PM,Essendon,23,2,1698,1454,Opp,behind,,1,54,14
2026,R11,Sun 17-May-2026 1:10 PM,Essendon,24,2,1698,1492,Freo,goal,Patrick Voss,0,60,14
2026,R11,Sun 17-May-2026 1:10 PM,Essendon,25,2,1698,1688,Freo,goal,Patrick Voss,0,66,14
2026,R11,Sun 17-May-2026 1:10 PM,Essendon,26,3,1695,461,Freo,goal,Jye Amiss,0,72,14
2026,R11,Sun 17-May-2026 1:10 PM,Essendon,27,3,1695,574,Opp,behind,Xavier Duursma,0,72,15
2026,R11,Sun 17-May-2026 1:10 PM,Essendon,28,3,1695,656,Freo,goal,Patrick Voss,0,78,15
2026,R11,Sun 17-May-2026 1:10 PM,Essendon,29,3,1695,747,Opp,behind,Jye Caldwell,0,78,16
2026,R11,Sun 17-May-2026 1:10 PM,Essendon,30,3,1695,872,Opp,goal,Archie May,0,78,22
2026,R11,Sun 17-May-2026 1:10 PM,Essendon,31,3,1695,1005,Opp,goal,Nate Caddy,0,78,28
2026,R11,Sun 17-May-2026 1:10 PM,Essendon,32,3,1695,1220,Opp,behind,Archie Perkins,0,78,29
2026,R11,Sun 17-May-2026 1:10 PM,Essendon,33,3,1695,1402,Opp,behind,,1,78,30
2026,R11,Sun 17-May-2026 1:10 PM,Essendon,34,3,1695,1516,Freo,goal,Luke Jackson,0,84,30
2026,R11,Sun 17-May-2026 1:10 PM,Essendon,35,4,1919,97,Freo,behind,Karl Worner,0,85,30
2026,R11,Sun 17-May-2026 1:10 PM,Essendon,36,4,1919,206,Opp,goal,Archie May,0,85,36
2026,R11,Sun 17-May-2026 1:10 PM,Essendon,37,4,1919,298,Opp,goal,Darcy Parish,0,85,42
2026,R11,Sun 17-May-2026 1:10 PM,Essendon,38,4,1919,799,Freo,behind,Murphy Reid,0,86,42
2026,R11,Sun 17-May-2026 1:10 PM,Essendon,39,4,1919,902,Freo,goal,Shai Bolton,0,92,42
2026,R11,Sun 17-May-2026 1:10 PM,Essendon,40,4,1919,1226,Opp,goal,Nate Caddy,0,92,48
2026,R11,Sun 17-May-2026 1:10 PM,Essendon,41,4,1919,1337,Opp,goal,Sullivan Robey,0,92,54
2026,R11,Sun 17-May-2026 1:10 PM,Essendon,42,4,1919,1532,Freo,goal,Murphy Reid,0,98,54
2026,R11,Sun 17-May-2026 1:10 PM,Essendon,43,4,1919,1661,Freo,goal,Jye Amiss,0,104,54
2026,R11,Sun 17-May-2026 1:10 PM,Essendon,44,4,1919,1775,Opp,behind,Mason Redman,0,104,55
2026,R11,Sun 17-May-2026 1:10 PM,Essendon,45,4,1919,1909,Opp,goal,Will Setterfield,0,104,61
2026,R12,Fri 22-May-2026 6:30 PM,St Kilda,1,1,1748,49,Opp,goal,Max Hall,0,0,6
2026,R12,Fri 22-May-2026 6:30 PM,St Kilda,2,1,1748,561,Opp,goal,Max Hall,0,0,12
2026,R12,Fri 22-May-2026 6:30 PM,St Kilda,3,1,1748,717,Opp,behind,Darcy Wilson,0,0,13
2026,R12,Fri 22-May-2026 6:30 PM,St Kilda,4,1,1748,925,Freo,goal,Jye Amiss,0,6,13
2026,R12,Fri 22-May-2026 6:30 PM,St Kilda,5,1,1748,1216,Freo,goal,Josh Treacy,0,12,13
2026,R12,Fri 22-May-2026 6:30 PM,St Kilda,6,1,1748,1351,Freo,behind,,1,13,13
2026,R12,Fri 22-May-2026 6:30 PM,St Kilda,7,1,1748,1427,Opp,goal,Liam Henry,0,13,19
2026,R12,Fri 22-May-2026 6:30 PM,St Kilda,8,1,1748,1590,Freo,goal,Patrick Voss,0,19,19
2026,R12,Fri 22-May-2026 6:30 PM,St Kilda,9,1,1748,1661,Opp,goal,Mason Wood,0,19,25
2026,R12,Fri 22-May-2026 6:30 PM,St Kilda,10,2,1831,222,Opp,behind,,1,19,26
2026,R12,Fri 22-May-2026 6:30 PM,St Kilda,11,2,1831,321,Opp,goal,Mattaes Phillipou,0,19,32
2026,R12,Fri 22-May-2026 6:30 PM,St Kilda,12,2,1831,426,Freo,goal,Jye Amiss,0,25,32
2026,R12,Fri 22-May-2026 6:30 PM,St Kilda,13,2,1831,665,Freo,goal,Jye Amiss,0,31,32
2026,R12,Fri 22-May-2026 6:30 PM,St Kilda,14,2,1831,770,Opp,behind,Mason Wood,0,31,33
2026,R12,Fri 22-May-2026 6:30 PM,St Kilda,15,2,1831,853,Freo,goal,Patrick Voss,0,37,33
2026,R12,Fri 22-May-2026 6:30 PM,St Kilda,16,2,1831,1062,Opp,goal,Mattaes Phillipou,0,37,39
2026,R12,Fri 22-May-2026 6:30 PM,St Kilda,17,2,1831,1399,Opp,goal,Mason Wood,0,37,45
2026,R12,Fri 22-May-2026 6:30 PM,St Kilda,18,2,1831,1579,Freo,behind,Josh Treacy,0,38,45
2026,R12,Fri 22-May-2026 6:30 PM,St Kilda,19,2,1831,1742,Freo,goal,Michael Frederick,0,44,45
2026,R12,Fri 22-May-2026 6:30 PM,St Kilda,20,3,1747,64,Freo,goal,Sam Switkowski,0,50,45
2026,R12,Fri 22-May-2026 6:30 PM,St Kilda,21,3,1747,277,Opp,goal,Bradley Hill,0,50,51
2026,R12,Fri 22-May-2026 6:30 PM,St Kilda,22,3,1747,443,Freo,goal,Neil Erasmus,0,56,51
2026,R12,Fri 22-May-2026 6:30 PM,St Kilda,23,3,1747,559,Opp,behind,Cooper Sharman,0,56,52
2026,R12,Fri 22-May-2026 6:30 PM,St Kilda,24,3,1747,767,Freo,goal,Isaiah Dudley,0,62,52
2026,R12,Fri 22-May-2026 6:30 PM,St Kilda,25,3,1747,1093,Freo,behind,Shai Bolton,0,63,52
2026,R12,Fri 22-May-2026 6:30 PM,St Kilda,26,3,1747,1207,Opp,behind,Mason Wood,0,63,53
2026,R12,Fri 22-May-2026 6:30 PM,St Kilda,27,3,1747,1531,Freo,behind,Josh Treacy,0,64,53
2026,R12,Fri 22-May-2026 6:30 PM,St Kilda,28,3,1747,1568,Opp,goal,Liam Henry,0,64,59
2026,R12,Fri 22-May-2026 6:30 PM,St Kilda,29,3,1747,1686,Freo,behind,Murphy Reid,0,65,59
2026,R12,Fri 22-May-2026 6:30 PM,St Kilda,30,4,1966,24,Opp,behind,Liam OConnell,0,65,60
2026,R12,Fri 22-May-2026 6:30 PM,St Kilda,31,4,1966,175,Opp,goal,Darcy Wilson,0,65,66
2026,R12,Fri 22-May-2026 6:30 PM,St Kilda,32,4,1966,331,Freo,behind,Luke Jackson,0,66,66
2026,R12,Fri 22-May-2026 6:30 PM,St Kilda,33,4,1966,392,Freo,goal,Josh Treacy,0,72,66
2026,R12,Fri 22-May-2026 6:30 PM,St Kilda,34,4,1966,591,Freo,goal,Murphy Reid,0,78,66
2026,R12,Fri 22-May-2026 6:30 PM,St Kilda,35,4,1966,656,Freo,behind,Michael Frederick,0,79,66
2026,R12,Fri 22-May-2026 6:30 PM,St Kilda,36,4,1966,787,Freo,goal,Isaiah Dudley,0,85,66
2026,R12,Fri 22-May-2026 6:30 PM,St Kilda,37,4,1966,1128,Freo,goal,Jye Amiss,0,91,66
2026,R12,Fri 22-May-2026 6:30 PM,St Kilda,38,4,1966,1348,Opp,behind,Hugo Garcia,0,91,67
2026,R12,Fri 22-May-2026 6:30 PM,St Kilda,39,4,1966,1452,Freo,goal,Shai Bolton,0,97,67
2026,R12,Fri 22-May-2026 6:30 PM,St Kilda,40,4,1966,1563,Opp,behind,Mason Wood,0,97,68
2026,R12,Fri 22-May-2026 6:30 PM,St Kilda,41,4,1966,1647,Freo,goal,Patrick Voss,0,103,68
2026,R12,Fri 22-May-2026 6:30 PM,St Kilda,42,4,1966,1717,Freo,behind,Shai Bolton,0,104,68
2026,R12,Fri 22-May-2026 6:30 PM,St Kilda,43,4,1966,1803,Opp,goal,Bradley Hill,0,104,74
2026,R13,Sat 30-May-2026 4:15 PM,Brisbane Lions,1,1,1783,15,Opp,behind,Charlie Cameron,0,0,1
2026,R13,Sat 30-May-2026 4:15 PM,Brisbane Lions,2,1,1783,63,Opp,behind,Charlie Cameron,0,0,2
2026,R13,Sat 30-May-2026 4:15 PM,Brisbane Lions,3,1,1783,135,Freo,behind,,1,1,2
2026,R13,Sat 30-May-2026 4:15 PM,Brisbane Lions,4,1,1783,360,Freo,goal,Isaiah Dudley,0,7,2
2026,R13,Sat 30-May-2026 4:15 PM,Brisbane Lions,5,1,1783,444,Freo,behind,Jye Amiss,0,8,2
2026,R13,Sat 30-May-2026 4:15 PM,Brisbane Lions,6,1,1783,516,Freo,behind,Josh Treacy,0,9,2
2026,R13,Sat 30-May-2026 4:15 PM,Brisbane Lions,7,1,1783,817,Opp,behind,Kai Lohmann,0,9,3
2026,R13,Sat 30-May-2026 4:15 PM,Brisbane Lions,8,1,1783,864,Freo,goal,Patrick Voss,0,15,3
2026,R13,Sat 30-May-2026 4:15 PM,Brisbane Lions,9,1,1783,1054,Opp,goal,Will Ashcroft,0,15,9
2026,R13,Sat 30-May-2026 4:15 PM,Brisbane Lions,10,1,1783,1160,Freo,behind,Sam Switkowski,0,16,9
2026,R13,Sat 30-May-2026 4:15 PM,Brisbane Lions,11,1,1783,1397,Freo,goal,Josh Treacy,0,22,9
2026,R13,Sat 30-May-2026 4:15 PM,Brisbane Lions,12,1,1783,1666,Freo,behind,,1,23,9
2026,R13,Sat 30-May-2026 4:15 PM,Brisbane Lions,13,1,1783,1712,Opp,behind,Kai Lohmann,0,23,10
2026,R13,Sat 30-May-2026 4:15 PM,Brisbane Lions,14,2,1918,67,Opp,behind,Kai Lohmann,0,23,11
2026,R13,Sat 30-May-2026 4:15 PM,Brisbane Lions,15,2,1918,167,Freo,behind,,1,24,11
2026,R13,Sat 30-May-2026 4:15 PM,Brisbane Lions,16,2,1918,274,Freo,goal,Matthew Johnson,0,30,11
2026,R13,Sat 30-May-2026 4:15 PM,Brisbane Lions,17,2,1918,610,Freo,goal,Jye Amiss,0,36,11
2026,R13,Sat 30-May-2026 4:15 PM,Brisbane Lions,18,2,1918,724,Freo,goal,Sam Switkowski,0,42,11
2026,R13,Sat 30-May-2026 4:15 PM,Brisbane Lions,19,2,1918,809,Opp,goal,Zac Bailey,0,42,17
2026,R13,Sat 30-May-2026 4:15 PM,Brisbane Lions,20,2,1918,905,Opp,goal,Charlie Cameron,0,42,23
2026,R13,Sat 30-May-2026 4:15 PM,Brisbane Lions,21,2,1918,1042,Freo,behind,Patrick Voss,0,43,23
2026,R13,Sat 30-May-2026 4:15 PM,Brisbane Lions,22,2,1918,1184,Opp,behind,Logan Morris,0,43,24
2026,R13,Sat 30-May-2026 4:15 PM,Brisbane Lions,23,2,1918,1486,Freo,goal,Jye Amiss,0,49,24
2026,R13,Sat 30-May-2026 4:15 PM,Brisbane Lions,24,2,1918,1627,Opp,behind,,1,49,25
2026,R13,Sat 30-May-2026 4:15 PM,Brisbane Lions,25,2,1918,1672,Opp,behind,,1,49,26
2026,R13,Sat 30-May-2026 4:15 PM,Brisbane Lions,26,2,1918,1817,Opp,behind,Hugh McCluggage,0,49,27
2026,R13,Sat 30-May-2026 4:15 PM,Brisbane Lions,27,2,1918,1846,Opp,behind,Levi Ashcroft,0,49,28
2026,R13,Sat 30-May-2026 4:15 PM,Brisbane Lions,28,3,1975,217,Freo,behind,Patrick Voss,0,50,28
2026,R13,Sat 30-May-2026 4:15 PM,Brisbane Lions,29,3,1975,358,Freo,goal,Patrick Voss,0,56,28
2026,R13,Sat 30-May-2026 4:15 PM,Brisbane Lions,30,3,1975,467,Opp,goal,Cody Curtin,0,56,34
2026,R13,Sat 30-May-2026 4:15 PM,Brisbane Lions,31,3,1975,577,Freo,goal,Jye Amiss,0,62,34
2026,R13,Sat 30-May-2026 4:15 PM,Brisbane Lions,32,3,1975,693,Freo,goal,Jye Amiss,0,68,34
2026,R13,Sat 30-May-2026 4:15 PM,Brisbane Lions,33,3,1975,767,Freo,goal,Luke Jackson,0,74,34
2026,R13,Sat 30-May-2026 4:15 PM,Brisbane Lions,34,3,1975,877,Freo,goal,Josh Treacy,0,80,34
2026,R13,Sat 30-May-2026 4:15 PM,Brisbane Lions,35,3,1975,1080,Opp,behind,Zac Bailey,0,80,35
2026,R13,Sat 30-May-2026 4:15 PM,Brisbane Lions,36,3,1975,1126,Opp,behind,Sam Draper,0,80,36
2026,R13,Sat 30-May-2026 4:15 PM,Brisbane Lions,37,3,1975,1270,Freo,goal,Patrick Voss,0,86,36
2026,R13,Sat 30-May-2026 4:15 PM,Brisbane Lions,38,3,1975,1394,Freo,behind,Jye Amiss,0,87,36
2026,R13,Sat 30-May-2026 4:15 PM,Brisbane Lions,39,3,1975,1490,Opp,goal,Levi Ashcroft,0,87,42
2026,R13,Sat 30-May-2026 4:15 PM,Brisbane Lions,40,3,1975,1643,Freo,behind,Jye Amiss,0,88,42
2026,R13,Sat 30-May-2026 4:15 PM,Brisbane Lions,41,3,1975,1775,Opp,behind,,1,88,43
2026,R13,Sat 30-May-2026 4:15 PM,Brisbane Lions,42,3,1975,1850,Freo,behind,Patrick Voss,0,89,43
2026,R13,Sat 30-May-2026 4:15 PM,Brisbane Lions,43,3,1975,1971,Opp,goal,Logan Morris,0,89,49
2026,R13,Sat 30-May-2026 4:15 PM,Brisbane Lions,44,4,1847,361,Freo,goal,Patrick Voss,0,95,49
2026,R13,Sat 30-May-2026 4:15 PM,Brisbane Lions,45,4,1847,490,Opp,behind,Logan Morris,0,95,50
2026,R13,Sat 30-May-2026 4:15 PM,Brisbane Lions,46,4,1847,570,Opp,goal,Charlie Cameron,0,95,56
2026,R13,Sat 30-May-2026 4:15 PM,Brisbane Lions,47,4,1847,707,Opp,behind,Zac Bailey,0,95,57
2026,R13,Sat 30-May-2026 4:15 PM,Brisbane Lions,48,4,1847,839,Opp,behind,Levi Ashcroft,0,95,58
2026,R13,Sat 30-May-2026 4:15 PM,Brisbane Lions,49,4,1847,944,Opp,goal,Will Ashcroft,0,95,64
2026,R13,Sat 30-May-2026 4:15 PM,Brisbane Lions,50,4,1847,1186,Opp,goal,Jaspa Fletcher,0,95,70
2026,R13,Sat 30-May-2026 4:15 PM,Brisbane Lions,51,4,1847,1282,Opp,behind,Logan Morris,0,95,71
2026,R13,Sat 30-May-2026 4:15 PM,Brisbane Lions,52,4,1847,1307,Opp,behind,Logan Morris,0,95,72
2026,R13,Sat 30-May-2026 4:15 PM,Brisbane Lions,53,4,1847,1428,Freo,behind,Michael Frederick,0,96,72
2026,R13,Sat 30-May-2026 4:15 PM,Brisbane Lions,54,4,1847,1550,Opp,goal,Sam Draper,0,96,78
2026,R13,Sat 30-May-2026 4:15 PM,Brisbane Lions,55,4,1847,1664,Freo,goal,Josh Treacy,0,102,78
2026,R13,Sat 30-May-2026 4:15 PM,Brisbane Lions,56,4,1847,1843,Freo,behind,Jye Amiss,0,103,78
2026,R14,Sat 06-Jun-2026 12:15 PM,North Melbourne,1,1,1846,179,Opp,behind,Cameron Zurhaar,0,0,1
2026,R14,Sat 06-Jun-2026 12:15 PM,North Melbourne,2,1,1846,255,Freo,goal,Michael Frederick,0,6,1
2026,R14,Sat 06-Jun-2026 12:15 PM,North Melbourne,3,1,1846,441,Freo,goal,Sam Switkowski,0,12,1
2026,R14,Sat 06-Jun-2026 12:15 PM,North Melbourne,4,1,1846,694,Opp,goal,Cooper Trembath,0,12,7
2026,R14,Sat 06-Jun-2026 12:15 PM,North Melbourne,5,1,1846,831,Opp,goal,Nick Larkey,0,12,13
2026,R14,Sat 06-Jun-2026 12:15 PM,North Melbourne,6,1,1846,983,Freo,behind,Michael Frederick,0,13,13
2026,R14,Sat 06-Jun-2026 12:15 PM,North Melbourne,7,1,1846,1140,Freo,goal,Josh Treacy,0,19,13
2026,R14,Sat 06-Jun-2026 12:15 PM,North Melbourne,8,1,1846,1271,Freo,behind,Patrick Voss,0,20,13
2026,R14,Sat 06-Jun-2026 12:15 PM,North Melbourne,9,1,1846,1373,Freo,behind,Patrick Voss,0,21,13
2026,R14,Sat 06-Jun-2026 12:15 PM,North Melbourne,10,1,1846,1426,Freo,goal,Murphy Reid,0,27,13
2026,R14,Sat 06-Jun-2026 12:15 PM,North Melbourne,11,1,1846,1524,Opp,behind,Paul Curtis,0,27,14
2026,R14,Sat 06-Jun-2026 12:15 PM,North Melbourne,12,2,2038,27,Freo,goal,Isaiah Dudley,0,33,14
2026,R14,Sat 06-Jun-2026 12:15 PM,North Melbourne,13,2,2038,100,Opp,behind,,1,33,15
2026,R14,Sat 06-Jun-2026 12:15 PM,North Melbourne,14,2,2038,284,Opp,goal,Jack Darling,0,33,21
2026,R14,Sat 06-Jun-2026 12:15 PM,North Melbourne,15,2,2038,414,Opp,goal,George Wardlaw,0,33,27
2026,R14,Sat 06-Jun-2026 12:15 PM,North Melbourne,16,2,2038,533,Freo,goal,Sam Switkowski,0,39,27
2026,R14,Sat 06-Jun-2026 12:15 PM,North Melbourne,17,2,2038,647,Freo,goal,Neil Erasmus,0,45,27
2026,R14,Sat 06-Jun-2026 12:15 PM,North Melbourne,18,2,2038,758,Freo,goal,Patrick Voss,0,51,27
2026,R14,Sat 06-Jun-2026 12:15 PM,North Melbourne,19,2,2038,903,Freo,goal,Josh Treacy,0,57,27
2026,R14,Sat 06-Jun-2026 12:15 PM,North Melbourne,20,2,2038,1049,Freo,goal,Luke Jackson,0,63,27
2026,R14,Sat 06-Jun-2026 12:15 PM,North Melbourne,21,2,2038,1279,Freo,behind,,1,64,27
2026,R14,Sat 06-Jun-2026 12:15 PM,North Melbourne,22,2,2038,1459,Freo,goal,Hayden Young,0,70,27
2026,R14,Sat 06-Jun-2026 12:15 PM,North Melbourne,23,2,2038,1581,Freo,goal,Jye Amiss,0,76,27
2026,R14,Sat 06-Jun-2026 12:15 PM,North Melbourne,24,2,2038,1652,Freo,goal,Luke Jackson,0,82,27
2026,R14,Sat 06-Jun-2026 12:15 PM,North Melbourne,25,2,2038,1992,Opp,behind,,1,82,28
2026,R14,Sat 06-Jun-2026 12:15 PM,North Melbourne,26,3,1652,52,Freo,behind,Patrick Voss,0,83,28
2026,R14,Sat 06-Jun-2026 12:15 PM,North Melbourne,27,3,1652,318,Freo,goal,Sam Switkowski,0,89,28
2026,R14,Sat 06-Jun-2026 12:15 PM,North Melbourne,28,3,1652,666,Freo,goal,Murphy Reid,0,95,28
2026,R14,Sat 06-Jun-2026 12:15 PM,North Melbourne,29,3,1652,786,Opp,behind,Nick Larkey,0,95,29
2026,R14,Sat 06-Jun-2026 12:15 PM,North Melbourne,30,3,1652,990,Opp,behind,Jy Simpkin,0,95,30
2026,R14,Sat 06-Jun-2026 12:15 PM,North Melbourne,31,3,1652,1078,Freo,goal,Josh Treacy,0,101,30
2026,R14,Sat 06-Jun-2026 12:15 PM,North Melbourne,32,3,1652,1463,Freo,goal,Michael Frederick,0,107,30
2026,R14,Sat 06-Jun-2026 12:15 PM,North Melbourne,33,4,1806,44,Freo,goal,Patrick Voss,0,113,30
2026,R14,Sat 06-Jun-2026 12:15 PM,North Melbourne,34,4,1806,145,Freo,goal,Patrick Voss,0,119,30
2026,R14,Sat 06-Jun-2026 12:15 PM,North Melbourne,35,4,1806,250,Freo,behind,Patrick Voss,0,120,30
2026,R14,Sat 06-Jun-2026 12:15 PM,North Melbourne,36,4,1806,387,Opp,behind,Tristan Xerri,0,120,31
2026,R14,Sat 06-Jun-2026 12:15 PM,North Melbourne,37,4,1806,458,Freo,behind,,1,121,31
2026,R14,Sat 06-Jun-2026 12:15 PM,North Melbourne,38,4,1806,541,Freo,behind,Nathan ODriscoll,0,122,31
2026,R14,Sat 06-Jun-2026 12:15 PM,North Melbourne,39,4,1806,665,Freo,goal,Jye Amiss,0,128,31
2026,R14,Sat 06-Jun-2026 12:15 PM,North Melbourne,40,4,1806,768,Freo,goal,Josh Treacy,0,134,31
2026,R14,Sat 06-Jun-2026 12:15 PM,North Melbourne,41,4,1806,919,Freo,goal,Luke Jackson,0,140,31
2026,R14,Sat 06-Jun-2026 12:15 PM,North Melbourne,42,4,1806,1132,Freo,behind,,1,141,31
2026,R14,Sat 06-Jun-2026 12:15 PM,North Melbourne,43,4,1806,1221,Freo,behind,Jye Amiss,0,142,31
2026,R14,Sat 06-Jun-2026 12:15 PM,North Melbourne,44,4,1806,1350,Freo,goal,Hayden Young,0,148,31
2026,R14,Sat 06-Jun-2026 12:15 PM,North Melbourne,45,4,1806,1489,Freo,behind,Murphy Reid,0,149,31
2026,R14,Sat 06-Jun-2026 12:15 PM,North Melbourne,46,4,1806,1674,Freo,goal,Patrick Voss,0,155,31
2026,R16,Thu 18-Jun-2026 6:10 PM,Geelong,1,1,1845,139,Freo,behind,Josh Treacy,0,1,0
2026,R16,Thu 18-Jun-2026 6:10 PM,Geelong,2,1,1845,194,Opp,goal,Jack Martin,0,1,6
2026,R16,Thu 18-Jun-2026 6:10 PM,Geelong,3,1,1845,381,Freo,goal,Luke Jackson,0,7,6
2026,R16,Thu 18-Jun-2026 6:10 PM,Geelong,4,1,1845,496,Opp,goal,Jack Martin,0,7,12
2026,R16,Thu 18-Jun-2026 6:10 PM,Geelong,5,1,1845,589,Freo,goal,Murphy Reid,0,13,12
2026,R16,Thu 18-Jun-2026 6:10 PM,Geelong,6,1,1845,751,Freo,behind,Jye Amiss,0,14,12
2026,R16,Thu 18-Jun-2026 6:10 PM,Geelong,7,1,1845,918,Freo,goal,Patrick Voss,0,20,12
2026,R16,Thu 18-Jun-2026 6:10 PM,Geelong,8,1,1845,1018,Opp,goal,Oliver Wiltshire,0,20,18
2026,R16,Thu 18-Jun-2026 6:10 PM,Geelong,9,1,1845,1085,Opp,goal,Oliver Wiltshire,0,20,24
2026,R16,Thu 18-Jun-2026 6:10 PM,Geelong,10,1,1845,1251,Opp,goal,Jack Martin,0,20,30
2026,R16,Thu 18-Jun-2026 6:10 PM,Geelong,11,1,1845,1462,Freo,behind,Jye Amiss,0,21,30
2026,R16,Thu 18-Jun-2026 6:10 PM,Geelong,12,1,1845,1584,Freo,behind,Josh Treacy,0,22,30
2026,R16,Thu 18-Jun-2026 6:10 PM,Geelong,13,1,1845,1657,Opp,behind,Oliver Henry,0,22,31
2026,R16,Thu 18-Jun-2026 6:10 PM,Geelong,14,1,1845,1765,Opp,behind,Jack Bowes,0,22,32
2026,R16,Thu 18-Jun-2026 6:10 PM,Geelong,15,2,1753,31,Freo,behind,Sam Switkowski,0,23,32
2026,R16,Thu 18-Jun-2026 6:10 PM,Geelong,16,2,1753,52,Freo,behind,Shai Bolton,0,24,32
2026,R16,Thu 18-Jun-2026 6:10 PM,Geelong,17,2,1753,102,Freo,behind,Hayden Young,0,25,32
2026,R16,Thu 18-Jun-2026 6:10 PM,Geelong,18,2,1753,168,Opp,goal,Jeremy Cameron,0,25,38
2026,R16,Thu 18-Jun-2026 6:10 PM,Geelong,19,2,1753,321,Freo,behind,Jye Amiss,0,26,38
2026,R16,Thu 18-Jun-2026 6:10 PM,Geelong,20,2,1753,352,Freo,behind,,1,27,38
2026,R16,Thu 18-Jun-2026 6:10 PM,Geelong,21,2,1753,428,Opp,goal,Shannon Neale,0,27,44
2026,R16,Thu 18-Jun-2026 6:10 PM,Geelong,22,2,1753,526,Freo,behind,Patrick Voss,0,28,44
2026,R16,Thu 18-Jun-2026 6:10 PM,Geelong,23,2,1753,693,Opp,goal,Jeremy Cameron,0,28,50
2026,R16,Thu 18-Jun-2026 6:10 PM,Geelong,24,2,1753,816,Opp,goal,George Stevens,0,28,56
2026,R16,Thu 18-Jun-2026 6:10 PM,Geelong,25,2,1753,1169,Freo,behind,Murphy Reid,0,29,56
2026,R16,Thu 18-Jun-2026 6:10 PM,Geelong,26,2,1753,1353,Freo,goal,Patrick Voss,0,35,56
2026,R16,Thu 18-Jun-2026 6:10 PM,Geelong,27,2,1753,1479,Freo,goal,Josh Treacy,0,41,56
2026,R16,Thu 18-Jun-2026 6:10 PM,Geelong,28,2,1753,1680,Freo,goal,Luke Jackson,0,47,56
2026,R16,Thu 18-Jun-2026 6:10 PM,Geelong,29,3,2043,211,Freo,goal,Luke Jackson,0,53,56
2026,R16,Thu 18-Jun-2026 6:10 PM,Geelong,30,3,2043,360,Freo,goal,Neil Erasmus,0,59,56
2026,R16,Thu 18-Jun-2026 6:10 PM,Geelong,31,3,2043,601,Opp,goal,Oliver Henry,0,59,62
2026,R16,Thu 18-Jun-2026 6:10 PM,Geelong,32,3,2043,809,Opp,goal,Oisin Mullin,0,59,68
2026,R16,Thu 18-Jun-2026 6:10 PM,Geelong,33,3,2043,1048,Opp,behind,Patrick Dangerfield,0,59,69
2026,R16,Thu 18-Jun-2026 6:10 PM,Geelong,34,3,2043,1151,Freo,goal,Caleb Serong,0,65,69
2026,R16,Thu 18-Jun-2026 6:10 PM,Geelong,35,3,2043,1287,Freo,goal,Josh Treacy,0,71,69
2026,R16,Thu 18-Jun-2026 6:10 PM,Geelong,36,3,2043,1598,Freo,goal,Isaiah Dudley,0,77,69
2026,R16,Thu 18-Jun-2026 6:10 PM,Geelong,37,3,2043,1722,Freo,goal,Jye Amiss,0,83,69
2026,R16,Thu 18-Jun-2026 6:10 PM,Geelong,38,3,2043,1852,Opp,behind,Jeremy Cameron,0,83,70
2026,R16,Thu 18-Jun-2026 6:10 PM,Geelong,39,3,2043,1943,Freo,goal,Jye Amiss,0,89,70
2026,R16,Thu 18-Jun-2026 6:10 PM,Geelong,40,4,1711,148,Freo,behind,Matthew Johnson,0,90,70
2026,R16,Thu 18-Jun-2026 6:10 PM,Geelong,41,4,1711,225,Opp,behind,Jack Martin,0,90,71
2026,R16,Thu 18-Jun-2026 6:10 PM,Geelong,42,4,1711,411,Opp,goal,Shannon Neale,0,90,77
2026,R16,Thu 18-Jun-2026 6:10 PM,Geelong,43,4,1711,634,Freo,behind,Mason Cox,0,91,77
2026,R16,Thu 18-Jun-2026 6:10 PM,Geelong,44,4,1711,755,Opp,goal,Oliver Henry,0,91,83
2026,R16,Thu 18-Jun-2026 6:10 PM,Geelong,45,4,1711,850,Freo,behind,Murphy Reid,0,92,83
2026,R16,Thu 18-Jun-2026 6:10 PM,Geelong,46,4,1711,929,Freo,goal,Jye Amiss,0,98,83
2026,R16,Thu 18-Jun-2026 6:10 PM,Geelong,47,4,1711,1210,Opp,behind,,1,98,84
2026,R16,Thu 18-Jun-2026 6:10 PM,Geelong,48,4,1711,1264,Opp,goal,Jack Henry,0,98,90
2026,R16,Thu 18-Jun-2026 6:10 PM,Geelong,49,4,1711,1361,Freo,behind,Jye Amiss,0,99,90
2026,R17,Sun 28-Jun-2026 3:10 PM,Gold Coast,1,1,1781,213,Freo,behind,Patrick Voss,0,1,0
2026,R17,Sun 28-Jun-2026 3:10 PM,Gold Coast,2,1,1781,286,Freo,goal,Michael Frederick,0,7,0
2026,R17,Sun 28-Jun-2026 3:10 PM,Gold Coast,3,1,1781,403,Freo,behind,Jye Amiss,0,8,0
2026,R17,Sun 28-Jun-2026 3:10 PM,Gold Coast,4,1,1781,709,Opp,behind,Touk Miller,0,8,1
2026,R17,Sun 28-Jun-2026 3:10 PM,Gold Coast,5,1,1781,796,Freo,goal,Michael Frederick,0,14,1
2026,R17,Sun 28-Jun-2026 3:10 PM,Gold Coast,6,1,1781,894,Opp,behind,Ben King,0,14,2
2026,R17,Sun 28-Jun-2026 3:10 PM,Gold Coast,7,1,1781,1033,Freo,goal,Michael Frederick,0,20,2
2026,R17,Sun 28-Jun-2026 3:10 PM,Gold Coast,8,1,1781,1305,Freo,goal,Luke Jackson,0,26,2
2026,R17,Sun 28-Jun-2026 3:10 PM,Gold Coast,9,1,1781,1445,Freo,behind,Jye Amiss,0,27,2
2026,R17,Sun 28-Jun-2026 3:10 PM,Gold Coast,10,1,1781,1517,Freo,behind,Isaiah Dudley,0,28,2
2026,R17,Sun 28-Jun-2026 3:10 PM,Gold Coast,11,2,1601,183,Opp,goal,Ben King,0,28,8
2026,R17,Sun 28-Jun-2026 3:10 PM,Gold Coast,12,2,1601,262,Freo,behind,,1,29,8
2026,R17,Sun 28-Jun-2026 3:10 PM,Gold Coast,13,2,1601,451,Opp,behind,Ben King,0,29,9
2026,R17,Sun 28-Jun-2026 3:10 PM,Gold Coast,14,2,1601,530,Opp,behind,Christian Petracca,0,29,10
2026,R17,Sun 28-Jun-2026 3:10 PM,Gold Coast,15,2,1601,1153,Freo,behind,,1,30,10
2026,R17,Sun 28-Jun-2026 3:10 PM,Gold Coast,16,2,1601,1263,Opp,behind,Jed Walter,0,30,11
2026,R17,Sun 28-Jun-2026 3:10 PM,Gold Coast,17,2,1601,1390,Freo,behind,Neil Erasmus,0,31,11
2026,R17,Sun 28-Jun-2026 3:10 PM,Gold Coast,18,3,1630,71,Opp,behind,Wil Powell,0,31,12
2026,R17,Sun 28-Jun-2026 3:10 PM,Gold Coast,19,3,1630,173,Freo,goal,Luke Jackson,0,37,12
2026,R17,Sun 28-Jun-2026 3:10 PM,Gold Coast,20,3,1630,339,Freo,goal,Patrick Voss,0,43,12
2026,R17,Sun 28-Jun-2026 3:10 PM,Gold Coast,21,3,1630,405,Freo,behind,,1,44,12
2026,R17,Sun 28-Jun-2026 3:10 PM,Gold Coast,22,3,1630,552,Freo,behind,Sam Switkowski,0,45,12
2026,R17,Sun 28-Jun-2026 3:10 PM,Gold Coast,23,3,1630,630,Opp,behind,Ben Long,0,45,13
2026,R17,Sun 28-Jun-2026 3:10 PM,Gold Coast,24,3,1630,699,Freo,behind,Josh Treacy,0,46,13
2026,R17,Sun 28-Jun-2026 3:10 PM,Gold Coast,25,3,1630,803,Freo,behind,,1,47,13
2026,R17,Sun 28-Jun-2026 3:10 PM,Gold Coast,26,3,1630,856,Freo,behind,Andrew Brayshaw,0,48,13
2026,R17,Sun 28-Jun-2026 3:10 PM,Gold Coast,27,3,1630,1058,Opp,behind,Ben Long,0,48,14
2026,R17,Sun 28-Jun-2026 3:10 PM,Gold Coast,28,3,1630,1185,Freo,goal,Michael Frederick,0,54,14
2026,R17,Sun 28-Jun-2026 3:10 PM,Gold Coast,29,3,1630,1376,Opp,goal,Jed Walter,0,54,20
2026,R17,Sun 28-Jun-2026 3:10 PM,Gold Coast,30,3,1630,1481,Freo,goal,Sean Darcy,0,60,20
2026,R17,Sun 28-Jun-2026 3:10 PM,Gold Coast,31,4,1742,109,Freo,goal,Andrew Brayshaw,0,66,20
2026,R17,Sun 28-Jun-2026 3:10 PM,Gold Coast,32,4,1742,469,Freo,behind,Isaiah Dudley,0,67,20
2026,R17,Sun 28-Jun-2026 3:10 PM,Gold Coast,33,4,1742,718,Freo,behind,,1,68,20
2026,R17,Sun 28-Jun-2026 3:10 PM,Gold Coast,34,4,1742,767,Opp,behind,,1,68,21
2026,R17,Sun 28-Jun-2026 3:10 PM,Gold Coast,35,4,1742,949,Opp,behind,,1,68,22
2026,R17,Sun 28-Jun-2026 3:10 PM,Gold Coast,36,4,1742,1013,Opp,behind,Christian Petracca,0,68,23
2026,R17,Sun 28-Jun-2026 3:10 PM,Gold Coast,37,4,1742,1114,Freo,goal,Patrick Voss,0,74,23
2026,R17,Sun 28-Jun-2026 3:10 PM,Gold Coast,38,4,1742,1378,Opp,goal,Jed Walter,0,74,29
2026,R17,Sun 28-Jun-2026 3:10 PM,Gold Coast,39,4,1742,1572,Freo,goal,Jye Amiss,0,80,29
2026,R18,Sat 04-Jul-2026 1:35 PM,Greater Western Sydney,1,1,2042,51,Opp,goal,Jake Stringer,0,0,6
2026,R18,Sat 04-Jul-2026 1:35 PM,Greater Western Sydney,2,1,2042,135,Opp,behind,Toby Greene,0,0,7
2026,R18,Sat 04-Jul-2026 1:35 PM,Greater Western Sydney,3,1,2042,352,Freo,behind,Murphy Reid,0,1,7
2026,R18,Sat 04-Jul-2026 1:35 PM,Greater Western Sydney,4,1,2042,470,Opp,goal,Stephen Coniglio,0,1,13
2026,R18,Sat 04-Jul-2026 1:35 PM,Greater Western Sydney,5,1,2042,596,Freo,goal,Luke Jackson,0,7,13
2026,R18,Sat 04-Jul-2026 1:35 PM,Greater Western Sydney,6,1,2042,674,Opp,behind,Toby Greene,0,7,14
2026,R18,Sat 04-Jul-2026 1:35 PM,Greater Western Sydney,7,1,2042,729,Opp,goal,Jake Stringer,0,7,20
2026,R18,Sat 04-Jul-2026 1:35 PM,Greater Western Sydney,8,1,2042,984,Freo,goal,Josh Treacy,0,13,20
2026,R18,Sat 04-Jul-2026 1:35 PM,Greater Western Sydney,9,1,2042,1093,Freo,goal,Neil Erasmus,0,19,20
2026,R18,Sat 04-Jul-2026 1:35 PM,Greater Western Sydney,10,1,2042,1285,Opp,goal,Toby Greene,0,19,26
2026,R18,Sat 04-Jul-2026 1:35 PM,Greater Western Sydney,11,1,2042,1428,Freo,goal,Luke Jackson,0,25,26
2026,R18,Sat 04-Jul-2026 1:35 PM,Greater Western Sydney,12,1,2042,1531,Freo,goal,Patrick Voss,0,31,26
2026,R18,Sat 04-Jul-2026 1:35 PM,Greater Western Sydney,13,1,2042,1695,Opp,behind,Josaia Delana,0,31,27
2026,R18,Sat 04-Jul-2026 1:35 PM,Greater Western Sydney,14,1,2042,1821,Opp,goal,Callum Brown,0,31,33
2026,R18,Sat 04-Jul-2026 1:35 PM,Greater Western Sydney,15,2,1843,425,Opp,goal,Jake Stringer,0,31,39
2026,R18,Sat 04-Jul-2026 1:35 PM,Greater Western Sydney,16,2,1843,557,Freo,goal,Shai Bolton,0,37,39
2026,R18,Sat 04-Jul-2026 1:35 PM,Greater Western Sydney,17,2,1843,643,Freo,goal,Nathan ODriscoll,0,43,39
2026,R18,Sat 04-Jul-2026 1:35 PM,Greater Western Sydney,18,2,1843,773,Opp,goal,Toby Greene,0,43,45
2026,R18,Sat 04-Jul-2026 1:35 PM,Greater Western Sydney,19,2,1843,1011,Freo,behind,Patrick Voss,0,44,45
2026,R18,Sat 04-Jul-2026 1:35 PM,Greater Western Sydney,20,2,1843,1138,Opp,goal,Aaron Cadman,0,44,51
2026,R18,Sat 04-Jul-2026 1:35 PM,Greater Western Sydney,21,2,1843,1206,Freo,behind,,1,45,51
2026,R18,Sat 04-Jul-2026 1:35 PM,Greater Western Sydney,22,2,1843,1447,Opp,behind,Aaron Cadman,0,45,52
2026,R18,Sat 04-Jul-2026 1:35 PM,Greater Western Sydney,23,2,1843,1531,Opp,goal,Jake Stringer,0,45,58
2026,R18,Sat 04-Jul-2026 1:35 PM,Greater Western Sydney,24,3,1840,259,Freo,goal,Jye Amiss,0,51,58
2026,R18,Sat 04-Jul-2026 1:35 PM,Greater Western Sydney,25,3,1840,428,Opp,behind,Jake Stringer,0,51,59
2026,R18,Sat 04-Jul-2026 1:35 PM,Greater Western Sydney,26,3,1840,512,Opp,behind,Jake Stringer,0,51,60
2026,R18,Sat 04-Jul-2026 1:35 PM,Greater Western Sydney,27,3,1840,667,Freo,behind,Patrick Voss,0,52,60
2026,R18,Sat 04-Jul-2026 1:35 PM,Greater Western Sydney,28,3,1840,762,Freo,behind,Sam Switkowski,0,53,60
2026,R18,Sat 04-Jul-2026 1:35 PM,Greater Western Sydney,29,3,1840,846,Opp,behind,Toby Greene,0,53,61
2026,R18,Sat 04-Jul-2026 1:35 PM,Greater Western Sydney,30,3,1840,879,Opp,goal,Harry Rowston,0,53,67
2026,R18,Sat 04-Jul-2026 1:35 PM,Greater Western Sydney,31,3,1840,1063,Freo,goal,Murphy Reid,0,59,67
2026,R18,Sat 04-Jul-2026 1:35 PM,Greater Western Sydney,32,3,1840,1147,Opp,behind,Riley Hamilton,0,59,68
2026,R18,Sat 04-Jul-2026 1:35 PM,Greater Western Sydney,33,3,1840,1240,Opp,goal,Conor Stone,0,59,74
2026,R18,Sat 04-Jul-2026 1:35 PM,Greater Western Sydney,34,3,1840,1310,Opp,behind,,1,59,75
2026,R18,Sat 04-Jul-2026 1:35 PM,Greater Western Sydney,35,3,1840,1424,Opp,goal,Jake Stringer,0,59,81
2026,R18,Sat 04-Jul-2026 1:35 PM,Greater Western Sydney,36,3,1840,1549,Opp,goal,Aaron Cadman,0,59,87
2026,R18,Sat 04-Jul-2026 1:35 PM,Greater Western Sydney,37,3,1840,1738,Freo,goal,Patrick Voss,0,65,87
2026,R18,Sat 04-Jul-2026 1:35 PM,Greater Western Sydney,38,4,1769,114,Freo,behind,,1,66,87
2026,R18,Sat 04-Jul-2026 1:35 PM,Greater Western Sydney,39,4,1769,180,Freo,behind,,1,67,87
2026,R18,Sat 04-Jul-2026 1:35 PM,Greater Western Sydney,40,4,1769,416,Opp,behind,Harvey Thomas,0,67,88
2026,R18,Sat 04-Jul-2026 1:35 PM,Greater Western Sydney,41,4,1769,497,Opp,goal,Jake Stringer,0,67,94
2026,R18,Sat 04-Jul-2026 1:35 PM,Greater Western Sydney,42,4,1769,618,Opp,behind,Josaia Delana,0,67,95
2026,R18,Sat 04-Jul-2026 1:35 PM,Greater Western Sydney,43,4,1769,655,Freo,behind,Neil Erasmus,0,68,95
2026,R18,Sat 04-Jul-2026 1:35 PM,Greater Western Sydney,44,4,1769,716,Freo,behind,Murphy Reid,0,69,95
2026,R18,Sat 04-Jul-2026 1:35 PM,Greater Western Sydney,45,4,1769,800,Opp,behind,Riley Hamilton,0,69,96
2026,R18,Sat 04-Jul-2026 1:35 PM,Greater Western Sydney,46,4,1769,941,Opp,behind,Aaron Cadman,0,69,97
2026,R18,Sat 04-Jul-2026 1:35 PM,Greater Western Sydney,47,4,1769,1006,Opp,goal,Jake Stringer,0,69,103
2026,R18,Sat 04-Jul-2026 1:35 PM,Greater Western Sydney,48,4,1769,1110,Freo,behind,Sam Switkowski,0,70,103
2026,R18,Sat 04-Jul-2026 1:35 PM,Greater Western Sydney,49,4,1769,1327,Freo,goal,Josh Treacy,0,76,103
2026,R18,Sat 04-Jul-2026 1:35 PM,Greater Western Sydney,50,4,1769,1450,Opp,goal,Toby Greene,0,76,109
2026,R18,Sat 04-Jul-2026 1:35 PM,Greater Western Sydney,51,4,1769,1582,Freo,goal,Isaiah Dudley,0,82,109
2026,R18,Sat 04-Jul-2026 1:35 PM,Greater Western Sydney,52,4,1769,1686,Freo,goal,Josh Treacy,0,88,109
2026,R19,Thu 09-Jul-2026 6:10 PM,Sydney,1,1,1786,32,Opp,behind,,1,0,1
2026,R19,Thu 09-Jul-2026 6:10 PM,Sydney,2,1,1786,126,Opp,goal,Tom Papley,0,0,7
2026,R19,Thu 09-Jul-2026 6:10 PM,Sydney,3,1,1786,210,Freo,behind,,1,1,7
2026,R19,Thu 09-Jul-2026 6:10 PM,Sydney,4,1,1786,351,Opp,behind,Chad Warner,0,1,8
2026,R19,Thu 09-Jul-2026 6:10 PM,Sydney,5,1,1786,435,Opp,behind,Brodie Grundy,0,1,9
2026,R19,Thu 09-Jul-2026 6:10 PM,Sydney,6,1,1786,490,Opp,behind,Charlie Curnow,0,1,10
2026,R19,Thu 09-Jul-2026 6:10 PM,Sydney,7,1,1786,522,Freo,behind,Shai Bolton,0,2,10
2026,R19,Thu 09-Jul-2026 6:10 PM,Sydney,8,1,1786,891,Freo,behind,Josh Treacy,0,3,10
2026,R19,Thu 09-Jul-2026 6:10 PM,Sydney,9,1,1786,1022,Freo,behind,,1,4,10
2026,R19,Thu 09-Jul-2026 6:10 PM,Sydney,10,1,1786,1177,Freo,behind,,1,5,10
2026,R19,Thu 09-Jul-2026 6:10 PM,Sydney,11,1,1786,1338,Opp,behind,,1,5,11
2026,R19,Thu 09-Jul-2026 6:10 PM,Sydney,12,1,1786,1377,Opp,goal,Charlie Curnow,0,5,17
2026,R19,Thu 09-Jul-2026 6:10 PM,Sydney,13,1,1786,1460,Opp,behind,Tom Papley,0,5,18
2026,R19,Thu 09-Jul-2026 6:10 PM,Sydney,14,1,1786,1676,Opp,goal,Tom Hanily,0,5,24
2026,R19,Thu 09-Jul-2026 6:10 PM,Sydney,15,2,1638,486,Freo,behind,Shai Bolton,0,6,24
2026,R19,Thu 09-Jul-2026 6:10 PM,Sydney,16,2,1638,601,Freo,behind,,1,7,24
2026,R19,Thu 09-Jul-2026 6:10 PM,Sydney,17,2,1638,704,Opp,behind,,1,7,25
2026,R19,Thu 09-Jul-2026 6:10 PM,Sydney,18,2,1638,786,Opp,behind,Chad Warner,0,7,26
2026,R19,Thu 09-Jul-2026 6:10 PM,Sydney,19,2,1638,890,Opp,behind,Isaac Heeney,0,7,27
2026,R19,Thu 09-Jul-2026 6:10 PM,Sydney,20,2,1638,995,Freo,behind,Michael Frederick,0,8,27
2026,R19,Thu 09-Jul-2026 6:10 PM,Sydney,21,2,1638,1156,Opp,goal,Tom Papley,0,8,33
2026,R19,Thu 09-Jul-2026 6:10 PM,Sydney,22,2,1638,1251,Freo,behind,Patrick Voss,0,9,33
2026,R19,Thu 09-Jul-2026 6:10 PM,Sydney,23,2,1638,1311,Freo,behind,Jye Amiss,0,10,33
2026,R19,Thu 09-Jul-2026 6:10 PM,Sydney,24,2,1638,1403,Freo,behind,Sam Switkowski,0,11,33
2026,R19,Thu 09-Jul-2026 6:10 PM,Sydney,25,3,2020,53,Freo,goal,Jordan Clark,0,17,33
2026,R19,Thu 09-Jul-2026 6:10 PM,Sydney,26,3,2020,170,Opp,goal,Charlie Curnow,0,17,39
2026,R19,Thu 09-Jul-2026 6:10 PM,Sydney,27,3,2020,279,Opp,behind,,1,17,40
2026,R19,Thu 09-Jul-2026 6:10 PM,Sydney,28,3,2020,341,Freo,goal,Josh Treacy,0,23,40
2026,R19,Thu 09-Jul-2026 6:10 PM,Sydney,29,3,2020,423,Opp,goal,Charlie Curnow,0,23,46
2026,R19,Thu 09-Jul-2026 6:10 PM,Sydney,30,3,2020,516,Freo,goal,Josh Treacy,0,29,46
2026,R19,Thu 09-Jul-2026 6:10 PM,Sydney,31,3,2020,590,Freo,behind,Isaiah Dudley,0,30,46
2026,R19,Thu 09-Jul-2026 6:10 PM,Sydney,32,3,2020,666,Opp,goal,Charlie Curnow,0,30,52
2026,R19,Thu 09-Jul-2026 6:10 PM,Sydney,33,3,2020,769,Freo,goal,Patrick Voss,0,36,52
2026,R19,Thu 09-Jul-2026 6:10 PM,Sydney,34,3,2020,976,Freo,goal,Shai Bolton,0,42,52
2026,R19,Thu 09-Jul-2026 6:10 PM,Sydney,35,3,2020,1091,Freo,behind,Jye Amiss,0,43,52
2026,R19,Thu 09-Jul-2026 6:10 PM,Sydney,36,3,2020,1166,Freo,behind,Matthew Johnson,0,44,52
2026,R19,Thu 09-Jul-2026 6:10 PM,Sydney,37,3,2020,1254,Opp,behind,Hayden McLean,0,44,53
2026,R19,Thu 09-Jul-2026 6:10 PM,Sydney,38,3,2020,1456,Freo,behind,Murphy Reid,0,45,53
2026,R19,Thu 09-Jul-2026 6:10 PM,Sydney,39,3,2020,1723,Opp,behind,Matt Roberts,0,45,54
2026,R19,Thu 09-Jul-2026 6:10 PM,Sydney,40,3,2020,1896,Freo,goal,Jye Amiss,0,51,54
2026,R19,Thu 09-Jul-2026 6:10 PM,Sydney,41,3,2020,1964,Freo,behind,Sam Switkowski,0,52,54
2026,R19,Thu 09-Jul-2026 6:10 PM,Sydney,42,4,2090,191,Freo,goal,Jye Amiss,0,58,54
2026,R19,Thu 09-Jul-2026 6:10 PM,Sydney,43,4,2090,298,Opp,goal,Charlie Curnow,0,58,60
2026,R19,Thu 09-Jul-2026 6:10 PM,Sydney,44,4,2090,407,Opp,behind,,1,58,61
2026,R19,Thu 09-Jul-2026 6:10 PM,Sydney,45,4,2090,481,Freo,behind,Josh Treacy,0,59,61
2026,R19,Thu 09-Jul-2026 6:10 PM,Sydney,46,4,2090,771,Freo,goal,Josh Treacy,0,65,61
2026,R19,Thu 09-Jul-2026 6:10 PM,Sydney,47,4,2090,899,Freo,goal,Mason Cox,0,71,61
2026,R19,Thu 09-Jul-2026 6:10 PM,Sydney,48,4,2090,1031,Freo,goal,Michael Frederick,0,77,61
2026,R19,Thu 09-Jul-2026 6:10 PM,Sydney,49,4,2090,1140,Freo,behind,Josh Treacy,0,78,61
2026,R19,Thu 09-Jul-2026 6:10 PM,Sydney,50,4,2090,1200,Freo,goal,Judd McVee,0,84,61
2026,R19,Thu 09-Jul-2026 6:10 PM,Sydney,51,4,2090,1338,Freo,goal,Josh Treacy,0,90,61
2026,R19,Thu 09-Jul-2026 6:10 PM,Sydney,52,4,2090,1437,Freo,behind,Josh Treacy,0,91,61
2026,R19,Thu 09-Jul-2026 6:10 PM,Sydney,53,4,2090,1464,Freo,behind,Isaiah Dudley,0,92,61
2026,R19,Thu 09-Jul-2026 6:10 PM,Sydney,54,4,2090,1546,Freo,goal,Patrick Voss,0,98,61
2026,R19,Thu 09-Jul-2026 6:10 PM,Sydney,55,4,2090,1695,Freo,goal,Shai Bolton,0,104,61
2026,R19,Thu 09-Jul-2026 6:10 PM,Sydney,56,4,2090,1793,Opp,goal,Jake Lloyd,0,104,67
2026,R19,Thu 09-Jul-2026 6:10 PM,Sydney,57,4,2090,1912,Freo,goal,Michael Frederick,0,110,67
2026,R19,Thu 09-Jul-2026 6:10 PM,Sydney,58,4,2090,2002,Freo,behind,Patrick Voss,0,111,67
2026,R19,Thu 09-Jul-2026 6:10 PM,Sydney,59,4,2090,2089,Opp,goal,Jake Lloyd,0,111,73
2026,R20,Sat 18-Jul-2026 12:45 PM,Port Adelaide,1,1,1913,28,Opp,goal,Mitch Zadow,0,0,6
2026,R20,Sat 18-Jul-2026 12:45 PM,Port Adelaide,2,1,1913,123,Freo,behind,Jaeger OMeara,0,1,6
2026,R20,Sat 18-Jul-2026 12:45 PM,Port Adelaide,3,1,1913,199,Opp,behind,Mitch Zadow,0,1,7
2026,R20,Sat 18-Jul-2026 12:45 PM,Port Adelaide,4,1,1913,553,Opp,goal,Jack Whitlock,0,1,13
2026,R20,Sat 18-Jul-2026 12:45 PM,Port Adelaide,5,1,1913,760,Freo,goal,Jye Amiss,0,7,13
2026,R20,Sat 18-Jul-2026 12:45 PM,Port Adelaide,6,1,1913,860,Freo,goal,Michael Frederick,0,13,13
2026,R20,Sat 18-Jul-2026 12:45 PM,Port Adelaide,7,1,1913,1017,Opp,behind,Jack Whitlock,0,13,14
2026,R20,Sat 18-Jul-2026 12:45 PM,Port Adelaide,8,1,1913,1099,Freo,goal,Josh Treacy,0,19,14
2026,R20,Sat 18-Jul-2026 12:45 PM,Port Adelaide,9,1,1913,1322,Opp,behind,Joe Berry,0,19,15
2026,R20,Sat 18-Jul-2026 12:45 PM,Port Adelaide,10,1,1913,1393,Opp,goal,Joe Richards,0,19,21
2026,R20,Sat 18-Jul-2026 12:45 PM,Port Adelaide,11,1,1913,1559,Opp,goal,Dante Visentini,0,19,27
2026,R20,Sat 18-Jul-2026 12:45 PM,Port Adelaide,12,1,1913,1669,Opp,goal,Dante Visentini,0,19,33
2026,R20,Sat 18-Jul-2026 12:45 PM,Port Adelaide,13,1,1913,1802,Freo,goal,Patrick Voss,0,25,33
2026,R20,Sat 18-Jul-2026 12:45 PM,Port Adelaide,14,1,1913,1912,Freo,goal,Hayden Young,0,31,33
2026,R20,Sat 18-Jul-2026 12:45 PM,Port Adelaide,15,2,1724,66,Opp,goal,Joe Berry,0,31,39
2026,R20,Sat 18-Jul-2026 12:45 PM,Port Adelaide,16,2,1724,182,Opp,behind,Jack Whitlock,0,31,40
2026,R20,Sat 18-Jul-2026 12:45 PM,Port Adelaide,17,2,1724,252,Opp,behind,Mitch Zadow,0,31,41
2026,R20,Sat 18-Jul-2026 12:45 PM,Port Adelaide,18,2,1724,433,Freo,behind,,1,32,41
2026,R20,Sat 18-Jul-2026 12:45 PM,Port Adelaide,19,2,1724,476,Freo,goal,Jye Amiss,0,38,41
2026,R20,Sat 18-Jul-2026 12:45 PM,Port Adelaide,20,2,1724,621,Opp,behind,Jack Whitlock,0,38,42
2026,R20,Sat 18-Jul-2026 12:45 PM,Port Adelaide,21,2,1724,704,Freo,behind,Jye Amiss,0,39,42
2026,R20,Sat 18-Jul-2026 12:45 PM,Port Adelaide,22,2,1724,847,Freo,behind,Neil Erasmus,0,40,42
2026,R20,Sat 18-Jul-2026 12:45 PM,Port Adelaide,23,2,1724,920,Freo,behind,Mason Cox,0,41,42
2026,R20,Sat 18-Jul-2026 12:45 PM,Port Adelaide,24,2,1724,1095,Freo,behind,Isaiah Dudley,0,42,42
2026,R20,Sat 18-Jul-2026 12:45 PM,Port Adelaide,25,2,1724,1539,Opp,goal,Corey Durdin,0,42,48
2026,R20,Sat 18-Jul-2026 12:45 PM,Port Adelaide,26,2,1724,1606,Opp,goal,Mitch Zadow,0,42,54
2026,R20,Sat 18-Jul-2026 12:45 PM,Port Adelaide,27,3,1856,157,Freo,goal,Luke Jackson,0,48,54
2026,R20,Sat 18-Jul-2026 12:45 PM,Port Adelaide,28,3,1856,296,Freo,goal,Josh Treacy,0,54,54
2026,R20,Sat 18-Jul-2026 12:45 PM,Port Adelaide,29,3,1856,381,Freo,goal,Jye Amiss,0,60,54
2026,R20,Sat 18-Jul-2026 12:45 PM,Port Adelaide,30,3,1856,549,Freo,behind,Jye Amiss,0,61,54
2026,R20,Sat 18-Jul-2026 12:45 PM,Port Adelaide,31,3,1856,614,Freo,goal,Josh Treacy,0,67,54
2026,R20,Sat 18-Jul-2026 12:45 PM,Port Adelaide,32,3,1856,776,Freo,goal,Michael Frederick,0,73,54
2026,R20,Sat 18-Jul-2026 12:45 PM,Port Adelaide,33,3,1856,985,Freo,behind,,1,74,54
2026,R20,Sat 18-Jul-2026 12:45 PM,Port Adelaide,34,3,1856,1249,Opp,behind,,1,74,55
2026,R20,Sat 18-Jul-2026 12:45 PM,Port Adelaide,35,3,1856,1553,Opp,goal,Mitch Zadow,0,74,61
2026,R20,Sat 18-Jul-2026 12:45 PM,Port Adelaide,36,3,1856,1676,Freo,goal,Jye Amiss,0,80,61
2026,R20,Sat 18-Jul-2026 12:45 PM,Port Adelaide,37,4,1828,63,Freo,behind,,1,81,61
2026,R20,Sat 18-Jul-2026 12:45 PM,Port Adelaide,38,4,1828,105,Opp,behind,,1,81,62
2026,R20,Sat 18-Jul-2026 12:45 PM,Port Adelaide,39,4,1828,318,Freo,behind,Mason Cox,0,82,62
2026,R20,Sat 18-Jul-2026 12:45 PM,Port Adelaide,40,4,1828,469,Freo,goal,Neil Erasmus,0,88,62
2026,R20,Sat 18-Jul-2026 12:45 PM,Port Adelaide,41,4,1828,645,Freo,goal,Isaiah Dudley,0,94,62
2026,R20,Sat 18-Jul-2026 12:45 PM,Port Adelaide,42,4,1828,748,Opp,goal,Corey Durdin,0,94,68
2026,R20,Sat 18-Jul-2026 12:45 PM,Port Adelaide,43,4,1828,913,Freo,behind,Josh Treacy,0,95,68
2026,R20,Sat 18-Jul-2026 12:45 PM,Port Adelaide,44,4,1828,1128,Freo,behind,Isaiah Dudley,0,96,68
2026,R20,Sat 18-Jul-2026 12:45 PM,Port Adelaide,45,4,1828,1227,Opp,goal,Jase Burgoyne,0,96,74
2026,R20,Sat 18-Jul-2026 12:45 PM,Port Adelaide,46,4,1828,1538,Opp,behind,Mitch Zadow,0,96,75
2026,R20,Sat 18-Jul-2026 12:45 PM,Port Adelaide,47,4,1828,1696,Freo,goal,Michael Frederick,0,102,75
2026,R20,Sat 18-Jul-2026 12:45 PM,Port Adelaide,48,4,1828,1807,Freo,behind,Isaiah Dudley,0,103,75
2026,R21,Fri 24-Jul-2026 6:10 PM,West Coast,1,1,1679,178,Freo,behind,Heath Chapman,0,1,0
2026,R21,Fri 24-Jul-2026 6:10 PM,West Coast,2,1,1679,315,Opp,goal,Hamish Davis,0,1,6
2026,R21,Fri 24-Jul-2026 6:10 PM,West Coast,3,1,1679,443,Freo,goal,Patrick Voss,0,7,6
2026,R21,Fri 24-Jul-2026 6:10 PM,West Coast,4,1,1679,558,Opp,goal,Tom Cole,0,7,12
2026,R21,Fri 24-Jul-2026 6:10 PM,West Coast,5,1,1679,676,Freo,behind,,1,8,12
2026,R21,Fri 24-Jul-2026 6:10 PM,West Coast,6,1,1679,772,Opp,behind,Jake Waterman,0,8,13
2026,R21,Fri 24-Jul-2026 6:10 PM,West Coast,7,1,1679,883,Freo,goal,Josh Treacy,0,14,13
2026,R21,Fri 24-Jul-2026 6:10 PM,West Coast,8,1,1679,1036,Freo,behind,Michael Frederick,0,15,13
2026,R21,Fri 24-Jul-2026 6:10 PM,West Coast,9,1,1679,1105,Freo,behind,,1,16,13
2026,R21,Fri 24-Jul-2026 6:10 PM,West Coast,10,1,1679,1324,Freo,behind,Corey Wagner,0,17,13
2026,R21,Fri 24-Jul-2026 6:10 PM,West Coast,11,1,1679,1406,Freo,behind,Jye Amiss,0,18,13
2026,R21,Fri 24-Jul-2026 6:10 PM,West Coast,12,1,1679,1561,Opp,goal,Jack Williams,0,18,19
2026,R21,Fri 24-Jul-2026 6:10 PM,West Coast,13,2,1769,64,Opp,goal,Milan Murdock,0,18,25
2026,R21,Fri 24-Jul-2026 6:10 PM,West Coast,14,2,1769,160,Freo,goal,Jye Amiss,0,24,25
2026,R21,Fri 24-Jul-2026 6:10 PM,West Coast,15,2,1769,589,Freo,behind,Josh Treacy,0,25,25
2026,R21,Fri 24-Jul-2026 6:10 PM,West Coast,16,2,1769,811,Freo,behind,Shai Bolton,0,26,25
2026,R21,Fri 24-Jul-2026 6:10 PM,West Coast,17,2,1769,913,Opp,behind,Elliot Yeo,0,26,26
2026,R21,Fri 24-Jul-2026 6:10 PM,West Coast,18,2,1769,1067,Freo,goal,Jye Amiss,0,32,26
2026,R21,Fri 24-Jul-2026 6:10 PM,West Coast,19,2,1769,1322,Freo,goal,Jye Amiss,0,38,26
2026,R21,Fri 24-Jul-2026 6:10 PM,West Coast,20,2,1769,1424,Opp,goal,Jack Williams,0,38,32
2026,R21,Fri 24-Jul-2026 6:10 PM,West Coast,21,2,1769,1578,Freo,behind,Mason Cox,0,39,32
2026,R21,Fri 24-Jul-2026 6:10 PM,West Coast,22,2,1769,1676,Freo,behind,Murphy Reid,0,40,32
2026,R21,Fri 24-Jul-2026 6:10 PM,West Coast,23,3,1890,27,Freo,behind,Luke Jackson,0,41,32
2026,R21,Fri 24-Jul-2026 6:10 PM,West Coast,24,3,1890,122,Freo,goal,Nathan ODriscoll,0,47,32
2026,R21,Fri 24-Jul-2026 6:10 PM,West Coast,25,3,1890,408,Freo,goal,Isaiah Dudley,0,53,32
2026,R21,Fri 24-Jul-2026 6:10 PM,West Coast,26,3,1890,598,Freo,behind,,1,54,32
2026,R21,Fri 24-Jul-2026 6:10 PM,West Coast,27,3,1890,657,Freo,goal,Murphy Reid,0,60,32
2026,R21,Fri 24-Jul-2026 6:10 PM,West Coast,28,3,1890,770,Freo,goal,Jye Amiss,0,66,32
2026,R21,Fri 24-Jul-2026 6:10 PM,West Coast,29,3,1890,1082,Freo,goal,Michael Frederick,0,72,32
2026,R21,Fri 24-Jul-2026 6:10 PM,West Coast,30,3,1890,1201,Opp,behind,Jobe Shanahan,0,72,33
2026,R21,Fri 24-Jul-2026 6:10 PM,West Coast,31,3,1890,1593,Opp,behind,Jack Williams,0,72,34
2026,R21,Fri 24-Jul-2026 6:10 PM,West Coast,32,3,1890,1778,Opp,goal,Jake Waterman,0,72,40
2026,R21,Fri 24-Jul-2026 6:10 PM,West Coast,33,4,2037,67,Freo,goal,Nathan ODriscoll,0,78,40
2026,R21,Fri 24-Jul-2026 6:10 PM,West Coast,34,4,2037,169,Freo,goal,Sam Switkowski,0,84,40
2026,R21,Fri 24-Jul-2026 6:10 PM,West Coast,35,4,2037,390,Opp,behind,Hamish Davis,0,84,41
2026,R21,Fri 24-Jul-2026 6:10 PM,West Coast,36,4,2037,491,Freo,goal,Shai Bolton,0,90,41
2026,R21,Fri 24-Jul-2026 6:10 PM,West Coast,37,4,2037,603,Freo,behind,Neil Erasmus,0,91,41
2026,R21,Fri 24-Jul-2026 6:10 PM,West Coast,38,4,2037,784,Freo,behind,Isaiah Dudley,0,92,41
2026,R21,Fri 24-Jul-2026 6:10 PM,West Coast,39,4,2037,811,Freo,behind,,1,93,41
2026,R21,Fri 24-Jul-2026 6:10 PM,West Coast,40,4,2037,1003,Freo,goal,Jye Amiss,0,99,41
2026,R21,Fri 24-Jul-2026 6:10 PM,West Coast,41,4,2037,1296,Freo,goal,Mason Cox,0,105,41
2026,R21,Fri 24-Jul-2026 6:10 PM,West Coast,42,4,2037,1794,Opp,behind,Willem Duursma,0,105,42
2026,R21,Fri 24-Jul-2026 6:10 PM,West Coast,43,4,2037,1876,Freo,goal,Luke Jackson,0,111,42
2026,R21,Fri 24-Jul-2026 6:10 PM,West Coast,44,4,2037,1987,Freo,behind,Patrick Voss,0,112,42
2026,R22,Fri 31-Jul-2026 6:10 PM,Western Bulldogs,1,1,1760,130,Freo,behind,Karl Worner,0,1,0
2026,R22,Fri 31-Jul-2026 6:10 PM,Western Bulldogs,2,1,1760,361,Opp,behind,Ed Richards,0,1,1
2026,R22,Fri 31-Jul-2026 6:10 PM,Western Bulldogs,3,1,1760,557,Freo,behind,Hayden Young,0,2,1
2026,R22,Fri 31-Jul-2026 6:10 PM,Western Bulldogs,4,1,1760,993,Freo,behind,Josh Treacy,0,3,1
2026,R22,Fri 31-Jul-2026 6:10 PM,Western Bulldogs,5,1,1760,1375,Freo,goal,Luke Jackson,0,9,1
2026,R22,Fri 31-Jul-2026 6:10 PM,Western Bulldogs,6,1,1760,1627,Opp,goal,Cooper Hynes,0,9,7
2026,R22,Fri 31-Jul-2026 6:10 PM,Western Bulldogs,7,1,1760,1741,Opp,behind,,1,9,8
2026,R22,Fri 31-Jul-2026 6:10 PM,Western Bulldogs,8,2,1771,199,Opp,behind,Joel Freijah,0,9,9
2026,R22,Fri 31-Jul-2026 6:10 PM,Western Bulldogs,9,2,1771,370,Freo,behind,Josh Treacy,0,10,9
2026,R22,Fri 31-Jul-2026 6:10 PM,Western Bulldogs,10,2,1771,534,Freo,goal,Josh Treacy,0,16,9
2026,R22,Fri 31-Jul-2026 6:10 PM,Western Bulldogs,11,2,1771,739,Opp,goal,Cooper Hynes,0,16,15
2026,R22,Fri 31-Jul-2026 6:10 PM,Western Bulldogs,12,2,1771,815,Freo,goal,Matthew Johnson,0,22,15
2026,R22,Fri 31-Jul-2026 6:10 PM,Western Bulldogs,13,2,1771,900,Opp,behind,,1,22,16
2026,R22,Fri 31-Jul-2026 6:10 PM,Western Bulldogs,14,2,1771,1004,Opp,behind,Laitham Vandermeer,0,22,17
2026,R22,Fri 31-Jul-2026 6:10 PM,Western Bulldogs,15,2,1771,1216,Freo,behind,Andrew Brayshaw,0,23,17
2026,R22,Fri 31-Jul-2026 6:10 PM,Western Bulldogs,16,2,1771,1411,Freo,goal,Caleb Serong,0,29,17
2026,R22,Fri 31-Jul-2026 6:10 PM,Western Bulldogs,17,2,1771,1534,Opp,goal,Rhylee West,0,29,23
2026,R22,Fri 31-Jul-2026 6:10 PM,Western Bulldogs,18,2,1771,1650,Opp,goal,Rory Lobb,0,29,29
2026,R22,Fri 31-Jul-2026 6:10 PM,Western Bulldogs,19,3,1683,40,Opp,behind,,1,29,30
2026,R22,Fri 31-Jul-2026 6:10 PM,Western Bulldogs,20,3,1683,122,Freo,behind,Jye Amiss,0,30,30
2026,R22,Fri 31-Jul-2026 6:10 PM,Western Bulldogs,21,3,1683,259,Freo,behind,Isaiah Dudley,0,31,30
2026,R22,Fri 31-Jul-2026 6:10 PM,Western Bulldogs,22,3,1683,564,Freo,goal,Josh Treacy,0,37,30
2026,R22,Fri 31-Jul-2026 6:10 PM,Western Bulldogs,23,3,1683,744,Freo,behind,Michael Frederick,0,38,30
2026,R22,Fri 31-Jul-2026 6:10 PM,Western Bulldogs,24,3,1683,859,Freo,behind,,1,39,30
2026,R22,Fri 31-Jul-2026 6:10 PM,Western Bulldogs,25,3,1683,1125,Freo,behind,Nathan ODriscoll,0,40,30
2026,R22,Fri 31-Jul-2026 6:10 PM,Western Bulldogs,26,3,1683,1204,Opp,behind,Ed Richards,0,40,31
2026,R22,Fri 31-Jul-2026 6:10 PM,Western Bulldogs,27,3,1683,1498,Freo,goal,Caleb Serong,0,46,31
2026,R22,Fri 31-Jul-2026 6:10 PM,Western Bulldogs,28,3,1683,1657,Opp,behind,Laitham Vandermeer,0,46,32
2026,R22,Fri 31-Jul-2026 6:10 PM,Western Bulldogs,29,4,1790,66,Opp,behind,Arthur Jones,0,46,33
2026,R22,Fri 31-Jul-2026 6:10 PM,Western Bulldogs,30,4,1790,436,Freo,goal,Josh Treacy,0,52,33
2026,R22,Fri 31-Jul-2026 6:10 PM,Western Bulldogs,31,4,1790,735,Freo,goal,Patrick Voss,0,58,33
2026,R22,Fri 31-Jul-2026 6:10 PM,Western Bulldogs,32,4,1790,884,Opp,behind,Matthew Kennedy,0,58,34
2026,R22,Fri 31-Jul-2026 6:10 PM,Western Bulldogs,33,4,1790,1035,Freo,behind,Michael Frederick,0,59,34
2026,R22,Fri 31-Jul-2026 6:10 PM,Western Bulldogs,34,4,1790,1118,Freo,goal,Isaiah Dudley,0,65,34
2026,R22,Fri 31-Jul-2026 6:10 PM,Western Bulldogs,35,4,1790,1195,Freo,goal,Shai Bolton,0,71,34
2026,R22,Fri 31-Jul-2026 6:10 PM,Western Bulldogs,36,4,1790,1321,Freo,behind,Nathan ODriscoll,0,72,34
2026,R22,Fri 31-Jul-2026 6:10 PM,Western Bulldogs,37,4,1790,1359,Opp,goal,Ryley Sanders,0,72,40
2026,R22,Fri 31-Jul-2026 6:10 PM,Western Bulldogs,38,4,1790,1508,Freo,goal,Luke Jackson,0,78,40
2026,R22,Fri 31-Jul-2026 6:10 PM,Western Bulldogs,39,4,1790,1620,Opp,behind,Arthur Jones,0,78,41
2026,R23,Sat 08-Aug-2026 1:15 PM,Melbourne,1,1,1953,141,Freo,goal,Patrick Voss,0,6,0
2026,R23,Sat 08-Aug-2026 1:15 PM,Melbourne,2,1,1953,205,Opp,goal,Tom Sparrow,0,6,6
2026,R23,Sat 08-Aug-2026 1:15 PM,Melbourne,3,1,1953,347,Opp,behind,Bayley Fritsch,0,6,7
2026,R23,Sat 08-Aug-2026 1:15 PM,Melbourne,4,1,1953,446,Freo,behind,Shai Bolton,0,7,7
2026,R23,Sat 08-Aug-2026 1:15 PM,Melbourne,5,1,1953,484,Freo,goal,Isaiah Dudley,0,13,7
2026,R23,Sat 08-Aug-2026 1:15 PM,Melbourne,6,1,1953,595,Freo,goal,Patrick Voss,0,19,7
2026,R23,Sat 08-Aug-2026 1:15 PM,Melbourne,7,1,1953,745,Freo,goal,Jye Amiss,0,25,7
2026,R23,Sat 08-Aug-2026 1:15 PM,Melbourne,8,1,1953,906,Opp,goal,Kade Chandler,0,25,13
2026,R23,Sat 08-Aug-2026 1:15 PM,Melbourne,9,1,1953,999,Opp,goal,Bailey Laurie,0,25,19
2026,R23,Sat 08-Aug-2026 1:15 PM,Melbourne,10,1,1953,1114,Opp,goal,Bailey Laurie,0,25,25
2026,R23,Sat 08-Aug-2026 1:15 PM,Melbourne,11,1,1953,1280,Opp,goal,Kysaiah Pickett,0,25,31
2026,R23,Sat 08-Aug-2026 1:15 PM,Melbourne,12,1,1953,1435,Freo,goal,Sam Switkowski,0,31,31
2026,R23,Sat 08-Aug-2026 1:15 PM,Melbourne,13,1,1953,1530,Opp,behind,Harry Sharp,0,31,32
2026,R23,Sat 08-Aug-2026 1:15 PM,Melbourne,14,1,1953,1604,Freo,behind,Josh Treacy,0,32,32
2026,R23,Sat 08-Aug-2026 1:15 PM,Melbourne,15,2,1994,57,Freo,goal,Josh Treacy,0,38,32
2026,R23,Sat 08-Aug-2026 1:15 PM,Melbourne,16,2,1994,210,Freo,goal,Patrick Voss,0,44,32
2026,R23,Sat 08-Aug-2026 1:15 PM,Melbourne,17,2,1994,420,Freo,goal,Jye Amiss,0,50,32
2026,R23,Sat 08-Aug-2026 1:15 PM,Melbourne,18,2,1994,484,Opp,behind,Kysaiah Pickett,0,50,33
2026,R23,Sat 08-Aug-2026 1:15 PM,Melbourne,19,2,1994,597,Opp,goal,Harry Petty,0,50,39
2026,R23,Sat 08-Aug-2026 1:15 PM,Melbourne,20,2,1994,670,Opp,goal,Harry Sharp,0,50,45
2026,R23,Sat 08-Aug-2026 1:15 PM,Melbourne,21,2,1994,932,Opp,goal,Bayley Fritsch,0,50,51
2026,R23,Sat 08-Aug-2026 1:15 PM,Melbourne,22,2,1994,1011,Opp,goal,Jake Bowey,0,50,57
2026,R23,Sat 08-Aug-2026 1:15 PM,Melbourne,23,2,1994,1249,Opp,behind,Trent Rivers,0,50,58
2026,R23,Sat 08-Aug-2026 1:15 PM,Melbourne,24,2,1994,1470,Freo,goal,Jye Amiss,0,56,58
2026,R23,Sat 08-Aug-2026 1:15 PM,Melbourne,25,2,1994,1547,Opp,goal,Bailey Laurie,0,56,64
2026,R23,Sat 08-Aug-2026 1:15 PM,Melbourne,26,2,1994,1645,Freo,goal,Josh Treacy,0,62,64
2026,R23,Sat 08-Aug-2026 1:15 PM,Melbourne,27,2,1994,1745,Opp,behind,Harry Petty,0,62,65
2026,R23,Sat 08-Aug-2026 1:15 PM,Melbourne,28,2,1994,1910,Freo,goal,Patrick Voss,0,68,65
2026,R23,Sat 08-Aug-2026 1:15 PM,Melbourne,29,3,1709,104,Opp,behind,Bayley Fritsch,0,68,66
2026,R23,Sat 08-Aug-2026 1:15 PM,Melbourne,30,3,1709,265,Opp,goal,Tom Sparrow,0,68,72
2026,R23,Sat 08-Aug-2026 1:15 PM,Melbourne,31,3,1709,423,Opp,goal,Harry Sharp,0,68,78
2026,R23,Sat 08-Aug-2026 1:15 PM,Melbourne,32,3,1709,537,Freo,goal,Shai Bolton,0,74,78
2026,R23,Sat 08-Aug-2026 1:15 PM,Melbourne,33,3,1709,631,Freo,goal,Jye Amiss,0,80,78
2026,R23,Sat 08-Aug-2026 1:15 PM,Melbourne,34,3,1709,935,Freo,behind,Josh Treacy,0,81,78
2026,R23,Sat 08-Aug-2026 1:15 PM,Melbourne,35,3,1709,1126,Freo,goal,Jye Amiss,0,87,78
2026,R23,Sat 08-Aug-2026 1:15 PM,Melbourne,36,3,1709,1360,Opp,behind,Bailey Laurie,0,87,79
2026,R23,Sat 08-Aug-2026 1:15 PM,Melbourne,37,3,1709,1472,Freo,behind,Sam Switkowski,0,88,79
2026,R23,Sat 08-Aug-2026 1:15 PM,Melbourne,38,3,1709,1571,Opp,behind,Bayley Fritsch,0,88,80
2026,R23,Sat 08-Aug-2026 1:15 PM,Melbourne,39,4,1830,104,Freo,goal,Matthew Johnson,0,94,80
2026,R23,Sat 08-Aug-2026 1:15 PM,Melbourne,40,4,1830,459,Opp,goal,Harry Petty,0,94,86
2026,R23,Sat 08-Aug-2026 1:15 PM,Melbourne,41,4,1830,570,Freo,behind,Isaiah Dudley,0,95,86
2026,R23,Sat 08-Aug-2026 1:15 PM,Melbourne,42,4,1830,638,Freo,goal,Nathan ODriscoll,0,101,86
2026,R23,Sat 08-Aug-2026 1:15 PM,Melbourne,43,4,1830,788,Opp,goal,Kysaiah Pickett,0,101,92
2026,R23,Sat 08-Aug-2026 1:15 PM,Melbourne,44,4,1830,930,Opp,goal,Harry Petty,0,101,98
2026,R23,Sat 08-Aug-2026 1:15 PM,Melbourne,45,4,1830,1032,Freo,goal,Isaiah Dudley,0,107,98
2026,R23,Sat 08-Aug-2026 1:15 PM,Melbourne,46,4,1830,1130,Freo,behind,Michael Frederick,0,108,98
2026,R23,Sat 08-Aug-2026 1:15 PM,Melbourne,47,4,1830,1168,Opp,goal,Harry Sharp,0,108,104
2026,R23,Sat 08-Aug-2026 1:15 PM,Melbourne,48,4,1830,1243,Opp,goal,Bayley Fritsch,0,108,110
2026,R23,Sat 08-Aug-2026 1:15 PM,Melbourne,49,4,1830,1311,Opp,behind,Bayley Fritsch,0,108,111
2026,R23,Sat 08-Aug-2026 1:15 PM,Melbourne,50,4,1830,1438,Opp,behind,Harry Petty,0,108,112
2026,R23,Sat 08-Aug-2026 1:15 PM,Melbourne,51,4,1830,1516,Freo,behind,,1,109,112
2026,R23,Sat 08-Aug-2026 1:15 PM,Melbourne,52,4,1830,1824,Opp,behind,Bayley Fritsch,0,109,113
2026,R24,Fri 14-Aug-2026 6:10 PM,Adelaide,1,1,2007,207,Opp,goal,Rory Laird,0,0,6
2026,R24,Fri 14-Aug-2026 6:10 PM,Adelaide,2,1,2007,277,Opp,goal,Darcy Fogarty,0,0,12
2026,R24,Fri 14-Aug-2026 6:10 PM,Adelaide,3,1,2007,352,Opp,behind,Izak Rankine,0,0,13
2026,R24,Fri 14-Aug-2026 6:10 PM,Adelaide,4,1,2007,435,Freo,goal,Isaiah Dudley,0,6,13
2026,R24,Fri 14-Aug-2026 6:10 PM,Adelaide,5,1,2007,537,Freo,behind,Jye Amiss,0,7,13
2026,R24,Fri 14-Aug-2026 6:10 PM,Adelaide,6,1,2007,635,Opp,goal,Callum Ah Chee,0,7,19
2026,R24,Fri 14-Aug-2026 6:10 PM,Adelaide,7,1,2007,778,Freo,behind,,1,8,19
2026,R24,Fri 14-Aug-2026 6:10 PM,Adelaide,8,1,2007,964,Freo,behind,Chris Scerri,0,9,19
2026,R24,Fri 14-Aug-2026 6:10 PM,Adelaide,9,1,2007,1091,Freo,behind,,1,10,19
2026,R24,Fri 14-Aug-2026 6:10 PM,Adelaide,10,1,2007,1172,Freo,goal,Jye Amiss,0,16,19
2026,R24,Fri 14-Aug-2026 6:10 PM,Adelaide,11,1,2007,1342,Freo,goal,Jye Amiss,0,22,19
2026,R24,Fri 14-Aug-2026 6:10 PM,Adelaide,12,1,2007,1450,Freo,goal,Jye Amiss,0,28,19
2026,R24,Fri 14-Aug-2026 6:10 PM,Adelaide,13,1,2007,1639,Opp,behind,Darcy Fogarty,0,28,20
2026,R24,Fri 14-Aug-2026 6:10 PM,Adelaide,14,1,2007,1712,Freo,goal,Caleb Serong,0,34,20
2026,R24,Fri 14-Aug-2026 6:10 PM,Adelaide,15,1,2007,1854,Opp,behind,Izak Rankine,0,34,21
2026,R24,Fri 14-Aug-2026 6:10 PM,Adelaide,16,2,1878,130,Freo,behind,,1,35,21
2026,R24,Fri 14-Aug-2026 6:10 PM,Adelaide,17,2,1878,195,Opp,goal,Josh Rachele,0,35,27
2026,R24,Fri 14-Aug-2026 6:10 PM,Adelaide,18,2,1878,269,Opp,behind,Callum Ah Chee,0,35,28
2026,R24,Fri 14-Aug-2026 6:10 PM,Adelaide,19,2,1878,358,Opp,behind,,1,35,29
2026,R24,Fri 14-Aug-2026 6:10 PM,Adelaide,20,2,1878,1099,Freo,goal,Isaiah Dudley,0,41,29
2026,R24,Fri 14-Aug-2026 6:10 PM,Adelaide,21,2,1878,1420,Opp,goal,Josh Rachele,0,41,35
2026,R24,Fri 14-Aug-2026 6:10 PM,Adelaide,22,2,1878,1497,Freo,goal,Michael Frederick,0,47,35
2026,R24,Fri 14-Aug-2026 6:10 PM,Adelaide,23,2,1878,1754,Opp,goal,Zac Taylor,0,47,41
2026,R24,Fri 14-Aug-2026 6:10 PM,Adelaide,24,2,1878,1872,Opp,behind,James Peatling,0,47,42
2026,R24,Fri 14-Aug-2026 6:10 PM,Adelaide,25,3,1937,46,Freo,behind,Josh Treacy,0,48,42
2026,R24,Fri 14-Aug-2026 6:10 PM,Adelaide,26,3,1937,236,Opp,goal,Brayden Cook,0,48,48
2026,R24,Fri 14-Aug-2026 6:10 PM,Adelaide,27,3,1937,307,Opp,goal,Zac Taylor,0,48,54
2026,R24,Fri 14-Aug-2026 6:10 PM,Adelaide,28,3,1937,441,Freo,goal,Jye Amiss,0,54,54
2026,R24,Fri 14-Aug-2026 6:10 PM,Adelaide,29,3,1937,653,Freo,goal,Josh Treacy,0,60,54
2026,R24,Fri 14-Aug-2026 6:10 PM,Adelaide,30,3,1937,834,Opp,goal,Riley Thilthorpe,0,60,60
2026,R24,Fri 14-Aug-2026 6:10 PM,Adelaide,31,3,1937,1016,Freo,behind,Patrick Voss,0,61,60
2026,R24,Fri 14-Aug-2026 6:10 PM,Adelaide,32,3,1937,1108,Freo,behind,Josh Treacy,0,62,60
2026,R24,Fri 14-Aug-2026 6:10 PM,Adelaide,33,3,1937,1198,Opp,behind,Riley Thilthorpe,0,62,61
2026,R24,Fri 14-Aug-2026 6:10 PM,Adelaide,34,3,1937,1245,Opp,behind,Josh Rachele,0,62,62
2026,R24,Fri 14-Aug-2026 6:10 PM,Adelaide,35,3,1937,1306,Opp,behind,Ben Keays,0,62,63
2026,R24,Fri 14-Aug-2026 6:10 PM,Adelaide,36,3,1937,1374,Opp,goal,Brayden Cook,0,62,69
2026,R24,Fri 14-Aug-2026 6:10 PM,Adelaide,37,3,1937,1541,Freo,behind,Luke Jackson,0,63,69
2026,R24,Fri 14-Aug-2026 6:10 PM,Adelaide,38,3,1937,1605,Freo,goal,Caleb Serong,0,69,69
2026,R24,Fri 14-Aug-2026 6:10 PM,Adelaide,39,3,1937,1701,Freo,goal,Andrew Brayshaw,0,75,69
2026,R24,Fri 14-Aug-2026 6:10 PM,Adelaide,40,3,1937,1845,Freo,behind,Josh Treacy,0,76,69
2026,R24,Fri 14-Aug-2026 6:10 PM,Adelaide,41,4,1991,115,Opp,behind,Izak Rankine,0,76,70
2026,R24,Fri 14-Aug-2026 6:10 PM,Adelaide,42,4,1991,226,Opp,goal,Riley Thilthorpe,0,76,76
2026,R24,Fri 14-Aug-2026 6:10 PM,Adelaide,43,4,1991,415,Freo,behind,Josh Treacy,0,77,76
2026,R24,Fri 14-Aug-2026 6:10 PM,Adelaide,44,4,1991,476,Freo,goal,Michael Frederick,0,83,76
2026,R24,Fri 14-Aug-2026 6:10 PM,Adelaide,45,4,1991,594,Freo,behind,,1,84,76
2026,R24,Fri 14-Aug-2026 6:10 PM,Adelaide,46,4,1991,783,Freo,behind,Luke Jackson,0,85,76
2026,R24,Fri 14-Aug-2026 6:10 PM,Adelaide,47,4,1991,887,Freo,behind,Andrew Brayshaw,0,86,76
2026,R24,Fri 14-Aug-2026 6:10 PM,Adelaide,48,4,1991,955,Freo,goal,Jye Amiss,0,92,76
2026,R24,Fri 14-Aug-2026 6:10 PM,Adelaide,49,4,1991,1039,Freo,goal,Isaiah Dudley,0,98,76
2026,R24,Fri 14-Aug-2026 6:10 PM,Adelaide,50,4,1991,1146,Opp,goal,Darcy Fogarty,0,98,82
2026,R24,Fri 14-Aug-2026 6:10 PM,Adelaide,51,4,1991,1461,Freo,goal,Mason Cox,0,104,82
2026,R24,Fri 14-Aug-2026 6:10 PM,Adelaide,52,4,1991,1629,Freo,behind,,1,105,82
2026,R24,Fri 14-Aug-2026 6:10 PM,Adelaide,53,4,1991,1713,Opp,goal,Izak Rankine,0,105,88
2026,R24,Fri 14-Aug-2026 6:10 PM,Adelaide,54,4,1991,1788,Freo,goal,Shai Bolton,0,111,88
2026,R24,Fri 14-Aug-2026 6:10 PM,Adelaide,55,4,1991,1863,Freo,behind,Hayden Young,0,112,88
2026,R25,Sat 22-Aug-2026 1:15 PM,Carlton,1,1,1971,164,Freo,goal,Oscar McDonald,0,6,0
2026,R25,Sat 22-Aug-2026 1:15 PM,Carlton,2,1,1971,278,Freo,goal,Shai Bolton,0,12,0
2026,R25,Sat 22-Aug-2026 1:15 PM,Carlton,3,1,1971,481,Opp,behind,Mitch McGovern,0,12,1
2026,R25,Sat 22-Aug-2026 1:15 PM,Carlton,4,1,1971,633,Freo,goal,Josh Treacy,0,18,1
2026,R25,Sat 22-Aug-2026 1:15 PM,Carlton,5,1,1971,728,Freo,goal,Patrick Voss,0,24,1
2026,R25,Sat 22-Aug-2026 1:15 PM,Carlton,6,1,1971,831,Opp,behind,Mitch McGovern,0,24,2
2026,R25,Sat 22-Aug-2026 1:15 PM,Carlton,7,1,1971,892,Opp,goal,Harry McKay,0,24,8
2026,R25,Sat 22-Aug-2026 1:15 PM,Carlton,8,1,1971,998,Opp,behind,Jagga Smith,0,24,9
2026,R25,Sat 22-Aug-2026 1:15 PM,Carlton,9,1,1971,1125,Opp,behind,Lewis Young,0,24,10
2026,R25,Sat 22-Aug-2026 1:15 PM,Carlton,10,1,1971,1255,Freo,behind,Josh Treacy,0,25,10
2026,R25,Sat 22-Aug-2026 1:15 PM,Carlton,11,1,1971,1348,Opp,goal,Ben Ainsworth,0,25,16
2026,R25,Sat 22-Aug-2026 1:15 PM,Carlton,12,1,1971,1449,Freo,goal,Andrew Brayshaw,0,31,16
2026,R25,Sat 22-Aug-2026 1:15 PM,Carlton,13,1,1971,1516,Opp,goal,Francis Evans,0,31,22
2026,R25,Sat 22-Aug-2026 1:15 PM,Carlton,14,1,1971,1636,Freo,behind,Luke Jackson,0,32,22
2026,R25,Sat 22-Aug-2026 1:15 PM,Carlton,15,1,1971,1726,Opp,goal,Francis Evans,0,32,28
2026,R25,Sat 22-Aug-2026 1:15 PM,Carlton,16,1,1971,1906,Opp,behind,Harry McKay,0,32,29
2026,R25,Sat 22-Aug-2026 1:15 PM,Carlton,17,2,1748,26,Opp,behind,Sam Walsh,0,32,30
2026,R25,Sat 22-Aug-2026 1:15 PM,Carlton,18,2,1748,96,Freo,behind,,1,33,30
2026,R25,Sat 22-Aug-2026 1:15 PM,Carlton,19,2,1748,147,Opp,goal,Brodie Kemp,0,33,36
2026,R25,Sat 22-Aug-2026 1:15 PM,Carlton,20,2,1748,327,Opp,goal,Sam Walsh,0,33,42
2026,R25,Sat 22-Aug-2026 1:15 PM,Carlton,21,2,1748,401,Freo,behind,Andrew Brayshaw,0,34,42
2026,R25,Sat 22-Aug-2026 1:15 PM,Carlton,22,2,1748,747,Freo,behind,Mason Cox,0,35,42
2026,R25,Sat 22-Aug-2026 1:15 PM,Carlton,23,2,1748,815,Opp,goal,Brodie Kemp,0,35,48
2026,R25,Sat 22-Aug-2026 1:15 PM,Carlton,24,2,1748,938,Freo,behind,Josh Treacy,0,36,48
2026,R25,Sat 22-Aug-2026 1:15 PM,Carlton,25,2,1748,1034,Opp,goal,Francis Evans,0,36,54
2026,R25,Sat 22-Aug-2026 1:15 PM,Carlton,26,2,1748,1236,Opp,behind,Lewis Young,0,36,55
2026,R25,Sat 22-Aug-2026 1:15 PM,Carlton,27,2,1748,1518,Freo,behind,Luke Jackson,0,37,55
2026,R25,Sat 22-Aug-2026 1:15 PM,Carlton,28,2,1748,1567,Freo,behind,,1,38,55
2026,R25,Sat 22-Aug-2026 1:15 PM,Carlton,29,2,1748,1660,Freo,goal,Michael Frederick,0,44,55
2026,R25,Sat 22-Aug-2026 1:15 PM,Carlton,30,3,1755,198,Opp,goal,Oliver Hollands,0,44,61
2026,R25,Sat 22-Aug-2026 1:15 PM,Carlton,31,3,1755,299,Opp,goal,Jagga Smith,0,44,67
2026,R25,Sat 22-Aug-2026 1:15 PM,Carlton,32,3,1755,466,Freo,goal,Patrick Voss,0,50,67
2026,R25,Sat 22-Aug-2026 1:15 PM,Carlton,33,3,1755,988,Opp,goal,Francis Evans,0,50,73
2026,R25,Sat 22-Aug-2026 1:15 PM,Carlton,34,3,1755,1154,Freo,goal,Josh Treacy,0,56,73
2026,R25,Sat 22-Aug-2026 1:15 PM,Carlton,35,3,1755,1220,Opp,goal,Patrick Cripps,0,56,79
2026,R25,Sat 22-Aug-2026 1:15 PM,Carlton,36,3,1755,1348,Freo,behind,Tobyn Murray,0,57,79
2026,R25,Sat 22-Aug-2026 1:15 PM,Carlton,37,3,1755,1519,Freo,behind,Mason Cox,0,58,79
2026,R25,Sat 22-Aug-2026 1:15 PM,Carlton,38,3,1755,1623,Opp,behind,Ben Ainsworth,0,58,80
2026,R25,Sat 22-Aug-2026 1:15 PM,Carlton,39,4,1862,45,Freo,goal,Luke Jackson,0,64,80
2026,R25,Sat 22-Aug-2026 1:15 PM,Carlton,40,4,1862,138,Opp,behind,,1,64,81
2026,R25,Sat 22-Aug-2026 1:15 PM,Carlton,41,4,1862,185,Opp,behind,Cooper Lord,0,64,82
2026,R25,Sat 22-Aug-2026 1:15 PM,Carlton,42,4,1862,349,Opp,goal,Brodie Kemp,0,64,88
2026,R25,Sat 22-Aug-2026 1:15 PM,Carlton,43,4,1862,456,Opp,goal,Harry McKay,0,64,94
2026,R25,Sat 22-Aug-2026 1:15 PM,Carlton,44,4,1862,583,Opp,goal,Francis Evans,0,64,100
2026,R25,Sat 22-Aug-2026 1:15 PM,Carlton,45,4,1862,771,Opp,goal,Ben Ainsworth,0,64,106
2026,R25,Sat 22-Aug-2026 1:15 PM,Carlton,46,4,1862,837,Freo,goal,Isaiah Dudley,0,70,106
2026,R25,Sat 22-Aug-2026 1:15 PM,Carlton,47,4,1862,1028,Opp,goal,Ben Ainsworth,0,70,112
2026,R25,Sat 22-Aug-2026 1:15 PM,Carlton,48,4,1862,1250,Opp,goal,Blake Acres,0,70,118
2026,R25,Sat 22-Aug-2026 1:15 PM,Carlton,49,4,1862,1478,Freo,goal,Josh Treacy,0,76,118
2026,R25,Sat 22-Aug-2026 1:15 PM,Carlton,50,4,1862,1699,Opp,behind,,1,76,119
2026,R25,Sat 22-Aug-2026 1:15 PM,Carlton,51,4,1862,1773,Freo,goal,Tobyn Murray,0,82,119
2026,QF,Thu 03-Sep-2026 6:10 PM,Hawthorn,1,1,1805,121,Freo,goal,Luke Jackson,0,6,0
2026,QF,Thu 03-Sep-2026 6:10 PM,Hawthorn,2,1,1805,380,Opp,goal,Nick Watson,0,6,6
2026,QF,Thu 03-Sep-2026 6:10 PM,Hawthorn,3,1,1805,537,Opp,behind,Massimo DAmbrosio,0,6,7
2026,QF,Thu 03-Sep-2026 6:10 PM,Hawthorn,4,1,1805,644,Freo,behind,Matthew Johnson,0,7,7
2026,QF,Thu 03-Sep-2026 6:10 PM,Hawthorn,5,1,1805,741,Freo,behind,Jye Amiss,0,8,7
2026,QF,Thu 03-Sep-2026 6:10 PM,Hawthorn,6,1,1805,831,Freo,behind,,1,9,7
2026,QF,Thu 03-Sep-2026 6:10 PM,Hawthorn,7,1,1805,875,Opp,behind,Dylan Moore,0,9,8
2026,QF,Thu 03-Sep-2026 6:10 PM,Hawthorn,8,1,1805,994,Opp,goal,Dylan Moore,0,9,14
2026,QF,Thu 03-Sep-2026 6:10 PM,Hawthorn,9,1,1805,1175,Opp,goal,Mabior Chol,0,9,20
2026,QF,Thu 03-Sep-2026 6:10 PM,Hawthorn,10,1,1805,1349,Opp,behind,,1,9,21
2026,QF,Thu 03-Sep-2026 6:10 PM,Hawthorn,11,1,1805,1434,Opp,goal,Jack Gunston,0,9,27
2026,QF,Thu 03-Sep-2026 6:10 PM,Hawthorn,12,1,1805,1686,Opp,behind,Massimo DAmbrosio,0,9,28
2026,QF,Thu 03-Sep-2026 6:10 PM,Hawthorn,13,2,1565,297,Freo,behind,Jordan Clark,0,10,28
2026,QF,Thu 03-Sep-2026 6:10 PM,Hawthorn,14,2,1565,417,Opp,goal,Jack Gunston,0,10,34
2026,QF,Thu 03-Sep-2026 6:10 PM,Hawthorn,15,2,1565,573,Opp,behind,Will Day,0,10,35
2026,QF,Thu 03-Sep-2026 6:10 PM,Hawthorn,16,2,1565,738,Opp,goal,Dylan Moore,0,10,41
2026,QF,Thu 03-Sep-2026 6:10 PM,Hawthorn,17,2,1565,889,Opp,behind,,1,10,42
2026,QF,Thu 03-Sep-2026 6:10 PM,Hawthorn,18,2,1565,1151,Opp,behind,Josh Weddle,0,10,43
2026,QF,Thu 03-Sep-2026 6:10 PM,Hawthorn,19,3,1752,64,Freo,goal,Jye Amiss,0,16,43
2026,QF,Thu 03-Sep-2026 6:10 PM,Hawthorn,20,3,1752,208,Opp,goal,Jack Ginnivan,0,16,49
2026,QF,Thu 03-Sep-2026 6:10 PM,Hawthorn,21,3,1752,614,Opp,behind,Nick Watson,0,16,50
2026,QF,Thu 03-Sep-2026 6:10 PM,Hawthorn,22,3,1752,715,Freo,behind,Isaiah Dudley,0,17,50
2026,QF,Thu 03-Sep-2026 6:10 PM,Hawthorn,23,3,1752,893,Freo,behind,Andrew Brayshaw,0,18,50
2026,QF,Thu 03-Sep-2026 6:10 PM,Hawthorn,24,3,1752,1006,Freo,goal,Andrew Brayshaw,0,24,50
2026,QF,Thu 03-Sep-2026 6:10 PM,Hawthorn,25,3,1752,1121,Opp,goal,Mitch Lewis,0,24,56
2026,QF,Thu 03-Sep-2026 6:10 PM,Hawthorn,26,3,1752,1314,Opp,behind,Mitch Lewis,0,24,57
2026,QF,Thu 03-Sep-2026 6:10 PM,Hawthorn,27,3,1752,1439,Freo,goal,Sam Switkowski,0,30,57
2026,QF,Thu 03-Sep-2026 6:10 PM,Hawthorn,28,3,1752,1577,Opp,goal,Nick Watson,0,30,63
2026,QF,Thu 03-Sep-2026 6:10 PM,Hawthorn,29,3,1752,1663,Opp,behind,Jack Gunston,0,30,64
2026,QF,Thu 03-Sep-2026 6:10 PM,Hawthorn,30,3,1752,1715,Freo,behind,Patrick Voss,0,31,64
2026,QF,Thu 03-Sep-2026 6:10 PM,Hawthorn,31,4,1633,115,Freo,behind,Sam Switkowski,0,32,64
2026,QF,Thu 03-Sep-2026 6:10 PM,Hawthorn,32,4,1633,197,Opp,goal,Harry Morrison,0,32,70
2026,QF,Thu 03-Sep-2026 6:10 PM,Hawthorn,33,4,1633,373,Freo,behind,Luke Jackson,0,33,70
2026,QF,Thu 03-Sep-2026 6:10 PM,Hawthorn,34,4,1633,647,Freo,behind,Isaiah Dudley,0,34,70
2026,QF,Thu 03-Sep-2026 6:10 PM,Hawthorn,35,4,1633,981,Opp,behind,Jack Ginnivan,0,34,71
2026,QF,Thu 03-Sep-2026 6:10 PM,Hawthorn,36,4,1633,1156,Freo,goal,Josh Treacy,0,40,71
2026,QF,Thu 03-Sep-2026 6:10 PM,Hawthorn,37,4,1633,1320,Opp,behind,Nick Watson,0,40,72
2026,SF,Fri 11-Sep-2026 6:10 PM,Geelong,1,1,1923,58,Freo,goal,Shai Bolton,0,6,0
2026,SF,Fri 11-Sep-2026 6:10 PM,Geelong,2,1,1923,123,Freo,goal,Shai Bolton,0,12,0
2026,SF,Fri 11-Sep-2026 6:10 PM,Geelong,3,1,1923,259,Freo,goal,Patrick Voss,0,18,0
2026,SF,Fri 11-Sep-2026 6:10 PM,Geelong,4,1,1923,342,Opp,goal,Patrick Dangerfield,0,18,6
2026,SF,Fri 11-Sep-2026 6:10 PM,Geelong,5,1,1923,672,Freo,goal,Michael Frederick,0,24,6
2026,SF,Fri 11-Sep-2026 6:10 PM,Geelong,6,1,1923,838,Freo,behind,Hayden Young,0,25,6
2026,SF,Fri 11-Sep-2026 6:10 PM,Geelong,7,1,1923,923,Opp,behind,Shannon Neale,0,25,7
2026,SF,Fri 11-Sep-2026 6:10 PM,Geelong,8,1,1923,1165,Freo,behind,Isaiah Dudley,0,26,7
2026,SF,Fri 11-Sep-2026 6:10 PM,Geelong,9,1,1923,1265,Freo,goal,Patrick Voss,0,32,7
2026,SF,Fri 11-Sep-2026 6:10 PM,Geelong,10,1,1923,1416,Freo,goal,Mason Cox,0,38,7
2026,SF,Fri 11-Sep-2026 6:10 PM,Geelong,11,1,1923,1651,Opp,goal,Oliver Wiltshire,0,38,13
2026,SF,Fri 11-Sep-2026 6:10 PM,Geelong,12,2,1952,61,Freo,goal,Isaiah Dudley,0,44,13
2026,SF,Fri 11-Sep-2026 6:10 PM,Geelong,13,2,1952,266,Opp,goal,Oliver Henry,0,44,19
2026,SF,Fri 11-Sep-2026 6:10 PM,Geelong,14,2,1952,374,Opp,goal,Shannon Neale,0,44,25
2026,SF,Fri 11-Sep-2026 6:10 PM,Geelong,15,2,1952,491,Freo,goal,Jye Amiss,0,50,25
2026,SF,Fri 11-Sep-2026 6:10 PM,Geelong,16,2,1952,561,Opp,goal,Shaun Mannagh,0,50,31
2026,SF,Fri 11-Sep-2026 6:10 PM,Geelong,17,2,1952,625,Freo,goal,Hayden Young,0,56,31
2026,SF,Fri 11-Sep-2026 6:10 PM,Geelong,18,2,1952,725,Freo,behind,Josh Treacy,0,57,31
2026,SF,Fri 11-Sep-2026 6:10 PM,Geelong,19,2,1952,833,Opp,goal,Jeremy Cameron,0,57,37
2026,SF,Fri 11-Sep-2026 6:10 PM,Geelong,20,2,1952,1126,Freo,behind,,1,58,37
2026,SF,Fri 11-Sep-2026 6:10 PM,Geelong,21,2,1952,1199,Opp,behind,Mark Blicavs,0,58,38
2026,SF,Fri 11-Sep-2026 6:10 PM,Geelong,22,2,1952,1282,Freo,behind,Jye Amiss,0,59,38
2026,SF,Fri 11-Sep-2026 6:10 PM,Geelong,23,2,1952,1710,Freo,goal,Isaiah Dudley,0,65,38
2026,SF,Fri 11-Sep-2026 6:10 PM,Geelong,24,2,1952,1856,Opp,goal,Shannon Neale,0,65,44
2026,SF,Fri 11-Sep-2026 6:10 PM,Geelong,25,3,2127,75,Opp,behind,Patrick Dangerfield,0,65,45
2026,SF,Fri 11-Sep-2026 6:10 PM,Geelong,26,3,2127,138,Opp,goal,Oliver Henry,0,65,51
2026,SF,Fri 11-Sep-2026 6:10 PM,Geelong,27,3,2127,318,Opp,behind,,1,65,52
2026,SF,Fri 11-Sep-2026 6:10 PM,Geelong,28,3,2127,392,Opp,behind,Oisin Mullin,0,65,53
2026,SF,Fri 11-Sep-2026 6:10 PM,Geelong,29,3,2127,618,Opp,behind,Shaun Mannagh,0,65,54
2026,SF,Fri 11-Sep-2026 6:10 PM,Geelong,30,3,2127,717,Opp,behind,Shaun Mannagh,0,65,55
2026,SF,Fri 11-Sep-2026 6:10 PM,Geelong,31,3,2127,830,Opp,behind,Oliver Henry,0,65,56
2026,SF,Fri 11-Sep-2026 6:10 PM,Geelong,32,3,2127,910,Freo,behind,,1,66,56
2026,SF,Fri 11-Sep-2026 6:10 PM,Geelong,33,3,2127,1040,Opp,goal,Oliver Henry,0,66,62
2026,SF,Fri 11-Sep-2026 6:10 PM,Geelong,34,3,2127,1183,Freo,goal,Jye Amiss,0,72,62
2026,SF,Fri 11-Sep-2026 6:10 PM,Geelong,35,3,2127,1287,Opp,goal,Oliver Henry,0,72,68
2026,SF,Fri 11-Sep-2026 6:10 PM,Geelong,36,3,2127,1389,Opp,goal,Patrick Dangerfield,0,72,74
2026,SF,Fri 11-Sep-2026 6:10 PM,Geelong,37,3,2127,1545,Opp,goal,Jeremy Cameron,0,72,80
2026,SF,Fri 11-Sep-2026 6:10 PM,Geelong,38,3,2127,1696,Freo,goal,Luke Jackson,0,78,80
2026,SF,Fri 11-Sep-2026 6:10 PM,Geelong,39,3,2127,1791,Freo,goal,Josh Treacy,0,84,80
2026,SF,Fri 11-Sep-2026 6:10 PM,Geelong,40,3,2127,1988,Freo,goal,Patrick Voss,0,90,80
2026,SF,Fri 11-Sep-2026 6:10 PM,Geelong,41,3,2127,2124,Freo,goal,Luke Jackson,0,96,80
2026,SF,Fri 11-Sep-2026 6:10 PM,Geelong,42,4,1810,203,Freo,behind,Patrick Voss,0,97,80
2026,SF,Fri 11-Sep-2026 6:10 PM,Geelong,43,4,1810,300,Freo,behind,,1,98,80
2026,SF,Fri 11-Sep-2026 6:10 PM,Geelong,44,4,1810,354,Freo,goal,Michael Frederick,0,104,80
2026,SF,Fri 11-Sep-2026 6:10 PM,Geelong,45,4,1810,468,Freo,behind,,1,105,80
2026,SF,Fri 11-Sep-2026 6:10 PM,Geelong,46,4,1810,520,Opp,behind,Patrick Dangerfield,0,105,81
2026,SF,Fri 11-Sep-2026 6:10 PM,Geelong,47,4,1810,682,Opp,behind,Oliver Dempsey,0,105,82
2026,SF,Fri 11-Sep-2026 6:10 PM,Geelong,48,4,1810,746,Opp,goal,Oliver Henry,0,105,88
2026,SF,Fri 11-Sep-2026 6:10 PM,Geelong,49,4,1810,822,Freo,behind,,1,106,88
2026,SF,Fri 11-Sep-2026 6:10 PM,Geelong,50,4,1810,928,Freo,goal,Caleb Serong,0,112,88
2026,SF,Fri 11-Sep-2026 6:10 PM,Geelong,51,4,1810,1003,Opp,goal,Shaun Mannagh,0,112,94
2026,SF,Fri 11-Sep-2026 6:10 PM,Geelong,52,4,1810,1100,Opp,goal,Shannon Neale,0,112,100
2026,SF,Fri 11-Sep-2026 6:10 PM,Geelong,53,4,1810,1214,Freo,behind,,1,113,100
2026,SF,Fri 11-Sep-2026 6:10 PM,Geelong,54,4,1810,1288,Freo,behind,Murphy Reid,0,114,100
2026,SF,Fri 11-Sep-2026 6:10 PM,Geelong,55,4,1810,1610,Opp,goal,Tom Stewart,0,114,106
2026,SF,Fri 11-Sep-2026 6:10 PM,Geelong,56,4,1810,1748,Freo,goal,Patrick Voss,0,120,106
2026,PF,Fri 18-Sep-2026 7:40 PM,Sydney,1,1,1844,24,Freo,behind,Jordan Clark,0,1,0
2026,PF,Fri 18-Sep-2026 7:40 PM,Sydney,2,1,1844,104,Freo,goal,Neil Erasmus,0,7,0
2026,PF,Fri 18-Sep-2026 7:40 PM,Sydney,3,1,1844,193,Opp,behind,Errol Gulden,0,7,1
2026,PF,Fri 18-Sep-2026 7:40 PM,Sydney,4,1,1844,310,Freo,goal,Luke Jackson,0,13,1
2026,PF,Fri 18-Sep-2026 7:40 PM,Sydney,5,1,1844,378,Opp,goal,Braeden Campbell,0,13,7
2026,PF,Fri 18-Sep-2026 7:40 PM,Sydney,6,1,1844,571,Opp,goal,Tom Papley,0,13,13
2026,PF,Fri 18-Sep-2026 7:40 PM,Sydney,7,1,1844,705,Opp,behind,Tom Papley,0,13,14
2026,PF,Fri 18-Sep-2026 7:40 PM,Sydney,8,1,1844,897,Opp,goal,Logan McDonald,0,13,20
2026,PF,Fri 18-Sep-2026 7:40 PM,Sydney,9,1,1844,1022,Opp,behind,Hayden McLean,0,13,21
2026,PF,Fri 18-Sep-2026 7:40 PM,Sydney,10,1,1844,1345,Opp,goal,Tom Hanily,0,13,27
2026,PF,Fri 18-Sep-2026 7:40 PM,Sydney,11,1,1844,1534,Opp,behind,Jesse Dattoli,0,13,28
2026,PF,Fri 18-Sep-2026 7:40 PM,Sydney,12,1,1844,1580,Opp,behind,Braeden Campbell,0,13,29
2026,PF,Fri 18-Sep-2026 7:40 PM,Sydney,13,2,1925,173,Opp,behind,James Rowbottom,0,13,30
2026,PF,Fri 18-Sep-2026 7:40 PM,Sydney,14,2,1925,283,Freo,behind,Caleb Serong,0,14,30
2026,PF,Fri 18-Sep-2026 7:40 PM,Sydney,15,2,1925,352,Freo,behind,,1,15,30
2026,PF,Fri 18-Sep-2026 7:40 PM,Sydney,16,2,1925,413,Opp,goal,Logan McDonald,0,15,36
2026,PF,Fri 18-Sep-2026 7:40 PM,Sydney,17,2,1925,601,Freo,goal,Michael Frederick,0,21,36
2026,PF,Fri 18-Sep-2026 7:40 PM,Sydney,18,2,1925,755,Opp,goal,Caiden Cleary,0,21,42
2026,PF,Fri 18-Sep-2026 7:40 PM,Sydney,19,2,1925,830,Freo,goal,Isaiah Dudley,0,27,42
2026,PF,Fri 18-Sep-2026 7:40 PM,Sydney,20,2,1925,1224,Opp,goal,Justin McInerney,0,27,48
2026,PF,Fri 18-Sep-2026 7:40 PM,Sydney,21,2,1925,1400,Freo,behind,Caleb Serong,0,28,48
2026,PF,Fri 18-Sep-2026 7:40 PM,Sydney,22,2,1925,1661,Freo,behind,,1,29,48
2026,PF,Fri 18-Sep-2026 7:40 PM,Sydney,23,3,1934,93,Opp,behind,Braeden Campbell,0,29,49
2026,PF,Fri 18-Sep-2026 7:40 PM,Sydney,24,3,1934,150,Freo,goal,Jye Amiss,0,35,49
2026,PF,Fri 18-Sep-2026 7:40 PM,Sydney,25,3,1934,221,Opp,behind,Tom Hanily,0,35,50
2026,PF,Fri 18-Sep-2026 7:40 PM,Sydney,26,3,1934,443,Freo,goal,Luke Jackson,0,41,50
2026,PF,Fri 18-Sep-2026 7:40 PM,Sydney,27,3,1934,521,Freo,behind,Isaiah Dudley,0,42,50
2026,PF,Fri 18-Sep-2026 7:40 PM,Sydney,28,3,1934,562,Opp,goal,Angus Sheldrick,0,42,56
2026,PF,Fri 18-Sep-2026 7:40 PM,Sydney,29,3,1934,663,Opp,goal,Logan McDonald,0,42,62
2026,PF,Fri 18-Sep-2026 7:40 PM,Sydney,30,3,1934,921,Opp,behind,Tom Papley,0,42,63
2026,PF,Fri 18-Sep-2026 7:40 PM,Sydney,31,3,1934,986,Opp,goal,Charlie Curnow,0,42,69
2026,PF,Fri 18-Sep-2026 7:40 PM,Sydney,32,3,1934,1258,Opp,behind,Charlie Curnow,0,42,70
2026,PF,Fri 18-Sep-2026 7:40 PM,Sydney,33,3,1934,1807,Freo,behind,Patrick Voss,0,43,70
2026,PF,Fri 18-Sep-2026 7:40 PM,Sydney,34,3,1934,1926,Freo,goal,Hayden Young,0,49,70
2026,PF,Fri 18-Sep-2026 7:40 PM,Sydney,35,4,1800,126,Freo,goal,Shai Bolton,0,55,70
2026,PF,Fri 18-Sep-2026 7:40 PM,Sydney,36,4,1800,233,Freo,goal,Patrick Voss,0,61,70
2026,PF,Fri 18-Sep-2026 7:40 PM,Sydney,37,4,1800,309,Freo,behind,Patrick Voss,0,62,70
2026,PF,Fri 18-Sep-2026 7:40 PM,Sydney,38,4,1800,399,Freo,behind,,1,63,70
2026,PF,Fri 18-Sep-2026 7:40 PM,Sydney,39,4,1800,724,Freo,goal,Shai Bolton,0,69,70
2026,PF,Fri 18-Sep-2026 7:40 PM,Sydney,40,4,1800,911,Freo,goal,Mason Cox,0,75,70
2026,PF,Fri 18-Sep-2026 7:40 PM,Sydney,41,4,1800,995,Freo,behind,Michael Frederick,0,76,70
2026,PF,Fri 18-Sep-2026 7:40 PM,Sydney,42,4,1800,1617,Freo,goal,Isaiah Dudley,0,82,70
2026,PF,Fri 18-Sep-2026 7:40 PM,Sydney,43,4,1800,1710,Opp,behind,Tom Papley,0,82,71
2026,PF,Fri 18-Sep-2026 7:40 PM,Sydney,44,4,1800,1776,Freo,behind,Caleb Serong,0,83,71
2026,GF,Sat 26-Sep-2026 2:30 PM,Brisbane Lions,1,1,1898,163,Freo,behind,Patrick Voss,0,1,0
2026,GF,Sat 26-Sep-2026 2:30 PM,Brisbane Lions,2,1,1898,191,Opp,goal,Charlie Cameron,0,1,6
2026,GF,Sat 26-Sep-2026 2:30 PM,Brisbane Lions,3,1,1898,286,Freo,goal,Josh Treacy,0,7,6
2026,GF,Sat 26-Sep-2026 2:30 PM,Brisbane Lions,4,1,1898,590,Opp,behind,Cam Rayner,0,7,7
2026,GF,Sat 26-Sep-2026 2:30 PM,Brisbane Lions,5,1,1898,672,Opp,behind,Conor McKenna,0,7,8
2026,GF,Sat 26-Sep-2026 2:30 PM,Brisbane Lions,6,1,1898,703,Opp,behind,,1,7,9
2026,GF,Sat 26-Sep-2026 2:30 PM,Brisbane Lions,7,1,1898,924,Freo,behind,,1,8,9
2026,GF,Sat 26-Sep-2026 2:30 PM,Brisbane Lions,8,1,1898,958,Freo,behind,Isaiah Dudley,0,9,9
2026,GF,Sat 26-Sep-2026 2:30 PM,Brisbane Lions,9,1,1898,1108,Freo,goal,Isaiah Dudley,0,15,9
2026,GF,Sat 26-Sep-2026 2:30 PM,Brisbane Lions,10,1,1898,1340,Opp,goal,Oscar Allen,0,15,15
2026,GF,Sat 26-Sep-2026 2:30 PM,Brisbane Lions,11,1,1898,1406,Opp,behind,Oscar Allen,0,15,16
2026,GF,Sat 26-Sep-2026 2:30 PM,Brisbane Lions,12,1,1898,1457,Freo,behind,Oscar McDonald,0,16,16
2026,GF,Sat 26-Sep-2026 2:30 PM,Brisbane Lions,13,1,1898,1532,Opp,goal,Kai Lohmann,0,16,22
2026,GF,Sat 26-Sep-2026 2:30 PM,Brisbane Lions,14,1,1898,1600,Opp,behind,Eric Hipwood,0,16,23
2026,GF,Sat 26-Sep-2026 2:30 PM,Brisbane Lions,15,1,1898,1670,Freo,goal,Murphy Reid,0,22,23
2026,GF,Sat 26-Sep-2026 2:30 PM,Brisbane Lions,16,2,1773,66,Freo,goal,Patrick Voss,0,28,23
2026,GF,Sat 26-Sep-2026 2:30 PM,Brisbane Lions,17,2,1773,200,Opp,goal,Conor McKenna,0,28,29
2026,GF,Sat 26-Sep-2026 2:30 PM,Brisbane Lions,18,2,1773,310,Freo,goal,Jye Amiss,0,34,29
2026,GF,Sat 26-Sep-2026 2:30 PM,Brisbane Lions,19,2,1773,388,Freo,behind,Shai Bolton,0,35,29
2026,GF,Sat 26-Sep-2026 2:30 PM,Brisbane Lions,20,2,1773,494,Opp,goal,Levi Ashcroft,0,35,35
2026,GF,Sat 26-Sep-2026 2:30 PM,Brisbane Lions,21,2,1773,719,Freo,behind,Patrick Voss,0,36,35
2026,GF,Sat 26-Sep-2026 2:30 PM,Brisbane Lions,22,2,1773,850,Freo,goal,Patrick Voss,0,42,35
2026,GF,Sat 26-Sep-2026 2:30 PM,Brisbane Lions,23,2,1773,1026,Opp,behind,Eric Hipwood,0,42,36
2026,GF,Sat 26-Sep-2026 2:30 PM,Brisbane Lions,24,2,1773,1095,Opp,goal,Sam Draper,0,42,42
2026,GF,Sat 26-Sep-2026 2:30 PM,Brisbane Lions,25,2,1773,1210,Opp,behind,Lachie Neale,0,42,43
2026,GF,Sat 26-Sep-2026 2:30 PM,Brisbane Lions,26,2,1773,1634,Freo,behind,Karl Worner,0,43,43
2026,GF,Sat 26-Sep-2026 2:30 PM,Brisbane Lions,27,3,1906,69,Freo,behind,Josh Treacy,0,44,43
2026,GF,Sat 26-Sep-2026 2:30 PM,Brisbane Lions,28,3,1906,245,Freo,goal,Jye Amiss,0,50,43
2026,GF,Sat 26-Sep-2026 2:30 PM,Brisbane Lions,29,3,1906,388,Freo,behind,,1,51,43
2026,GF,Sat 26-Sep-2026 2:30 PM,Brisbane Lions,30,3,1906,486,Freo,behind,,1,52,43
2026,GF,Sat 26-Sep-2026 2:30 PM,Brisbane Lions,31,3,1906,734,Freo,goal,Isaiah Dudley,0,58,43
2026,GF,Sat 26-Sep-2026 2:30 PM,Brisbane Lions,32,3,1906,981,Opp,goal,Kai Lohmann,0,58,49
2026,GF,Sat 26-Sep-2026 2:30 PM,Brisbane Lions,33,3,1906,1051,Freo,behind,Michael Frederick,0,59,49
2026,GF,Sat 26-Sep-2026 2:30 PM,Brisbane Lions,34,3,1906,1171,Opp,goal,Oscar Allen,0,59,55
2026,GF,Sat 26-Sep-2026 2:30 PM,Brisbane Lions,35,3,1906,1281,Freo,behind,Matthew Johnson,0,60,55
2026,GF,Sat 26-Sep-2026 2:30 PM,Brisbane Lions,36,3,1906,1358,Opp,goal,Charlie Cameron,0,60,61
2026,GF,Sat 26-Sep-2026 2:30 PM,Brisbane Lions,37,3,1906,1421,Freo,goal,Hayden Young,0,66,61
2026,GF,Sat 26-Sep-2026 2:30 PM,Brisbane Lions,38,3,1906,1727,Opp,behind,Logan Morris,0,66,62
2026,GF,Sat 26-Sep-2026 2:30 PM,Brisbane Lions,39,3,1906,1813,Freo,goal,Hayden Young,0,72,62
2026,GF,Sat 26-Sep-2026 2:30 PM,Brisbane Lions,40,4,1872,132,Freo,behind,,1,73,62
2026,GF,Sat 26-Sep-2026 2:30 PM,Brisbane Lions,41,4,1872,287,Opp,behind,Hugh McCluggage,0,73,63
2026,GF,Sat 26-Sep-2026 2:30 PM,Brisbane Lions,42,4,1872,412,Opp,behind,Conor McKenna,0,73,64
2026,GF,Sat 26-Sep-2026 2:30 PM,Brisbane Lions,43,4,1872,455,Opp,goal,Logan Morris,0,73,70
2026,GF,Sat 26-Sep-2026 2:30 PM,Brisbane Lions,44,4,1872,534,Freo,behind,Shai Bolton,0,74,70
2026,GF,Sat 26-Sep-2026 2:30 PM,Brisbane Lions,45,4,1872,626,Opp,behind,Conor McKenna,0,74,71
2026,GF,Sat 26-Sep-2026 2:30 PM,Brisbane Lions,46,4,1872,689,Opp,behind,Cam Rayner,0,74,72
2026,GF,Sat 26-Sep-2026 2:30 PM,Brisbane Lions,47,4,1872,864,Freo,behind,Hayden Young,0,75,72
2026,GF,Sat 26-Sep-2026 2:30 PM,Brisbane Lions,48,4,1872,987,Freo,goal,Michael Frederick,0,81,72
2026,GF,Sat 26-Sep-2026 2:30 PM,Brisbane Lions,49,4,1872,1161,Freo,behind,Josh Treacy,0,82,72
2026,GF,Sat 26-Sep-2026 2:30 PM,Brisbane Lions,50,4,1872,1248,Freo,behind,Matthew Johnson,0,83,72
2026,GF,Sat 26-Sep-2026 2:30 PM,Brisbane Lions,51,4,1872,1309,Freo,goal,Patrick Voss,0,89,72
2026,GF,Sat 26-Sep-2026 2:30 PM,Brisbane Lions,52,4,1872,1390,Opp,goal,Charlie Cameron,0,89,78
2026,GF,Sat 26-Sep-2026 2:30 PM,Brisbane Lions,53,4,1872,1469,Opp,goal,Zac Bailey,0,89,84
2026,GF,Sat 26-Sep-2026 2:30 PM,Brisbane Lions,54,4,1872,1679,Opp,goal,Logan Morris,0,89,90
2026,GF,Sat 26-Sep-2026 2:30 PM,Brisbane Lions,55,4,1872,1802,Opp,goal,Logan Morris,0,89,96
2025,R2,Sat 15-Mar-2025 1:20 PM,Geelong,1,1,2035,194,Opp,goal,Gryan Miers,0,0,6
2025,R2,Sat 15-Mar-2025 1:20 PM,Geelong,2,1,2035,420,Opp,behind,Bailey Smith,0,0,7
2025,R2,Sat 15-Mar-2025 1:20 PM,Geelong,3,1,2035,485,Freo,goal,Andrew Brayshaw,0,6,7
2025,R2,Sat 15-Mar-2025 1:20 PM,Geelong,4,1,2035,617,Opp,goal,Jack Bowes,0,6,13
2025,R2,Sat 15-Mar-2025 1:20 PM,Geelong,5,1,2035,742,Opp,behind,Patrick Dangerfield,0,6,14
2025,R2,Sat 15-Mar-2025 1:20 PM,Geelong,6,1,2035,1053,Opp,goal,Oliver Henry,0,6,20
2025,R2,Sat 15-Mar-2025 1:20 PM,Geelong,7,1,2035,1341,Opp,behind,Oliver Dempsey,0,6,21
2025,R2,Sat 15-Mar-2025 1:20 PM,Geelong,8,1,2035,1615,Freo,behind,Andrew Brayshaw,0,7,21
2025,R2,Sat 15-Mar-2025 1:20 PM,Geelong,9,1,2035,1717,Opp,goal,Oliver Dempsey,0,7,27
2025,R2,Sat 15-Mar-2025 1:20 PM,Geelong,10,1,2035,1856,Opp,behind,Patrick Dangerfield,0,7,28
2025,R2,Sat 15-Mar-2025 1:20 PM,Geelong,11,1,2035,1948,Opp,goal,Patrick Dangerfield,0,7,34
2025,R2,Sat 15-Mar-2025 1:20 PM,Geelong,12,2,2087,53,Freo,behind,,1,8,34
2025,R2,Sat 15-Mar-2025 1:20 PM,Geelong,13,2,2087,97,Opp,goal,Brad Close,0,8,40
2025,R2,Sat 15-Mar-2025 1:20 PM,Geelong,14,2,2087,294,Opp,goal,Max Holmes,0,8,46
2025,R2,Sat 15-Mar-2025 1:20 PM,Geelong,15,2,2087,515,Freo,goal,Josh Treacy,0,14,46
2025,R2,Sat 15-Mar-2025 1:20 PM,Geelong,16,2,2087,592,Freo,behind,Jaeger OMeara,0,15,46
2025,R2,Sat 15-Mar-2025 1:20 PM,Geelong,17,2,2087,966,Opp,goal,Max Holmes,0,15,52
2025,R2,Sat 15-Mar-2025 1:20 PM,Geelong,18,2,2087,1127,Opp,goal,Tyson Stengle,0,15,58
2025,R2,Sat 15-Mar-2025 1:20 PM,Geelong,19,2,2087,1499,Freo,behind,Bailey Banfield,0,16,58
2025,R2,Sat 15-Mar-2025 1:20 PM,Geelong,20,2,2087,1609,Opp,goal,Tyson Stengle,0,16,64
2025,R2,Sat 15-Mar-2025 1:20 PM,Geelong,21,2,2087,1771,Opp,goal,Jeremy Cameron,0,16,70
2025,R2,Sat 15-Mar-2025 1:20 PM,Geelong,22,2,2087,1934,Opp,goal,Patrick Dangerfield,0,16,76
2025,R2,Sat 15-Mar-2025 1:20 PM,Geelong,23,2,2087,2085,Freo,goal,Michael Frederick,0,22,76
2025,R2,Sat 15-Mar-2025 1:20 PM,Geelong,24,3,1933,21,Freo,goal,Michael Frederick,0,28,76
2025,R2,Sat 15-Mar-2025 1:20 PM,Geelong,25,3,1933,125,Freo,goal,Bailey Banfield,0,34,76
2025,R2,Sat 15-Mar-2025 1:20 PM,Geelong,26,3,1933,279,Opp,behind,Shannon Neale,0,34,77
2025,R2,Sat 15-Mar-2025 1:20 PM,Geelong,27,3,1933,412,Freo,behind,,1,35,77
2025,R2,Sat 15-Mar-2025 1:20 PM,Geelong,28,3,1933,579,Opp,behind,Jeremy Cameron,0,35,78
2025,R2,Sat 15-Mar-2025 1:20 PM,Geelong,29,3,1933,940,Freo,behind,Josh Treacy,0,36,78
2025,R2,Sat 15-Mar-2025 1:20 PM,Geelong,30,3,1933,1043,Freo,behind,,1,37,78
2025,R2,Sat 15-Mar-2025 1:20 PM,Geelong,31,3,1933,1191,Opp,goal,Oliver Dempsey,0,37,84
2025,R2,Sat 15-Mar-2025 1:20 PM,Geelong,32,3,1933,1349,Freo,goal,Murphy Reid,0,43,84
2025,R2,Sat 15-Mar-2025 1:20 PM,Geelong,33,3,1933,1449,Freo,behind,,1,44,84
2025,R2,Sat 15-Mar-2025 1:20 PM,Geelong,34,3,1933,1547,Freo,goal,Murphy Reid,0,50,84
2025,R2,Sat 15-Mar-2025 1:20 PM,Geelong,35,3,1933,1629,Freo,goal,Murphy Reid,0,56,84
2025,R2,Sat 15-Mar-2025 1:20 PM,Geelong,36,3,1933,1716,Freo,goal,Murphy Reid,0,62,84
2025,R2,Sat 15-Mar-2025 1:20 PM,Geelong,37,3,1933,1838,Freo,behind,,1,63,84
2025,R2,Sat 15-Mar-2025 1:20 PM,Geelong,38,4,2081,489,Opp,goal,Tom Atkins,0,63,90
2025,R2,Sat 15-Mar-2025 1:20 PM,Geelong,39,4,2081,594,Opp,goal,Shannon Neale,0,63,96
2025,R2,Sat 15-Mar-2025 1:20 PM,Geelong,40,4,2081,692,Opp,behind,,1,63,97
2025,R2,Sat 15-Mar-2025 1:20 PM,Geelong,41,4,2081,737,Opp,goal,Tyson Stengle,0,63,103
2025,R2,Sat 15-Mar-2025 1:20 PM,Geelong,42,4,2081,902,Opp,behind,Lawson Humphries,0,63,104
2025,R2,Sat 15-Mar-2025 1:20 PM,Geelong,43,4,2081,996,Freo,goal,Brennan Cox,0,69,104
2025,R2,Sat 15-Mar-2025 1:20 PM,Geelong,44,4,2081,1115,Opp,goal,Jeremy Cameron,0,69,110
2025,R2,Sat 15-Mar-2025 1:20 PM,Geelong,45,4,2081,1222,Opp,behind,Gryan Miers,0,69,111
2025,R2,Sat 15-Mar-2025 1:20 PM,Geelong,46,4,2081,1278,Opp,goal,Oliver Henry,0,69,117
2025,R2,Sat 15-Mar-2025 1:20 PM,Geelong,47,4,2081,1527,Opp,goal,Bailey Smith,0,69,123
2025,R2,Sat 15-Mar-2025 1:20 PM,Geelong,48,4,2081,1675,Opp,goal,Sam De Koning,0,69,129
2025,R2,Sat 15-Mar-2025 1:20 PM,Geelong,49,4,2081,1825,Opp,goal,Jeremy Cameron,0,69,135
2025,R2,Sat 15-Mar-2025 1:20 PM,Geelong,50,4,2081,1929,Opp,goal,Oliver Henry,0,69,141
2025,R2,Sat 15-Mar-2025 1:20 PM,Geelong,51,4,2081,2075,Opp,goal,Jeremy Cameron,0,69,147
2025,R3,Sun 23-Mar-2025 3:10 PM,Sydney,1,1,1726,129,Opp,behind,Will Hayward,0,0,1
2025,R3,Sun 23-Mar-2025 3:10 PM,Sydney,2,1,1726,192,Freo,behind,Patrick Voss,0,1,1
2025,R3,Sun 23-Mar-2025 3:10 PM,Sydney,3,1,1726,249,Opp,behind,Tom Papley,0,1,2
2025,R3,Sun 23-Mar-2025 3:10 PM,Sydney,4,1,1726,328,Freo,behind,,1,2,2
2025,R3,Sun 23-Mar-2025 3:10 PM,Sydney,5,1,1726,368,Opp,behind,Hayden McLean,0,2,3
2025,R3,Sun 23-Mar-2025 3:10 PM,Sydney,6,1,1726,527,Freo,goal,Josh Treacy,0,8,3
2025,R3,Sun 23-Mar-2025 3:10 PM,Sydney,7,1,1726,733,Freo,goal,Josh Treacy,0,14,3
2025,R3,Sun 23-Mar-2025 3:10 PM,Sydney,8,1,1726,939,Opp,behind,Will Hayward,0,14,4
2025,R3,Sun 23-Mar-2025 3:10 PM,Sydney,9,1,1726,1261,Freo,goal,Luke Jackson,0,20,4
2025,R3,Sun 23-Mar-2025 3:10 PM,Sydney,10,1,1726,1528,Freo,behind,Patrick Voss,0,21,4
2025,R3,Sun 23-Mar-2025 3:10 PM,Sydney,11,1,1726,1600,Freo,goal,Patrick Voss,0,27,4
2025,R3,Sun 23-Mar-2025 3:10 PM,Sydney,12,1,1726,1723,Opp,behind,,1,27,5
2025,R3,Sun 23-Mar-2025 3:10 PM,Sydney,13,2,1797,205,Opp,goal,Peter Ladhams,0,27,11
2025,R3,Sun 23-Mar-2025 3:10 PM,Sydney,14,2,1797,450,Opp,goal,Joel Amartey,0,27,17
2025,R3,Sun 23-Mar-2025 3:10 PM,Sydney,15,2,1797,546,Freo,behind,Josh Treacy,0,28,17
2025,R3,Sun 23-Mar-2025 3:10 PM,Sydney,16,2,1797,719,Opp,behind,Corey Warner,0,28,18
2025,R3,Sun 23-Mar-2025 3:10 PM,Sydney,17,2,1797,757,Opp,behind,,1,28,19
2025,R3,Sun 23-Mar-2025 3:10 PM,Sydney,18,2,1797,871,Freo,behind,Michael Frederick,0,29,19
2025,R3,Sun 23-Mar-2025 3:10 PM,Sydney,19,2,1797,1225,Opp,goal,Chad Warner,0,29,25
2025,R3,Sun 23-Mar-2025 3:10 PM,Sydney,20,2,1797,1329,Freo,goal,Caleb Serong,0,35,25
2025,R3,Sun 23-Mar-2025 3:10 PM,Sydney,21,2,1797,1488,Opp,behind,Braeden Campbell,0,35,26
2025,R3,Sun 23-Mar-2025 3:10 PM,Sydney,22,3,1789,83,Freo,behind,Caleb Serong,0,36,26
2025,R3,Sun 23-Mar-2025 3:10 PM,Sydney,23,3,1789,154,Freo,goal,Josh Treacy,0,42,26
2025,R3,Sun 23-Mar-2025 3:10 PM,Sydney,24,3,1789,306,Opp,behind,,1,42,27
2025,R3,Sun 23-Mar-2025 3:10 PM,Sydney,25,3,1789,419,Opp,goal,Hayden McLean,0,42,33
2025,R3,Sun 23-Mar-2025 3:10 PM,Sydney,26,3,1789,558,Opp,goal,Will Hayward,0,42,39
2025,R3,Sun 23-Mar-2025 3:10 PM,Sydney,27,3,1789,643,Freo,behind,Michael Frederick,0,43,39
2025,R3,Sun 23-Mar-2025 3:10 PM,Sydney,28,3,1789,863,Freo,goal,Josh Treacy,0,49,39
2025,R3,Sun 23-Mar-2025 3:10 PM,Sydney,29,3,1789,1105,Opp,goal,Hayden McLean,0,49,45
2025,R3,Sun 23-Mar-2025 3:10 PM,Sydney,30,3,1789,1209,Opp,behind,Tom Papley,0,49,46
2025,R3,Sun 23-Mar-2025 3:10 PM,Sydney,31,3,1789,1266,Opp,behind,Chad Warner,0,49,47
2025,R3,Sun 23-Mar-2025 3:10 PM,Sydney,32,3,1789,1298,Opp,behind,Oliver Florent,0,49,48
2025,R3,Sun 23-Mar-2025 3:10 PM,Sydney,33,3,1789,1368,Freo,behind,Josh Treacy,0,50,48
2025,R3,Sun 23-Mar-2025 3:10 PM,Sydney,34,3,1789,1430,Opp,goal,Tom Hanily,0,50,54
2025,R3,Sun 23-Mar-2025 3:10 PM,Sydney,35,3,1789,1561,Freo,goal,Bailey Banfield,0,56,54
2025,R3,Sun 23-Mar-2025 3:10 PM,Sydney,36,4,1762,194,Freo,behind,Neil Erasmus,0,57,54
2025,R3,Sun 23-Mar-2025 3:10 PM,Sydney,37,4,1762,275,Freo,behind,Murphy Reid,0,58,54
2025,R3,Sun 23-Mar-2025 3:10 PM,Sydney,38,4,1762,355,Opp,behind,Chad Warner,0,58,55
2025,R3,Sun 23-Mar-2025 3:10 PM,Sydney,39,4,1762,851,Freo,goal,Jye Amiss,0,64,55
2025,R3,Sun 23-Mar-2025 3:10 PM,Sydney,40,4,1762,1018,Freo,behind,Patrick Voss,0,65,55
2025,R3,Sun 23-Mar-2025 3:10 PM,Sydney,41,4,1762,1049,Opp,behind,Angus Sheldrick,0,65,56
2025,R3,Sun 23-Mar-2025 3:10 PM,Sydney,42,4,1762,1139,Opp,goal,Riley Bice,0,65,62
2025,R3,Sun 23-Mar-2025 3:10 PM,Sydney,43,4,1762,1551,Opp,goal,Joel Amartey,0,65,68
2025,R4,Sun 30-Mar-2025 3:10 PM,West Coast,1,1,1981,35,Freo,goal,Nathan ODriscoll,0,6,0
2025,R4,Sun 30-Mar-2025 3:10 PM,West Coast,2,1,1981,317,Opp,goal,Tyler Brockman,0,6,6
2025,R4,Sun 30-Mar-2025 3:10 PM,West Coast,3,1,1981,654,Opp,goal,Matthew Owies,0,6,12
2025,R4,Sun 30-Mar-2025 3:10 PM,West Coast,4,1,1981,738,Freo,goal,Matthew Johnson,0,12,12
2025,R4,Sun 30-Mar-2025 3:10 PM,West Coast,5,1,1981,823,Opp,goal,Liam Ryan,0,12,18
2025,R4,Sun 30-Mar-2025 3:10 PM,West Coast,6,1,1981,926,Freo,behind,Murphy Reid,0,13,18
2025,R4,Sun 30-Mar-2025 3:10 PM,West Coast,7,1,1981,1025,Opp,behind,Jack Graham,0,13,19
2025,R4,Sun 30-Mar-2025 3:10 PM,West Coast,8,1,1981,1308,Freo,goal,Isaiah Dudley,0,19,19
2025,R4,Sun 30-Mar-2025 3:10 PM,West Coast,9,1,1981,1437,Freo,behind,Andrew Brayshaw,0,20,19
2025,R4,Sun 30-Mar-2025 3:10 PM,West Coast,10,1,1981,1509,Freo,goal,Isaiah Dudley,0,26,19
2025,R4,Sun 30-Mar-2025 3:10 PM,West Coast,11,1,1981,1635,Freo,behind,Jeremy Sharp,0,27,19
2025,R4,Sun 30-Mar-2025 3:10 PM,West Coast,12,1,1981,1715,Freo,behind,Patrick Voss,0,28,19
2025,R4,Sun 30-Mar-2025 3:10 PM,West Coast,13,1,1981,1891,Freo,goal,Jye Amiss,0,34,19
2025,R4,Sun 30-Mar-2025 3:10 PM,West Coast,14,2,1692,262,Opp,behind,Archer Reid,0,34,20
2025,R4,Sun 30-Mar-2025 3:10 PM,West Coast,15,2,1692,342,Freo,behind,Patrick Voss,0,35,20
2025,R4,Sun 30-Mar-2025 3:10 PM,West Coast,16,2,1692,471,Freo,goal,Josh Treacy,0,41,20
2025,R4,Sun 30-Mar-2025 3:10 PM,West Coast,17,2,1692,595,Freo,behind,Neil Erasmus,0,42,20
2025,R4,Sun 30-Mar-2025 3:10 PM,West Coast,18,2,1692,782,Opp,goal,Jamie Cripps,0,42,26
2025,R4,Sun 30-Mar-2025 3:10 PM,West Coast,19,2,1692,866,Opp,behind,,1,42,27
2025,R4,Sun 30-Mar-2025 3:10 PM,West Coast,20,2,1692,909,Opp,behind,Jayden Hunt,0,42,28
2025,R4,Sun 30-Mar-2025 3:10 PM,West Coast,21,2,1692,1230,Freo,goal,Josh Treacy,0,48,28
2025,R4,Sun 30-Mar-2025 3:10 PM,West Coast,22,2,1692,1689,Freo,goal,Josh Treacy,0,54,28
2025,R4,Sun 30-Mar-2025 3:10 PM,West Coast,23,3,2035,53,Opp,goal,Jack Williams,0,54,34
2025,R4,Sun 30-Mar-2025 3:10 PM,West Coast,24,3,2035,341,Freo,behind,Jye Amiss,0,55,34
2025,R4,Sun 30-Mar-2025 3:10 PM,West Coast,25,3,2035,442,Freo,goal,Luke Jackson,0,61,34
2025,R4,Sun 30-Mar-2025 3:10 PM,West Coast,26,3,2035,632,Freo,behind,,1,62,34
2025,R4,Sun 30-Mar-2025 3:10 PM,West Coast,27,3,2035,911,Freo,goal,Jordan Clark,0,68,34
2025,R4,Sun 30-Mar-2025 3:10 PM,West Coast,28,3,2035,999,Opp,behind,Tim Kelly,0,68,35
2025,R4,Sun 30-Mar-2025 3:10 PM,West Coast,29,3,2035,1061,Freo,behind,Shai Bolton,0,69,35
2025,R4,Sun 30-Mar-2025 3:10 PM,West Coast,30,3,2035,1319,Opp,goal,Harley Reid,0,69,41
2025,R4,Sun 30-Mar-2025 3:10 PM,West Coast,31,3,2035,1424,Freo,goal,Michael Frederick,0,75,41
2025,R4,Sun 30-Mar-2025 3:10 PM,West Coast,32,3,2035,1542,Opp,goal,Archer Reid,0,75,47
2025,R4,Sun 30-Mar-2025 3:10 PM,West Coast,33,3,2035,1728,Freo,behind,Shai Bolton,0,76,47
2025,R4,Sun 30-Mar-2025 3:10 PM,West Coast,34,3,2035,1792,Freo,goal,Patrick Voss,0,82,47
2025,R4,Sun 30-Mar-2025 3:10 PM,West Coast,35,3,2035,1863,Freo,behind,,1,83,47
2025,R4,Sun 30-Mar-2025 3:10 PM,West Coast,36,4,1924,143,Freo,behind,Matthew Johnson,0,84,47
2025,R4,Sun 30-Mar-2025 3:10 PM,West Coast,37,4,1924,309,Freo,behind,,1,85,47
2025,R4,Sun 30-Mar-2025 3:10 PM,West Coast,38,4,1924,460,Opp,behind,Jayden Hunt,0,85,48
2025,R4,Sun 30-Mar-2025 3:10 PM,West Coast,39,4,1924,530,Freo,goal,Jye Amiss,0,91,48
2025,R4,Sun 30-Mar-2025 3:10 PM,West Coast,40,4,1924,681,Opp,goal,Jayden Hunt,0,91,54
2025,R4,Sun 30-Mar-2025 3:10 PM,West Coast,41,4,1924,834,Freo,goal,Jye Amiss,0,97,54
2025,R4,Sun 30-Mar-2025 3:10 PM,West Coast,42,4,1924,1031,Opp,behind,Archer Reid,0,97,55
2025,R4,Sun 30-Mar-2025 3:10 PM,West Coast,43,4,1924,1124,Freo,behind,Patrick Voss,0,98,55
2025,R4,Sun 30-Mar-2025 3:10 PM,West Coast,44,4,1924,1154,Freo,behind,Andrew Brayshaw,0,99,55
2025,R4,Sun 30-Mar-2025 3:10 PM,West Coast,45,4,1924,1252,Freo,behind,Murphy Reid,0,100,55
2025,R4,Sun 30-Mar-2025 3:10 PM,West Coast,46,4,1924,1313,Opp,goal,Jamie Cripps,0,100,61
2025,R4,Sun 30-Mar-2025 3:10 PM,West Coast,47,4,1924,1558,Opp,goal,Archer Reid,0,100,67
2025,R4,Sun 30-Mar-2025 3:10 PM,West Coast,48,4,1924,1641,Opp,behind,Harley Reid,0,100,68
2025,R4,Sun 30-Mar-2025 3:10 PM,West Coast,49,4,1924,1670,Freo,goal,Jye Amiss,0,106,68
2025,R5,Sun 06-Apr-2025 3:10 PM,Western Bulldogs,1,1,1949,111,Opp,goal,Sam Darcy,0,0,6
2025,R5,Sun 06-Apr-2025 3:10 PM,Western Bulldogs,2,1,1949,184,Freo,goal,Michael Frederick,0,6,6
2025,R5,Sun 06-Apr-2025 3:10 PM,Western Bulldogs,3,1,1949,257,Opp,goal,Ryley Sanders,0,6,12
2025,R5,Sun 06-Apr-2025 3:10 PM,Western Bulldogs,4,1,1949,511,Freo,goal,Luke Jackson,0,12,12
2025,R5,Sun 06-Apr-2025 3:10 PM,Western Bulldogs,5,1,1949,636,Opp,goal,Sam Darcy,0,12,18
2025,R5,Sun 06-Apr-2025 3:10 PM,Western Bulldogs,6,1,1949,721,Freo,goal,Shai Bolton,0,18,18
2025,R5,Sun 06-Apr-2025 3:10 PM,Western Bulldogs,7,1,1949,1328,Opp,goal,Rhylee West,0,18,24
2025,R5,Sun 06-Apr-2025 3:10 PM,Western Bulldogs,8,1,1949,1617,Freo,behind,Shai Bolton,0,19,24
2025,R5,Sun 06-Apr-2025 3:10 PM,Western Bulldogs,9,1,1949,1765,Freo,goal,Michael Frederick,0,25,24
2025,R5,Sun 06-Apr-2025 3:10 PM,Western Bulldogs,10,1,1949,1841,Freo,behind,Patrick Voss,0,26,24
2025,R5,Sun 06-Apr-2025 3:10 PM,Western Bulldogs,11,2,1974,36,Opp,behind,,1,26,25
2025,R5,Sun 06-Apr-2025 3:10 PM,Western Bulldogs,12,2,1974,235,Freo,goal,Josh Treacy,0,32,25
2025,R5,Sun 06-Apr-2025 3:10 PM,Western Bulldogs,13,2,1974,456,Opp,goal,Sam Darcy,0,32,31
2025,R5,Sun 06-Apr-2025 3:10 PM,Western Bulldogs,14,2,1974,694,Opp,goal,James Harmes,0,32,37
2025,R5,Sun 06-Apr-2025 3:10 PM,Western Bulldogs,15,2,1974,875,Opp,behind,,1,32,38
2025,R5,Sun 06-Apr-2025 3:10 PM,Western Bulldogs,16,2,1974,1055,Freo,behind,Josh Treacy,0,33,38
2025,R5,Sun 06-Apr-2025 3:10 PM,Western Bulldogs,17,2,1974,1119,Freo,goal,Michael Frederick,0,39,38
2025,R5,Sun 06-Apr-2025 3:10 PM,Western Bulldogs,18,2,1974,1198,Freo,goal,Isaiah Dudley,0,45,38
2025,R5,Sun 06-Apr-2025 3:10 PM,Western Bulldogs,19,2,1974,1312,Freo,behind,Nathan ODriscoll,0,46,38
2025,R5,Sun 06-Apr-2025 3:10 PM,Western Bulldogs,20,2,1974,1394,Opp,behind,,1,46,39
2025,R5,Sun 06-Apr-2025 3:10 PM,Western Bulldogs,21,2,1974,1428,Freo,goal,Josh Treacy,0,52,39
2025,R5,Sun 06-Apr-2025 3:10 PM,Western Bulldogs,22,2,1974,1579,Freo,goal,Bailey Banfield,0,58,39
2025,R5,Sun 06-Apr-2025 3:10 PM,Western Bulldogs,23,2,1974,1793,Freo,behind,Josh Treacy,0,59,39
2025,R5,Sun 06-Apr-2025 3:10 PM,Western Bulldogs,24,2,1974,1828,Freo,goal,Andrew Brayshaw,0,65,39
2025,R5,Sun 06-Apr-2025 3:10 PM,Western Bulldogs,25,2,1974,1903,Freo,goal,Jeremy Sharp,0,71,39
2025,R5,Sun 06-Apr-2025 3:10 PM,Western Bulldogs,26,3,1954,47,Opp,goal,Sam Darcy,0,71,45
2025,R5,Sun 06-Apr-2025 3:10 PM,Western Bulldogs,27,3,1954,283,Opp,goal,Ryley Sanders,0,71,51
2025,R5,Sun 06-Apr-2025 3:10 PM,Western Bulldogs,28,3,1954,377,Opp,behind,Aaron Naughton,0,71,52
2025,R5,Sun 06-Apr-2025 3:10 PM,Western Bulldogs,29,3,1954,403,Freo,goal,Jye Amiss,0,77,52
2025,R5,Sun 06-Apr-2025 3:10 PM,Western Bulldogs,30,3,1954,668,Opp,goal,Aaron Naughton,0,77,58
2025,R5,Sun 06-Apr-2025 3:10 PM,Western Bulldogs,31,3,1954,759,Freo,goal,Josh Treacy,0,83,58
2025,R5,Sun 06-Apr-2025 3:10 PM,Western Bulldogs,32,3,1954,880,Freo,behind,,1,84,58
2025,R5,Sun 06-Apr-2025 3:10 PM,Western Bulldogs,33,3,1954,956,Opp,behind,Sam Davidson,0,84,59
2025,R5,Sun 06-Apr-2025 3:10 PM,Western Bulldogs,34,3,1954,1268,Opp,goal,James ODonnell,0,84,65
2025,R5,Sun 06-Apr-2025 3:10 PM,Western Bulldogs,35,3,1954,1422,Freo,goal,Shai Bolton,0,90,65
2025,R5,Sun 06-Apr-2025 3:10 PM,Western Bulldogs,36,3,1954,1799,Opp,behind,James ODonnell,0,90,66
2025,R5,Sun 06-Apr-2025 3:10 PM,Western Bulldogs,37,4,2024,68,Opp,behind,,1,90,67
2025,R5,Sun 06-Apr-2025 3:10 PM,Western Bulldogs,38,4,2024,291,Opp,behind,Rhylee West,0,90,68
2025,R5,Sun 06-Apr-2025 3:10 PM,Western Bulldogs,39,4,2024,591,Opp,goal,Sam Darcy,0,90,74
2025,R5,Sun 06-Apr-2025 3:10 PM,Western Bulldogs,40,4,2024,871,Opp,behind,,1,90,75
2025,R5,Sun 06-Apr-2025 3:10 PM,Western Bulldogs,41,4,2024,934,Freo,behind,Michael Frederick,0,91,75
2025,R5,Sun 06-Apr-2025 3:10 PM,Western Bulldogs,42,4,2024,1572,Opp,goal,Lachlan McNeil,0,91,81
2025,R5,Sun 06-Apr-2025 3:10 PM,Western Bulldogs,43,4,2024,1874,Freo,goal,Murphy Reid,0,97,81
2025,R6,Sun 13-Apr-2025 12:05 PM,Richmond,1,1,1965,14,Opp,goal,Maurice Rioli,0,0,6
2025,R6,Sun 13-Apr-2025 12:05 PM,Richmond,2,1,1965,185,Freo,goal,Josh Treacy,0,6,6
2025,R6,Sun 13-Apr-2025 12:05 PM,Richmond,3,1,1965,323,Freo,behind,Shai Bolton,0,7,6
2025,R6,Sun 13-Apr-2025 12:05 PM,Richmond,4,1,1965,356,Opp,goal,Kamdyn McIntosh,0,7,12
2025,R6,Sun 13-Apr-2025 12:05 PM,Richmond,5,1,1965,466,Opp,goal,Maurice Rioli,0,7,18
2025,R6,Sun 13-Apr-2025 12:05 PM,Richmond,6,1,1965,564,Opp,behind,Seth Campbell,0,7,19
2025,R6,Sun 13-Apr-2025 12:05 PM,Richmond,7,1,1965,625,Freo,goal,Josh Treacy,0,13,19
2025,R6,Sun 13-Apr-2025 12:05 PM,Richmond,8,1,1965,718,Freo,goal,Josh Treacy,0,19,19
2025,R6,Sun 13-Apr-2025 12:05 PM,Richmond,9,1,1965,994,Freo,behind,,1,20,19
2025,R6,Sun 13-Apr-2025 12:05 PM,Richmond,10,1,1965,1062,Opp,goal,Tyler Sonsie,0,20,25
2025,R6,Sun 13-Apr-2025 12:05 PM,Richmond,11,1,1965,1256,Freo,behind,Murphy Reid,0,21,25
2025,R6,Sun 13-Apr-2025 12:05 PM,Richmond,12,1,1965,1451,Freo,behind,Josh Treacy,0,22,25
2025,R6,Sun 13-Apr-2025 12:05 PM,Richmond,13,1,1965,1752,Freo,goal,Murphy Reid,0,28,25
2025,R6,Sun 13-Apr-2025 12:05 PM,Richmond,14,1,1965,1928,Opp,behind,,1,28,26
2025,R6,Sun 13-Apr-2025 12:05 PM,Richmond,15,2,1787,209,Opp,goal,Tom Lynch,0,28,32
2025,R6,Sun 13-Apr-2025 12:05 PM,Richmond,16,2,1787,305,Opp,goal,Steely Green,0,28,38
2025,R6,Sun 13-Apr-2025 12:05 PM,Richmond,17,2,1787,523,Opp,behind,Jack Ross,0,28,39
2025,R6,Sun 13-Apr-2025 12:05 PM,Richmond,18,2,1787,579,Freo,goal,Michael Frederick,0,34,39
2025,R6,Sun 13-Apr-2025 12:05 PM,Richmond,19,2,1787,896,Freo,behind,,1,35,39
2025,R6,Sun 13-Apr-2025 12:05 PM,Richmond,20,2,1787,987,Freo,goal,Hayden Young,0,41,39
2025,R6,Sun 13-Apr-2025 12:05 PM,Richmond,21,2,1787,1157,Freo,goal,Josh Treacy,0,47,39
2025,R6,Sun 13-Apr-2025 12:05 PM,Richmond,22,2,1787,1664,Freo,behind,Shai Bolton,0,48,39
2025,R6,Sun 13-Apr-2025 12:05 PM,Richmond,23,2,1787,1742,Freo,behind,Shai Bolton,0,49,39
2025,R6,Sun 13-Apr-2025 12:05 PM,Richmond,24,3,1999,65,Freo,behind,Jordan Clark,0,50,39
2025,R6,Sun 13-Apr-2025 12:05 PM,Richmond,25,3,1999,148,Freo,goal,Josh Treacy,0,56,39
2025,R6,Sun 13-Apr-2025 12:05 PM,Richmond,26,3,1999,274,Freo,goal,Michael Frederick,0,62,39
2025,R6,Sun 13-Apr-2025 12:05 PM,Richmond,27,3,1999,399,Freo,goal,Shai Bolton,0,68,39
2025,R6,Sun 13-Apr-2025 12:05 PM,Richmond,28,3,1999,679,Opp,goal,Jacob Blight,0,68,45
2025,R6,Sun 13-Apr-2025 12:05 PM,Richmond,29,3,1999,850,Freo,goal,Josh Treacy,0,74,45
2025,R6,Sun 13-Apr-2025 12:05 PM,Richmond,30,3,1999,1391,Freo,goal,Alex Pearce,0,80,45
2025,R6,Sun 13-Apr-2025 12:05 PM,Richmond,31,3,1999,1819,Freo,goal,Patrick Voss,0,86,45
2025,R6,Sun 13-Apr-2025 12:05 PM,Richmond,32,4,1674,84,Freo,behind,Matthew Johnson,0,87,45
2025,R6,Sun 13-Apr-2025 12:05 PM,Richmond,33,4,1674,316,Opp,behind,Steely Green,0,87,46
2025,R6,Sun 13-Apr-2025 12:05 PM,Richmond,34,4,1674,458,Freo,goal,Shai Bolton,0,93,46
2025,R6,Sun 13-Apr-2025 12:05 PM,Richmond,35,4,1674,675,Opp,behind,Jonty Faull,0,93,47
2025,R6,Sun 13-Apr-2025 12:05 PM,Richmond,36,4,1674,761,Freo,goal,Michael Frederick,0,99,47
2025,R6,Sun 13-Apr-2025 12:05 PM,Richmond,37,4,1674,864,Freo,behind,Isaiah Dudley,0,100,47
2025,R6,Sun 13-Apr-2025 12:05 PM,Richmond,38,4,1674,1044,Freo,behind,Murphy Reid,0,101,47
2025,R6,Sun 13-Apr-2025 12:05 PM,Richmond,39,4,1674,1127,Freo,goal,Hayden Young,0,107,47
2025,R6,Sun 13-Apr-2025 12:05 PM,Richmond,40,4,1674,1265,Freo,behind,,1,108,47
2025,R7,Sat 19-Apr-2025 1:20 PM,Melbourne,1,1,1989,178,Freo,goal,Andrew Brayshaw,0,6,0
2025,R7,Sat 19-Apr-2025 1:20 PM,Melbourne,2,1,1989,302,Opp,goal,Kysaiah Pickett,0,6,6
2025,R7,Sat 19-Apr-2025 1:20 PM,Melbourne,3,1,1989,424,Opp,goal,Harry Petty,0,6,12
2025,R7,Sat 19-Apr-2025 1:20 PM,Melbourne,4,1,1989,511,Opp,goal,Trent Rivers,0,6,18
2025,R7,Sat 19-Apr-2025 1:20 PM,Melbourne,5,1,1989,686,Freo,goal,Shai Bolton,0,12,18
2025,R7,Sat 19-Apr-2025 1:20 PM,Melbourne,6,1,1989,765,Freo,goal,Murphy Reid,0,18,18
2025,R7,Sat 19-Apr-2025 1:20 PM,Melbourne,7,1,1989,1036,Opp,goal,Harry Petty,0,18,24
2025,R7,Sat 19-Apr-2025 1:20 PM,Melbourne,8,1,1989,1138,Opp,behind,Jake Melksham,0,18,25
2025,R7,Sat 19-Apr-2025 1:20 PM,Melbourne,9,1,1989,1373,Freo,behind,Murphy Reid,0,19,25
2025,R7,Sat 19-Apr-2025 1:20 PM,Melbourne,10,1,1989,1494,Opp,goal,Christian Petracca,0,19,31
2025,R7,Sat 19-Apr-2025 1:20 PM,Melbourne,11,1,1989,1721,Freo,behind,Michael Frederick,0,20,31
2025,R7,Sat 19-Apr-2025 1:20 PM,Melbourne,12,1,1989,1825,Freo,goal,Josh Treacy,0,26,31
2025,R7,Sat 19-Apr-2025 1:20 PM,Melbourne,13,1,1989,1893,Opp,goal,Jack Viney,0,26,37
2025,R7,Sat 19-Apr-2025 1:20 PM,Melbourne,14,2,2086,64,Opp,goal,Kade Chandler,0,26,43
2025,R7,Sat 19-Apr-2025 1:20 PM,Melbourne,15,2,2086,248,Freo,goal,Sean Darcy,0,32,43
2025,R7,Sat 19-Apr-2025 1:20 PM,Melbourne,16,2,2086,337,Opp,goal,Kade Chandler,0,32,49
2025,R7,Sat 19-Apr-2025 1:20 PM,Melbourne,17,2,2086,464,Opp,goal,Kysaiah Pickett,0,32,55
2025,R7,Sat 19-Apr-2025 1:20 PM,Melbourne,18,2,2086,534,Opp,goal,Kysaiah Pickett,0,32,61
2025,R7,Sat 19-Apr-2025 1:20 PM,Melbourne,19,2,2086,645,Freo,behind,Murphy Reid,0,33,61
2025,R7,Sat 19-Apr-2025 1:20 PM,Melbourne,20,2,2086,737,Freo,goal,Jye Amiss,0,39,61
2025,R7,Sat 19-Apr-2025 1:20 PM,Melbourne,21,2,2086,843,Freo,goal,Jeremy Sharp,0,45,61
2025,R7,Sat 19-Apr-2025 1:20 PM,Melbourne,22,2,2086,1036,Opp,behind,Kysaiah Pickett,0,45,62
2025,R7,Sat 19-Apr-2025 1:20 PM,Melbourne,23,2,2086,1143,Freo,behind,Michael Frederick,0,46,62
2025,R7,Sat 19-Apr-2025 1:20 PM,Melbourne,24,2,2086,1323,Freo,goal,Shai Bolton,0,52,62
2025,R7,Sat 19-Apr-2025 1:20 PM,Melbourne,25,2,2086,1516,Opp,goal,Kysaiah Pickett,0,52,68
2025,R7,Sat 19-Apr-2025 1:20 PM,Melbourne,26,2,2086,1702,Freo,behind,Jeremy Sharp,0,53,68
2025,R7,Sat 19-Apr-2025 1:20 PM,Melbourne,27,2,2086,1950,Opp,goal,Harry Petty,0,53,74
2025,R7,Sat 19-Apr-2025 1:20 PM,Melbourne,28,3,1823,35,Opp,behind,Kysaiah Pickett,0,53,75
2025,R7,Sat 19-Apr-2025 1:20 PM,Melbourne,29,3,1823,206,Freo,goal,Oscar McDonald,0,59,75
2025,R7,Sat 19-Apr-2025 1:20 PM,Melbourne,30,3,1823,387,Freo,behind,Jeremy Sharp,0,60,75
2025,R7,Sat 19-Apr-2025 1:20 PM,Melbourne,31,3,1823,505,Freo,behind,Jye Amiss,0,61,75
2025,R7,Sat 19-Apr-2025 1:20 PM,Melbourne,32,3,1823,595,Opp,goal,Kysaiah Pickett,0,61,81
2025,R7,Sat 19-Apr-2025 1:20 PM,Melbourne,33,3,1823,973,Freo,goal,Shai Bolton,0,67,81
2025,R7,Sat 19-Apr-2025 1:20 PM,Melbourne,34,3,1823,1056,Opp,behind,Charlie Spargo,0,67,82
2025,R7,Sat 19-Apr-2025 1:20 PM,Melbourne,35,3,1823,1154,Freo,behind,Jeremy Sharp,0,68,82
2025,R7,Sat 19-Apr-2025 1:20 PM,Melbourne,36,3,1823,1196,Freo,behind,,1,69,82
2025,R7,Sat 19-Apr-2025 1:20 PM,Melbourne,37,3,1823,1275,Opp,goal,Harvey Langford,0,69,88
2025,R7,Sat 19-Apr-2025 1:20 PM,Melbourne,38,3,1823,1354,Freo,behind,Shai Bolton,0,70,88
2025,R7,Sat 19-Apr-2025 1:20 PM,Melbourne,39,3,1823,1507,Opp,behind,Christian Petracca,0,70,89
2025,R7,Sat 19-Apr-2025 1:20 PM,Melbourne,40,3,1823,1641,Freo,goal,Isaiah Dudley,0,76,89
2025,R7,Sat 19-Apr-2025 1:20 PM,Melbourne,41,3,1823,1772,Opp,goal,Harry Petty,0,76,95
2025,R7,Sat 19-Apr-2025 1:20 PM,Melbourne,42,4,1783,162,Opp,behind,Max Gawn,0,76,96
2025,R7,Sat 19-Apr-2025 1:20 PM,Melbourne,43,4,1783,361,Freo,behind,,1,77,96
2025,R7,Sat 19-Apr-2025 1:20 PM,Melbourne,44,4,1783,601,Freo,behind,Josh Treacy,0,78,96
2025,R7,Sat 19-Apr-2025 1:20 PM,Melbourne,45,4,1783,828,Opp,behind,Jack Viney,0,78,97
2025,R7,Sat 19-Apr-2025 1:20 PM,Melbourne,46,4,1783,859,Freo,behind,Jye Amiss,0,79,97
2025,R7,Sat 19-Apr-2025 1:20 PM,Melbourne,47,4,1783,958,Freo,goal,Jye Amiss,0,85,97
2025,R7,Sat 19-Apr-2025 1:20 PM,Melbourne,48,4,1783,1074,Freo,goal,Jye Amiss,0,91,97
2025,R7,Sat 19-Apr-2025 1:20 PM,Melbourne,49,4,1783,1253,Opp,goal,Harvey Langford,0,91,103
2025,R7,Sat 19-Apr-2025 1:20 PM,Melbourne,50,4,1783,1456,Opp,behind,Tom Sparrow,0,91,104
2025,R7,Sat 19-Apr-2025 1:20 PM,Melbourne,51,4,1783,1541,Opp,behind,Max Gawn,0,91,105
2025,R7,Sat 19-Apr-2025 1:20 PM,Melbourne,52,4,1783,1585,Opp,behind,Jake Melksham,0,91,106
2025,R7,Sat 19-Apr-2025 1:20 PM,Melbourne,53,4,1783,1639,Opp,behind,Kade Chandler,0,91,107
2025,R7,Sat 19-Apr-2025 1:20 PM,Melbourne,54,4,1783,1700,Freo,goal,Sean Darcy,0,97,107
2025,R8,Fri 25-Apr-2025 6:10 PM,Adelaide,1,1,1885,173,Freo,goal,Josh Treacy,0,6,0
2025,R8,Fri 25-Apr-2025 6:10 PM,Adelaide,2,1,1885,517,Opp,goal,Jake Soligo,0,6,6
2025,R8,Fri 25-Apr-2025 6:10 PM,Adelaide,3,1,1885,728,Freo,goal,Shai Bolton,0,12,6
2025,R8,Fri 25-Apr-2025 6:10 PM,Adelaide,4,1,1885,862,Opp,behind,Luke Nankervis,0,12,7
2025,R8,Fri 25-Apr-2025 6:10 PM,Adelaide,5,1,1885,972,Freo,goal,Michael Frederick,0,18,7
2025,R8,Fri 25-Apr-2025 6:10 PM,Adelaide,6,1,1885,1165,Freo,goal,Jye Amiss,0,24,7
2025,R8,Fri 25-Apr-2025 6:10 PM,Adelaide,7,1,1885,1371,Opp,goal,Izak Rankine,0,24,13
2025,R8,Fri 25-Apr-2025 6:10 PM,Adelaide,8,1,1885,1522,Freo,behind,Josh Treacy,0,25,13
2025,R8,Fri 25-Apr-2025 6:10 PM,Adelaide,9,1,1885,1604,Freo,behind,Isaiah Dudley,0,26,13
2025,R8,Fri 25-Apr-2025 6:10 PM,Adelaide,10,1,1885,1762,Freo,goal,Oscar McDonald,0,32,13
2025,R8,Fri 25-Apr-2025 6:10 PM,Adelaide,11,1,1885,1883,Freo,goal,Hayden Young,0,38,13
2025,R8,Fri 25-Apr-2025 6:10 PM,Adelaide,12,2,1912,107,Freo,goal,Jye Amiss,0,44,13
2025,R8,Fri 25-Apr-2025 6:10 PM,Adelaide,13,2,1912,242,Opp,behind,Riley Thilthorpe,0,44,14
2025,R8,Fri 25-Apr-2025 6:10 PM,Adelaide,14,2,1912,360,Freo,goal,Josh Treacy,0,50,14
2025,R8,Fri 25-Apr-2025 6:10 PM,Adelaide,15,2,1912,472,Opp,goal,Josh Rachele,0,50,20
2025,R8,Fri 25-Apr-2025 6:10 PM,Adelaide,16,2,1912,738,Opp,behind,Josh Rachele,0,50,21
2025,R8,Fri 25-Apr-2025 6:10 PM,Adelaide,17,2,1912,782,Freo,behind,,1,51,21
2025,R8,Fri 25-Apr-2025 6:10 PM,Adelaide,18,2,1912,1053,Freo,behind,Michael Frederick,0,52,21
2025,R8,Fri 25-Apr-2025 6:10 PM,Adelaide,19,2,1912,1130,Opp,goal,Riley Thilthorpe,0,52,27
2025,R8,Fri 25-Apr-2025 6:10 PM,Adelaide,20,2,1912,1245,Freo,behind,Shai Bolton,0,53,27
2025,R8,Fri 25-Apr-2025 6:10 PM,Adelaide,21,2,1912,1489,Opp,behind,Daniel Curtin,0,53,28
2025,R8,Fri 25-Apr-2025 6:10 PM,Adelaide,22,2,1912,1558,Opp,goal,Riley Thilthorpe,0,53,34
2025,R8,Fri 25-Apr-2025 6:10 PM,Adelaide,23,2,1912,1805,Freo,behind,Andrew Brayshaw,0,54,34
2025,R8,Fri 25-Apr-2025 6:10 PM,Adelaide,24,3,1811,201,Freo,goal,Oscar McDonald,0,60,34
2025,R8,Fri 25-Apr-2025 6:10 PM,Adelaide,25,3,1811,501,Opp,behind,,1,60,35
2025,R8,Fri 25-Apr-2025 6:10 PM,Adelaide,26,3,1811,787,Freo,goal,Michael Frederick,0,66,35
2025,R8,Fri 25-Apr-2025 6:10 PM,Adelaide,27,3,1811,889,Opp,behind,Alex Neal-Bullen,0,66,36
2025,R8,Fri 25-Apr-2025 6:10 PM,Adelaide,28,3,1811,1039,Opp,behind,Luke Nankervis,0,66,37
2025,R8,Fri 25-Apr-2025 6:10 PM,Adelaide,29,3,1811,1136,Freo,behind,,1,67,37
2025,R8,Fri 25-Apr-2025 6:10 PM,Adelaide,30,3,1811,1519,Opp,behind,,1,67,38
2025,R8,Fri 25-Apr-2025 6:10 PM,Adelaide,31,3,1811,1556,Freo,goal,Murphy Reid,0,73,38
2025,R8,Fri 25-Apr-2025 6:10 PM,Adelaide,32,3,1811,1629,Freo,goal,Sam Switkowski,0,79,38
2025,R8,Fri 25-Apr-2025 6:10 PM,Adelaide,33,3,1811,1710,Freo,behind,Josh Treacy,0,80,38
2025,R8,Fri 25-Apr-2025 6:10 PM,Adelaide,34,4,1605,148,Opp,behind,Taylor Walker,0,80,39
2025,R8,Fri 25-Apr-2025 6:10 PM,Adelaide,35,4,1605,258,Opp,goal,Alex Neal-Bullen,0,80,45
2025,R8,Fri 25-Apr-2025 6:10 PM,Adelaide,36,4,1605,393,Opp,behind,Riley Thilthorpe,0,80,46
2025,R8,Fri 25-Apr-2025 6:10 PM,Adelaide,37,4,1605,526,Freo,behind,Quinton Narkle,0,81,46
2025,R8,Fri 25-Apr-2025 6:10 PM,Adelaide,38,4,1605,585,Freo,behind,Josh Treacy,0,82,46
2025,R8,Fri 25-Apr-2025 6:10 PM,Adelaide,39,4,1605,662,Opp,behind,Izak Rankine,0,82,47
2025,R8,Fri 25-Apr-2025 6:10 PM,Adelaide,40,4,1605,738,Freo,behind,Shai Bolton,0,83,47
2025,R8,Fri 25-Apr-2025 6:10 PM,Adelaide,41,4,1605,851,Opp,goal,Riley Thilthorpe,0,83,53
2025,R8,Fri 25-Apr-2025 6:10 PM,Adelaide,42,4,1605,1058,Freo,behind,Murphy Reid,0,84,53
2025,R8,Fri 25-Apr-2025 6:10 PM,Adelaide,43,4,1605,1172,Opp,goal,Taylor Walker,0,84,59
2025,R8,Fri 25-Apr-2025 6:10 PM,Adelaide,44,4,1605,1286,Freo,behind,,1,85,59
2025,R8,Fri 25-Apr-2025 6:10 PM,Adelaide,45,4,1605,1338,Opp,behind,Ben Keays,0,85,60
2025,R8,Fri 25-Apr-2025 6:10 PM,Adelaide,46,4,1605,1400,Opp,behind,Alex Neal-Bullen,0,85,61
2025,R8,Fri 25-Apr-2025 6:10 PM,Adelaide,47,4,1605,1539,Opp,goal,Taylor Walker,0,85,67
2025,R9,Fri 02-May-2025 7:40 PM,St Kilda,1,1,1708,82,Opp,goal,Bradley Hill,0,0,6
2025,R9,Fri 02-May-2025 7:40 PM,St Kilda,2,1,1708,369,Opp,behind,Darcy Wilson,0,0,7
2025,R9,Fri 02-May-2025 7:40 PM,St Kilda,3,1,1708,432,Freo,goal,Hayden Young,0,6,7
2025,R9,Fri 02-May-2025 7:40 PM,St Kilda,4,1,1708,884,Opp,behind,Lance Collard,0,6,8
2025,R9,Fri 02-May-2025 7:40 PM,St Kilda,5,1,1708,1384,Opp,goal,Jack Higgins,0,6,14
2025,R9,Fri 02-May-2025 7:40 PM,St Kilda,6,2,1739,43,Opp,behind,,1,6,15
2025,R9,Fri 02-May-2025 7:40 PM,St Kilda,7,2,1739,123,Opp,goal,Mitch Owens,0,6,21
2025,R9,Fri 02-May-2025 7:40 PM,St Kilda,8,2,1739,285,Opp,goal,Darcy Wilson,0,6,27
2025,R9,Fri 02-May-2025 7:40 PM,St Kilda,9,2,1739,775,Freo,behind,Michael Frederick,0,7,27
2025,R9,Fri 02-May-2025 7:40 PM,St Kilda,10,3,1760,388,Opp,goal,Cooper Sharman,0,7,33
2025,R9,Fri 02-May-2025 7:40 PM,St Kilda,11,3,1760,570,Freo,goal,Isaiah Dudley,0,13,33
2025,R9,Fri 02-May-2025 7:40 PM,St Kilda,12,3,1760,689,Opp,goal,Cooper Sharman,0,13,39
2025,R9,Fri 02-May-2025 7:40 PM,St Kilda,13,3,1760,994,Opp,behind,Marcus Windhager,0,13,40
2025,R9,Fri 02-May-2025 7:40 PM,St Kilda,14,3,1760,1120,Freo,behind,Murphy Reid,0,14,40
2025,R9,Fri 02-May-2025 7:40 PM,St Kilda,15,3,1760,1205,Opp,goal,Lance Collard,0,14,46
2025,R9,Fri 02-May-2025 7:40 PM,St Kilda,16,3,1760,1374,Opp,behind,Rowan Marshall,0,14,47
2025,R9,Fri 02-May-2025 7:40 PM,St Kilda,17,3,1760,1491,Freo,behind,Isaiah Dudley,0,15,47
2025,R9,Fri 02-May-2025 7:40 PM,St Kilda,18,3,1760,1556,Opp,goal,Cooper Sharman,0,15,53
2025,R9,Fri 02-May-2025 7:40 PM,St Kilda,19,3,1760,1741,Opp,behind,Cooper Sharman,0,15,54
2025,R9,Fri 02-May-2025 7:40 PM,St Kilda,20,4,2014,93,Opp,goal,Mitch Owens,0,15,60
2025,R9,Fri 02-May-2025 7:40 PM,St Kilda,21,4,2014,230,Freo,goal,Jye Amiss,0,21,60
2025,R9,Fri 02-May-2025 7:40 PM,St Kilda,22,4,2014,581,Opp,goal,Cooper Sharman,0,21,66
2025,R9,Fri 02-May-2025 7:40 PM,St Kilda,23,4,2014,728,Opp,behind,Cooper Sharman,0,21,67
2025,R9,Fri 02-May-2025 7:40 PM,St Kilda,24,4,2014,877,Opp,behind,Max Hall,0,21,68
2025,R9,Fri 02-May-2025 7:40 PM,St Kilda,25,4,2014,1079,Freo,goal,Jye Amiss,0,27,68
2025,R9,Fri 02-May-2025 7:40 PM,St Kilda,26,4,2014,1156,Opp,behind,Anthony Caminiti,0,27,69
2025,R9,Fri 02-May-2025 7:40 PM,St Kilda,27,4,2014,1229,Opp,behind,Rowan Marshall,0,27,70
2025,R9,Fri 02-May-2025 7:40 PM,St Kilda,28,4,2014,1324,Opp,goal,Jack Steele,0,27,76
2025,R9,Fri 02-May-2025 7:40 PM,St Kilda,29,4,2014,1460,Opp,goal,Hugo Garcia,0,27,82
2025,R9,Fri 02-May-2025 7:40 PM,St Kilda,30,4,2014,1555,Opp,goal,Mitch Owens,0,27,88
2025,R9,Fri 02-May-2025 7:40 PM,St Kilda,31,4,2014,1879,Freo,goal,Quinton Narkle,0,33,88
2025,R9,Fri 02-May-2025 7:40 PM,St Kilda,32,4,2014,1954,Opp,goal,Anthony Caminiti,0,33,94
2025,R10,Thu 08-May-2025 6:10 PM,Collingwood,1,1,1964,32,Freo,goal,Josh Treacy,0,6,0
2025,R10,Thu 08-May-2025 6:10 PM,Collingwood,2,1,1964,211,Freo,behind,Caleb Serong,0,7,0
2025,R10,Thu 08-May-2025 6:10 PM,Collingwood,3,1,1964,273,Freo,behind,Matthew Johnson,0,8,0
2025,R10,Thu 08-May-2025 6:10 PM,Collingwood,4,1,1964,357,Freo,goal,Josh Treacy,0,14,0
2025,R10,Thu 08-May-2025 6:10 PM,Collingwood,5,1,1964,555,Opp,behind,Lachlan Sullivan,0,14,1
2025,R10,Thu 08-May-2025 6:10 PM,Collingwood,6,1,1964,788,Freo,goal,Isaiah Dudley,0,20,1
2025,R10,Thu 08-May-2025 6:10 PM,Collingwood,7,1,1964,871,Freo,behind,,1,21,1
2025,R10,Thu 08-May-2025 6:10 PM,Collingwood,8,1,1964,1009,Opp,goal,Will Hoskin-Elliott,0,21,7
2025,R10,Thu 08-May-2025 6:10 PM,Collingwood,9,1,1964,1111,Freo,goal,Patrick Voss,0,27,7
2025,R10,Thu 08-May-2025 6:10 PM,Collingwood,10,1,1964,1179,Opp,goal,Jamie Elliott,0,27,13
2025,R10,Thu 08-May-2025 6:10 PM,Collingwood,11,1,1964,1420,Opp,goal,Mason Cox,0,27,19
2025,R10,Thu 08-May-2025 6:10 PM,Collingwood,12,1,1964,1608,Opp,behind,Steele Sidebottom,0,27,20
2025,R10,Thu 08-May-2025 6:10 PM,Collingwood,13,1,1964,1688,Opp,goal,Jamie Elliott,0,27,26
2025,R10,Thu 08-May-2025 6:10 PM,Collingwood,14,1,1964,1882,Opp,goal,Bobby Hill,0,27,32
2025,R10,Thu 08-May-2025 6:10 PM,Collingwood,15,2,1992,220,Freo,goal,Alex Pearce,0,33,32
2025,R10,Thu 08-May-2025 6:10 PM,Collingwood,16,2,1992,395,Freo,behind,,1,34,32
2025,R10,Thu 08-May-2025 6:10 PM,Collingwood,17,2,1992,470,Freo,behind,Matthew Johnson,0,35,32
2025,R10,Thu 08-May-2025 6:10 PM,Collingwood,18,2,1992,673,Freo,goal,Andrew Brayshaw,0,41,32
2025,R10,Thu 08-May-2025 6:10 PM,Collingwood,19,2,1992,942,Opp,goal,Ned Long,0,41,38
2025,R10,Thu 08-May-2025 6:10 PM,Collingwood,20,2,1992,1070,Opp,goal,Nick Daicos,0,41,44
2025,R10,Thu 08-May-2025 6:10 PM,Collingwood,21,2,1992,1221,Opp,behind,Nick Daicos,0,41,45
2025,R10,Thu 08-May-2025 6:10 PM,Collingwood,22,2,1992,1505,Freo,goal,Jeremy Sharp,0,47,45
2025,R10,Thu 08-May-2025 6:10 PM,Collingwood,23,2,1992,1586,Opp,goal,Jack Crisp,0,47,51
2025,R10,Thu 08-May-2025 6:10 PM,Collingwood,24,2,1992,1916,Opp,goal,Jamie Elliott,0,47,57
2025,R10,Thu 08-May-2025 6:10 PM,Collingwood,25,3,1627,86,Freo,behind,Matthew Johnson,0,48,57
2025,R10,Thu 08-May-2025 6:10 PM,Collingwood,26,3,1627,156,Opp,goal,Bobby Hill,0,48,63
2025,R10,Thu 08-May-2025 6:10 PM,Collingwood,27,3,1627,369,Freo,behind,Jye Amiss,0,49,63
2025,R10,Thu 08-May-2025 6:10 PM,Collingwood,28,3,1627,502,Opp,goal,Bobby Hill,0,49,69
2025,R10,Thu 08-May-2025 6:10 PM,Collingwood,29,3,1627,837,Opp,behind,Tim Membrey,0,49,70
2025,R10,Thu 08-May-2025 6:10 PM,Collingwood,30,3,1627,911,Opp,behind,Bobby Hill,0,49,71
2025,R10,Thu 08-May-2025 6:10 PM,Collingwood,31,3,1627,974,Freo,goal,Patrick Voss,0,55,71
2025,R10,Thu 08-May-2025 6:10 PM,Collingwood,32,3,1627,1315,Freo,behind,Isaiah Dudley,0,56,71
2025,R10,Thu 08-May-2025 6:10 PM,Collingwood,33,4,1868,53,Opp,goal,Jamie Elliott,0,56,77
2025,R10,Thu 08-May-2025 6:10 PM,Collingwood,34,4,1868,218,Opp,goal,Jamie Elliott,0,56,83
2025,R10,Thu 08-May-2025 6:10 PM,Collingwood,35,4,1868,391,Freo,goal,Sam Switkowski,0,62,83
2025,R10,Thu 08-May-2025 6:10 PM,Collingwood,36,4,1868,568,Opp,behind,Jamie Elliott,0,62,84
2025,R10,Thu 08-May-2025 6:10 PM,Collingwood,37,4,1868,655,Freo,goal,Shai Bolton,0,68,84
2025,R10,Thu 08-May-2025 6:10 PM,Collingwood,38,4,1868,787,Freo,goal,Murphy Reid,0,74,84
2025,R10,Thu 08-May-2025 6:10 PM,Collingwood,39,4,1868,993,Opp,goal,Jack Crisp,0,74,90
2025,R10,Thu 08-May-2025 6:10 PM,Collingwood,40,4,1868,1147,Freo,behind,Isaiah Dudley,0,75,90
2025,R10,Thu 08-May-2025 6:10 PM,Collingwood,41,4,1868,1256,Opp,goal,Jamie Elliott,0,75,96
2025,R10,Thu 08-May-2025 6:10 PM,Collingwood,42,4,1868,1425,Opp,behind,Jamie Elliott,0,75,97
2025,R10,Thu 08-May-2025 6:10 PM,Collingwood,43,4,1868,1515,Freo,behind,,1,76,97
2025,R10,Thu 08-May-2025 6:10 PM,Collingwood,44,4,1868,1568,Freo,behind,Jye Amiss,0,77,97
2025,R10,Thu 08-May-2025 6:10 PM,Collingwood,45,4,1868,1784,Freo,goal,Michael Frederick,0,83,97
2025,R11,Sat 17-May-2025 4:15 PM,Greater Western Sydney,1,1,1820,46,Opp,goal,Darcy Jones,0,0,6
2025,R11,Sat 17-May-2025 4:15 PM,Greater Western Sydney,2,1,1820,117,Freo,behind,Isaiah Dudley,0,1,6
2025,R11,Sat 17-May-2025 4:15 PM,Greater Western Sydney,3,1,1820,190,Opp,behind,Toby Greene,0,1,7
2025,R11,Sat 17-May-2025 4:15 PM,Greater Western Sydney,4,1,1820,362,Freo,behind,Patrick Voss,0,2,7
2025,R11,Sat 17-May-2025 4:15 PM,Greater Western Sydney,5,1,1820,456,Freo,goal,Shai Bolton,0,8,7
2025,R11,Sat 17-May-2025 4:15 PM,Greater Western Sydney,6,1,1820,564,Opp,goal,Jesse Hogan,0,8,13
2025,R11,Sat 17-May-2025 4:15 PM,Greater Western Sydney,7,1,1820,662,Freo,behind,Michael Frederick,0,9,13
2025,R11,Sat 17-May-2025 4:15 PM,Greater Western Sydney,8,1,1820,971,Freo,goal,Michael Frederick,0,15,13
2025,R11,Sat 17-May-2025 4:15 PM,Greater Western Sydney,9,1,1820,1055,Opp,behind,,1,15,14
2025,R11,Sat 17-May-2025 4:15 PM,Greater Western Sydney,10,1,1820,1168,Freo,goal,Michael Frederick,0,21,14
2025,R11,Sat 17-May-2025 4:15 PM,Greater Western Sydney,11,1,1820,1307,Opp,behind,Kieren Briggs,0,21,15
2025,R11,Sat 17-May-2025 4:15 PM,Greater Western Sydney,12,1,1820,1503,Freo,behind,Shai Bolton,0,22,15
2025,R11,Sat 17-May-2025 4:15 PM,Greater Western Sydney,13,1,1820,1595,Opp,behind,,1,22,16
2025,R11,Sat 17-May-2025 4:15 PM,Greater Western Sydney,14,2,1755,36,Freo,behind,Jordan Clark,0,23,16
2025,R11,Sat 17-May-2025 4:15 PM,Greater Western Sydney,15,2,1755,198,Freo,behind,Luke Jackson,0,24,16
2025,R11,Sat 17-May-2025 4:15 PM,Greater Western Sydney,16,2,1755,223,Freo,behind,Patrick Voss,0,25,16
2025,R11,Sat 17-May-2025 4:15 PM,Greater Western Sydney,17,2,1755,311,Opp,behind,,1,25,17
2025,R11,Sat 17-May-2025 4:15 PM,Greater Western Sydney,18,2,1755,357,Freo,behind,Isaiah Dudley,0,26,17
2025,R11,Sat 17-May-2025 4:15 PM,Greater Western Sydney,19,2,1755,532,Freo,goal,Jye Amiss,0,32,17
2025,R11,Sat 17-May-2025 4:15 PM,Greater Western Sydney,20,2,1755,720,Opp,goal,Callum Brown,0,32,23
2025,R11,Sat 17-May-2025 4:15 PM,Greater Western Sydney,21,2,1755,1096,Freo,behind,Michael Frederick,0,33,23
2025,R11,Sat 17-May-2025 4:15 PM,Greater Western Sydney,22,2,1755,1326,Freo,behind,Shai Bolton,0,34,23
2025,R11,Sat 17-May-2025 4:15 PM,Greater Western Sydney,23,2,1755,1389,Freo,goal,Shai Bolton,0,40,23
2025,R11,Sat 17-May-2025 4:15 PM,Greater Western Sydney,24,2,1755,1553,Opp,goal,Aaron Cadman,0,40,29
2025,R11,Sat 17-May-2025 4:15 PM,Greater Western Sydney,25,3,1921,70,Opp,behind,Callum Brown,0,40,30
2025,R11,Sat 17-May-2025 4:15 PM,Greater Western Sydney,26,3,1921,252,Freo,goal,Michael Frederick,0,46,30
2025,R11,Sat 17-May-2025 4:15 PM,Greater Western Sydney,27,3,1921,349,Opp,behind,Finn Callaghan,0,46,31
2025,R11,Sat 17-May-2025 4:15 PM,Greater Western Sydney,28,3,1921,461,Freo,goal,Jye Amiss,0,52,31
2025,R11,Sat 17-May-2025 4:15 PM,Greater Western Sydney,29,3,1921,536,Freo,behind,,1,53,31
2025,R11,Sat 17-May-2025 4:15 PM,Greater Western Sydney,30,3,1921,656,Opp,behind,Xavier OHalloran,0,53,32
2025,R11,Sat 17-May-2025 4:15 PM,Greater Western Sydney,31,3,1921,787,Freo,goal,Murphy Reid,0,59,32
2025,R11,Sat 17-May-2025 4:15 PM,Greater Western Sydney,32,3,1921,989,Opp,behind,Cody Angove,0,59,33
2025,R11,Sat 17-May-2025 4:15 PM,Greater Western Sydney,33,3,1921,1087,Opp,behind,Jesse Hogan,0,59,34
2025,R11,Sat 17-May-2025 4:15 PM,Greater Western Sydney,34,3,1921,1152,Freo,behind,Sam Switkowski,0,60,34
2025,R11,Sat 17-May-2025 4:15 PM,Greater Western Sydney,35,3,1921,1257,Freo,behind,Shai Bolton,0,61,34
2025,R11,Sat 17-May-2025 4:15 PM,Greater Western Sydney,36,3,1921,1696,Freo,behind,,1,62,34
2025,R11,Sat 17-May-2025 4:15 PM,Greater Western Sydney,37,3,1921,1781,Freo,behind,Matthew Johnson,0,63,34
2025,R11,Sat 17-May-2025 4:15 PM,Greater Western Sydney,38,4,2147,60,Freo,goal,Josh Treacy,0,69,34
2025,R11,Sat 17-May-2025 4:15 PM,Greater Western Sydney,39,4,2147,260,Freo,goal,Patrick Voss,0,75,34
2025,R11,Sat 17-May-2025 4:15 PM,Greater Western Sydney,40,4,2147,448,Freo,goal,Shai Bolton,0,81,34
2025,R11,Sat 17-May-2025 4:15 PM,Greater Western Sydney,41,4,2147,734,Opp,goal,Callum Brown,0,81,40
2025,R11,Sat 17-May-2025 4:15 PM,Greater Western Sydney,42,4,2147,819,Freo,goal,Bailey Banfield,0,87,40
2025,R11,Sat 17-May-2025 4:15 PM,Greater Western Sydney,43,4,2147,916,Opp,goal,Darcy Jones,0,87,46
2025,R11,Sat 17-May-2025 4:15 PM,Greater Western Sydney,44,4,2147,1063,Freo,behind,Josh Treacy,0,88,46
2025,R11,Sat 17-May-2025 4:15 PM,Greater Western Sydney,45,4,2147,1188,Freo,goal,Cooper Simpson,0,94,46
2025,R11,Sat 17-May-2025 4:15 PM,Greater Western Sydney,46,4,2147,1283,Freo,behind,Caleb Serong,0,95,46
2025,R11,Sat 17-May-2025 4:15 PM,Greater Western Sydney,47,4,2147,1352,Opp,behind,Darcy Jones,0,95,47
2025,R11,Sat 17-May-2025 4:15 PM,Greater Western Sydney,48,4,2147,1496,Opp,goal,Tom Green,0,95,53
2025,R11,Sat 17-May-2025 4:15 PM,Greater Western Sydney,49,4,2147,1595,Opp,behind,Xavier OHalloran,0,95,54
2025,R11,Sat 17-May-2025 4:15 PM,Greater Western Sydney,50,4,2147,1720,Opp,goal,Toby Greene,0,95,60
2025,R11,Sat 17-May-2025 4:15 PM,Greater Western Sydney,51,4,2147,2067,Opp,behind,Toby Greene,0,95,61
2025,R12,Sat 24-May-2025 6:10 PM,Port Adelaide,1,1,1826,101,Freo,behind,Matthew Johnson,0,1,0
2025,R12,Sat 24-May-2025 6:10 PM,Port Adelaide,2,1,1826,204,Freo,behind,Jye Amiss,0,2,0
2025,R12,Sat 24-May-2025 6:10 PM,Port Adelaide,3,1,1826,281,Opp,goal,Mitch Georgiades,0,2,6
2025,R12,Sat 24-May-2025 6:10 PM,Port Adelaide,4,1,1826,501,Freo,goal,Sam Switkowski,0,8,6
2025,R12,Sat 24-May-2025 6:10 PM,Port Adelaide,5,1,1826,705,Opp,goal,Jeremy Finlayson,0,8,12
2025,R12,Sat 24-May-2025 6:10 PM,Port Adelaide,6,1,1826,970,Opp,goal,Mitch Georgiades,0,8,18
2025,R12,Sat 24-May-2025 6:10 PM,Port Adelaide,7,1,1826,1055,Freo,behind,Luke Jackson,0,9,18
2025,R12,Sat 24-May-2025 6:10 PM,Port Adelaide,8,1,1826,1200,Freo,goal,Isaiah Dudley,0,15,18
2025,R12,Sat 24-May-2025 6:10 PM,Port Adelaide,9,1,1826,1339,Freo,goal,Murphy Reid,0,21,18
2025,R12,Sat 24-May-2025 6:10 PM,Port Adelaide,10,1,1826,1748,Opp,behind,Jeremy Finlayson,0,21,19
2025,R12,Sat 24-May-2025 6:10 PM,Port Adelaide,11,2,1981,175,Opp,behind,,1,21,20
2025,R12,Sat 24-May-2025 6:10 PM,Port Adelaide,12,2,1981,225,Freo,behind,Jye Amiss,0,22,20
2025,R12,Sat 24-May-2025 6:10 PM,Port Adelaide,13,2,1981,353,Opp,behind,Ollie Lord,0,22,21
2025,R12,Sat 24-May-2025 6:10 PM,Port Adelaide,14,2,1981,447,Freo,goal,Matthew Johnson,0,28,21
2025,R12,Sat 24-May-2025 6:10 PM,Port Adelaide,15,2,1981,563,Freo,goal,Michael Frederick,0,34,21
2025,R12,Sat 24-May-2025 6:10 PM,Port Adelaide,16,2,1981,1010,Opp,goal,Mitch Georgiades,0,34,27
2025,R12,Sat 24-May-2025 6:10 PM,Port Adelaide,17,2,1981,1132,Freo,goal,Murphy Reid,0,40,27
2025,R12,Sat 24-May-2025 6:10 PM,Port Adelaide,18,2,1981,1201,Freo,behind,,1,41,27
2025,R12,Sat 24-May-2025 6:10 PM,Port Adelaide,19,2,1981,1527,Freo,behind,Patrick Voss,0,42,27
2025,R12,Sat 24-May-2025 6:10 PM,Port Adelaide,20,2,1981,1820,Opp,behind,Jeremy Finlayson,0,42,28
2025,R12,Sat 24-May-2025 6:10 PM,Port Adelaide,21,2,1981,1919,Opp,goal,Willie Rioli,0,42,34
2025,R12,Sat 24-May-2025 6:10 PM,Port Adelaide,22,3,1926,228,Freo,goal,Sam Switkowski,0,48,34
2025,R12,Sat 24-May-2025 6:10 PM,Port Adelaide,23,3,1926,435,Freo,goal,Murphy Reid,0,54,34
2025,R12,Sat 24-May-2025 6:10 PM,Port Adelaide,24,3,1926,637,Freo,behind,Michael Frederick,0,55,34
2025,R12,Sat 24-May-2025 6:10 PM,Port Adelaide,25,3,1926,942,Opp,behind,Joe Richards,0,55,35
2025,R12,Sat 24-May-2025 6:10 PM,Port Adelaide,26,3,1926,1070,Freo,goal,Alex Pearce,0,61,35
2025,R12,Sat 24-May-2025 6:10 PM,Port Adelaide,27,3,1926,1326,Freo,behind,,1,62,35
2025,R12,Sat 24-May-2025 6:10 PM,Port Adelaide,28,3,1926,1572,Opp,behind,,1,62,36
2025,R12,Sat 24-May-2025 6:10 PM,Port Adelaide,29,3,1926,1723,Freo,goal,Luke Jackson,0,68,36
2025,R12,Sat 24-May-2025 6:10 PM,Port Adelaide,30,4,1893,56,Freo,goal,Patrick Voss,0,74,36
2025,R12,Sat 24-May-2025 6:10 PM,Port Adelaide,31,4,1893,154,Freo,behind,,1,75,36
2025,R12,Sat 24-May-2025 6:10 PM,Port Adelaide,32,4,1893,364,Opp,goal,Miles Bergman,0,75,42
2025,R12,Sat 24-May-2025 6:10 PM,Port Adelaide,33,4,1893,764,Freo,behind,,1,76,42
2025,R12,Sat 24-May-2025 6:10 PM,Port Adelaide,34,4,1893,820,Freo,goal,Murphy Reid,0,82,42
2025,R12,Sat 24-May-2025 6:10 PM,Port Adelaide,35,4,1893,983,Opp,behind,Hugh Jackson,0,82,43
2025,R12,Sat 24-May-2025 6:10 PM,Port Adelaide,36,4,1893,1090,Freo,goal,Jye Amiss,0,88,43
2025,R12,Sat 24-May-2025 6:10 PM,Port Adelaide,37,4,1893,1380,Opp,goal,Willie Rioli,0,88,49
2025,R12,Sat 24-May-2025 6:10 PM,Port Adelaide,38,4,1893,1450,Freo,goal,Isaiah Dudley,0,94,49
2025,R12,Sat 24-May-2025 6:10 PM,Port Adelaide,39,4,1893,1546,Opp,behind,Sam Powell-Pepper,0,94,50
2025,R12,Sat 24-May-2025 6:10 PM,Port Adelaide,40,4,1893,1762,Freo,goal,Shai Bolton,0,100,50
2025,R12,Sat 24-May-2025 6:10 PM,Port Adelaide,41,4,1893,1865,Opp,behind,Zak Butters,0,100,51
2025,R13,Sat 31-May-2025 1:20 PM,Gold Coast,1,1,1978,123,Freo,goal,Michael Frederick,0,6,0
2025,R13,Sat 31-May-2025 1:20 PM,Gold Coast,2,1,1978,251,Freo,goal,Patrick Voss,0,12,0
2025,R13,Sat 31-May-2025 1:20 PM,Gold Coast,3,1,1978,511,Opp,goal,Jed Walter,0,12,6
2025,R13,Sat 31-May-2025 1:20 PM,Gold Coast,4,1,1978,628,Opp,goal,Bodhi Uwland,0,12,12
2025,R13,Sat 31-May-2025 1:20 PM,Gold Coast,5,1,1978,754,Freo,goal,Corey Wagner,0,18,12
2025,R13,Sat 31-May-2025 1:20 PM,Gold Coast,6,1,1978,1270,Opp,behind,Ben King,0,18,13
2025,R13,Sat 31-May-2025 1:20 PM,Gold Coast,7,1,1978,1458,Freo,goal,Sam Switkowski,0,24,13
2025,R13,Sat 31-May-2025 1:20 PM,Gold Coast,8,1,1978,1581,Freo,behind,Corey Wagner,0,25,13
2025,R13,Sat 31-May-2025 1:20 PM,Gold Coast,9,1,1978,1796,Freo,behind,Shai Bolton,0,26,13
2025,R13,Sat 31-May-2025 1:20 PM,Gold Coast,10,1,1978,1836,Freo,goal,Patrick Voss,0,32,13
2025,R13,Sat 31-May-2025 1:20 PM,Gold Coast,11,1,1978,1959,Freo,behind,Caleb Serong,0,33,13
2025,R13,Sat 31-May-2025 1:20 PM,Gold Coast,12,2,1945,143,Opp,behind,Ben Long,0,33,14
2025,R13,Sat 31-May-2025 1:20 PM,Gold Coast,13,2,1945,567,Opp,goal,Ben Long,0,33,20
2025,R13,Sat 31-May-2025 1:20 PM,Gold Coast,14,2,1945,674,Opp,behind,Ben Long,0,33,21
2025,R13,Sat 31-May-2025 1:20 PM,Gold Coast,15,2,1945,814,Freo,behind,,1,34,21
2025,R13,Sat 31-May-2025 1:20 PM,Gold Coast,16,2,1945,1098,Opp,goal,Leo Lombard,0,34,27
2025,R13,Sat 31-May-2025 1:20 PM,Gold Coast,17,2,1945,1237,Opp,goal,Ben King,0,34,33
2025,R13,Sat 31-May-2025 1:20 PM,Gold Coast,18,2,1945,1424,Freo,goal,Shai Bolton,0,40,33
2025,R13,Sat 31-May-2025 1:20 PM,Gold Coast,19,2,1945,1535,Opp,behind,,1,40,34
2025,R13,Sat 31-May-2025 1:20 PM,Gold Coast,20,2,1945,1697,Freo,behind,Patrick Voss,0,41,34
2025,R13,Sat 31-May-2025 1:20 PM,Gold Coast,21,2,1945,1819,Opp,behind,Sam Flanders,0,41,35
2025,R13,Sat 31-May-2025 1:20 PM,Gold Coast,22,3,1986,264,Opp,goal,Jed Walter,0,41,41
2025,R13,Sat 31-May-2025 1:20 PM,Gold Coast,23,3,1986,321,Freo,behind,Shai Bolton,0,42,41
2025,R13,Sat 31-May-2025 1:20 PM,Gold Coast,24,3,1986,399,Opp,behind,Touk Miller,0,42,42
2025,R13,Sat 31-May-2025 1:20 PM,Gold Coast,25,3,1986,471,Opp,behind,Ben Long,0,42,43
2025,R13,Sat 31-May-2025 1:20 PM,Gold Coast,26,3,1986,1185,Freo,goal,Andrew Brayshaw,0,48,43
2025,R13,Sat 31-May-2025 1:20 PM,Gold Coast,27,3,1986,1345,Opp,goal,Sam Flanders,0,48,49
2025,R13,Sat 31-May-2025 1:20 PM,Gold Coast,28,3,1986,1419,Freo,goal,Shai Bolton,0,54,49
2025,R13,Sat 31-May-2025 1:20 PM,Gold Coast,29,3,1986,1628,Freo,behind,,1,55,49
2025,R13,Sat 31-May-2025 1:20 PM,Gold Coast,30,3,1986,1780,Freo,behind,,1,56,49
2025,R13,Sat 31-May-2025 1:20 PM,Gold Coast,31,3,1986,1842,Freo,goal,Patrick Voss,0,62,49
2025,R13,Sat 31-May-2025 1:20 PM,Gold Coast,32,4,1815,70,Freo,behind,Michael Frederick,0,63,49
2025,R13,Sat 31-May-2025 1:20 PM,Gold Coast,33,4,1815,511,Freo,goal,Shai Bolton,0,69,49
2025,R13,Sat 31-May-2025 1:20 PM,Gold Coast,34,4,1815,677,Opp,behind,,1,69,50
2025,R13,Sat 31-May-2025 1:20 PM,Gold Coast,35,4,1815,863,Opp,behind,Noah Anderson,0,69,51
2025,R13,Sat 31-May-2025 1:20 PM,Gold Coast,36,4,1815,1108,Opp,goal,Sam Flanders,0,69,57
2025,R13,Sat 31-May-2025 1:20 PM,Gold Coast,37,4,1815,1269,Opp,goal,Sam Flanders,0,69,63
2025,R13,Sat 31-May-2025 1:20 PM,Gold Coast,38,4,1815,1375,Opp,behind,Mac Andrew,0,69,64
2025,R13,Sat 31-May-2025 1:20 PM,Gold Coast,39,4,1815,1712,Freo,goal,Jye Amiss,0,75,64
2025,R15,Sat 14-Jun-2025 5:35 PM,North Melbourne,1,1,1915,64,Freo,behind,Patrick Voss,0,1,0
2025,R15,Sat 14-Jun-2025 5:35 PM,North Melbourne,2,1,1915,592,Freo,behind,Michael Frederick,0,2,0
2025,R15,Sat 14-Jun-2025 5:35 PM,North Melbourne,3,1,1915,693,Opp,goal,Luke Davies-Uniacke,0,2,6
2025,R15,Sat 14-Jun-2025 5:35 PM,North Melbourne,4,1,1915,831,Opp,goal,Zac Fisher,0,2,12
2025,R15,Sat 14-Jun-2025 5:35 PM,North Melbourne,5,1,1915,1019,Freo,goal,Patrick Voss,0,8,12
2025,R15,Sat 14-Jun-2025 5:35 PM,North Melbourne,6,1,1915,1173,Opp,goal,Harry Sheezel,0,8,18
2025,R15,Sat 14-Jun-2025 5:35 PM,North Melbourne,7,1,1915,1268,Freo,goal,Shai Bolton,0,14,18
2025,R15,Sat 14-Jun-2025 5:35 PM,North Melbourne,8,1,1915,1513,Freo,behind,Jye Amiss,0,15,18
2025,R15,Sat 14-Jun-2025 5:35 PM,North Melbourne,9,1,1915,1573,Freo,behind,,1,16,18
2025,R15,Sat 14-Jun-2025 5:35 PM,North Melbourne,10,1,1915,1749,Opp,behind,,1,16,19
2025,R15,Sat 14-Jun-2025 5:35 PM,North Melbourne,11,1,1915,1911,Freo,behind,Josh Treacy,0,17,19
2025,R15,Sat 14-Jun-2025 5:35 PM,North Melbourne,12,2,1857,242,Freo,behind,Josh Treacy,0,18,19
2025,R15,Sat 14-Jun-2025 5:35 PM,North Melbourne,13,2,1857,357,Opp,goal,Nick Larkey,0,18,25
2025,R15,Sat 14-Jun-2025 5:35 PM,North Melbourne,14,2,1857,547,Freo,goal,Luke Jackson,0,24,25
2025,R15,Sat 14-Jun-2025 5:35 PM,North Melbourne,15,2,1857,1025,Opp,behind,,1,24,26
2025,R15,Sat 14-Jun-2025 5:35 PM,North Melbourne,16,2,1857,1221,Freo,goal,Murphy Reid,0,30,26
2025,R15,Sat 14-Jun-2025 5:35 PM,North Melbourne,17,2,1857,1304,Freo,goal,Patrick Voss,0,36,26
2025,R15,Sat 14-Jun-2025 5:35 PM,North Melbourne,18,2,1857,1364,Freo,goal,Corey Wagner,0,42,26
2025,R15,Sat 14-Jun-2025 5:35 PM,North Melbourne,19,2,1857,1453,Opp,behind,,1,42,27
2025,R15,Sat 14-Jun-2025 5:35 PM,North Melbourne,20,2,1857,1500,Freo,goal,Patrick Voss,0,48,27
2025,R15,Sat 14-Jun-2025 5:35 PM,North Melbourne,21,3,1837,48,Opp,behind,Cameron Zurhaar,0,48,28
2025,R15,Sat 14-Jun-2025 5:35 PM,North Melbourne,22,3,1837,431,Freo,behind,,1,49,28
2025,R15,Sat 14-Jun-2025 5:35 PM,North Melbourne,23,3,1837,658,Opp,behind,Paul Curtis,0,49,29
2025,R15,Sat 14-Jun-2025 5:35 PM,North Melbourne,24,3,1837,893,Freo,behind,,1,50,29
2025,R15,Sat 14-Jun-2025 5:35 PM,North Melbourne,25,3,1837,1114,Freo,behind,,1,51,29
2025,R15,Sat 14-Jun-2025 5:35 PM,North Melbourne,26,3,1837,1364,Freo,goal,Sam Switkowski,0,57,29
2025,R15,Sat 14-Jun-2025 5:35 PM,North Melbourne,27,3,1837,1492,Opp,goal,Luke Parker,0,57,35
2025,R15,Sat 14-Jun-2025 5:35 PM,North Melbourne,28,3,1837,1696,Freo,goal,Caleb Serong,0,63,35
2025,R15,Sat 14-Jun-2025 5:35 PM,North Melbourne,29,3,1837,1833,Opp,goal,Jack Darling,0,63,41
2025,R15,Sat 14-Jun-2025 5:35 PM,North Melbourne,30,4,1979,27,Freo,behind,Andrew Brayshaw,0,64,41
2025,R15,Sat 14-Jun-2025 5:35 PM,North Melbourne,31,4,1979,155,Opp,goal,Jacob Konstanty,0,64,47
2025,R15,Sat 14-Jun-2025 5:35 PM,North Melbourne,32,4,1979,253,Freo,behind,Jye Amiss,0,65,47
2025,R15,Sat 14-Jun-2025 5:35 PM,North Melbourne,33,4,1979,360,Opp,goal,Nick Larkey,0,65,53
2025,R15,Sat 14-Jun-2025 5:35 PM,North Melbourne,34,4,1979,542,Opp,goal,Nick Larkey,0,65,59
2025,R15,Sat 14-Jun-2025 5:35 PM,North Melbourne,35,4,1979,616,Freo,behind,,1,66,59
2025,R15,Sat 14-Jun-2025 5:35 PM,North Melbourne,36,4,1979,652,Opp,goal,Luke Parker,0,66,65
2025,R15,Sat 14-Jun-2025 5:35 PM,North Melbourne,37,4,1979,1152,Opp,behind,Paul Curtis,0,66,66
2025,R15,Sat 14-Jun-2025 5:35 PM,North Melbourne,38,4,1979,1293,Freo,behind,Patrick Voss,0,67,66
2025,R15,Sat 14-Jun-2025 5:35 PM,North Melbourne,39,4,1979,1618,Freo,goal,Luke Jackson,0,73,66
2025,R15,Sat 14-Jun-2025 5:35 PM,North Melbourne,40,4,1979,1769,Opp,behind,Dylan Stephens,0,73,67
2025,R16,Thu 19-Jun-2025 6:10 PM,Essendon,1,1,1697,194,Freo,behind,Shai Bolton,0,1,0
2025,R16,Thu 19-Jun-2025 6:10 PM,Essendon,2,1,1697,308,Opp,behind,Darcy Parish,0,1,1
2025,R16,Thu 19-Jun-2025 6:10 PM,Essendon,3,1,1697,541,Opp,goal,Peter Wright,0,1,7
2025,R16,Thu 19-Jun-2025 6:10 PM,Essendon,4,1,1697,775,Freo,goal,Shai Bolton,0,7,7
2025,R16,Thu 19-Jun-2025 6:10 PM,Essendon,5,1,1697,987,Opp,goal,Isaac Kako,0,7,13
2025,R16,Thu 19-Jun-2025 6:10 PM,Essendon,6,1,1697,1114,Opp,behind,Jye Caldwell,0,7,14
2025,R16,Thu 19-Jun-2025 6:10 PM,Essendon,7,1,1697,1214,Freo,goal,Josh Treacy,0,13,14
2025,R16,Thu 19-Jun-2025 6:10 PM,Essendon,8,1,1697,1366,Freo,goal,Luke Jackson,0,19,14
2025,R16,Thu 19-Jun-2025 6:10 PM,Essendon,9,1,1697,1500,Freo,behind,Andrew Brayshaw,0,20,14
2025,R16,Thu 19-Jun-2025 6:10 PM,Essendon,10,2,2199,22,Freo,goal,Luke Jackson,0,26,14
2025,R16,Thu 19-Jun-2025 6:10 PM,Essendon,11,2,2199,128,Opp,behind,Peter Wright,0,26,15
2025,R16,Thu 19-Jun-2025 6:10 PM,Essendon,12,2,2199,190,Freo,goal,Caleb Serong,0,32,15
2025,R16,Thu 19-Jun-2025 6:10 PM,Essendon,13,2,2199,373,Freo,goal,Michael Frederick,0,38,15
2025,R16,Thu 19-Jun-2025 6:10 PM,Essendon,14,2,2199,555,Freo,goal,Murphy Reid,0,44,15
2025,R16,Thu 19-Jun-2025 6:10 PM,Essendon,15,2,2199,822,Opp,behind,,1,44,16
2025,R16,Thu 19-Jun-2025 6:10 PM,Essendon,16,2,2199,888,Opp,goal,Archie May,0,44,22
2025,R16,Thu 19-Jun-2025 6:10 PM,Essendon,17,2,2199,1054,Freo,behind,Patrick Voss,0,45,22
2025,R16,Thu 19-Jun-2025 6:10 PM,Essendon,18,2,2199,1427,Opp,goal,Luamon Lual,0,45,28
2025,R16,Thu 19-Jun-2025 6:10 PM,Essendon,19,2,2199,1588,Freo,goal,Josh Treacy,0,51,28
2025,R16,Thu 19-Jun-2025 6:10 PM,Essendon,20,2,2199,1727,Freo,goal,Shai Bolton,0,57,28
2025,R16,Thu 19-Jun-2025 6:10 PM,Essendon,21,2,2199,1807,Opp,behind,Isaac Kako,0,57,29
2025,R16,Thu 19-Jun-2025 6:10 PM,Essendon,22,2,2199,1870,Opp,goal,Nate Caddy,0,57,35
2025,R16,Thu 19-Jun-2025 6:10 PM,Essendon,23,2,2199,2026,Opp,goal,Xavier Duursma,0,57,41
2025,R16,Thu 19-Jun-2025 6:10 PM,Essendon,24,3,1664,134,Freo,goal,Josh Treacy,0,63,41
2025,R16,Thu 19-Jun-2025 6:10 PM,Essendon,25,3,1664,452,Opp,behind,,1,63,42
2025,R16,Thu 19-Jun-2025 6:10 PM,Essendon,26,3,1664,695,Opp,behind,Matt Guelfi,0,63,43
2025,R16,Thu 19-Jun-2025 6:10 PM,Essendon,27,3,1664,983,Opp,behind,Jade Gresham,0,63,44
2025,R16,Thu 19-Jun-2025 6:10 PM,Essendon,28,3,1664,1160,Freo,goal,Caleb Serong,0,69,44
2025,R16,Thu 19-Jun-2025 6:10 PM,Essendon,29,3,1664,1390,Freo,goal,Luke Jackson,0,75,44
2025,R16,Thu 19-Jun-2025 6:10 PM,Essendon,30,3,1664,1472,Freo,goal,Andrew Brayshaw,0,81,44
2025,R16,Thu 19-Jun-2025 6:10 PM,Essendon,31,4,1879,112,Opp,goal,Archie May,0,81,50
2025,R16,Thu 19-Jun-2025 6:10 PM,Essendon,32,4,1879,185,Freo,goal,Patrick Voss,0,87,50
2025,R16,Thu 19-Jun-2025 6:10 PM,Essendon,33,4,1879,530,Freo,goal,Nathan ODriscoll,0,93,50
2025,R16,Thu 19-Jun-2025 6:10 PM,Essendon,34,4,1879,620,Freo,behind,Shai Bolton,0,94,50
2025,R16,Thu 19-Jun-2025 6:10 PM,Essendon,35,4,1879,708,Freo,behind,Nathan ODriscoll,0,95,50
2025,R16,Thu 19-Jun-2025 6:10 PM,Essendon,36,4,1879,843,Opp,goal,Luamon Lual,0,95,56
2025,R16,Thu 19-Jun-2025 6:10 PM,Essendon,37,4,1879,1097,Opp,goal,Jade Gresham,0,95,62
2025,R16,Thu 19-Jun-2025 6:10 PM,Essendon,38,4,1879,1298,Freo,behind,Jeremy Sharp,0,96,62
2025,R16,Thu 19-Jun-2025 6:10 PM,Essendon,39,4,1879,1390,Freo,behind,Michael Frederick,0,97,62
2025,R16,Thu 19-Jun-2025 6:10 PM,Essendon,40,4,1879,1501,Opp,behind,,1,97,63
2025,R16,Thu 19-Jun-2025 6:10 PM,Essendon,41,4,1879,1638,Freo,goal,Michael Frederick,0,103,63
2025,R16,Thu 19-Jun-2025 6:10 PM,Essendon,42,4,1879,1833,Freo,behind,Patrick Voss,0,104,63
2025,R17,Sun 29-Jun-2025 3:10 PM,St Kilda,1,1,1828,46,Opp,behind,Jack Higgins,0,0,1
2025,R17,Sun 29-Jun-2025 3:10 PM,St Kilda,2,1,1828,112,Freo,goal,Josh Treacy,0,6,1
2025,R17,Sun 29-Jun-2025 3:10 PM,St Kilda,3,1,1828,187,Opp,behind,Mitch Owens,0,6,2
2025,R17,Sun 29-Jun-2025 3:10 PM,St Kilda,4,1,1828,315,Opp,behind,Max Hall,0,6,3
2025,R17,Sun 29-Jun-2025 3:10 PM,St Kilda,5,1,1828,579,Freo,behind,,1,7,3
2025,R17,Sun 29-Jun-2025 3:10 PM,St Kilda,6,1,1828,682,Opp,goal,Isaac Keeler,0,7,9
2025,R17,Sun 29-Jun-2025 3:10 PM,St Kilda,7,1,1828,812,Freo,behind,Luke Jackson,0,8,9
2025,R17,Sun 29-Jun-2025 3:10 PM,St Kilda,8,1,1828,1176,Opp,behind,,1,8,10
2025,R17,Sun 29-Jun-2025 3:10 PM,St Kilda,9,1,1828,1456,Freo,goal,Josh Treacy,0,14,10
2025,R17,Sun 29-Jun-2025 3:10 PM,St Kilda,10,1,1828,1653,Opp,behind,Rowan Marshall,0,14,11
2025,R17,Sun 29-Jun-2025 3:10 PM,St Kilda,11,2,1872,155,Freo,behind,Murphy Reid,0,15,11
2025,R17,Sun 29-Jun-2025 3:10 PM,St Kilda,12,2,1872,232,Freo,behind,Murphy Reid,0,16,11
2025,R17,Sun 29-Jun-2025 3:10 PM,St Kilda,13,2,1872,309,Freo,goal,Jordan Clark,0,22,11
2025,R17,Sun 29-Jun-2025 3:10 PM,St Kilda,14,2,1872,423,Opp,goal,Nasiah Wanganeen-Milera,0,22,17
2025,R17,Sun 29-Jun-2025 3:10 PM,St Kilda,15,2,1872,601,Opp,behind,,1,22,18
2025,R17,Sun 29-Jun-2025 3:10 PM,St Kilda,16,2,1872,744,Opp,goal,Liam Henry,0,22,24
2025,R17,Sun 29-Jun-2025 3:10 PM,St Kilda,17,2,1872,873,Freo,goal,Murphy Reid,0,28,24
2025,R17,Sun 29-Jun-2025 3:10 PM,St Kilda,18,2,1872,1137,Opp,goal,Rowan Marshall,0,28,30
2025,R17,Sun 29-Jun-2025 3:10 PM,St Kilda,19,2,1872,1429,Freo,behind,Nathan ODriscoll,0,29,30
2025,R17,Sun 29-Jun-2025 3:10 PM,St Kilda,20,2,1872,1691,Freo,goal,Nathan ODriscoll,0,35,30
2025,R17,Sun 29-Jun-2025 3:10 PM,St Kilda,21,2,1872,1789,Opp,behind,Cooper Sharman,0,35,31
2025,R17,Sun 29-Jun-2025 3:10 PM,St Kilda,22,2,1872,1864,Opp,behind,Mason Wood,0,35,32
2025,R17,Sun 29-Jun-2025 3:10 PM,St Kilda,23,3,1918,160,Freo,behind,Michael Frederick,0,36,32
2025,R17,Sun 29-Jun-2025 3:10 PM,St Kilda,24,3,1918,272,Freo,behind,Karl Worner,0,37,32
2025,R17,Sun 29-Jun-2025 3:10 PM,St Kilda,25,3,1918,460,Freo,goal,Shai Bolton,0,43,32
2025,R17,Sun 29-Jun-2025 3:10 PM,St Kilda,26,3,1918,867,Freo,behind,Jye Amiss,0,44,32
2025,R17,Sun 29-Jun-2025 3:10 PM,St Kilda,27,3,1918,1013,Opp,goal,Dan Butler,0,44,38
2025,R17,Sun 29-Jun-2025 3:10 PM,St Kilda,28,3,1918,1124,Freo,behind,Neil Erasmus,0,45,38
2025,R17,Sun 29-Jun-2025 3:10 PM,St Kilda,29,3,1918,1229,Opp,behind,Mason Wood,0,45,39
2025,R17,Sun 29-Jun-2025 3:10 PM,St Kilda,30,3,1918,1335,Opp,behind,Hunter Clark,0,45,40
2025,R17,Sun 29-Jun-2025 3:10 PM,St Kilda,31,3,1918,1363,Opp,behind,,1,45,41
2025,R17,Sun 29-Jun-2025 3:10 PM,St Kilda,32,3,1918,1451,Opp,goal,Max Hall,0,45,47
2025,R17,Sun 29-Jun-2025 3:10 PM,St Kilda,33,3,1918,1614,Opp,goal,Isaac Keeler,0,45,53
2025,R17,Sun 29-Jun-2025 3:10 PM,St Kilda,34,3,1918,1807,Freo,behind,,1,46,53
2025,R17,Sun 29-Jun-2025 3:10 PM,St Kilda,35,3,1918,1895,Opp,behind,Dan Butler,0,46,54
2025,R17,Sun 29-Jun-2025 3:10 PM,St Kilda,36,4,1954,43,Opp,goal,Jack Higgins,0,46,60
2025,R17,Sun 29-Jun-2025 3:10 PM,St Kilda,37,4,1954,178,Freo,goal,Sean Darcy,0,52,60
2025,R17,Sun 29-Jun-2025 3:10 PM,St Kilda,38,4,1954,301,Freo,goal,Luke Jackson,0,58,60
2025,R17,Sun 29-Jun-2025 3:10 PM,St Kilda,39,4,1954,508,Freo,goal,Josh Treacy,0,64,60
2025,R17,Sun 29-Jun-2025 3:10 PM,St Kilda,40,4,1954,768,Freo,goal,Isaiah Dudley,0,70,60
2025,R17,Sun 29-Jun-2025 3:10 PM,St Kilda,41,4,1954,905,Freo,behind,Andrew Brayshaw,0,71,60
2025,R17,Sun 29-Jun-2025 3:10 PM,St Kilda,42,4,1954,963,Freo,behind,Shai Bolton,0,72,60
2025,R17,Sun 29-Jun-2025 3:10 PM,St Kilda,43,4,1954,1014,Opp,behind,Jack Higgins,0,72,61
2025,R17,Sun 29-Jun-2025 3:10 PM,St Kilda,44,4,1954,1100,Freo,behind,Josh Treacy,0,73,61
2025,R17,Sun 29-Jun-2025 3:10 PM,St Kilda,45,4,1954,1251,Freo,behind,,1,74,61
2025,R17,Sun 29-Jun-2025 3:10 PM,St Kilda,46,4,1954,1293,Opp,behind,Hugo Garcia,0,74,62
2025,R17,Sun 29-Jun-2025 3:10 PM,St Kilda,47,4,1954,1478,Freo,behind,Patrick Voss,0,75,62
2025,R17,Sun 29-Jun-2025 3:10 PM,St Kilda,48,4,1954,1763,Opp,behind,,1,75,63
2025,R17,Sun 29-Jun-2025 3:10 PM,St Kilda,49,4,1954,1810,Opp,goal,Mitch Owens,0,75,69
2025,R17,Sun 29-Jun-2025 3:10 PM,St Kilda,50,4,1954,1945,Freo,goal,Luke Jackson,0,81,69
2025,R18,Sun 06-Jul-2025 1:10 PM,Sydney,1,1,1805,18,Opp,behind,Justin McInerney,0,0,1
2025,R18,Sun 06-Jul-2025 1:10 PM,Sydney,2,1,1805,362,Opp,goal,Brodie Grundy,0,0,7
2025,R18,Sun 06-Jul-2025 1:10 PM,Sydney,3,1,1805,619,Freo,goal,Josh Treacy,0,6,7
2025,R18,Sun 06-Jul-2025 1:10 PM,Sydney,4,1,1805,736,Opp,goal,Jake Lloyd,0,6,13
2025,R18,Sun 06-Jul-2025 1:10 PM,Sydney,5,1,1805,1006,Freo,behind,Michael Frederick,0,7,13
2025,R18,Sun 06-Jul-2025 1:10 PM,Sydney,6,1,1805,1096,Freo,behind,,1,8,13
2025,R18,Sun 06-Jul-2025 1:10 PM,Sydney,7,1,1805,1237,Freo,behind,Michael Frederick,0,9,13
2025,R18,Sun 06-Jul-2025 1:10 PM,Sydney,8,1,1805,1334,Opp,behind,,1,9,14
2025,R18,Sun 06-Jul-2025 1:10 PM,Sydney,9,1,1805,1616,Opp,behind,Justin McInerney,0,9,15
2025,R18,Sun 06-Jul-2025 1:10 PM,Sydney,10,1,1805,1682,Freo,goal,Patrick Voss,0,15,15
2025,R18,Sun 06-Jul-2025 1:10 PM,Sydney,11,1,1805,1802,Opp,goal,Hayden McLean,0,15,21
2025,R18,Sun 06-Jul-2025 1:10 PM,Sydney,12,2,1988,27,Opp,goal,James Jordon,0,15,27
2025,R18,Sun 06-Jul-2025 1:10 PM,Sydney,13,2,1988,140,Freo,goal,Josh Treacy,0,21,27
2025,R18,Sun 06-Jul-2025 1:10 PM,Sydney,14,2,1988,276,Freo,behind,Patrick Voss,0,22,27
2025,R18,Sun 06-Jul-2025 1:10 PM,Sydney,15,2,1988,356,Opp,goal,Chad Warner,0,22,33
2025,R18,Sun 06-Jul-2025 1:10 PM,Sydney,16,2,1988,772,Opp,behind,,1,22,34
2025,R18,Sun 06-Jul-2025 1:10 PM,Sydney,17,2,1988,824,Freo,goal,Jye Amiss,0,28,34
2025,R18,Sun 06-Jul-2025 1:10 PM,Sydney,18,2,1988,936,Opp,goal,Joel Amartey,0,28,40
2025,R18,Sun 06-Jul-2025 1:10 PM,Sydney,19,2,1988,1241,Opp,behind,Isaac Heeney,0,28,41
2025,R18,Sun 06-Jul-2025 1:10 PM,Sydney,20,2,1988,1369,Freo,behind,Murphy Reid,0,29,41
2025,R18,Sun 06-Jul-2025 1:10 PM,Sydney,21,2,1988,1456,Freo,goal,Corey Wagner,0,35,41
2025,R18,Sun 06-Jul-2025 1:10 PM,Sydney,22,2,1988,1669,Freo,behind,,1,36,41
2025,R18,Sun 06-Jul-2025 1:10 PM,Sydney,23,2,1988,1756,Opp,goal,James Jordon,0,36,47
2025,R18,Sun 06-Jul-2025 1:10 PM,Sydney,24,2,1988,1852,Opp,goal,Nick Blakey,0,36,53
2025,R18,Sun 06-Jul-2025 1:10 PM,Sydney,25,3,1879,150,Freo,goal,Caleb Serong,0,42,53
2025,R18,Sun 06-Jul-2025 1:10 PM,Sydney,26,3,1879,267,Opp,behind,Justin McInerney,0,42,54
2025,R18,Sun 06-Jul-2025 1:10 PM,Sydney,27,3,1879,332,Opp,behind,,1,42,55
2025,R18,Sun 06-Jul-2025 1:10 PM,Sydney,28,3,1879,407,Opp,behind,Braeden Campbell,0,42,56
2025,R18,Sun 06-Jul-2025 1:10 PM,Sydney,29,3,1879,773,Opp,goal,Jake Lloyd,0,42,62
2025,R18,Sun 06-Jul-2025 1:10 PM,Sydney,30,3,1879,910,Freo,goal,Luke Jackson,0,48,62
2025,R18,Sun 06-Jul-2025 1:10 PM,Sydney,31,3,1879,1130,Opp,goal,Joel Amartey,0,48,68
2025,R18,Sun 06-Jul-2025 1:10 PM,Sydney,32,3,1879,1289,Freo,goal,Isaiah Dudley,0,54,68
2025,R18,Sun 06-Jul-2025 1:10 PM,Sydney,33,3,1879,1499,Freo,goal,Murphy Reid,0,60,68
2025,R18,Sun 06-Jul-2025 1:10 PM,Sydney,34,3,1879,1647,Opp,goal,Errol Gulden,0,60,74
2025,R18,Sun 06-Jul-2025 1:10 PM,Sydney,35,3,1879,1872,Freo,goal,Luke Jackson,0,66,74
2025,R18,Sun 06-Jul-2025 1:10 PM,Sydney,36,4,1937,138,Freo,behind,Jye Amiss,0,67,74
2025,R18,Sun 06-Jul-2025 1:10 PM,Sydney,37,4,1937,226,Opp,behind,Will Hayward,0,67,75
2025,R18,Sun 06-Jul-2025 1:10 PM,Sydney,38,4,1937,293,Freo,behind,,1,68,75
2025,R18,Sun 06-Jul-2025 1:10 PM,Sydney,39,4,1937,362,Opp,goal,Hayden McLean,0,68,81
2025,R18,Sun 06-Jul-2025 1:10 PM,Sydney,40,4,1937,480,Freo,goal,Jaeger OMeara,0,74,81
2025,R18,Sun 06-Jul-2025 1:10 PM,Sydney,41,4,1937,583,Freo,goal,Michael Frederick,0,80,81
2025,R18,Sun 06-Jul-2025 1:10 PM,Sydney,42,4,1937,706,Opp,behind,Joel Amartey,0,80,82
2025,R18,Sun 06-Jul-2025 1:10 PM,Sydney,43,4,1937,735,Freo,behind,Nathan ODriscoll,0,81,82
2025,R18,Sun 06-Jul-2025 1:10 PM,Sydney,44,4,1937,881,Opp,goal,Will Hayward,0,81,88
2025,R18,Sun 06-Jul-2025 1:10 PM,Sydney,45,4,1937,1160,Freo,behind,Isaiah Dudley,0,82,88
2025,R18,Sun 06-Jul-2025 1:10 PM,Sydney,46,4,1937,1451,Freo,behind,Matthew Johnson,0,83,88
2025,R18,Sun 06-Jul-2025 1:10 PM,Sydney,47,4,1937,1648,Opp,goal,Hayden McLean,0,83,94
2025,R19,Sat 12-Jul-2025 6:10 PM,Hawthorn,1,1,1870,112,Freo,goal,Jye Amiss,0,6,0
2025,R19,Sat 12-Jul-2025 6:10 PM,Hawthorn,2,1,1870,291,Freo,behind,Shai Bolton,0,7,0
2025,R19,Sat 12-Jul-2025 6:10 PM,Hawthorn,3,1,1870,597,Opp,behind,Lloyd Meek,0,7,1
2025,R19,Sat 12-Jul-2025 6:10 PM,Hawthorn,4,1,1870,698,Opp,goal,Jack Gunston,0,7,7
2025,R19,Sat 12-Jul-2025 6:10 PM,Hawthorn,5,1,1870,1276,Freo,goal,Michael Frederick,0,13,7
2025,R19,Sat 12-Jul-2025 6:10 PM,Hawthorn,6,1,1870,1458,Freo,goal,Shai Bolton,0,19,7
2025,R19,Sat 12-Jul-2025 6:10 PM,Hawthorn,7,1,1870,1634,Opp,goal,Calsher Dear,0,19,13
2025,R19,Sat 12-Jul-2025 6:10 PM,Hawthorn,8,1,1870,1832,Opp,behind,Jack Ginnivan,0,19,14
2025,R19,Sat 12-Jul-2025 6:10 PM,Hawthorn,9,2,2219,56,Freo,goal,Sam Switkowski,0,25,14
2025,R19,Sat 12-Jul-2025 6:10 PM,Hawthorn,10,2,2219,211,Opp,goal,Dylan Moore,0,25,20
2025,R19,Sat 12-Jul-2025 6:10 PM,Hawthorn,11,2,2219,379,Opp,goal,Calsher Dear,0,25,26
2025,R19,Sat 12-Jul-2025 6:10 PM,Hawthorn,12,2,2219,676,Opp,behind,Dylan Moore,0,25,27
2025,R19,Sat 12-Jul-2025 6:10 PM,Hawthorn,13,2,2219,895,Opp,goal,Nick Watson,0,25,33
2025,R19,Sat 12-Jul-2025 6:10 PM,Hawthorn,14,2,2219,1021,Freo,goal,Jye Amiss,0,31,33
2025,R19,Sat 12-Jul-2025 6:10 PM,Hawthorn,15,2,2219,1286,Opp,goal,Connor Macdonald,0,31,39
2025,R19,Sat 12-Jul-2025 6:10 PM,Hawthorn,16,2,2219,1456,Freo,goal,Shai Bolton,0,37,39
2025,R19,Sat 12-Jul-2025 6:10 PM,Hawthorn,17,2,2219,1900,Opp,goal,Jack Ginnivan,0,37,45
2025,R19,Sat 12-Jul-2025 6:10 PM,Hawthorn,18,2,2219,2157,Opp,behind,,1,37,46
2025,R19,Sat 12-Jul-2025 6:10 PM,Hawthorn,19,3,1779,116,Freo,goal,Sam Switkowski,0,43,46
2025,R19,Sat 12-Jul-2025 6:10 PM,Hawthorn,20,3,1779,276,Freo,goal,Michael Frederick,0,49,46
2025,R19,Sat 12-Jul-2025 6:10 PM,Hawthorn,21,3,1779,527,Opp,behind,,1,49,47
2025,R19,Sat 12-Jul-2025 6:10 PM,Hawthorn,22,3,1779,689,Opp,behind,,1,49,48
2025,R19,Sat 12-Jul-2025 6:10 PM,Hawthorn,23,3,1779,1323,Opp,goal,Calsher Dear,0,49,54
2025,R19,Sat 12-Jul-2025 6:10 PM,Hawthorn,24,3,1779,1461,Opp,behind,Nick Watson,0,49,55
2025,R19,Sat 12-Jul-2025 6:10 PM,Hawthorn,25,3,1779,1632,Opp,behind,Jack Gunston,0,49,56
2025,R19,Sat 12-Jul-2025 6:10 PM,Hawthorn,26,3,1779,1706,Opp,goal,Finn Maginness,0,49,62
2025,R19,Sat 12-Jul-2025 6:10 PM,Hawthorn,27,4,1921,28,Freo,behind,,1,50,62
2025,R19,Sat 12-Jul-2025 6:10 PM,Hawthorn,28,4,1921,136,Freo,goal,Sam Switkowski,0,56,62
2025,R19,Sat 12-Jul-2025 6:10 PM,Hawthorn,29,4,1921,375,Opp,behind,Mabior Chol,0,56,63
2025,R19,Sat 12-Jul-2025 6:10 PM,Hawthorn,30,4,1921,422,Opp,behind,,1,56,64
2025,R19,Sat 12-Jul-2025 6:10 PM,Hawthorn,31,4,1921,479,Freo,goal,Patrick Voss,0,62,64
2025,R19,Sat 12-Jul-2025 6:10 PM,Hawthorn,32,4,1921,779,Freo,behind,Sean Darcy,0,63,64
2025,R19,Sat 12-Jul-2025 6:10 PM,Hawthorn,33,4,1921,912,Freo,goal,Sean Darcy,0,69,64
2025,R19,Sat 12-Jul-2025 6:10 PM,Hawthorn,34,4,1921,1286,Freo,goal,Josh Treacy,0,75,64
2025,R19,Sat 12-Jul-2025 6:10 PM,Hawthorn,35,4,1921,1728,Freo,behind,,1,76,64
2025,R19,Sat 12-Jul-2025 6:10 PM,Hawthorn,36,4,1921,1811,Freo,behind,Patrick Voss,0,77,64
2025,R20,Sun 20-Jul-2025 3:15 PM,Collingwood,1,1,1964,58,Freo,behind,Patrick Voss,0,1,0
2025,R20,Sun 20-Jul-2025 3:15 PM,Collingwood,2,1,1964,228,Opp,behind,,1,1,1
2025,R20,Sun 20-Jul-2025 3:15 PM,Collingwood,3,1,1964,404,Opp,goal,Brody Mihocek,0,1,7
2025,R20,Sun 20-Jul-2025 3:15 PM,Collingwood,4,1,1964,663,Opp,goal,Brody Mihocek,0,1,13
2025,R20,Sun 20-Jul-2025 3:15 PM,Collingwood,5,1,1964,753,Freo,goal,Patrick Voss,0,7,13
2025,R20,Sun 20-Jul-2025 3:15 PM,Collingwood,6,1,1964,882,Opp,behind,Daniel McStay,0,7,14
2025,R20,Sun 20-Jul-2025 3:15 PM,Collingwood,7,1,1964,1039,Opp,goal,Nick Daicos,0,7,20
2025,R20,Sun 20-Jul-2025 3:15 PM,Collingwood,8,1,1964,1147,Freo,goal,Patrick Voss,0,13,20
2025,R20,Sun 20-Jul-2025 3:15 PM,Collingwood,9,1,1964,1349,Freo,behind,Shai Bolton,0,14,20
2025,R20,Sun 20-Jul-2025 3:15 PM,Collingwood,10,1,1964,1530,Freo,goal,Caleb Serong,0,20,20
2025,R20,Sun 20-Jul-2025 3:15 PM,Collingwood,11,1,1964,1631,Freo,goal,Patrick Voss,0,26,20
2025,R20,Sun 20-Jul-2025 3:15 PM,Collingwood,12,2,1948,148,Opp,goal,Steele Sidebottom,0,26,26
2025,R20,Sun 20-Jul-2025 3:15 PM,Collingwood,13,2,1948,255,Freo,goal,Patrick Voss,0,32,26
2025,R20,Sun 20-Jul-2025 3:15 PM,Collingwood,14,2,1948,440,Opp,goal,Jamie Elliott,0,32,32
2025,R20,Sun 20-Jul-2025 3:15 PM,Collingwood,15,2,1948,599,Opp,goal,Jamie Elliott,0,32,38
2025,R20,Sun 20-Jul-2025 3:15 PM,Collingwood,16,2,1948,831,Opp,goal,Lachie Schultz,0,32,44
2025,R20,Sun 20-Jul-2025 3:15 PM,Collingwood,17,2,1948,974,Freo,behind,,1,33,44
2025,R20,Sun 20-Jul-2025 3:15 PM,Collingwood,18,2,1948,1031,Opp,behind,,1,33,45
2025,R20,Sun 20-Jul-2025 3:15 PM,Collingwood,19,2,1948,1118,Opp,behind,Mason Cox,0,33,46
2025,R20,Sun 20-Jul-2025 3:15 PM,Collingwood,20,2,1948,1181,Freo,goal,Jye Amiss,0,39,46
2025,R20,Sun 20-Jul-2025 3:15 PM,Collingwood,21,2,1948,1328,Freo,goal,Sean Darcy,0,45,46
2025,R20,Sun 20-Jul-2025 3:15 PM,Collingwood,22,2,1948,1474,Freo,behind,,1,46,46
2025,R20,Sun 20-Jul-2025 3:15 PM,Collingwood,23,2,1948,1641,Opp,goal,Steele Sidebottom,0,46,52
2025,R20,Sun 20-Jul-2025 3:15 PM,Collingwood,24,2,1948,1718,Opp,behind,Patrick Lipinski,0,46,53
2025,R20,Sun 20-Jul-2025 3:15 PM,Collingwood,25,2,1948,1747,Opp,behind,Beau McCreery,0,46,54
2025,R20,Sun 20-Jul-2025 3:15 PM,Collingwood,26,2,1948,1806,Freo,behind,Shai Bolton,0,47,54
2025,R20,Sun 20-Jul-2025 3:15 PM,Collingwood,27,3,1762,617,Opp,goal,Lachlan Sullivan,0,47,60
2025,R20,Sun 20-Jul-2025 3:15 PM,Collingwood,28,3,1762,778,Opp,behind,Brody Mihocek,0,47,61
2025,R20,Sun 20-Jul-2025 3:15 PM,Collingwood,29,3,1762,1059,Opp,behind,,1,47,62
2025,R20,Sun 20-Jul-2025 3:15 PM,Collingwood,30,3,1762,1348,Freo,goal,Patrick Voss,0,53,62
2025,R20,Sun 20-Jul-2025 3:15 PM,Collingwood,31,4,1968,99,Opp,goal,Will Hoskin-Elliott,0,53,68
2025,R20,Sun 20-Jul-2025 3:15 PM,Collingwood,32,4,1968,179,Opp,goal,Edward Allan,0,53,74
2025,R20,Sun 20-Jul-2025 3:15 PM,Collingwood,33,4,1968,284,Opp,behind,Jamie Elliott,0,53,75
2025,R20,Sun 20-Jul-2025 3:15 PM,Collingwood,34,4,1968,332,Freo,goal,Jaeger OMeara,0,59,75
2025,R20,Sun 20-Jul-2025 3:15 PM,Collingwood,35,4,1968,599,Freo,goal,Jye Amiss,0,65,75
2025,R20,Sun 20-Jul-2025 3:15 PM,Collingwood,36,4,1968,853,Freo,goal,Patrick Voss,0,71,75
2025,R20,Sun 20-Jul-2025 3:15 PM,Collingwood,37,4,1968,974,Opp,behind,Brody Mihocek,0,71,76
2025,R20,Sun 20-Jul-2025 3:15 PM,Collingwood,38,4,1968,1118,Opp,behind,Brody Mihocek,0,71,77
2025,R20,Sun 20-Jul-2025 3:15 PM,Collingwood,39,4,1968,1156,Freo,behind,Michael Frederick,0,72,77
2025,R20,Sun 20-Jul-2025 3:15 PM,Collingwood,40,4,1968,1409,Freo,goal,Luke Jackson,0,78,77
2025,R20,Sun 20-Jul-2025 3:15 PM,Collingwood,41,4,1968,1726,Opp,behind,Jamie Elliott,0,78,78
2025,R20,Sun 20-Jul-2025 3:15 PM,Collingwood,42,4,1968,1823,Freo,behind,Shai Bolton,0,79,78
2025,R21,Sat 26-Jul-2025 2:15 PM,West Coast,1,1,2017,319,Opp,goal,Jamie Cripps,0,0,6
2025,R21,Sat 26-Jul-2025 2:15 PM,West Coast,2,1,2017,458,Freo,behind,Josh Treacy,0,1,6
2025,R21,Sat 26-Jul-2025 2:15 PM,West Coast,3,1,2017,553,Freo,goal,Isaiah Dudley,0,7,6
2025,R21,Sat 26-Jul-2025 2:15 PM,West Coast,4,1,2017,649,Freo,behind,,1,8,6
2025,R21,Sat 26-Jul-2025 2:15 PM,West Coast,5,1,2017,862,Opp,goal,Tyler Brockman,0,8,12
2025,R21,Sat 26-Jul-2025 2:15 PM,West Coast,6,1,2017,1042,Freo,behind,Patrick Voss,0,9,12
2025,R21,Sat 26-Jul-2025 2:15 PM,West Coast,7,1,2017,1122,Freo,behind,Andrew Brayshaw,0,10,12
2025,R21,Sat 26-Jul-2025 2:15 PM,West Coast,8,1,2017,1168,Freo,goal,Jye Amiss,0,16,12
2025,R21,Sat 26-Jul-2025 2:15 PM,West Coast,9,1,2017,1473,Freo,goal,Michael Frederick,0,22,12
2025,R21,Sat 26-Jul-2025 2:15 PM,West Coast,10,1,2017,1547,Freo,goal,Michael Frederick,0,28,12
2025,R21,Sat 26-Jul-2025 2:15 PM,West Coast,11,1,2017,1725,Freo,goal,Hayden Young,0,34,12
2025,R21,Sat 26-Jul-2025 2:15 PM,West Coast,12,1,2017,1825,Freo,goal,Hayden Young,0,40,12
2025,R21,Sat 26-Jul-2025 2:15 PM,West Coast,13,2,1863,49,Freo,behind,Bailey Banfield,0,41,12
2025,R21,Sat 26-Jul-2025 2:15 PM,West Coast,14,2,1863,256,Freo,goal,Michael Frederick,0,47,12
2025,R21,Sat 26-Jul-2025 2:15 PM,West Coast,15,2,1863,488,Opp,goal,Harley Reid,0,47,18
2025,R21,Sat 26-Jul-2025 2:15 PM,West Coast,16,2,1863,701,Opp,goal,Tim Kelly,0,47,24
2025,R21,Sat 26-Jul-2025 2:15 PM,West Coast,17,2,1863,873,Freo,behind,Karl Worner,0,48,24
2025,R21,Sat 26-Jul-2025 2:15 PM,West Coast,18,2,1863,1055,Freo,behind,Caleb Serong,0,49,24
2025,R21,Sat 26-Jul-2025 2:15 PM,West Coast,19,2,1863,1108,Freo,behind,Murphy Reid,0,50,24
2025,R21,Sat 26-Jul-2025 2:15 PM,West Coast,20,2,1863,1226,Freo,behind,Nathan ODriscoll,0,51,24
2025,R21,Sat 26-Jul-2025 2:15 PM,West Coast,21,2,1863,1440,Freo,behind,Michael Frederick,0,52,24
2025,R21,Sat 26-Jul-2025 2:15 PM,West Coast,22,2,1863,1592,Opp,goal,Jamie Cripps,0,52,30
2025,R21,Sat 26-Jul-2025 2:15 PM,West Coast,23,3,1679,101,Freo,behind,Jye Amiss,0,53,30
2025,R21,Sat 26-Jul-2025 2:15 PM,West Coast,24,3,1679,158,Freo,behind,,1,54,30
2025,R21,Sat 26-Jul-2025 2:15 PM,West Coast,25,3,1679,190,Freo,behind,Shai Bolton,0,55,30
2025,R21,Sat 26-Jul-2025 2:15 PM,West Coast,26,3,1679,369,Opp,behind,Liam Ryan,0,55,31
2025,R21,Sat 26-Jul-2025 2:15 PM,West Coast,27,3,1679,435,Opp,goal,Liam Baker,0,55,37
2025,R21,Sat 26-Jul-2025 2:15 PM,West Coast,28,3,1679,654,Freo,goal,Jye Amiss,0,61,37
2025,R21,Sat 26-Jul-2025 2:15 PM,West Coast,29,3,1679,776,Freo,goal,Patrick Voss,0,67,37
2025,R21,Sat 26-Jul-2025 2:15 PM,West Coast,30,3,1679,952,Opp,behind,Liam Ryan,0,67,38
2025,R21,Sat 26-Jul-2025 2:15 PM,West Coast,31,3,1679,1013,Opp,behind,Elijah Hewett,0,67,39
2025,R21,Sat 26-Jul-2025 2:15 PM,West Coast,32,3,1679,1151,Opp,behind,Jamie Cripps,0,67,40
2025,R21,Sat 26-Jul-2025 2:15 PM,West Coast,33,3,1679,1237,Freo,behind,Jye Amiss,0,68,40
2025,R21,Sat 26-Jul-2025 2:15 PM,West Coast,34,3,1679,1294,Freo,behind,Patrick Voss,0,69,40
2025,R21,Sat 26-Jul-2025 2:15 PM,West Coast,35,3,1679,1349,Freo,goal,Hayden Young,0,75,40
2025,R21,Sat 26-Jul-2025 2:15 PM,West Coast,36,3,1679,1501,Freo,behind,Shai Bolton,0,76,40
2025,R21,Sat 26-Jul-2025 2:15 PM,West Coast,37,3,1679,1670,Opp,goal,Tim Kelly,0,76,46
2025,R21,Sat 26-Jul-2025 2:15 PM,West Coast,38,4,2248,77,Freo,goal,Luke Jackson,0,82,46
2025,R21,Sat 26-Jul-2025 2:15 PM,West Coast,39,4,2248,156,Freo,goal,Shai Bolton,0,88,46
2025,R21,Sat 26-Jul-2025 2:15 PM,West Coast,40,4,2248,255,Opp,behind,Liam Ryan,0,88,47
2025,R21,Sat 26-Jul-2025 2:15 PM,West Coast,41,4,2248,346,Freo,behind,Sam Switkowski,0,89,47
2025,R21,Sat 26-Jul-2025 2:15 PM,West Coast,42,4,2248,648,Freo,goal,Michael Frederick,0,95,47
2025,R21,Sat 26-Jul-2025 2:15 PM,West Coast,43,4,2248,798,Freo,goal,Patrick Voss,0,101,47
2025,R21,Sat 26-Jul-2025 2:15 PM,West Coast,44,4,2248,950,Opp,goal,Liam Baker,0,101,53
2025,R21,Sat 26-Jul-2025 2:15 PM,West Coast,45,4,2248,1183,Freo,goal,Murphy Reid,0,107,53
2025,R21,Sat 26-Jul-2025 2:15 PM,West Coast,46,4,2248,1318,Opp,goal,Harley Reid,0,107,59
2025,R21,Sat 26-Jul-2025 2:15 PM,West Coast,47,4,2248,1427,Freo,goal,Sam Switkowski,0,113,59
2025,R21,Sat 26-Jul-2025 2:15 PM,West Coast,48,4,2248,1598,Freo,behind,Shai Bolton,0,114,59
2025,R21,Sat 26-Jul-2025 2:15 PM,West Coast,49,4,2248,1681,Freo,goal,Jye Amiss,0,120,59
2025,R21,Sat 26-Jul-2025 2:15 PM,West Coast,50,4,2248,1861,Opp,goal,Liam Ryan,0,120,65
2025,R21,Sat 26-Jul-2025 2:15 PM,West Coast,51,4,2248,1966,Opp,goal,Tyrell Dewar,0,120,71
2025,R21,Sat 26-Jul-2025 2:15 PM,West Coast,52,4,2248,2081,Opp,goal,Elijah Hewett,0,120,77
2025,R21,Sat 26-Jul-2025 2:15 PM,West Coast,53,4,2248,2240,Freo,goal,Patrick Voss,0,126,77
2025,R22,Sun 03-Aug-2025 3:10 PM,Carlton,1,1,2059,68,Opp,goal,Ashton Moir,0,0,6
2025,R22,Sun 03-Aug-2025 3:10 PM,Carlton,2,1,2059,513,Opp,goal,Blake Acres,0,0,12
2025,R22,Sun 03-Aug-2025 3:10 PM,Carlton,3,1,2059,998,Opp,goal,Jesse Motlop,0,0,18
2025,R22,Sun 03-Aug-2025 3:10 PM,Carlton,4,1,2059,1159,Opp,goal,Francis Evans,0,0,24
2025,R22,Sun 03-Aug-2025 3:10 PM,Carlton,5,1,2059,1379,Freo,goal,Oscar McDonald,0,6,24
2025,R22,Sun 03-Aug-2025 3:10 PM,Carlton,6,1,2059,1449,Opp,goal,Francis Evans,0,6,30
2025,R22,Sun 03-Aug-2025 3:10 PM,Carlton,7,1,2059,1969,Freo,goal,Josh Treacy,0,12,30
2025,R22,Sun 03-Aug-2025 3:10 PM,Carlton,8,2,1888,329,Freo,behind,Sam Switkowski,0,13,30
2025,R22,Sun 03-Aug-2025 3:10 PM,Carlton,9,2,1888,407,Freo,goal,Patrick Voss,0,19,30
2025,R22,Sun 03-Aug-2025 3:10 PM,Carlton,10,2,1888,538,Opp,behind,Will White,0,19,31
2025,R22,Sun 03-Aug-2025 3:10 PM,Carlton,11,2,1888,623,Opp,goal,Harry OFarrell,0,19,37
2025,R22,Sun 03-Aug-2025 3:10 PM,Carlton,12,2,1888,914,Opp,goal,Lachie Fogarty,0,19,43
2025,R22,Sun 03-Aug-2025 3:10 PM,Carlton,13,2,1888,1350,Freo,goal,Josh Treacy,0,25,43
2025,R22,Sun 03-Aug-2025 3:10 PM,Carlton,14,2,1888,1464,Opp,goal,Zac Williams,0,25,49
2025,R22,Sun 03-Aug-2025 3:10 PM,Carlton,15,3,1894,135,Freo,goal,Jye Amiss,0,31,49
2025,R22,Sun 03-Aug-2025 3:10 PM,Carlton,16,3,1894,493,Opp,behind,Harry McKay,0,31,50
2025,R22,Sun 03-Aug-2025 3:10 PM,Carlton,17,3,1894,622,Freo,goal,Luke Jackson,0,37,50
2025,R22,Sun 03-Aug-2025 3:10 PM,Carlton,18,3,1894,1000,Freo,goal,Murphy Reid,0,43,50
2025,R22,Sun 03-Aug-2025 3:10 PM,Carlton,19,3,1894,1162,Opp,behind,,1,43,51
2025,R22,Sun 03-Aug-2025 3:10 PM,Carlton,20,3,1894,1260,Freo,behind,Shai Bolton,0,44,51
2025,R22,Sun 03-Aug-2025 3:10 PM,Carlton,21,3,1894,1341,Opp,behind,Francis Evans,0,44,52
2025,R22,Sun 03-Aug-2025 3:10 PM,Carlton,22,3,1894,1400,Opp,goal,Harry McKay,0,44,58
2025,R22,Sun 03-Aug-2025 3:10 PM,Carlton,23,3,1894,1723,Freo,goal,Jye Amiss,0,50,58
2025,R22,Sun 03-Aug-2025 3:10 PM,Carlton,24,4,2111,72,Freo,goal,Sam Switkowski,0,56,58
2025,R22,Sun 03-Aug-2025 3:10 PM,Carlton,25,4,2111,259,Freo,behind,,1,57,58
2025,R22,Sun 03-Aug-2025 3:10 PM,Carlton,26,4,2111,385,Freo,goal,Josh Treacy,0,63,58
2025,R22,Sun 03-Aug-2025 3:10 PM,Carlton,27,4,2111,463,Freo,behind,Nathan ODriscoll,0,64,58
2025,R22,Sun 03-Aug-2025 3:10 PM,Carlton,28,4,2111,752,Opp,behind,Ashton Moir,0,64,59
2025,R22,Sun 03-Aug-2025 3:10 PM,Carlton,29,4,2111,834,Freo,goal,Isaiah Dudley,0,70,59
2025,R22,Sun 03-Aug-2025 3:10 PM,Carlton,30,4,2111,922,Opp,behind,Corey Durdin,0,70,60
2025,R22,Sun 03-Aug-2025 3:10 PM,Carlton,31,4,2111,1202,Opp,goal,Corey Durdin,0,70,66
2025,R22,Sun 03-Aug-2025 3:10 PM,Carlton,32,4,2111,1399,Freo,goal,Isaiah Dudley,0,76,66
2025,R22,Sun 03-Aug-2025 3:10 PM,Carlton,33,4,2111,1654,Freo,goal,Patrick Voss,0,82,66
2025,R22,Sun 03-Aug-2025 3:10 PM,Carlton,34,4,2111,1733,Opp,behind,,1,82,67
2025,R22,Sun 03-Aug-2025 3:10 PM,Carlton,35,4,2111,1899,Freo,goal,Jye Amiss,0,88,67
2025,R22,Sun 03-Aug-2025 3:10 PM,Carlton,36,4,2111,2053,Freo,goal,Patrick Voss,0,94,67
2025,R23,Sat 09-Aug-2025 7:40 PM,Port Adelaide,1,1,1781,57,Freo,goal,Shai Bolton,0,6,0
2025,R23,Sat 09-Aug-2025 7:40 PM,Port Adelaide,2,1,1781,176,Opp,behind,Jack Whitlock,0,6,1
2025,R23,Sat 09-Aug-2025 7:40 PM,Port Adelaide,3,1,1781,335,Freo,behind,Karl Worner,0,7,1
2025,R23,Sat 09-Aug-2025 7:40 PM,Port Adelaide,4,1,1781,469,Opp,behind,,1,7,2
2025,R23,Sat 09-Aug-2025 7:40 PM,Port Adelaide,5,1,1781,698,Freo,goal,Shai Bolton,0,13,2
2025,R23,Sat 09-Aug-2025 7:40 PM,Port Adelaide,6,1,1781,794,Freo,behind,Shai Bolton,0,14,2
2025,R23,Sat 09-Aug-2025 7:40 PM,Port Adelaide,7,1,1781,896,Freo,behind,Karl Worner,0,15,2
2025,R23,Sat 09-Aug-2025 7:40 PM,Port Adelaide,8,1,1781,1034,Opp,behind,Jed McEntee,0,15,3
2025,R23,Sat 09-Aug-2025 7:40 PM,Port Adelaide,9,1,1781,1139,Freo,goal,Josh Treacy,0,21,3
2025,R23,Sat 09-Aug-2025 7:40 PM,Port Adelaide,10,1,1781,1286,Freo,goal,Michael Frederick,0,27,3
2025,R23,Sat 09-Aug-2025 7:40 PM,Port Adelaide,11,1,1781,1357,Freo,behind,Isaiah Dudley,0,28,3
2025,R23,Sat 09-Aug-2025 7:40 PM,Port Adelaide,12,1,1781,1511,Opp,behind,Joe Richards,0,28,4
2025,R23,Sat 09-Aug-2025 7:40 PM,Port Adelaide,13,1,1781,1763,Freo,behind,Murphy Reid,0,29,4
2025,R23,Sat 09-Aug-2025 7:40 PM,Port Adelaide,14,2,2178,111,Opp,behind,Zak Butters,0,29,5
2025,R23,Sat 09-Aug-2025 7:40 PM,Port Adelaide,15,2,2178,271,Freo,behind,,1,30,5
2025,R23,Sat 09-Aug-2025 7:40 PM,Port Adelaide,16,2,2178,304,Freo,behind,Caleb Serong,0,31,5
2025,R23,Sat 09-Aug-2025 7:40 PM,Port Adelaide,17,2,2178,428,Opp,goal,Mitch Georgiades,0,31,11
2025,R23,Sat 09-Aug-2025 7:40 PM,Port Adelaide,18,2,2178,513,Opp,goal,Joe Richards,0,31,17
2025,R23,Sat 09-Aug-2025 7:40 PM,Port Adelaide,19,2,2178,678,Opp,goal,Mitch Georgiades,0,31,23
2025,R23,Sat 09-Aug-2025 7:40 PM,Port Adelaide,20,2,2178,798,Opp,goal,Jed McEntee,0,31,29
2025,R23,Sat 09-Aug-2025 7:40 PM,Port Adelaide,21,2,2178,880,Freo,goal,Caleb Serong,0,37,29
2025,R23,Sat 09-Aug-2025 7:40 PM,Port Adelaide,22,2,2178,1081,Opp,goal,Jack Lukosius,0,37,35
2025,R23,Sat 09-Aug-2025 7:40 PM,Port Adelaide,23,2,2178,1199,Opp,goal,Connor Rozee,0,37,41
2025,R23,Sat 09-Aug-2025 7:40 PM,Port Adelaide,24,2,2178,1354,Opp,goal,Willie Rioli,0,37,47
2025,R23,Sat 09-Aug-2025 7:40 PM,Port Adelaide,25,2,2178,1473,Freo,goal,Josh Treacy,0,43,47
2025,R23,Sat 09-Aug-2025 7:40 PM,Port Adelaide,26,2,2178,1598,Freo,behind,,1,44,47
2025,R23,Sat 09-Aug-2025 7:40 PM,Port Adelaide,27,2,2178,1705,Freo,goal,Patrick Voss,0,50,47
2025,R23,Sat 09-Aug-2025 7:40 PM,Port Adelaide,28,2,2178,1939,Opp,goal,Aliir Aliir,0,50,53
2025,R23,Sat 09-Aug-2025 7:40 PM,Port Adelaide,29,2,2178,2151,Freo,behind,Michael Frederick,0,51,53
2025,R23,Sat 09-Aug-2025 7:40 PM,Port Adelaide,30,3,1814,99,Opp,behind,Mitch Georgiades,0,51,54
2025,R23,Sat 09-Aug-2025 7:40 PM,Port Adelaide,31,3,1814,123,Opp,goal,Joe Berry,0,51,60
2025,R23,Sat 09-Aug-2025 7:40 PM,Port Adelaide,32,3,1814,355,Opp,behind,Will Lorenz,0,51,61
2025,R23,Sat 09-Aug-2025 7:40 PM,Port Adelaide,33,3,1814,398,Freo,behind,Michael Frederick,0,52,61
2025,R23,Sat 09-Aug-2025 7:40 PM,Port Adelaide,34,3,1814,529,Opp,goal,Jed McEntee,0,52,67
2025,R23,Sat 09-Aug-2025 7:40 PM,Port Adelaide,35,3,1814,656,Freo,goal,Murphy Reid,0,58,67
2025,R23,Sat 09-Aug-2025 7:40 PM,Port Adelaide,36,3,1814,755,Opp,goal,Jack Lukosius,0,58,73
2025,R23,Sat 09-Aug-2025 7:40 PM,Port Adelaide,37,3,1814,1025,Freo,goal,Murphy Reid,0,64,73
2025,R23,Sat 09-Aug-2025 7:40 PM,Port Adelaide,38,3,1814,1264,Opp,behind,Willem Drew,0,64,74
2025,R23,Sat 09-Aug-2025 7:40 PM,Port Adelaide,39,3,1814,1625,Freo,behind,Luke Jackson,0,65,74
2025,R23,Sat 09-Aug-2025 7:40 PM,Port Adelaide,40,3,1814,1708,Freo,behind,Shai Bolton,0,66,74
2025,R23,Sat 09-Aug-2025 7:40 PM,Port Adelaide,41,4,1850,213,Opp,goal,Willie Rioli,0,66,80
2025,R23,Sat 09-Aug-2025 7:40 PM,Port Adelaide,42,4,1850,286,Freo,goal,Michael Frederick,0,72,80
2025,R23,Sat 09-Aug-2025 7:40 PM,Port Adelaide,43,4,1850,459,Freo,goal,Patrick Voss,0,78,80
2025,R23,Sat 09-Aug-2025 7:40 PM,Port Adelaide,44,4,1850,834,Freo,behind,Sam Switkowski,0,79,80
2025,R23,Sat 09-Aug-2025 7:40 PM,Port Adelaide,45,4,1850,968,Freo,goal,Patrick Voss,0,85,80
2025,R23,Sat 09-Aug-2025 7:40 PM,Port Adelaide,46,4,1850,1561,Opp,goal,Connor Rozee,0,85,86
2025,R23,Sat 09-Aug-2025 7:40 PM,Port Adelaide,47,4,1850,1646,Freo,behind,,1,86,86
2025,R23,Sat 09-Aug-2025 7:40 PM,Port Adelaide,48,4,1850,1727,Freo,goal,Alex Pearce,0,92,86
2025,R24,Fri 15-Aug-2025 6:35 PM,Brisbane Lions,1,1,1628,134,Opp,goal,Zac Bailey,0,0,6
2025,R24,Fri 15-Aug-2025 6:35 PM,Brisbane Lions,2,1,1628,205,Opp,behind,Zac Bailey,0,0,7
2025,R24,Fri 15-Aug-2025 6:35 PM,Brisbane Lions,3,1,1628,251,Freo,behind,Josh Treacy,0,1,7
2025,R24,Fri 15-Aug-2025 6:35 PM,Brisbane Lions,4,1,1628,310,Opp,goal,Charlie Cameron,0,1,13
2025,R24,Fri 15-Aug-2025 6:35 PM,Brisbane Lions,5,1,1628,592,Freo,behind,Josh Treacy,0,2,13
2025,R24,Fri 15-Aug-2025 6:35 PM,Brisbane Lions,6,1,1628,727,Opp,goal,Ryan Lester,0,2,19
2025,R24,Fri 15-Aug-2025 6:35 PM,Brisbane Lions,7,1,1628,840,Freo,behind,Murphy Reid,0,3,19
2025,R24,Fri 15-Aug-2025 6:35 PM,Brisbane Lions,8,1,1628,1285,Opp,behind,Zac Bailey,0,3,20
2025,R24,Fri 15-Aug-2025 6:35 PM,Brisbane Lions,9,1,1628,1552,Freo,behind,Jye Amiss,0,4,20
2025,R24,Fri 15-Aug-2025 6:35 PM,Brisbane Lions,10,1,1628,1606,Freo,behind,,1,5,20
2025,R24,Fri 15-Aug-2025 6:35 PM,Brisbane Lions,11,2,1778,58,Freo,behind,Patrick Voss,0,6,20
2025,R24,Fri 15-Aug-2025 6:35 PM,Brisbane Lions,12,2,1778,125,Freo,behind,Jordan Clark,0,7,20
2025,R24,Fri 15-Aug-2025 6:35 PM,Brisbane Lions,13,2,1778,456,Opp,behind,,1,7,21
2025,R24,Fri 15-Aug-2025 6:35 PM,Brisbane Lions,14,2,1778,595,Freo,behind,Luke Jackson,0,8,21
2025,R24,Fri 15-Aug-2025 6:35 PM,Brisbane Lions,15,2,1778,896,Opp,goal,Zac Bailey,0,8,27
2025,R24,Fri 15-Aug-2025 6:35 PM,Brisbane Lions,16,2,1778,1044,Opp,goal,Logan Morris,0,8,33
2025,R24,Fri 15-Aug-2025 6:35 PM,Brisbane Lions,17,2,1778,1147,Freo,goal,Josh Treacy,0,14,33
2025,R24,Fri 15-Aug-2025 6:35 PM,Brisbane Lions,18,2,1778,1323,Freo,goal,Josh Treacy,0,20,33
2025,R24,Fri 15-Aug-2025 6:35 PM,Brisbane Lions,19,2,1778,1557,Freo,goal,Andrew Brayshaw,0,26,33
2025,R24,Fri 15-Aug-2025 6:35 PM,Brisbane Lions,20,2,1778,1733,Opp,behind,Hugh McCluggage,0,26,34
2025,R24,Fri 15-Aug-2025 6:35 PM,Brisbane Lions,21,3,1817,125,Opp,goal,Darcy Fort,0,26,40
2025,R24,Fri 15-Aug-2025 6:35 PM,Brisbane Lions,22,3,1817,244,Opp,goal,Cam Rayner,0,26,46
2025,R24,Fri 15-Aug-2025 6:35 PM,Brisbane Lions,23,3,1817,371,Freo,behind,Sean Darcy,0,27,46
2025,R24,Fri 15-Aug-2025 6:35 PM,Brisbane Lions,24,3,1817,550,Freo,behind,Jaeger OMeara,0,28,46
2025,R24,Fri 15-Aug-2025 6:35 PM,Brisbane Lions,25,3,1817,586,Opp,behind,Logan Morris,0,28,47
2025,R24,Fri 15-Aug-2025 6:35 PM,Brisbane Lions,26,3,1817,710,Opp,goal,Logan Morris,0,28,53
2025,R24,Fri 15-Aug-2025 6:35 PM,Brisbane Lions,27,3,1817,828,Freo,behind,Michael Frederick,0,29,53
2025,R24,Fri 15-Aug-2025 6:35 PM,Brisbane Lions,28,3,1817,900,Opp,behind,Charlie Cameron,0,29,54
2025,R24,Fri 15-Aug-2025 6:35 PM,Brisbane Lions,29,3,1817,1013,Opp,behind,Will Ashcroft,0,29,55
2025,R24,Fri 15-Aug-2025 6:35 PM,Brisbane Lions,30,3,1817,1229,Opp,goal,Charlie Cameron,0,29,61
2025,R24,Fri 15-Aug-2025 6:35 PM,Brisbane Lions,31,3,1817,1322,Freo,behind,,1,30,61
2025,R24,Fri 15-Aug-2025 6:35 PM,Brisbane Lions,32,3,1817,1390,Freo,goal,Murphy Reid,0,36,61
2025,R24,Fri 15-Aug-2025 6:35 PM,Brisbane Lions,33,3,1817,1495,Freo,behind,,1,37,61
2025,R24,Fri 15-Aug-2025 6:35 PM,Brisbane Lions,34,3,1817,1656,Opp,behind,Bruce Reville,0,37,62
2025,R24,Fri 15-Aug-2025 6:35 PM,Brisbane Lions,35,3,1817,1727,Opp,goal,Cam Rayner,0,37,68
2025,R24,Fri 15-Aug-2025 6:35 PM,Brisbane Lions,36,4,1741,95,Opp,goal,Hugh McCluggage,0,37,74
2025,R24,Fri 15-Aug-2025 6:35 PM,Brisbane Lions,37,4,1741,247,Freo,goal,Luke Jackson,0,43,74
2025,R24,Fri 15-Aug-2025 6:35 PM,Brisbane Lions,38,4,1741,321,Freo,behind,Michael Frederick,0,44,74
2025,R24,Fri 15-Aug-2025 6:35 PM,Brisbane Lions,39,4,1741,474,Opp,behind,Sam Marshall,0,44,75
2025,R24,Fri 15-Aug-2025 6:35 PM,Brisbane Lions,40,4,1741,677,Opp,behind,Logan Morris,0,44,76
2025,R24,Fri 15-Aug-2025 6:35 PM,Brisbane Lions,41,4,1741,863,Opp,behind,Callum Ah Chee,0,44,77
2025,R24,Fri 15-Aug-2025 6:35 PM,Brisbane Lions,42,4,1741,962,Opp,goal,Logan Morris,0,44,83
2025,R24,Fri 15-Aug-2025 6:35 PM,Brisbane Lions,43,4,1741,1184,Opp,goal,Charlie Cameron,0,44,89
2025,R24,Fri 15-Aug-2025 6:35 PM,Brisbane Lions,44,4,1741,1428,Opp,goal,Callum Ah Chee,0,44,95
2025,R24,Fri 15-Aug-2025 6:35 PM,Brisbane Lions,45,4,1741,1735,Opp,goal,Logan Morris,0,44,101
2025,R25,Sun 24-Aug-2025 3:15 PM,Western Bulldogs,1,1,1860,52,Opp,behind,Riley Garcia,0,0,1
2025,R25,Sun 24-Aug-2025 3:15 PM,Western Bulldogs,2,1,1860,187,Opp,behind,Jordan Croft,0,0,2
2025,R25,Sun 24-Aug-2025 3:15 PM,Western Bulldogs,3,1,1860,372,Freo,behind,Josh Treacy,0,1,2
2025,R25,Sun 24-Aug-2025 3:15 PM,Western Bulldogs,4,1,1860,505,Opp,goal,Aaron Naughton,0,1,8
2025,R25,Sun 24-Aug-2025 3:15 PM,Western Bulldogs,5,1,1860,664,Freo,goal,Shai Bolton,0,7,8
2025,R25,Sun 24-Aug-2025 3:15 PM,Western Bulldogs,6,1,1860,792,Opp,behind,Sam Davidson,0,7,9
2025,R25,Sun 24-Aug-2025 3:15 PM,Western Bulldogs,7,1,1860,924,Opp,behind,Riley Garcia,0,7,10
2025,R25,Sun 24-Aug-2025 3:15 PM,Western Bulldogs,8,1,1860,1056,Freo,goal,Jye Amiss,0,13,10
2025,R25,Sun 24-Aug-2025 3:15 PM,Western Bulldogs,9,1,1860,1230,Opp,goal,Jordan Croft,0,13,16
2025,R25,Sun 24-Aug-2025 3:15 PM,Western Bulldogs,10,1,1860,1314,Opp,behind,Tom Liberatore,0,13,17
2025,R25,Sun 24-Aug-2025 3:15 PM,Western Bulldogs,11,1,1860,1374,Opp,goal,Rhylee West,0,13,23
2025,R25,Sun 24-Aug-2025 3:15 PM,Western Bulldogs,12,1,1860,1722,Opp,goal,Rhylee West,0,13,29
2025,R25,Sun 24-Aug-2025 3:15 PM,Western Bulldogs,13,1,1860,1858,Freo,behind,,1,14,29
2025,R25,Sun 24-Aug-2025 3:15 PM,Western Bulldogs,14,2,1928,295,Freo,goal,Jye Amiss,0,20,29
2025,R25,Sun 24-Aug-2025 3:15 PM,Western Bulldogs,15,2,1928,457,Freo,goal,Luke Jackson,0,26,29
2025,R25,Sun 24-Aug-2025 3:15 PM,Western Bulldogs,16,2,1928,566,Freo,behind,Shai Bolton,0,27,29
2025,R25,Sun 24-Aug-2025 3:15 PM,Western Bulldogs,17,2,1928,622,Opp,behind,Oskar Baker,0,27,30
2025,R25,Sun 24-Aug-2025 3:15 PM,Western Bulldogs,18,2,1928,717,Opp,behind,Aaron Naughton,0,27,31
2025,R25,Sun 24-Aug-2025 3:15 PM,Western Bulldogs,19,2,1928,785,Freo,goal,Jye Amiss,0,33,31
2025,R25,Sun 24-Aug-2025 3:15 PM,Western Bulldogs,20,2,1928,992,Opp,behind,Matthew Kennedy,0,33,32
2025,R25,Sun 24-Aug-2025 3:15 PM,Western Bulldogs,21,2,1928,1029,Freo,goal,Murphy Reid,0,39,32
2025,R25,Sun 24-Aug-2025 3:15 PM,Western Bulldogs,22,2,1928,1215,Freo,goal,Shai Bolton,0,45,32
2025,R25,Sun 24-Aug-2025 3:15 PM,Western Bulldogs,23,2,1928,1431,Freo,goal,Patrick Voss,0,51,32
2025,R25,Sun 24-Aug-2025 3:15 PM,Western Bulldogs,24,2,1928,1533,Freo,behind,Patrick Voss,0,52,32
2025,R25,Sun 24-Aug-2025 3:15 PM,Western Bulldogs,25,2,1928,1679,Freo,goal,Josh Treacy,0,58,32
2025,R25,Sun 24-Aug-2025 3:15 PM,Western Bulldogs,26,3,1838,96,Freo,goal,Josh Treacy,0,64,32
2025,R25,Sun 24-Aug-2025 3:15 PM,Western Bulldogs,27,3,1838,479,Opp,behind,Marcus Bontempelli,0,64,33
2025,R25,Sun 24-Aug-2025 3:15 PM,Western Bulldogs,28,3,1838,642,Opp,goal,Joel Freijah,0,64,39
2025,R25,Sun 24-Aug-2025 3:15 PM,Western Bulldogs,29,3,1838,831,Freo,goal,Michael Frederick,0,70,39
2025,R25,Sun 24-Aug-2025 3:15 PM,Western Bulldogs,30,3,1838,956,Freo,goal,Neil Erasmus,0,76,39
2025,R25,Sun 24-Aug-2025 3:15 PM,Western Bulldogs,31,3,1838,1048,Opp,behind,Tom Liberatore,0,76,40
2025,R25,Sun 24-Aug-2025 3:15 PM,Western Bulldogs,32,3,1838,1130,Opp,goal,Arthur Jones,0,76,46
2025,R25,Sun 24-Aug-2025 3:15 PM,Western Bulldogs,33,3,1838,1434,Freo,behind,Jye Amiss,0,77,46
2025,R25,Sun 24-Aug-2025 3:15 PM,Western Bulldogs,34,3,1838,1522,Opp,goal,Marcus Bontempelli,0,77,52
2025,R25,Sun 24-Aug-2025 3:15 PM,Western Bulldogs,35,3,1838,1704,Freo,goal,Patrick Voss,0,83,52
2025,R25,Sun 24-Aug-2025 3:15 PM,Western Bulldogs,36,3,1838,1835,Freo,behind,Sam Switkowski,0,84,52
2025,R25,Sun 24-Aug-2025 3:15 PM,Western Bulldogs,37,4,2092,168,Freo,goal,Patrick Voss,0,90,52
2025,R25,Sun 24-Aug-2025 3:15 PM,Western Bulldogs,38,4,2092,275,Freo,goal,Josh Treacy,0,96,52
2025,R25,Sun 24-Aug-2025 3:15 PM,Western Bulldogs,39,4,2092,391,Opp,goal,Marcus Bontempelli,0,96,58
2025,R25,Sun 24-Aug-2025 3:15 PM,Western Bulldogs,40,4,2092,604,Opp,behind,Jordan Croft,0,96,59
2025,R25,Sun 24-Aug-2025 3:15 PM,Western Bulldogs,41,4,2092,837,Opp,goal,Oskar Baker,0,96,65
2025,R25,Sun 24-Aug-2025 3:15 PM,Western Bulldogs,42,4,2092,1128,Opp,goal,Jordan Croft,0,96,71
2025,R25,Sun 24-Aug-2025 3:15 PM,Western Bulldogs,43,4,2092,1244,Freo,goal,Michael Frederick,0,102,71
2025,R25,Sun 24-Aug-2025 3:15 PM,Western Bulldogs,44,4,2092,1340,Opp,goal,Arthur Jones,0,102,77
2025,R25,Sun 24-Aug-2025 3:15 PM,Western Bulldogs,45,4,2092,1455,Freo,behind,Luke Jackson,0,103,77
2025,R25,Sun 24-Aug-2025 3:15 PM,Western Bulldogs,46,4,2092,1508,Opp,goal,Aaron Naughton,0,103,83
2025,R25,Sun 24-Aug-2025 3:15 PM,Western Bulldogs,47,4,2092,1585,Freo,behind,Murphy Reid,0,104,83
2025,R25,Sun 24-Aug-2025 3:15 PM,Western Bulldogs,48,4,2092,1643,Freo,behind,Murphy Reid,0,105,83
2025,R25,Sun 24-Aug-2025 3:15 PM,Western Bulldogs,49,4,2092,1696,Opp,behind,Sam Darcy,0,105,84
2025,R25,Sun 24-Aug-2025 3:15 PM,Western Bulldogs,50,4,2092,1767,Opp,goal,Joel Freijah,0,105,90
2025,R25,Sun 24-Aug-2025 3:15 PM,Western Bulldogs,51,4,2092,1855,Freo,goal,Luke Jackson,0,111,90
2025,R25,Sun 24-Aug-2025 3:15 PM,Western Bulldogs,52,4,2092,1997,Opp,goal,Joel Freijah,0,111,96
2025,R25,Sun 24-Aug-2025 3:15 PM,Western Bulldogs,53,4,2092,2066,Freo,behind,Michael Frederick,0,112,96
2025,R25,Sun 24-Aug-2025 3:15 PM,Western Bulldogs,54,4,2092,2090,Opp,behind,,1,112,97
2025,EF,Sat 06-Sep-2025 5:35 PM,Gold Coast,1,1,1867,12,Opp,behind,Noah Anderson,0,0,1
2025,EF,Sat 06-Sep-2025 5:35 PM,Gold Coast,2,1,1867,115,Opp,behind,Brayden Fiorini,0,0,2
2025,EF,Sat 06-Sep-2025 5:35 PM,Gold Coast,3,1,1867,253,Opp,behind,Ben Long,0,0,3
2025,EF,Sat 06-Sep-2025 5:35 PM,Gold Coast,4,1,1867,389,Freo,goal,Patrick Voss,0,6,3
2025,EF,Sat 06-Sep-2025 5:35 PM,Gold Coast,5,1,1867,749,Opp,goal,Ben Long,0,6,9
2025,EF,Sat 06-Sep-2025 5:35 PM,Gold Coast,6,1,1867,857,Opp,behind,,1,6,10
2025,EF,Sat 06-Sep-2025 5:35 PM,Gold Coast,7,1,1867,1083,Opp,behind,Ben King,0,6,11
2025,EF,Sat 06-Sep-2025 5:35 PM,Gold Coast,8,1,1867,1211,Freo,behind,Jye Amiss,0,7,11
2025,EF,Sat 06-Sep-2025 5:35 PM,Gold Coast,9,1,1867,1671,Freo,behind,Michael Frederick,0,8,11
2025,EF,Sat 06-Sep-2025 5:35 PM,Gold Coast,10,1,1867,1811,Opp,behind,Ben King,0,8,12
2025,EF,Sat 06-Sep-2025 5:35 PM,Gold Coast,11,2,2236,55,Opp,goal,Bailey Humphrey,0,8,18
2025,EF,Sat 06-Sep-2025 5:35 PM,Gold Coast,12,2,2236,247,Freo,goal,Jye Amiss,0,14,18
2025,EF,Sat 06-Sep-2025 5:35 PM,Gold Coast,13,2,2236,330,Freo,goal,Neil Erasmus,0,20,18
2025,EF,Sat 06-Sep-2025 5:35 PM,Gold Coast,14,2,2236,413,Opp,goal,Bailey Humphrey,0,20,24
2025,EF,Sat 06-Sep-2025 5:35 PM,Gold Coast,15,2,2236,581,Opp,goal,Connor Budarick,0,20,30
2025,EF,Sat 06-Sep-2025 5:35 PM,Gold Coast,16,2,2236,692,Freo,goal,Patrick Voss,0,26,30
2025,EF,Sat 06-Sep-2025 5:35 PM,Gold Coast,17,2,2236,1004,Opp,behind,,1,26,31
2025,EF,Sat 06-Sep-2025 5:35 PM,Gold Coast,18,2,2236,1104,Freo,goal,Murphy Reid,0,32,31
2025,EF,Sat 06-Sep-2025 5:35 PM,Gold Coast,19,2,2236,1329,Opp,behind,,1,32,32
2025,EF,Sat 06-Sep-2025 5:35 PM,Gold Coast,20,2,2236,1513,Opp,goal,Alex Davies,0,32,38
2025,EF,Sat 06-Sep-2025 5:35 PM,Gold Coast,21,2,2236,1673,Opp,goal,Brayden Fiorini,0,32,44
2025,EF,Sat 06-Sep-2025 5:35 PM,Gold Coast,22,2,2236,1856,Opp,goal,Bailey Humphrey,0,32,50
2025,EF,Sat 06-Sep-2025 5:35 PM,Gold Coast,23,2,2236,2028,Opp,behind,Matt Rowell,0,32,51
2025,EF,Sat 06-Sep-2025 5:35 PM,Gold Coast,24,2,2236,2106,Opp,goal,Connor Budarick,0,32,57
2025,EF,Sat 06-Sep-2025 5:35 PM,Gold Coast,25,3,1825,35,Freo,goal,Josh Treacy,0,38,57
2025,EF,Sat 06-Sep-2025 5:35 PM,Gold Coast,26,3,1825,174,Opp,goal,Ben Long,0,38,63
2025,EF,Sat 06-Sep-2025 5:35 PM,Gold Coast,27,3,1825,409,Freo,behind,Luke Jackson,0,39,63
2025,EF,Sat 06-Sep-2025 5:35 PM,Gold Coast,28,3,1825,467,Freo,behind,Murphy Reid,0,40,63
2025,EF,Sat 06-Sep-2025 5:35 PM,Gold Coast,29,3,1825,595,Opp,behind,,1,40,64
2025,EF,Sat 06-Sep-2025 5:35 PM,Gold Coast,30,3,1825,1007,Opp,behind,Ben King,0,40,65
2025,EF,Sat 06-Sep-2025 5:35 PM,Gold Coast,31,3,1825,1232,Opp,behind,Noah Anderson,0,40,66
2025,EF,Sat 06-Sep-2025 5:35 PM,Gold Coast,32,3,1825,1373,Freo,goal,Isaiah Dudley,0,46,66
2025,EF,Sat 06-Sep-2025 5:35 PM,Gold Coast,33,3,1825,1545,Freo,goal,Isaiah Dudley,0,52,66
2025,EF,Sat 06-Sep-2025 5:35 PM,Gold Coast,34,3,1825,1655,Opp,behind,Bailey Humphrey,0,52,67
2025,EF,Sat 06-Sep-2025 5:35 PM,Gold Coast,35,4,1941,28,Opp,goal,Jy Farrar,0,52,73
2025,EF,Sat 06-Sep-2025 5:35 PM,Gold Coast,36,4,1941,181,Freo,goal,Shai Bolton,0,58,73
2025,EF,Sat 06-Sep-2025 5:35 PM,Gold Coast,37,4,1941,396,Freo,behind,Shai Bolton,0,59,73
2025,EF,Sat 06-Sep-2025 5:35 PM,Gold Coast,38,4,1941,671,Freo,goal,Patrick Voss,0,65,73
2025,EF,Sat 06-Sep-2025 5:35 PM,Gold Coast,39,4,1941,858,Freo,behind,,1,66,73
2025,EF,Sat 06-Sep-2025 5:35 PM,Gold Coast,40,4,1941,1088,Freo,goal,Josh Treacy,0,72,73
2025,EF,Sat 06-Sep-2025 5:35 PM,Gold Coast,41,4,1941,1328,Freo,behind,,1,73,73
2025,EF,Sat 06-Sep-2025 5:35 PM,Gold Coast,42,4,1941,1453,Freo,goal,Luke Jackson,0,79,73
2025,EF,Sat 06-Sep-2025 5:35 PM,Gold Coast,43,4,1941,1686,Opp,goal,Mac Andrew,0,79,79
2025,EF,Sat 06-Sep-2025 5:35 PM,Gold Coast,44,4,1941,1805,Opp,behind,David Swallow,0,79,80
2024,R2,Sun 17-Mar-2024 3:50 PM,Brisbane Lions,1,1,1888,190,Opp,goal,Eric Hipwood,0,0,6
2024,R2,Sun 17-Mar-2024 3:50 PM,Brisbane Lions,2,1,1888,330,Opp,goal,Eric Hipwood,0,0,12
2024,R2,Sun 17-Mar-2024 3:50 PM,Brisbane Lions,3,1,1888,424,Opp,goal,Dayne Zorko,0,0,18
2024,R2,Sun 17-Mar-2024 3:50 PM,Brisbane Lions,4,1,1888,500,Freo,behind,Michael Frederick,0,1,18
2024,R2,Sun 17-Mar-2024 3:50 PM,Brisbane Lions,5,1,1888,626,Opp,behind,Joe Daniher,0,1,19
2024,R2,Sun 17-Mar-2024 3:50 PM,Brisbane Lions,6,1,1888,694,Freo,behind,Michael Walters,0,2,19
2024,R2,Sun 17-Mar-2024 3:50 PM,Brisbane Lions,7,1,1888,776,Opp,goal,Zac Bailey,0,2,25
2024,R2,Sun 17-Mar-2024 3:50 PM,Brisbane Lions,8,1,1888,1069,Opp,behind,,1,2,26
2024,R2,Sun 17-Mar-2024 3:50 PM,Brisbane Lions,9,1,1888,1325,Opp,behind,Hugh McCluggage,0,2,27
2024,R2,Sun 17-Mar-2024 3:50 PM,Brisbane Lions,10,1,1888,1654,Freo,goal,Bailey Banfield,0,8,27
2024,R2,Sun 17-Mar-2024 3:50 PM,Brisbane Lions,11,1,1888,1794,Freo,goal,Sam Switkowski,0,14,27
2024,R2,Sun 17-Mar-2024 3:50 PM,Brisbane Lions,12,2,1917,396,Opp,behind,Joe Daniher,0,14,28
2024,R2,Sun 17-Mar-2024 3:50 PM,Brisbane Lions,13,2,1917,475,Freo,goal,Luke Jackson,0,20,28
2024,R2,Sun 17-Mar-2024 3:50 PM,Brisbane Lions,14,2,1917,633,Freo,behind,Sam Switkowski,0,21,28
2024,R2,Sun 17-Mar-2024 3:50 PM,Brisbane Lions,15,2,1917,767,Freo,behind,James Aish,0,22,28
2024,R2,Sun 17-Mar-2024 3:50 PM,Brisbane Lions,16,2,1917,1064,Freo,goal,Josh Treacy,0,28,28
2024,R2,Sun 17-Mar-2024 3:50 PM,Brisbane Lions,17,2,1917,1379,Freo,goal,Michael Walters,0,34,28
2024,R2,Sun 17-Mar-2024 3:50 PM,Brisbane Lions,18,2,1917,1506,Freo,goal,Jye Amiss,0,40,28
2024,R2,Sun 17-Mar-2024 3:50 PM,Brisbane Lions,19,2,1917,1618,Opp,behind,Charlie Cameron,0,40,29
2024,R2,Sun 17-Mar-2024 3:50 PM,Brisbane Lions,20,2,1917,1716,Freo,behind,Nat Fyfe,0,41,29
2024,R2,Sun 17-Mar-2024 3:50 PM,Brisbane Lions,21,2,1917,1909,Freo,goal,Jye Amiss,0,47,29
2024,R2,Sun 17-Mar-2024 3:50 PM,Brisbane Lions,22,3,2225,151,Freo,behind,Sam Switkowski,0,48,29
2024,R2,Sun 17-Mar-2024 3:50 PM,Brisbane Lions,23,3,2225,368,Freo,goal,Brennan Cox,0,54,29
2024,R2,Sun 17-Mar-2024 3:50 PM,Brisbane Lions,24,3,2225,689,Freo,behind,Jye Amiss,0,55,29
2024,R2,Sun 17-Mar-2024 3:50 PM,Brisbane Lions,25,3,2225,873,Freo,behind,Matthew Johnson,0,56,29
2024,R2,Sun 17-Mar-2024 3:50 PM,Brisbane Lions,26,3,2225,918,Opp,goal,Joe Daniher,0,56,35
2024,R2,Sun 17-Mar-2024 3:50 PM,Brisbane Lions,27,3,2225,1308,Opp,behind,Kai Lohmann,0,56,36
2024,R2,Sun 17-Mar-2024 3:50 PM,Brisbane Lions,28,3,2225,1522,Freo,goal,Jye Amiss,0,62,36
2024,R2,Sun 17-Mar-2024 3:50 PM,Brisbane Lions,29,3,2225,1599,Freo,goal,Josh Treacy,0,68,36
2024,R2,Sun 17-Mar-2024 3:50 PM,Brisbane Lions,30,3,2225,1723,Opp,behind,Cam Rayner,0,68,37
2024,R2,Sun 17-Mar-2024 3:50 PM,Brisbane Lions,31,3,2225,1815,Freo,behind,,1,69,37
2024,R2,Sun 17-Mar-2024 3:50 PM,Brisbane Lions,32,3,2225,2106,Freo,goal,Josh Treacy,0,75,37
2024,R2,Sun 17-Mar-2024 3:50 PM,Brisbane Lions,33,4,2147,291,Opp,goal,Eric Hipwood,0,75,43
2024,R2,Sun 17-Mar-2024 3:50 PM,Brisbane Lions,34,4,2147,378,Opp,goal,Lincoln McCarthy,0,75,49
2024,R2,Sun 17-Mar-2024 3:50 PM,Brisbane Lions,35,4,2147,857,Opp,behind,Kai Lohmann,0,75,50
2024,R2,Sun 17-Mar-2024 3:50 PM,Brisbane Lions,36,4,2147,965,Opp,behind,Eric Hipwood,0,75,51
2024,R2,Sun 17-Mar-2024 3:50 PM,Brisbane Lions,37,4,2147,1075,Freo,goal,Jye Amiss,0,81,51
2024,R2,Sun 17-Mar-2024 3:50 PM,Brisbane Lions,38,4,2147,1149,Freo,goal,Michael Frederick,0,87,51
2024,R2,Sun 17-Mar-2024 3:50 PM,Brisbane Lions,39,4,2147,1278,Opp,behind,Charlie Cameron,0,87,52
2024,R2,Sun 17-Mar-2024 3:50 PM,Brisbane Lions,40,4,2147,1514,Opp,goal,Joe Daniher,0,87,58
2024,R2,Sun 17-Mar-2024 3:50 PM,Brisbane Lions,41,4,2147,1793,Opp,goal,Joe Daniher,0,87,64
2024,R2,Sun 17-Mar-2024 3:50 PM,Brisbane Lions,42,4,2147,1933,Freo,goal,Luke Jackson,0,93,64
2024,R2,Sun 17-Mar-2024 3:50 PM,Brisbane Lions,43,4,2147,2054,Opp,goal,Zac Bailey,0,93,70
2024,R3,Sat 23-Mar-2024 1:45 PM,North Melbourne,1,1,1813,50,Opp,goal,Paul Curtis,0,0,6
2024,R3,Sat 23-Mar-2024 1:45 PM,North Melbourne,2,1,1813,145,Freo,goal,Josh Treacy,0,6,6
2024,R3,Sat 23-Mar-2024 1:45 PM,North Melbourne,3,1,1813,679,Opp,behind,Paul Curtis,0,6,7
2024,R3,Sat 23-Mar-2024 1:45 PM,North Melbourne,4,1,1813,836,Opp,goal,Jaidyn Stephenson,0,6,13
2024,R3,Sat 23-Mar-2024 1:45 PM,North Melbourne,5,1,1813,980,Freo,behind,Matthew Taberner,0,7,13
2024,R3,Sat 23-Mar-2024 1:45 PM,North Melbourne,6,1,1813,1105,Opp,goal,Cameron Zurhaar,0,7,19
2024,R3,Sat 23-Mar-2024 1:45 PM,North Melbourne,7,1,1813,1248,Opp,goal,Nick Larkey,0,7,25
2024,R3,Sat 23-Mar-2024 1:45 PM,North Melbourne,8,1,1813,1809,Freo,goal,Michael Walters,0,13,25
2024,R3,Sat 23-Mar-2024 1:45 PM,North Melbourne,9,2,1807,95,Opp,goal,Paul Curtis,0,13,31
2024,R3,Sat 23-Mar-2024 1:45 PM,North Melbourne,10,2,1807,255,Opp,goal,Jy Simpkin,0,13,37
2024,R3,Sat 23-Mar-2024 1:45 PM,North Melbourne,11,2,1807,480,Opp,goal,Cameron Zurhaar,0,13,43
2024,R3,Sat 23-Mar-2024 1:45 PM,North Melbourne,12,2,1807,611,Freo,goal,Michael Frederick,0,19,43
2024,R3,Sat 23-Mar-2024 1:45 PM,North Melbourne,13,2,1807,708,Opp,goal,Tom Powell,0,19,49
2024,R3,Sat 23-Mar-2024 1:45 PM,North Melbourne,14,2,1807,809,Opp,behind,Jy Simpkin,0,19,50
2024,R3,Sat 23-Mar-2024 1:45 PM,North Melbourne,15,2,1807,1036,Opp,behind,Zane Duursma,0,19,51
2024,R3,Sat 23-Mar-2024 1:45 PM,North Melbourne,16,2,1807,1096,Opp,behind,Nick Larkey,0,19,52
2024,R3,Sat 23-Mar-2024 1:45 PM,North Melbourne,17,2,1807,1130,Freo,behind,Jeremy Sharp,0,20,52
2024,R3,Sat 23-Mar-2024 1:45 PM,North Melbourne,18,2,1807,1234,Freo,goal,Sam Switkowski,0,26,52
2024,R3,Sat 23-Mar-2024 1:45 PM,North Melbourne,19,2,1807,1320,Freo,behind,,1,27,52
2024,R3,Sat 23-Mar-2024 1:45 PM,North Melbourne,20,2,1807,1460,Freo,behind,Jye Amiss,0,28,52
2024,R3,Sat 23-Mar-2024 1:45 PM,North Melbourne,21,2,1807,1523,Freo,goal,Luke Jackson,0,34,52
2024,R3,Sat 23-Mar-2024 1:45 PM,North Melbourne,22,2,1807,1783,Freo,behind,Caleb Serong,0,35,52
2024,R3,Sat 23-Mar-2024 1:45 PM,North Melbourne,23,3,1850,252,Freo,behind,Caleb Serong,0,36,52
2024,R3,Sat 23-Mar-2024 1:45 PM,North Melbourne,24,3,1850,542,Freo,goal,Matthew Taberner,0,42,52
2024,R3,Sat 23-Mar-2024 1:45 PM,North Melbourne,25,3,1850,653,Freo,goal,Matthew Taberner,0,48,52
2024,R3,Sat 23-Mar-2024 1:45 PM,North Melbourne,26,3,1850,794,Freo,goal,Luke Jackson,0,54,52
2024,R3,Sat 23-Mar-2024 1:45 PM,North Melbourne,27,3,1850,865,Opp,behind,,1,54,53
2024,R3,Sat 23-Mar-2024 1:45 PM,North Melbourne,28,3,1850,931,Freo,behind,Jye Amiss,0,55,53
2024,R3,Sat 23-Mar-2024 1:45 PM,North Melbourne,29,3,1850,997,Freo,goal,Andrew Brayshaw,0,61,53
2024,R3,Sat 23-Mar-2024 1:45 PM,North Melbourne,30,3,1850,1071,Freo,behind,Michael Frederick,0,62,53
2024,R3,Sat 23-Mar-2024 1:45 PM,North Melbourne,31,3,1850,1142,Freo,goal,Michael Frederick,0,68,53
2024,R3,Sat 23-Mar-2024 1:45 PM,North Melbourne,32,3,1850,1227,Freo,behind,,1,69,53
2024,R3,Sat 23-Mar-2024 1:45 PM,North Melbourne,33,3,1850,1326,Freo,behind,Jye Amiss,0,70,53
2024,R3,Sat 23-Mar-2024 1:45 PM,North Melbourne,34,3,1850,1459,Freo,goal,Bailey Banfield,0,76,53
2024,R3,Sat 23-Mar-2024 1:45 PM,North Melbourne,35,3,1850,1546,Freo,goal,Nat Fyfe,0,82,53
2024,R3,Sat 23-Mar-2024 1:45 PM,North Melbourne,36,3,1850,1744,Opp,goal,George Wardlaw,0,82,59
2024,R3,Sat 23-Mar-2024 1:45 PM,North Melbourne,37,4,1853,18,Opp,behind,,1,82,60
2024,R3,Sat 23-Mar-2024 1:45 PM,North Melbourne,38,4,1853,156,Freo,behind,Michael Walters,0,83,60
2024,R3,Sat 23-Mar-2024 1:45 PM,North Melbourne,39,4,1853,261,Opp,behind,Eddie Ford,0,83,61
2024,R3,Sat 23-Mar-2024 1:45 PM,North Melbourne,40,4,1853,491,Opp,behind,,1,83,62
2024,R3,Sat 23-Mar-2024 1:45 PM,North Melbourne,41,4,1853,548,Freo,goal,Jye Amiss,0,89,62
2024,R3,Sat 23-Mar-2024 1:45 PM,North Melbourne,42,4,1853,705,Opp,behind,Zane Duursma,0,89,63
2024,R3,Sat 23-Mar-2024 1:45 PM,North Melbourne,43,4,1853,828,Opp,goal,Tom Powell,0,89,69
2024,R3,Sat 23-Mar-2024 1:45 PM,North Melbourne,44,4,1853,932,Opp,behind,Paul Curtis,0,89,70
2024,R3,Sat 23-Mar-2024 1:45 PM,North Melbourne,45,4,1853,1260,Freo,goal,Bailey Banfield,0,95,70
2024,R3,Sat 23-Mar-2024 1:45 PM,North Melbourne,46,4,1853,1495,Freo,goal,Jeremy Sharp,0,101,70
2024,R3,Sat 23-Mar-2024 1:45 PM,North Melbourne,47,4,1853,1576,Freo,behind,Jaeger OMeara,0,102,70
2024,R3,Sat 23-Mar-2024 1:45 PM,North Melbourne,48,4,1853,1764,Opp,goal,Bailey Scott,0,102,76
2024,R4,Fri 29-Mar-2024 4:30 PM,Adelaide,1,1,1683,157,Opp,goal,Ben Keays,0,0,6
2024,R4,Fri 29-Mar-2024 4:30 PM,Adelaide,2,1,1683,272,Freo,behind,Sam Switkowski,0,1,6
2024,R4,Fri 29-Mar-2024 4:30 PM,Adelaide,3,1,1683,339,Opp,behind,Chris Burgess,0,1,7
2024,R4,Fri 29-Mar-2024 4:30 PM,Adelaide,4,1,1683,431,Opp,behind,Darcy Fogarty,0,1,8
2024,R4,Fri 29-Mar-2024 4:30 PM,Adelaide,5,1,1683,474,Opp,behind,,1,1,9
2024,R4,Fri 29-Mar-2024 4:30 PM,Adelaide,6,1,1683,542,Freo,goal,Michael Walters,0,7,9
2024,R4,Fri 29-Mar-2024 4:30 PM,Adelaide,7,1,1683,694,Opp,goal,Ned McHenry,0,7,15
2024,R4,Fri 29-Mar-2024 4:30 PM,Adelaide,8,1,1683,960,Opp,behind,Taylor Walker,0,7,16
2024,R4,Fri 29-Mar-2024 4:30 PM,Adelaide,9,1,1683,1278,Freo,behind,Michael Walters,0,8,16
2024,R4,Fri 29-Mar-2024 4:30 PM,Adelaide,10,1,1683,1324,Opp,behind,,1,8,17
2024,R4,Fri 29-Mar-2024 4:30 PM,Adelaide,11,1,1683,1575,Freo,goal,Matthew Taberner,0,14,17
2024,R4,Fri 29-Mar-2024 4:30 PM,Adelaide,12,2,1784,117,Opp,goal,Chris Burgess,0,14,23
2024,R4,Fri 29-Mar-2024 4:30 PM,Adelaide,13,2,1784,531,Freo,behind,Michael Walters,0,15,23
2024,R4,Fri 29-Mar-2024 4:30 PM,Adelaide,14,2,1784,726,Freo,behind,Michael Walters,0,16,23
2024,R4,Fri 29-Mar-2024 4:30 PM,Adelaide,15,2,1784,1041,Freo,behind,Jye Amiss,0,17,23
2024,R4,Fri 29-Mar-2024 4:30 PM,Adelaide,16,2,1784,1108,Freo,behind,,1,18,23
2024,R4,Fri 29-Mar-2024 4:30 PM,Adelaide,17,2,1784,1162,Freo,goal,Michael Walters,0,24,23
2024,R4,Fri 29-Mar-2024 4:30 PM,Adelaide,18,2,1784,1484,Freo,behind,Bailey Banfield,0,25,23
2024,R4,Fri 29-Mar-2024 4:30 PM,Adelaide,19,2,1784,1605,Freo,goal,Jye Amiss,0,31,23
2024,R4,Fri 29-Mar-2024 4:30 PM,Adelaide,20,3,1769,490,Opp,behind,Chris Burgess,0,31,24
2024,R4,Fri 29-Mar-2024 4:30 PM,Adelaide,21,3,1769,552,Opp,goal,Lachlan Sholl,0,31,30
2024,R4,Fri 29-Mar-2024 4:30 PM,Adelaide,22,3,1769,730,Freo,behind,,1,32,30
2024,R4,Fri 29-Mar-2024 4:30 PM,Adelaide,23,3,1769,812,Freo,behind,,1,33,30
2024,R4,Fri 29-Mar-2024 4:30 PM,Adelaide,24,3,1769,827,Freo,goal,Jye Amiss,0,39,30
2024,R4,Fri 29-Mar-2024 4:30 PM,Adelaide,25,3,1769,941,Opp,behind,Josh Rachele,0,39,31
2024,R4,Fri 29-Mar-2024 4:30 PM,Adelaide,26,3,1769,1202,Freo,behind,Michael Frederick,0,40,31
2024,R4,Fri 29-Mar-2024 4:30 PM,Adelaide,27,3,1769,1354,Freo,behind,Michael Walters,0,41,31
2024,R4,Fri 29-Mar-2024 4:30 PM,Adelaide,28,3,1769,1454,Opp,behind,Ben Keays,0,41,32
2024,R4,Fri 29-Mar-2024 4:30 PM,Adelaide,29,3,1769,1515,Freo,behind,Matthew Taberner,0,42,32
2024,R4,Fri 29-Mar-2024 4:30 PM,Adelaide,30,4,1735,184,Opp,behind,Darcy Fogarty,0,42,33
2024,R4,Fri 29-Mar-2024 4:30 PM,Adelaide,31,4,1735,366,Opp,behind,Jake Soligo,0,42,34
2024,R4,Fri 29-Mar-2024 4:30 PM,Adelaide,32,4,1735,471,Freo,goal,Bailey Banfield,0,48,34
2024,R4,Fri 29-Mar-2024 4:30 PM,Adelaide,33,4,1735,554,Freo,behind,Jye Amiss,0,49,34
2024,R4,Fri 29-Mar-2024 4:30 PM,Adelaide,34,4,1735,890,Freo,goal,Josh Treacy,0,55,34
2024,R4,Fri 29-Mar-2024 4:30 PM,Adelaide,35,4,1735,1190,Freo,goal,Matthew Taberner,0,61,34
2024,R4,Fri 29-Mar-2024 4:30 PM,Adelaide,36,4,1735,1380,Freo,goal,Michael Frederick,0,67,34
2024,R4,Fri 29-Mar-2024 4:30 PM,Adelaide,37,4,1735,1627,Freo,behind,Jaeger OMeara,0,68,34
2024,R4,Fri 29-Mar-2024 4:30 PM,Adelaide,38,4,1735,1729,Freo,behind,Michael Frederick,0,69,34
2024,R5,Sat 06-Apr-2024 3:50 PM,Carlton,1,1,1720,86,Freo,behind,Michael Frederick,0,1,0
2024,R5,Sat 06-Apr-2024 3:50 PM,Carlton,2,1,1720,236,Freo,behind,Josh Treacy,0,2,0
2024,R5,Sat 06-Apr-2024 3:50 PM,Carlton,3,1,1720,392,Opp,goal,Adam Cerra,0,2,6
2024,R5,Sat 06-Apr-2024 3:50 PM,Carlton,4,1,1720,570,Freo,goal,Tom Emmett,0,8,6
2024,R5,Sat 06-Apr-2024 3:50 PM,Carlton,5,1,1720,885,Freo,goal,Bailey Banfield,0,14,6
2024,R5,Sat 06-Apr-2024 3:50 PM,Carlton,6,1,1720,1214,Opp,behind,Matthew Cottrell,0,14,7
2024,R5,Sat 06-Apr-2024 3:50 PM,Carlton,7,1,1720,1567,Opp,goal,Patrick Cripps,0,14,13
2024,R5,Sat 06-Apr-2024 3:50 PM,Carlton,8,2,1739,368,Freo,goal,Jye Amiss,0,20,13
2024,R5,Sat 06-Apr-2024 3:50 PM,Carlton,9,2,1739,498,Opp,behind,Harry McKay,0,20,14
2024,R5,Sat 06-Apr-2024 3:50 PM,Carlton,10,2,1739,763,Freo,goal,Matthew Taberner,0,26,14
2024,R5,Sat 06-Apr-2024 3:50 PM,Carlton,11,2,1739,1047,Opp,goal,Matthew Cottrell,0,26,20
2024,R5,Sat 06-Apr-2024 3:50 PM,Carlton,12,2,1739,1402,Opp,behind,Harry McKay,0,26,21
2024,R5,Sat 06-Apr-2024 3:50 PM,Carlton,13,2,1739,1514,Opp,behind,Patrick Cripps,0,26,22
2024,R5,Sat 06-Apr-2024 3:50 PM,Carlton,14,2,1739,1549,Opp,behind,Tom De Koning,0,26,23
2024,R5,Sat 06-Apr-2024 3:50 PM,Carlton,15,3,2059,125,Opp,behind,Charlie Curnow,0,26,24
2024,R5,Sat 06-Apr-2024 3:50 PM,Carlton,16,3,2059,253,Opp,behind,,1,26,25
2024,R5,Sat 06-Apr-2024 3:50 PM,Carlton,17,3,2059,337,Opp,behind,Matthew Cottrell,0,26,26
2024,R5,Sat 06-Apr-2024 3:50 PM,Carlton,18,3,2059,382,Freo,goal,Sam Switkowski,0,32,26
2024,R5,Sat 06-Apr-2024 3:50 PM,Carlton,19,3,2059,607,Opp,goal,Charlie Curnow,0,32,32
2024,R5,Sat 06-Apr-2024 3:50 PM,Carlton,20,3,2059,850,Freo,behind,Matthew Johnson,0,33,32
2024,R5,Sat 06-Apr-2024 3:50 PM,Carlton,21,3,2059,947,Opp,goal,Charlie Curnow,0,33,38
2024,R5,Sat 06-Apr-2024 3:50 PM,Carlton,22,3,2059,1038,Freo,behind,Tom Emmett,0,34,38
2024,R5,Sat 06-Apr-2024 3:50 PM,Carlton,23,3,2059,1252,Freo,goal,Tom Emmett,0,40,38
2024,R5,Sat 06-Apr-2024 3:50 PM,Carlton,24,3,2059,1443,Opp,behind,Adam Cerra,0,40,39
2024,R5,Sat 06-Apr-2024 3:50 PM,Carlton,25,3,2059,1553,Freo,goal,Josh Treacy,0,46,39
2024,R5,Sat 06-Apr-2024 3:50 PM,Carlton,26,3,2059,1638,Opp,behind,Adam Cerra,0,46,40
2024,R5,Sat 06-Apr-2024 3:50 PM,Carlton,27,3,2059,1811,Freo,behind,Nat Fyfe,0,47,40
2024,R5,Sat 06-Apr-2024 3:50 PM,Carlton,28,3,2059,1944,Freo,behind,James Aish,0,48,40
2024,R5,Sat 06-Apr-2024 3:50 PM,Carlton,29,3,2059,2030,Freo,behind,,1,49,40
2024,R5,Sat 06-Apr-2024 3:50 PM,Carlton,30,4,1915,110,Freo,behind,Jye Amiss,0,50,40
2024,R5,Sat 06-Apr-2024 3:50 PM,Carlton,31,4,1915,218,Opp,goal,Matthew Owies,0,50,46
2024,R5,Sat 06-Apr-2024 3:50 PM,Carlton,32,4,1915,344,Freo,behind,Josh Treacy,0,51,46
2024,R5,Sat 06-Apr-2024 3:50 PM,Carlton,33,4,1915,417,Opp,behind,Blake Acres,0,51,47
2024,R5,Sat 06-Apr-2024 3:50 PM,Carlton,34,4,1915,801,Opp,behind,Jack Carroll,0,51,48
2024,R5,Sat 06-Apr-2024 3:50 PM,Carlton,35,4,1915,1036,Opp,goal,Matthew Kennedy,0,51,54
2024,R5,Sat 06-Apr-2024 3:50 PM,Carlton,36,4,1915,1151,Freo,goal,Jeremy Sharp,0,57,54
2024,R5,Sat 06-Apr-2024 3:50 PM,Carlton,37,4,1915,1334,Freo,goal,Michael Walters,0,63,54
2024,R5,Sat 06-Apr-2024 3:50 PM,Carlton,38,4,1915,1473,Opp,behind,Charlie Curnow,0,63,55
2024,R5,Sat 06-Apr-2024 3:50 PM,Carlton,39,4,1915,1557,Opp,goal,Charlie Curnow,0,63,61
2024,R5,Sat 06-Apr-2024 3:50 PM,Carlton,40,4,1915,1740,Opp,goal,Matthew Cottrell,0,63,67
2024,R5,Sat 06-Apr-2024 3:50 PM,Carlton,41,4,1915,1832,Opp,goal,Matthew Kennedy,0,63,73
2024,R6,Sat 13-Apr-2024 7:00 PM,Port Adelaide,1,1,1812,536,Freo,behind,,1,1,0
2024,R6,Sat 13-Apr-2024 7:00 PM,Port Adelaide,2,1,1812,639,Opp,behind,Sam Powell-Pepper,0,1,1
2024,R6,Sat 13-Apr-2024 7:00 PM,Port Adelaide,3,1,1812,698,Freo,behind,Andrew Brayshaw,0,2,1
2024,R6,Sat 13-Apr-2024 7:00 PM,Port Adelaide,4,1,1812,771,Freo,goal,Jye Amiss,0,8,1
2024,R6,Sat 13-Apr-2024 7:00 PM,Port Adelaide,5,1,1812,1076,Opp,goal,Mitch Georgiades,0,8,7
2024,R6,Sat 13-Apr-2024 7:00 PM,Port Adelaide,6,1,1812,1203,Freo,goal,Bailey Banfield,0,14,7
2024,R6,Sat 13-Apr-2024 7:00 PM,Port Adelaide,7,1,1812,1359,Opp,behind,Darcy Byrne-Jones,0,14,8
2024,R6,Sat 13-Apr-2024 7:00 PM,Port Adelaide,8,1,1812,1433,Opp,goal,Mitch Georgiades,0,14,14
2024,R6,Sat 13-Apr-2024 7:00 PM,Port Adelaide,9,1,1812,1552,Opp,goal,Todd Marshall,0,14,20
2024,R6,Sat 13-Apr-2024 7:00 PM,Port Adelaide,10,1,1812,1679,Opp,behind,Zak Butters,0,14,21
2024,R6,Sat 13-Apr-2024 7:00 PM,Port Adelaide,11,2,1743,125,Opp,goal,Charlie Dixon,0,14,27
2024,R6,Sat 13-Apr-2024 7:00 PM,Port Adelaide,12,2,1743,234,Freo,behind,Jordan Clark,0,15,27
2024,R6,Sat 13-Apr-2024 7:00 PM,Port Adelaide,13,2,1743,544,Freo,behind,,1,16,27
2024,R6,Sat 13-Apr-2024 7:00 PM,Port Adelaide,14,2,1743,724,Freo,goal,Josh Treacy,0,22,27
2024,R6,Sat 13-Apr-2024 7:00 PM,Port Adelaide,15,2,1743,861,Freo,goal,Josh Treacy,0,28,27
2024,R6,Sat 13-Apr-2024 7:00 PM,Port Adelaide,16,2,1743,1020,Freo,goal,Josh Treacy,0,34,27
2024,R6,Sat 13-Apr-2024 7:00 PM,Port Adelaide,17,2,1743,1540,Freo,behind,,1,35,27
2024,R6,Sat 13-Apr-2024 7:00 PM,Port Adelaide,18,2,1743,1665,Opp,behind,Connor Rozee,0,35,28
2024,R6,Sat 13-Apr-2024 7:00 PM,Port Adelaide,19,2,1743,1699,Opp,behind,Jed McEntee,0,35,29
2024,R6,Sat 13-Apr-2024 7:00 PM,Port Adelaide,20,3,1893,284,Opp,behind,Sam Powell-Pepper,0,35,30
2024,R6,Sat 13-Apr-2024 7:00 PM,Port Adelaide,21,3,1893,322,Opp,behind,Ryan Burton,0,35,31
2024,R6,Sat 13-Apr-2024 7:00 PM,Port Adelaide,22,3,1893,903,Opp,goal,Miles Bergman,0,35,37
2024,R6,Sat 13-Apr-2024 7:00 PM,Port Adelaide,23,3,1893,1193,Freo,goal,Tom Emmett,0,41,37
2024,R6,Sat 13-Apr-2024 7:00 PM,Port Adelaide,24,3,1893,1308,Freo,goal,Matthew Taberner,0,47,37
2024,R6,Sat 13-Apr-2024 7:00 PM,Port Adelaide,25,3,1893,1454,Opp,behind,Miles Bergman,0,47,38
2024,R6,Sat 13-Apr-2024 7:00 PM,Port Adelaide,26,3,1893,1599,Freo,behind,Sam Switkowski,0,48,38
2024,R6,Sat 13-Apr-2024 7:00 PM,Port Adelaide,27,3,1893,1654,Opp,goal,Willie Rioli,0,48,44
2024,R6,Sat 13-Apr-2024 7:00 PM,Port Adelaide,28,3,1893,1799,Freo,behind,Jaeger OMeara,0,49,44
2024,R6,Sat 13-Apr-2024 7:00 PM,Port Adelaide,29,3,1893,1841,Opp,behind,,1,49,45
2024,R6,Sat 13-Apr-2024 7:00 PM,Port Adelaide,30,4,1997,284,Freo,goal,Jye Amiss,0,55,45
2024,R6,Sat 13-Apr-2024 7:00 PM,Port Adelaide,31,4,1997,384,Opp,goal,Zak Butters,0,55,51
2024,R6,Sat 13-Apr-2024 7:00 PM,Port Adelaide,32,4,1997,503,Freo,behind,,1,56,51
2024,R6,Sat 13-Apr-2024 7:00 PM,Port Adelaide,33,4,1997,652,Opp,behind,Mitch Georgiades,0,56,52
2024,R6,Sat 13-Apr-2024 7:00 PM,Port Adelaide,34,4,1997,858,Opp,behind,Ollie Wines,0,56,53
2024,R6,Sat 13-Apr-2024 7:00 PM,Port Adelaide,35,4,1997,1281,Freo,goal,Andrew Brayshaw,0,62,53
2024,R6,Sat 13-Apr-2024 7:00 PM,Port Adelaide,36,4,1997,1479,Opp,behind,Miles Bergman,0,62,54
2024,R6,Sat 13-Apr-2024 7:00 PM,Port Adelaide,37,4,1997,1536,Opp,goal,Charlie Dixon,0,62,60
2024,R6,Sat 13-Apr-2024 7:00 PM,Port Adelaide,38,4,1997,1636,Opp,goal,Jason Horne-Francis,0,62,66
2024,R6,Sat 13-Apr-2024 7:00 PM,Port Adelaide,39,4,1997,1832,Freo,behind,Caleb Serong,0,63,66
2024,R7,Sat 20-Apr-2024 6:10 PM,West Coast,1,1,1714,36,Freo,behind,Bailey Banfield,0,1,0
2024,R7,Sat 20-Apr-2024 6:10 PM,West Coast,2,1,1714,104,Opp,goal,Elliot Yeo,0,1,6
2024,R7,Sat 20-Apr-2024 6:10 PM,West Coast,3,1,1714,371,Opp,behind,Bailey Williams,0,1,7
2024,R7,Sat 20-Apr-2024 6:10 PM,West Coast,4,1,1714,450,Freo,behind,Josh Treacy,0,2,7
2024,R7,Sat 20-Apr-2024 6:10 PM,West Coast,5,1,1714,741,Freo,behind,Bailey Banfield,0,3,7
2024,R7,Sat 20-Apr-2024 6:10 PM,West Coast,6,1,1714,1362,Opp,goal,Harley Reid,0,3,13
2024,R7,Sat 20-Apr-2024 6:10 PM,West Coast,7,1,1714,1552,Opp,goal,Jake Waterman,0,3,19
2024,R7,Sat 20-Apr-2024 6:10 PM,West Coast,8,1,1714,1712,Opp,goal,Harley Reid,0,3,25
2024,R7,Sat 20-Apr-2024 6:10 PM,West Coast,9,2,1839,14,Opp,behind,Harley Reid,0,3,26
2024,R7,Sat 20-Apr-2024 6:10 PM,West Coast,10,2,1839,72,Opp,goal,Jack Williams,0,3,32
2024,R7,Sat 20-Apr-2024 6:10 PM,West Coast,11,2,1839,202,Opp,goal,Noah Long,0,3,38
2024,R7,Sat 20-Apr-2024 6:10 PM,West Coast,12,2,1839,358,Opp,behind,Jeremy McGovern,0,3,39
2024,R7,Sat 20-Apr-2024 6:10 PM,West Coast,13,2,1839,396,Opp,goal,Jake Waterman,0,3,45
2024,R7,Sat 20-Apr-2024 6:10 PM,West Coast,14,2,1839,584,Opp,behind,Jake Waterman,0,3,46
2024,R7,Sat 20-Apr-2024 6:10 PM,West Coast,15,2,1839,877,Freo,goal,Luke Jackson,0,9,46
2024,R7,Sat 20-Apr-2024 6:10 PM,West Coast,16,2,1839,1112,Opp,goal,Jake Waterman,0,9,52
2024,R7,Sat 20-Apr-2024 6:10 PM,West Coast,17,2,1839,1303,Freo,goal,Sam Sturt,0,15,52
2024,R7,Sat 20-Apr-2024 6:10 PM,West Coast,18,2,1839,1490,Freo,goal,Tom Emmett,0,21,52
2024,R7,Sat 20-Apr-2024 6:10 PM,West Coast,19,2,1839,1628,Opp,goal,Jake Waterman,0,21,58
2024,R7,Sat 20-Apr-2024 6:10 PM,West Coast,20,3,1772,55,Opp,behind,Tim Kelly,0,21,59
2024,R7,Sat 20-Apr-2024 6:10 PM,West Coast,21,3,1772,246,Freo,goal,Jeremy Sharp,0,27,59
2024,R7,Sat 20-Apr-2024 6:10 PM,West Coast,22,3,1772,395,Freo,behind,Bailey Banfield,0,28,59
2024,R7,Sat 20-Apr-2024 6:10 PM,West Coast,23,3,1772,503,Opp,goal,Jack Darling,0,28,65
2024,R7,Sat 20-Apr-2024 6:10 PM,West Coast,24,3,1772,730,Freo,behind,Bailey Banfield,0,29,65
2024,R7,Sat 20-Apr-2024 6:10 PM,West Coast,25,3,1772,801,Opp,goal,Jamie Cripps,0,29,71
2024,R7,Sat 20-Apr-2024 6:10 PM,West Coast,26,3,1772,913,Opp,behind,Elliot Yeo,0,29,72
2024,R7,Sat 20-Apr-2024 6:10 PM,West Coast,27,3,1772,983,Opp,behind,Jake Waterman,0,29,73
2024,R7,Sat 20-Apr-2024 6:10 PM,West Coast,28,3,1772,1212,Opp,behind,Jack Petruccelle,0,29,74
2024,R7,Sat 20-Apr-2024 6:10 PM,West Coast,29,3,1772,1382,Opp,goal,Harley Reid,0,29,80
2024,R7,Sat 20-Apr-2024 6:10 PM,West Coast,30,3,1772,1562,Opp,behind,Jack Darling,0,29,81
2024,R7,Sat 20-Apr-2024 6:10 PM,West Coast,31,3,1772,1654,Opp,goal,Campbell Chesser,0,29,87
2024,R7,Sat 20-Apr-2024 6:10 PM,West Coast,32,3,1772,1769,Opp,goal,Ryan Maric,0,29,93
2024,R7,Sat 20-Apr-2024 6:10 PM,West Coast,33,4,1902,158,Freo,goal,Josh Treacy,0,35,93
2024,R7,Sat 20-Apr-2024 6:10 PM,West Coast,34,4,1902,266,Freo,goal,Michael Walters,0,41,93
2024,R7,Sat 20-Apr-2024 6:10 PM,West Coast,35,4,1902,331,Freo,behind,Luke Jackson,0,42,93
2024,R7,Sat 20-Apr-2024 6:10 PM,West Coast,36,4,1902,437,Freo,goal,Josh Treacy,0,48,93
2024,R7,Sat 20-Apr-2024 6:10 PM,West Coast,37,4,1902,560,Freo,goal,Sam Sturt,0,54,93
2024,R7,Sat 20-Apr-2024 6:10 PM,West Coast,38,4,1902,685,Opp,goal,Jake Waterman,0,54,99
2024,R7,Sat 20-Apr-2024 6:10 PM,West Coast,39,4,1902,953,Opp,goal,Jack Darling,0,54,105
2024,R7,Sat 20-Apr-2024 6:10 PM,West Coast,40,4,1902,1236,Freo,goal,Matthew Johnson,0,60,105
2024,R7,Sat 20-Apr-2024 6:10 PM,West Coast,41,4,1902,1586,Freo,behind,,1,61,105
2024,R7,Sat 20-Apr-2024 6:10 PM,West Coast,42,4,1902,1686,Freo,behind,,1,62,105
2024,R7,Sat 20-Apr-2024 6:10 PM,West Coast,43,4,1902,1757,Freo,goal,Luke Jackson,0,68,105
2024,R8,Sat 27-Apr-2024 5:40 PM,Western Bulldogs,1,1,2006,110,Freo,goal,Luke Jackson,0,6,0
2024,R8,Sat 27-Apr-2024 5:40 PM,Western Bulldogs,2,1,2006,185,Opp,behind,Laitham Vandermeer,0,6,1
2024,R8,Sat 27-Apr-2024 5:40 PM,Western Bulldogs,3,1,2006,698,Freo,behind,Michael Walters,0,7,1
2024,R8,Sat 27-Apr-2024 5:40 PM,Western Bulldogs,4,1,2006,852,Opp,behind,Marcus Bontempelli,0,7,2
2024,R8,Sat 27-Apr-2024 5:40 PM,Western Bulldogs,5,1,2006,909,Freo,goal,Hayden Young,0,13,2
2024,R8,Sat 27-Apr-2024 5:40 PM,Western Bulldogs,6,1,2006,1025,Freo,behind,Bailey Banfield,0,14,2
2024,R8,Sat 27-Apr-2024 5:40 PM,Western Bulldogs,7,1,2006,1195,Opp,goal,Rhylee West,0,14,8
2024,R8,Sat 27-Apr-2024 5:40 PM,Western Bulldogs,8,1,2006,1320,Freo,goal,Bailey Banfield,0,20,8
2024,R8,Sat 27-Apr-2024 5:40 PM,Western Bulldogs,9,1,2006,1428,Freo,behind,Luke Jackson,0,21,8
2024,R8,Sat 27-Apr-2024 5:40 PM,Western Bulldogs,10,1,2006,1468,Opp,goal,Aaron Naughton,0,21,14
2024,R8,Sat 27-Apr-2024 5:40 PM,Western Bulldogs,11,1,2006,1592,Opp,goal,Tim English,0,21,20
2024,R8,Sat 27-Apr-2024 5:40 PM,Western Bulldogs,12,1,2006,1703,Freo,behind,Nat Fyfe,0,22,20
2024,R8,Sat 27-Apr-2024 5:40 PM,Western Bulldogs,13,1,2006,2002,Freo,goal,Josh Treacy,0,28,20
2024,R8,Sat 27-Apr-2024 5:40 PM,Western Bulldogs,14,2,1752,355,Opp,goal,Bailey Dale,0,28,26
2024,R8,Sat 27-Apr-2024 5:40 PM,Western Bulldogs,15,2,1752,424,Opp,goal,Sam Darcy,0,28,32
2024,R8,Sat 27-Apr-2024 5:40 PM,Western Bulldogs,16,2,1752,718,Freo,behind,Andrew Brayshaw,0,29,32
2024,R8,Sat 27-Apr-2024 5:40 PM,Western Bulldogs,17,2,1752,755,Freo,goal,Michael Frederick,0,35,32
2024,R8,Sat 27-Apr-2024 5:40 PM,Western Bulldogs,18,2,1752,835,Opp,goal,Laitham Vandermeer,0,35,38
2024,R8,Sat 27-Apr-2024 5:40 PM,Western Bulldogs,19,2,1752,947,Freo,goal,Patrick Voss,0,41,38
2024,R8,Sat 27-Apr-2024 5:40 PM,Western Bulldogs,20,2,1752,1104,Freo,goal,Josh Treacy,0,47,38
2024,R8,Sat 27-Apr-2024 5:40 PM,Western Bulldogs,21,2,1752,1327,Opp,goal,Bailey Dale,0,47,44
2024,R8,Sat 27-Apr-2024 5:40 PM,Western Bulldogs,22,2,1752,1522,Opp,behind,Jason Johannisen,0,47,45
2024,R8,Sat 27-Apr-2024 5:40 PM,Western Bulldogs,23,2,1752,1618,Freo,behind,Jeremy Sharp,0,48,45
2024,R8,Sat 27-Apr-2024 5:40 PM,Western Bulldogs,24,3,1777,108,Freo,goal,Luke Jackson,0,54,45
2024,R8,Sat 27-Apr-2024 5:40 PM,Western Bulldogs,25,3,1777,205,Freo,behind,Andrew Brayshaw,0,55,45
2024,R8,Sat 27-Apr-2024 5:40 PM,Western Bulldogs,26,3,1777,300,Opp,behind,Adam Treloar,0,55,46
2024,R8,Sat 27-Apr-2024 5:40 PM,Western Bulldogs,27,3,1777,388,Opp,behind,Adam Treloar,0,55,47
2024,R8,Sat 27-Apr-2024 5:40 PM,Western Bulldogs,28,3,1777,510,Opp,behind,Tim English,0,55,48
2024,R8,Sat 27-Apr-2024 5:40 PM,Western Bulldogs,29,3,1777,573,Opp,behind,,1,55,49
2024,R8,Sat 27-Apr-2024 5:40 PM,Western Bulldogs,30,3,1777,655,Opp,goal,Sam Darcy,0,55,55
2024,R8,Sat 27-Apr-2024 5:40 PM,Western Bulldogs,31,3,1777,792,Freo,goal,Josh Treacy,0,61,55
2024,R8,Sat 27-Apr-2024 5:40 PM,Western Bulldogs,32,3,1777,900,Freo,behind,Jordan Clark,0,62,55
2024,R8,Sat 27-Apr-2024 5:40 PM,Western Bulldogs,33,3,1777,1067,Opp,behind,Sam Darcy,0,62,56
2024,R8,Sat 27-Apr-2024 5:40 PM,Western Bulldogs,34,3,1777,1170,Freo,goal,Nat Fyfe,0,68,56
2024,R8,Sat 27-Apr-2024 5:40 PM,Western Bulldogs,35,3,1777,1299,Freo,behind,Matthew Johnson,0,69,56
2024,R8,Sat 27-Apr-2024 5:40 PM,Western Bulldogs,36,3,1777,1551,Opp,behind,Marcus Bontempelli,0,69,57
2024,R8,Sat 27-Apr-2024 5:40 PM,Western Bulldogs,37,3,1777,1577,Opp,behind,Riley Garcia,0,69,58
2024,R8,Sat 27-Apr-2024 5:40 PM,Western Bulldogs,38,3,1777,1775,Opp,goal,Sam Darcy,0,69,64
2024,R8,Sat 27-Apr-2024 5:40 PM,Western Bulldogs,39,4,1860,165,Freo,goal,Michael Frederick,0,75,64
2024,R8,Sat 27-Apr-2024 5:40 PM,Western Bulldogs,40,4,1860,267,Opp,behind,Tim English,0,75,65
2024,R8,Sat 27-Apr-2024 5:40 PM,Western Bulldogs,41,4,1860,493,Opp,goal,Aaron Naughton,0,75,71
2024,R8,Sat 27-Apr-2024 5:40 PM,Western Bulldogs,42,4,1860,756,Freo,behind,Luke Jackson,0,76,71
2024,R8,Sat 27-Apr-2024 5:40 PM,Western Bulldogs,43,4,1860,869,Freo,behind,Patrick Voss,0,77,71
2024,R8,Sat 27-Apr-2024 5:40 PM,Western Bulldogs,44,4,1860,1334,Freo,goal,Bailey Banfield,0,83,71
2024,R8,Sat 27-Apr-2024 5:40 PM,Western Bulldogs,45,4,1860,1615,Freo,goal,Bailey Banfield,0,89,71
2024,R8,Sat 27-Apr-2024 5:40 PM,Western Bulldogs,46,4,1860,1746,Freo,goal,Michael Walters,0,95,71
2024,R9,Sun 05-May-2024 1:00 PM,Richmond,1,1,1612,27,Freo,behind,,1,1,0
2024,R9,Sun 05-May-2024 1:00 PM,Richmond,2,1,1612,144,Opp,goal,Mykelti Lefau,0,1,6
2024,R9,Sun 05-May-2024 1:00 PM,Richmond,3,1,1612,470,Opp,behind,,1,1,7
2024,R9,Sun 05-May-2024 1:00 PM,Richmond,4,1,1612,639,Freo,goal,Sean Darcy,0,7,7
2024,R9,Sun 05-May-2024 1:00 PM,Richmond,5,1,1612,898,Freo,behind,Matthew Johnson,0,8,7
2024,R9,Sun 05-May-2024 1:00 PM,Richmond,6,1,1612,981,Freo,goal,Jye Amiss,0,14,7
2024,R9,Sun 05-May-2024 1:00 PM,Richmond,7,1,1612,1047,Freo,behind,Jye Amiss,0,15,7
2024,R9,Sun 05-May-2024 1:00 PM,Richmond,8,1,1612,1112,Opp,behind,Mykelti Lefau,0,15,8
2024,R9,Sun 05-May-2024 1:00 PM,Richmond,9,1,1612,1263,Opp,behind,Toby Nankervis,0,15,9
2024,R9,Sun 05-May-2024 1:00 PM,Richmond,10,1,1612,1332,Freo,behind,Andrew Brayshaw,0,16,9
2024,R9,Sun 05-May-2024 1:00 PM,Richmond,11,1,1612,1458,Freo,goal,Michael Walters,0,22,9
2024,R9,Sun 05-May-2024 1:00 PM,Richmond,12,2,1610,40,Opp,behind,Hugo Ralphsmith,0,22,10
2024,R9,Sun 05-May-2024 1:00 PM,Richmond,13,2,1610,189,Opp,behind,Nathan Broad,0,22,11
2024,R9,Sun 05-May-2024 1:00 PM,Richmond,14,2,1610,293,Opp,behind,Dustin Martin,0,22,12
2024,R9,Sun 05-May-2024 1:00 PM,Richmond,15,2,1610,446,Freo,behind,Luke Jackson,0,23,12
2024,R9,Sun 05-May-2024 1:00 PM,Richmond,16,2,1610,508,Freo,behind,,1,24,12
2024,R9,Sun 05-May-2024 1:00 PM,Richmond,17,2,1610,823,Freo,goal,Josh Treacy,0,30,12
2024,R9,Sun 05-May-2024 1:00 PM,Richmond,18,2,1610,945,Freo,behind,Tom Emmett,0,31,12
2024,R9,Sun 05-May-2024 1:00 PM,Richmond,19,2,1610,1130,Freo,goal,Jeremy Sharp,0,37,12
2024,R9,Sun 05-May-2024 1:00 PM,Richmond,20,2,1610,1200,Freo,behind,Luke Jackson,0,38,12
2024,R9,Sun 05-May-2024 1:00 PM,Richmond,21,2,1610,1396,Opp,behind,Hugo Ralphsmith,0,38,13
2024,R9,Sun 05-May-2024 1:00 PM,Richmond,22,2,1610,1604,Freo,goal,Sean Darcy,0,44,13
2024,R9,Sun 05-May-2024 1:00 PM,Richmond,23,3,1630,116,Freo,goal,Michael Frederick,0,50,13
2024,R9,Sun 05-May-2024 1:00 PM,Richmond,24,3,1630,270,Opp,goal,Hugo Ralphsmith,0,50,19
2024,R9,Sun 05-May-2024 1:00 PM,Richmond,25,3,1630,358,Opp,behind,Seth Campbell,0,50,20
2024,R9,Sun 05-May-2024 1:00 PM,Richmond,26,3,1630,422,Opp,goal,Tyler Sonsie,0,50,26
2024,R9,Sun 05-May-2024 1:00 PM,Richmond,27,3,1630,633,Freo,behind,Jeremy Sharp,0,51,26
2024,R9,Sun 05-May-2024 1:00 PM,Richmond,28,3,1630,782,Opp,goal,Mykelti Lefau,0,51,32
2024,R9,Sun 05-May-2024 1:00 PM,Richmond,29,3,1630,1015,Opp,behind,Tom Brown,0,51,33
2024,R9,Sun 05-May-2024 1:00 PM,Richmond,30,3,1630,1078,Freo,goal,Matthew Johnson,0,57,33
2024,R9,Sun 05-May-2024 1:00 PM,Richmond,31,3,1630,1269,Freo,behind,Michael Walters,0,58,33
2024,R9,Sun 05-May-2024 1:00 PM,Richmond,32,3,1630,1327,Opp,behind,,1,58,34
2024,R9,Sun 05-May-2024 1:00 PM,Richmond,33,3,1630,1478,Opp,behind,Rhyan Mansell,0,58,35
2024,R9,Sun 05-May-2024 1:00 PM,Richmond,34,3,1630,1555,Freo,behind,Michael Frederick,0,59,35
2024,R9,Sun 05-May-2024 1:00 PM,Richmond,35,4,1937,60,Freo,behind,,1,60,35
2024,R9,Sun 05-May-2024 1:00 PM,Richmond,36,4,1937,222,Freo,goal,Josh Treacy,0,66,35
2024,R9,Sun 05-May-2024 1:00 PM,Richmond,37,4,1937,336,Freo,goal,Josh Treacy,0,72,35
2024,R9,Sun 05-May-2024 1:00 PM,Richmond,38,4,1937,427,Opp,goal,Rhyan Mansell,0,72,41
2024,R9,Sun 05-May-2024 1:00 PM,Richmond,39,4,1937,700,Freo,goal,Josh Treacy,0,78,41
2024,R9,Sun 05-May-2024 1:00 PM,Richmond,40,4,1937,810,Opp,behind,,1,78,42
2024,R9,Sun 05-May-2024 1:00 PM,Richmond,41,4,1937,941,Freo,goal,Bailey Banfield,0,84,42
2024,R9,Sun 05-May-2024 1:00 PM,Richmond,42,4,1937,1046,Opp,behind,Shai Bolton,0,84,43
2024,R9,Sun 05-May-2024 1:00 PM,Richmond,43,4,1937,1457,Opp,goal,Kamdyn McIntosh,0,84,49
2024,R9,Sun 05-May-2024 1:00 PM,Richmond,44,4,1937,1550,Freo,goal,Hayden Young,0,90,49
2024,R9,Sun 05-May-2024 1:00 PM,Richmond,45,4,1937,1727,Freo,goal,Hayden Young,0,96,49
2024,R9,Sun 05-May-2024 1:00 PM,Richmond,46,4,1937,1848,Freo,behind,,1,97,49
2024,R9,Sun 05-May-2024 1:00 PM,Richmond,47,4,1937,1878,Freo,goal,Jye Amiss,0,103,49
2024,R10,Fri 10-May-2024 6:30 PM,Sydney,1,1,1777,466,Freo,behind,Patrick Voss,0,1,0
2024,R10,Fri 10-May-2024 6:30 PM,Sydney,2,1,1777,538,Freo,behind,Patrick Voss,0,2,0
2024,R10,Fri 10-May-2024 6:30 PM,Sydney,3,1,1777,614,Opp,goal,Logan McDonald,0,2,6
2024,R10,Fri 10-May-2024 6:30 PM,Sydney,4,1,1777,728,Freo,behind,,1,3,6
2024,R10,Fri 10-May-2024 6:30 PM,Sydney,5,1,1777,911,Opp,goal,Will Hayward,0,3,12
2024,R10,Fri 10-May-2024 6:30 PM,Sydney,6,1,1777,1095,Freo,behind,Jaeger OMeara,0,4,12
2024,R10,Fri 10-May-2024 6:30 PM,Sydney,7,1,1777,1201,Opp,goal,Jake Lloyd,0,4,18
2024,R10,Fri 10-May-2024 6:30 PM,Sydney,8,1,1777,1294,Freo,goal,Brandon Walker,0,10,18
2024,R10,Fri 10-May-2024 6:30 PM,Sydney,9,1,1777,1750,Freo,behind,Luke Jackson,0,11,18
2024,R10,Fri 10-May-2024 6:30 PM,Sydney,10,2,1745,33,Opp,goal,Chad Warner,0,11,24
2024,R10,Fri 10-May-2024 6:30 PM,Sydney,11,2,1745,155,Freo,behind,Jye Amiss,0,12,24
2024,R10,Fri 10-May-2024 6:30 PM,Sydney,12,2,1745,333,Freo,behind,Andrew Brayshaw,0,13,24
2024,R10,Fri 10-May-2024 6:30 PM,Sydney,13,2,1745,579,Opp,goal,Joel Amartey,0,13,30
2024,R10,Fri 10-May-2024 6:30 PM,Sydney,14,2,1745,843,Opp,goal,Joel Amartey,0,13,36
2024,R10,Fri 10-May-2024 6:30 PM,Sydney,15,2,1745,983,Opp,goal,Chad Warner,0,13,42
2024,R10,Fri 10-May-2024 6:30 PM,Sydney,16,2,1745,1063,Freo,behind,Nat Fyfe,0,14,42
2024,R10,Fri 10-May-2024 6:30 PM,Sydney,17,2,1745,1242,Opp,goal,Will Hayward,0,14,48
2024,R10,Fri 10-May-2024 6:30 PM,Sydney,18,2,1745,1570,Opp,goal,Hayden McLean,0,14,54
2024,R10,Fri 10-May-2024 6:30 PM,Sydney,19,3,1647,24,Freo,behind,Jeremy Sharp,0,15,54
2024,R10,Fri 10-May-2024 6:30 PM,Sydney,20,3,1647,172,Opp,goal,Tom Papley,0,15,60
2024,R10,Fri 10-May-2024 6:30 PM,Sydney,21,3,1647,275,Opp,behind,Will Hayward,0,15,61
2024,R10,Fri 10-May-2024 6:30 PM,Sydney,22,3,1647,344,Freo,behind,Josh Treacy,0,16,61
2024,R10,Fri 10-May-2024 6:30 PM,Sydney,23,3,1647,585,Freo,goal,Josh Treacy,0,22,61
2024,R10,Fri 10-May-2024 6:30 PM,Sydney,24,3,1647,771,Freo,behind,Jeremy Sharp,0,23,61
2024,R10,Fri 10-May-2024 6:30 PM,Sydney,25,3,1647,800,Opp,goal,Will Hayward,0,23,67
2024,R10,Fri 10-May-2024 6:30 PM,Sydney,26,3,1647,1008,Freo,behind,Patrick Voss,0,24,67
2024,R10,Fri 10-May-2024 6:30 PM,Sydney,27,3,1647,1108,Freo,behind,Michael Frederick,0,25,67
2024,R10,Fri 10-May-2024 6:30 PM,Sydney,28,3,1647,1395,Opp,behind,Tom Papley,0,25,68
2024,R10,Fri 10-May-2024 6:30 PM,Sydney,29,4,1738,112,Opp,behind,James Jordon,0,25,69
2024,R10,Fri 10-May-2024 6:30 PM,Sydney,30,4,1738,224,Freo,behind,Sam Switkowski,0,26,69
2024,R10,Fri 10-May-2024 6:30 PM,Sydney,31,4,1738,354,Opp,behind,James Jordon,0,26,70
2024,R10,Fri 10-May-2024 6:30 PM,Sydney,32,4,1738,487,Opp,behind,Logan McDonald,0,26,71
2024,R10,Fri 10-May-2024 6:30 PM,Sydney,33,4,1738,550,Opp,goal,Oliver Florent,0,26,77
2024,R10,Fri 10-May-2024 6:30 PM,Sydney,34,4,1738,633,Opp,goal,Will Hayward,0,26,83
2024,R10,Fri 10-May-2024 6:30 PM,Sydney,35,4,1738,700,Freo,goal,Jeremy Sharp,0,32,83
2024,R10,Fri 10-May-2024 6:30 PM,Sydney,36,4,1738,789,Freo,goal,Jeremy Sharp,0,38,83
2024,R10,Fri 10-May-2024 6:30 PM,Sydney,37,4,1738,979,Freo,behind,James Aish,0,39,83
2024,R10,Fri 10-May-2024 6:30 PM,Sydney,38,4,1738,1061,Opp,behind,,1,39,84
2024,R10,Fri 10-May-2024 6:30 PM,Sydney,39,4,1738,1125,Opp,behind,Tom Papley,0,39,85
2024,R10,Fri 10-May-2024 6:30 PM,Sydney,40,4,1738,1508,Opp,behind,Justin McInerney,0,39,86
2024,R10,Fri 10-May-2024 6:30 PM,Sydney,41,4,1738,1648,Opp,behind,Joel Amartey,0,39,87
2024,R11,Sat 18-May-2024 7:30 PM,St Kilda,1,1,1855,267,Opp,goal,Mitch Owens,0,0,6
2024,R11,Sat 18-May-2024 7:30 PM,St Kilda,2,1,1855,549,Freo,behind,Patrick Voss,0,1,6
2024,R11,Sat 18-May-2024 7:30 PM,St Kilda,3,1,1855,854,Opp,goal,Paddy Dow,0,1,12
2024,R11,Sat 18-May-2024 7:30 PM,St Kilda,4,1,1855,1154,Freo,behind,Hayden Young,0,2,12
2024,R11,Sat 18-May-2024 7:30 PM,St Kilda,5,1,1855,1455,Freo,goal,Matthew Johnson,0,8,12
2024,R11,Sat 18-May-2024 7:30 PM,St Kilda,6,1,1855,1586,Freo,goal,Jeremy Sharp,0,14,12
2024,R11,Sat 18-May-2024 7:30 PM,St Kilda,7,1,1855,1753,Freo,goal,Patrick Voss,0,20,12
2024,R11,Sat 18-May-2024 7:30 PM,St Kilda,8,2,1756,392,Freo,behind,Jye Amiss,0,21,12
2024,R11,Sat 18-May-2024 7:30 PM,St Kilda,9,2,1756,487,Opp,behind,Rowan Marshall,0,21,13
2024,R11,Sat 18-May-2024 7:30 PM,St Kilda,10,2,1756,557,Opp,goal,Mitch Owens,0,21,19
2024,R11,Sat 18-May-2024 7:30 PM,St Kilda,11,2,1756,693,Opp,goal,Liam Henry,0,21,25
2024,R11,Sat 18-May-2024 7:30 PM,St Kilda,12,2,1756,795,Opp,behind,Max King,0,21,26
2024,R11,Sat 18-May-2024 7:30 PM,St Kilda,13,2,1756,879,Freo,behind,Patrick Voss,0,22,26
2024,R11,Sat 18-May-2024 7:30 PM,St Kilda,14,2,1756,1027,Freo,behind,Jye Amiss,0,23,26
2024,R11,Sat 18-May-2024 7:30 PM,St Kilda,15,2,1756,1135,Freo,goal,Jye Amiss,0,29,26
2024,R11,Sat 18-May-2024 7:30 PM,St Kilda,16,2,1756,1264,Opp,goal,Mitch Owens,0,29,32
2024,R11,Sat 18-May-2024 7:30 PM,St Kilda,17,2,1756,1398,Opp,behind,Cooper Sharman,0,29,33
2024,R11,Sat 18-May-2024 7:30 PM,St Kilda,18,2,1756,1562,Freo,behind,Jye Amiss,0,30,33
2024,R11,Sat 18-May-2024 7:30 PM,St Kilda,19,2,1756,1688,Freo,goal,Bailey Banfield,0,36,33
2024,R11,Sat 18-May-2024 7:30 PM,St Kilda,20,3,1724,186,Opp,behind,Anthony Caminiti,0,36,34
2024,R11,Sat 18-May-2024 7:30 PM,St Kilda,21,3,1724,291,Opp,goal,Anthony Caminiti,0,36,40
2024,R11,Sat 18-May-2024 7:30 PM,St Kilda,22,3,1724,360,Opp,goal,Anthony Caminiti,0,36,46
2024,R11,Sat 18-May-2024 7:30 PM,St Kilda,23,3,1724,744,Freo,goal,Jye Amiss,0,42,46
2024,R11,Sat 18-May-2024 7:30 PM,St Kilda,24,3,1724,865,Freo,behind,Patrick Voss,0,43,46
2024,R11,Sat 18-May-2024 7:30 PM,St Kilda,25,3,1724,981,Freo,behind,Michael Walters,0,44,46
2024,R11,Sat 18-May-2024 7:30 PM,St Kilda,26,3,1724,1152,Freo,behind,Jye Amiss,0,45,46
2024,R11,Sat 18-May-2024 7:30 PM,St Kilda,27,3,1724,1397,Freo,behind,Hayden Young,0,46,46
2024,R11,Sat 18-May-2024 7:30 PM,St Kilda,28,3,1724,1519,Freo,behind,Matthew Johnson,0,47,46
2024,R11,Sat 18-May-2024 7:30 PM,St Kilda,29,3,1724,1590,Opp,behind,Mitch Owens,0,47,47
2024,R11,Sat 18-May-2024 7:30 PM,St Kilda,30,4,1917,89,Freo,behind,Michael Walters,0,48,47
2024,R11,Sat 18-May-2024 7:30 PM,St Kilda,31,4,1917,316,Freo,behind,Luke Ryan,0,49,47
2024,R11,Sat 18-May-2024 7:30 PM,St Kilda,32,4,1917,372,Freo,behind,Jaeger OMeara,0,50,47
2024,R11,Sat 18-May-2024 7:30 PM,St Kilda,33,4,1917,432,Opp,behind,,1,50,48
2024,R11,Sat 18-May-2024 7:30 PM,St Kilda,34,4,1917,471,Freo,behind,Jeremy Sharp,0,51,48
2024,R11,Sat 18-May-2024 7:30 PM,St Kilda,35,4,1917,604,Freo,goal,Josh Treacy,0,57,48
2024,R11,Sat 18-May-2024 7:30 PM,St Kilda,36,4,1917,647,Freo,behind,Hayden Young,0,58,48
2024,R11,Sat 18-May-2024 7:30 PM,St Kilda,37,4,1917,999,Freo,behind,Jye Amiss,0,59,48
2024,R11,Sat 18-May-2024 7:30 PM,St Kilda,38,4,1917,1278,Freo,goal,Jaeger OMeara,0,65,48
2024,R11,Sat 18-May-2024 7:30 PM,St Kilda,39,4,1917,1418,Opp,behind,Mattaes Phillipou,0,65,49
2024,R11,Sat 18-May-2024 7:30 PM,St Kilda,40,4,1917,1679,Freo,goal,Jaeger OMeara,0,71,49
2024,R11,Sat 18-May-2024 7:30 PM,St Kilda,41,4,1917,1758,Opp,goal,Mattaes Phillipou,0,71,55
2024,R11,Sat 18-May-2024 7:30 PM,St Kilda,42,4,1917,1913,Freo,behind,Bailey Banfield,0,72,55
2024,R12,Fri 24-May-2024 6:10 PM,Collingwood,1,1,1944,233,Freo,goal,Josh Treacy,0,6,0
2024,R12,Fri 24-May-2024 6:10 PM,Collingwood,2,1,1944,464,Freo,behind,Tom Emmett,0,7,0
2024,R12,Fri 24-May-2024 6:10 PM,Collingwood,3,1,1944,509,Opp,goal,Harvey Harrison,0,7,6
2024,R12,Fri 24-May-2024 6:10 PM,Collingwood,4,1,1944,622,Freo,behind,Jye Amiss,0,8,6
2024,R12,Fri 24-May-2024 6:10 PM,Collingwood,5,1,1944,665,Freo,goal,Jeremy Sharp,0,14,6
2024,R12,Fri 24-May-2024 6:10 PM,Collingwood,6,1,1944,786,Opp,behind,,1,14,7
2024,R12,Fri 24-May-2024 6:10 PM,Collingwood,7,1,1944,938,Freo,goal,Andrew Brayshaw,0,20,7
2024,R12,Fri 24-May-2024 6:10 PM,Collingwood,8,1,1944,1032,Opp,behind,Lachlan Sullivan,0,20,8
2024,R12,Fri 24-May-2024 6:10 PM,Collingwood,9,1,1944,1104,Freo,behind,Jaeger OMeara,0,21,8
2024,R12,Fri 24-May-2024 6:10 PM,Collingwood,10,1,1944,1301,Opp,behind,,1,21,9
2024,R12,Fri 24-May-2024 6:10 PM,Collingwood,11,1,1944,1505,Opp,goal,Josh Daicos,0,21,15
2024,R12,Fri 24-May-2024 6:10 PM,Collingwood,12,1,1944,1661,Opp,behind,Jack Crisp,0,21,16
2024,R12,Fri 24-May-2024 6:10 PM,Collingwood,13,1,1944,1936,Opp,goal,Harvey Harrison,0,21,22
2024,R12,Fri 24-May-2024 6:10 PM,Collingwood,14,2,1778,180,Opp,behind,Patrick Lipinski,0,21,23
2024,R12,Fri 24-May-2024 6:10 PM,Collingwood,15,2,1778,491,Opp,behind,Lachlan Sullivan,0,21,24
2024,R12,Fri 24-May-2024 6:10 PM,Collingwood,16,2,1778,592,Opp,behind,Brody Mihocek,0,21,25
2024,R12,Fri 24-May-2024 6:10 PM,Collingwood,17,2,1778,986,Freo,goal,Bailey Banfield,0,27,25
2024,R12,Fri 24-May-2024 6:10 PM,Collingwood,18,2,1778,1073,Freo,goal,Sam Switkowski,0,33,25
2024,R12,Fri 24-May-2024 6:10 PM,Collingwood,19,2,1778,1268,Freo,goal,Jaeger OMeara,0,39,25
2024,R12,Fri 24-May-2024 6:10 PM,Collingwood,20,2,1778,1389,Freo,behind,Andrew Brayshaw,0,40,25
2024,R12,Fri 24-May-2024 6:10 PM,Collingwood,21,2,1778,1513,Opp,behind,Josh Daicos,0,40,26
2024,R12,Fri 24-May-2024 6:10 PM,Collingwood,22,2,1778,1644,Opp,behind,Scott Pendlebury,0,40,27
2024,R12,Fri 24-May-2024 6:10 PM,Collingwood,23,3,2006,74,Freo,behind,,1,41,27
2024,R12,Fri 24-May-2024 6:10 PM,Collingwood,24,3,2006,124,Opp,goal,Brody Mihocek,0,41,33
2024,R12,Fri 24-May-2024 6:10 PM,Collingwood,25,3,2006,301,Opp,goal,Brody Mihocek,0,41,39
2024,R12,Fri 24-May-2024 6:10 PM,Collingwood,26,3,2006,569,Opp,goal,Harvey Harrison,0,41,45
2024,R12,Fri 24-May-2024 6:10 PM,Collingwood,27,3,2006,759,Opp,behind,Brody Mihocek,0,41,46
2024,R12,Fri 24-May-2024 6:10 PM,Collingwood,28,3,2006,877,Freo,behind,Jeremy Sharp,0,42,46
2024,R12,Fri 24-May-2024 6:10 PM,Collingwood,29,3,2006,928,Freo,behind,Andrew Brayshaw,0,43,46
2024,R12,Fri 24-May-2024 6:10 PM,Collingwood,30,3,2006,1139,Freo,behind,Caleb Serong,0,44,46
2024,R12,Fri 24-May-2024 6:10 PM,Collingwood,31,3,2006,1382,Opp,behind,Nick Daicos,0,44,47
2024,R12,Fri 24-May-2024 6:10 PM,Collingwood,32,3,2006,1647,Opp,goal,Patrick Lipinski,0,44,53
2024,R12,Fri 24-May-2024 6:10 PM,Collingwood,33,3,2006,1761,Opp,behind,,1,44,54
2024,R12,Fri 24-May-2024 6:10 PM,Collingwood,34,3,2006,1866,Opp,goal,Joe Richards,0,44,60
2024,R12,Fri 24-May-2024 6:10 PM,Collingwood,35,4,2079,118,Opp,behind,Nick Daicos,0,44,61
2024,R12,Fri 24-May-2024 6:10 PM,Collingwood,36,4,2079,380,Opp,goal,Jack Crisp,0,44,67
2024,R12,Fri 24-May-2024 6:10 PM,Collingwood,37,4,2079,468,Opp,behind,Billy Frampton,0,44,68
2024,R12,Fri 24-May-2024 6:10 PM,Collingwood,38,4,2079,651,Opp,behind,Lachie Schultz,0,44,69
2024,R12,Fri 24-May-2024 6:10 PM,Collingwood,39,4,2079,744,Freo,goal,Bailey Banfield,0,50,69
2024,R12,Fri 24-May-2024 6:10 PM,Collingwood,40,4,2079,1156,Opp,goal,Bobby Hill,0,50,75
2024,R12,Fri 24-May-2024 6:10 PM,Collingwood,41,4,2079,1237,Freo,goal,Bailey Banfield,0,56,75
2024,R12,Fri 24-May-2024 6:10 PM,Collingwood,42,4,2079,1415,Freo,goal,Sean Darcy,0,62,75
2024,R12,Fri 24-May-2024 6:10 PM,Collingwood,43,4,2079,1682,Freo,goal,Hayden Young,0,68,75
2024,R12,Fri 24-May-2024 6:10 PM,Collingwood,44,4,2079,1859,Freo,goal,Alex Pearce,0,74,75
2024,R12,Fri 24-May-2024 6:10 PM,Collingwood,45,4,2079,1998,Freo,behind,Jeremy Sharp,0,75,75
2024,R13,Sun 02-Jun-2024 12:30 PM,Melbourne,1,1,1798,98,Opp,goal,Max Gawn,0,0,6
2024,R13,Sun 02-Jun-2024 12:30 PM,Melbourne,2,1,1798,198,Opp,behind,Kysaiah Pickett,0,0,7
2024,R13,Sun 02-Jun-2024 12:30 PM,Melbourne,3,1,1798,287,Opp,goal,Harry Petty,0,0,13
2024,R13,Sun 02-Jun-2024 12:30 PM,Melbourne,4,1,1798,445,Freo,goal,Josh Treacy,0,6,13
2024,R13,Sun 02-Jun-2024 12:30 PM,Melbourne,5,1,1798,880,Freo,goal,Michael Walters,0,12,13
2024,R13,Sun 02-Jun-2024 12:30 PM,Melbourne,6,1,1798,984,Freo,goal,Jye Amiss,0,18,13
2024,R13,Sun 02-Jun-2024 12:30 PM,Melbourne,7,1,1798,1113,Freo,behind,Bailey Banfield,0,19,13
2024,R13,Sun 02-Jun-2024 12:30 PM,Melbourne,8,1,1798,1153,Freo,goal,Jordan Clark,0,25,13
2024,R13,Sun 02-Jun-2024 12:30 PM,Melbourne,9,1,1798,1299,Opp,behind,,1,25,14
2024,R13,Sun 02-Jun-2024 12:30 PM,Melbourne,10,1,1798,1414,Freo,behind,Luke Jackson,0,26,14
2024,R13,Sun 02-Jun-2024 12:30 PM,Melbourne,11,1,1798,1599,Freo,goal,Josh Treacy,0,32,14
2024,R13,Sun 02-Jun-2024 12:30 PM,Melbourne,12,1,1798,1732,Opp,behind,Kade Chandler,0,32,15
2024,R13,Sun 02-Jun-2024 12:30 PM,Melbourne,13,2,1870,237,Freo,behind,Luke Jackson,0,33,15
2024,R13,Sun 02-Jun-2024 12:30 PM,Melbourne,14,2,1870,333,Freo,goal,Jye Amiss,0,39,15
2024,R13,Sun 02-Jun-2024 12:30 PM,Melbourne,15,2,1870,609,Opp,goal,Clayton Oliver,0,39,21
2024,R13,Sun 02-Jun-2024 12:30 PM,Melbourne,16,2,1870,817,Freo,goal,Luke Jackson,0,45,21
2024,R13,Sun 02-Jun-2024 12:30 PM,Melbourne,17,2,1870,986,Freo,goal,Michael Walters,0,51,21
2024,R13,Sun 02-Jun-2024 12:30 PM,Melbourne,18,2,1870,1135,Freo,goal,Sam Switkowski,0,57,21
2024,R13,Sun 02-Jun-2024 12:30 PM,Melbourne,19,2,1870,1217,Freo,behind,Jaeger OMeara,0,58,21
2024,R13,Sun 02-Jun-2024 12:30 PM,Melbourne,20,2,1870,1368,Freo,goal,Josh Treacy,0,64,21
2024,R13,Sun 02-Jun-2024 12:30 PM,Melbourne,21,2,1870,1512,Freo,goal,Hayden Young,0,70,21
2024,R13,Sun 02-Jun-2024 12:30 PM,Melbourne,22,2,1870,1704,Freo,behind,Michael Walters,0,71,21
2024,R13,Sun 02-Jun-2024 12:30 PM,Melbourne,23,3,2047,143,Freo,behind,Andrew Brayshaw,0,72,21
2024,R13,Sun 02-Jun-2024 12:30 PM,Melbourne,24,3,2047,201,Opp,goal,Christian Petracca,0,72,27
2024,R13,Sun 02-Jun-2024 12:30 PM,Melbourne,25,3,2047,277,Freo,goal,Michael Frederick,0,78,27
2024,R13,Sun 02-Jun-2024 12:30 PM,Melbourne,26,3,2047,492,Freo,goal,Sean Darcy,0,84,27
2024,R13,Sun 02-Jun-2024 12:30 PM,Melbourne,27,3,2047,647,Freo,goal,Jye Amiss,0,90,27
2024,R13,Sun 02-Jun-2024 12:30 PM,Melbourne,28,3,2047,862,Freo,goal,Michael Frederick,0,96,27
2024,R13,Sun 02-Jun-2024 12:30 PM,Melbourne,29,3,2047,1065,Freo,behind,Josh Treacy,0,97,27
2024,R13,Sun 02-Jun-2024 12:30 PM,Melbourne,30,3,2047,1130,Freo,goal,Caleb Serong,0,103,27
2024,R13,Sun 02-Jun-2024 12:30 PM,Melbourne,31,3,2047,1528,Opp,goal,Tom McDonald,0,103,33
2024,R13,Sun 02-Jun-2024 12:30 PM,Melbourne,32,3,2047,1671,Freo,goal,Luke Jackson,0,109,33
2024,R13,Sun 02-Jun-2024 12:30 PM,Melbourne,33,3,2047,1801,Freo,goal,Michael Walters,0,115,33
2024,R13,Sun 02-Jun-2024 12:30 PM,Melbourne,34,3,2047,2022,Opp,behind,Daniel Turner,0,115,34
2024,R13,Sun 02-Jun-2024 12:30 PM,Melbourne,35,4,1716,117,Freo,goal,Sam Sturt,0,121,34
2024,R13,Sun 02-Jun-2024 12:30 PM,Melbourne,36,4,1716,362,Opp,goal,Jack Viney,0,121,40
2024,R13,Sun 02-Jun-2024 12:30 PM,Melbourne,37,4,1716,445,Freo,behind,Jeremy Sharp,0,122,40
2024,R13,Sun 02-Jun-2024 12:30 PM,Melbourne,38,4,1716,630,Opp,behind,,1,122,41
2024,R13,Sun 02-Jun-2024 12:30 PM,Melbourne,39,4,1716,739,Freo,goal,Luke Jackson,0,128,41
2024,R13,Sun 02-Jun-2024 12:30 PM,Melbourne,40,4,1716,946,Freo,goal,Jye Amiss,0,134,41
2024,R13,Sun 02-Jun-2024 12:30 PM,Melbourne,41,4,1716,1038,Freo,goal,Nat Fyfe,0,140,41
2024,R13,Sun 02-Jun-2024 12:30 PM,Melbourne,42,4,1716,1238,Freo,behind,Josh Treacy,0,141,41
2024,R13,Sun 02-Jun-2024 12:30 PM,Melbourne,43,4,1716,1336,Opp,goal,Tom McDonald,0,141,47
2024,R13,Sun 02-Jun-2024 12:30 PM,Melbourne,44,4,1716,1502,Opp,behind,Ed Langdon,0,141,48
2024,R13,Sun 02-Jun-2024 12:30 PM,Melbourne,45,4,1716,1570,Opp,behind,Max Gawn,0,141,49
2024,R15,Sat 15-Jun-2024 1:45 PM,Western Bulldogs,1,1,1970,76,Opp,goal,Cody Weightman,0,0,6
2024,R15,Sat 15-Jun-2024 1:45 PM,Western Bulldogs,2,1,1970,181,Freo,behind,,1,1,6
2024,R15,Sat 15-Jun-2024 1:45 PM,Western Bulldogs,3,1,1970,219,Opp,behind,,1,1,7
2024,R15,Sat 15-Jun-2024 1:45 PM,Western Bulldogs,4,1,1970,296,Opp,goal,Ed Richards,0,1,13
2024,R15,Sat 15-Jun-2024 1:45 PM,Western Bulldogs,5,1,1970,371,Opp,behind,Rory Lobb,0,1,14
2024,R15,Sat 15-Jun-2024 1:45 PM,Western Bulldogs,6,1,1970,734,Freo,goal,Sam Sturt,0,7,14
2024,R15,Sat 15-Jun-2024 1:45 PM,Western Bulldogs,7,1,1970,849,Freo,goal,Josh Treacy,0,13,14
2024,R15,Sat 15-Jun-2024 1:45 PM,Western Bulldogs,8,1,1970,970,Freo,goal,Sam Sturt,0,19,14
2024,R15,Sat 15-Jun-2024 1:45 PM,Western Bulldogs,9,1,1970,1364,Freo,goal,Luke Jackson,0,25,14
2024,R15,Sat 15-Jun-2024 1:45 PM,Western Bulldogs,10,1,1970,1426,Opp,behind,Ed Richards,0,25,15
2024,R15,Sat 15-Jun-2024 1:45 PM,Western Bulldogs,11,1,1970,1582,Opp,behind,Ed Richards,0,25,16
2024,R15,Sat 15-Jun-2024 1:45 PM,Western Bulldogs,12,1,1970,1663,Opp,goal,Rhylee West,0,25,22
2024,R15,Sat 15-Jun-2024 1:45 PM,Western Bulldogs,13,1,1970,1746,Opp,behind,Tom Liberatore,0,25,23
2024,R15,Sat 15-Jun-2024 1:45 PM,Western Bulldogs,14,1,1970,1906,Opp,goal,Rhylee West,0,25,29
2024,R15,Sat 15-Jun-2024 1:45 PM,Western Bulldogs,15,2,1806,54,Freo,behind,,1,26,29
2024,R15,Sat 15-Jun-2024 1:45 PM,Western Bulldogs,16,2,1806,125,Opp,goal,Cody Weightman,0,26,35
2024,R15,Sat 15-Jun-2024 1:45 PM,Western Bulldogs,17,2,1806,258,Freo,behind,Josh Treacy,0,27,35
2024,R15,Sat 15-Jun-2024 1:45 PM,Western Bulldogs,18,2,1806,326,Opp,behind,,1,27,36
2024,R15,Sat 15-Jun-2024 1:45 PM,Western Bulldogs,19,2,1806,571,Opp,goal,Marcus Bontempelli,0,27,42
2024,R15,Sat 15-Jun-2024 1:45 PM,Western Bulldogs,20,2,1806,637,Opp,behind,Ryley Sanders,0,27,43
2024,R15,Sat 15-Jun-2024 1:45 PM,Western Bulldogs,21,2,1806,774,Opp,goal,Harvey Gallagher,0,27,49
2024,R15,Sat 15-Jun-2024 1:45 PM,Western Bulldogs,22,2,1806,986,Freo,goal,Michael Frederick,0,33,49
2024,R15,Sat 15-Jun-2024 1:45 PM,Western Bulldogs,23,2,1806,1168,Freo,behind,Josh Treacy,0,34,49
2024,R15,Sat 15-Jun-2024 1:45 PM,Western Bulldogs,24,2,1806,1432,Opp,goal,Marcus Bontempelli,0,34,55
2024,R15,Sat 15-Jun-2024 1:45 PM,Western Bulldogs,25,2,1806,1638,Opp,behind,Tom Liberatore,0,34,56
2024,R15,Sat 15-Jun-2024 1:45 PM,Western Bulldogs,26,2,1806,1661,Opp,goal,Adam Treloar,0,34,62
2024,R15,Sat 15-Jun-2024 1:45 PM,Western Bulldogs,27,3,1890,62,Opp,goal,Lachlan Bramble,0,34,68
2024,R15,Sat 15-Jun-2024 1:45 PM,Western Bulldogs,28,3,1890,168,Opp,goal,Tim English,0,34,74
2024,R15,Sat 15-Jun-2024 1:45 PM,Western Bulldogs,29,3,1890,314,Freo,behind,Josh Treacy,0,35,74
2024,R15,Sat 15-Jun-2024 1:45 PM,Western Bulldogs,30,3,1890,432,Opp,behind,Laitham Vandermeer,0,35,75
2024,R15,Sat 15-Jun-2024 1:45 PM,Western Bulldogs,31,3,1890,513,Opp,goal,Jamarra Ugle-Hagan,0,35,81
2024,R15,Sat 15-Jun-2024 1:45 PM,Western Bulldogs,32,3,1890,627,Opp,goal,Jamarra Ugle-Hagan,0,35,87
2024,R15,Sat 15-Jun-2024 1:45 PM,Western Bulldogs,33,3,1890,734,Opp,goal,Rory Lobb,0,35,93
2024,R15,Sat 15-Jun-2024 1:45 PM,Western Bulldogs,34,3,1890,810,Freo,goal,Jye Amiss,0,41,93
2024,R15,Sat 15-Jun-2024 1:45 PM,Western Bulldogs,35,3,1890,974,Opp,behind,Anthony Scott,0,41,94
2024,R15,Sat 15-Jun-2024 1:45 PM,Western Bulldogs,36,3,1890,1097,Freo,goal,Sam Sturt,0,47,94
2024,R15,Sat 15-Jun-2024 1:45 PM,Western Bulldogs,37,3,1890,1211,Freo,goal,Bailey Banfield,0,53,94
2024,R15,Sat 15-Jun-2024 1:45 PM,Western Bulldogs,38,3,1890,1436,Freo,goal,Bailey Banfield,0,59,94
2024,R15,Sat 15-Jun-2024 1:45 PM,Western Bulldogs,39,3,1890,1602,Opp,goal,Rory Lobb,0,59,100
2024,R15,Sat 15-Jun-2024 1:45 PM,Western Bulldogs,40,3,1890,1838,Opp,behind,Jamarra Ugle-Hagan,0,59,101
2024,R15,Sat 15-Jun-2024 1:45 PM,Western Bulldogs,41,4,2005,64,Freo,goal,Josh Treacy,0,65,101
2024,R15,Sat 15-Jun-2024 1:45 PM,Western Bulldogs,42,4,2005,168,Freo,behind,Jye Amiss,0,66,101
2024,R15,Sat 15-Jun-2024 1:45 PM,Western Bulldogs,43,4,2005,397,Freo,goal,Luke Jackson,0,72,101
2024,R15,Sat 15-Jun-2024 1:45 PM,Western Bulldogs,44,4,2005,516,Opp,goal,Cody Weightman,0,72,107
2024,R15,Sat 15-Jun-2024 1:45 PM,Western Bulldogs,45,4,2005,614,Opp,goal,Harvey Gallagher,0,72,113
2024,R15,Sat 15-Jun-2024 1:45 PM,Western Bulldogs,46,4,2005,743,Freo,behind,Jye Amiss,0,73,113
2024,R15,Sat 15-Jun-2024 1:45 PM,Western Bulldogs,47,4,2005,1090,Opp,goal,Jamarra Ugle-Hagan,0,73,119
2024,R15,Sat 15-Jun-2024 1:45 PM,Western Bulldogs,48,4,2005,1201,Opp,goal,Rhylee West,0,73,125
2024,R15,Sat 15-Jun-2024 1:45 PM,Western Bulldogs,49,4,2005,1289,Freo,behind,Sean Darcy,0,74,125
2024,R15,Sat 15-Jun-2024 1:45 PM,Western Bulldogs,50,4,2005,1369,Freo,behind,,1,75,125
2024,R15,Sat 15-Jun-2024 1:45 PM,Western Bulldogs,51,4,2005,1427,Freo,behind,Matthew Johnson,0,76,125
2024,R15,Sat 15-Jun-2024 1:45 PM,Western Bulldogs,52,4,2005,1489,Freo,goal,Bailey Banfield,0,82,125
2024,R15,Sat 15-Jun-2024 1:45 PM,Western Bulldogs,53,4,2005,1626,Opp,goal,Marcus Bontempelli,0,82,131
2024,R15,Sat 15-Jun-2024 1:45 PM,Western Bulldogs,54,4,2005,1732,Opp,goal,Tim English,0,82,137
2024,R15,Sat 15-Jun-2024 1:45 PM,Western Bulldogs,55,4,2005,1827,Opp,goal,Rhylee West,0,82,143
2024,R15,Sat 15-Jun-2024 1:45 PM,Western Bulldogs,56,4,2005,1916,Opp,goal,Rory Lobb,0,82,149
2024,R16,Sun 23-Jun-2024 2:00 PM,Gold Coast,1,1,1673,337,Opp,goal,Sam Day,0,0,6
2024,R16,Sun 23-Jun-2024 2:00 PM,Gold Coast,2,1,1673,433,Opp,goal,Jack Lukosius,0,0,12
2024,R16,Sun 23-Jun-2024 2:00 PM,Gold Coast,3,1,1673,686,Freo,behind,Bailey Banfield,0,1,12
2024,R16,Sun 23-Jun-2024 2:00 PM,Gold Coast,4,1,1673,888,Freo,behind,Jye Amiss,0,2,12
2024,R16,Sun 23-Jun-2024 2:00 PM,Gold Coast,5,1,1673,1294,Freo,goal,Hayden Young,0,8,12
2024,R16,Sun 23-Jun-2024 2:00 PM,Gold Coast,6,1,1673,1515,Freo,goal,Josh Treacy,0,14,12
2024,R16,Sun 23-Jun-2024 2:00 PM,Gold Coast,7,1,1673,1605,Freo,behind,Andrew Brayshaw,0,15,12
2024,R16,Sun 23-Jun-2024 2:00 PM,Gold Coast,8,2,1722,47,Freo,goal,Michael Frederick,0,21,12
2024,R16,Sun 23-Jun-2024 2:00 PM,Gold Coast,9,2,1722,153,Freo,behind,Jye Amiss,0,22,12
2024,R16,Sun 23-Jun-2024 2:00 PM,Gold Coast,10,2,1722,340,Freo,goal,Caleb Serong,0,28,12
2024,R16,Sun 23-Jun-2024 2:00 PM,Gold Coast,11,2,1722,447,Freo,behind,Matthew Johnson,0,29,12
2024,R16,Sun 23-Jun-2024 2:00 PM,Gold Coast,12,2,1722,723,Opp,behind,Jack Lukosius,0,29,13
2024,R16,Sun 23-Jun-2024 2:00 PM,Gold Coast,13,2,1722,877,Freo,behind,Bailey Banfield,0,30,13
2024,R16,Sun 23-Jun-2024 2:00 PM,Gold Coast,14,2,1722,1041,Freo,goal,Josh Treacy,0,36,13
2024,R16,Sun 23-Jun-2024 2:00 PM,Gold Coast,15,2,1722,1279,Freo,behind,,1,37,13
2024,R16,Sun 23-Jun-2024 2:00 PM,Gold Coast,16,2,1722,1335,Opp,goal,Sam Day,0,37,19
2024,R16,Sun 23-Jun-2024 2:00 PM,Gold Coast,17,2,1722,1491,Opp,behind,Ben Ainsworth,0,37,20
2024,R16,Sun 23-Jun-2024 2:00 PM,Gold Coast,18,2,1722,1642,Freo,goal,Sam Sturt,0,43,20
2024,R16,Sun 23-Jun-2024 2:00 PM,Gold Coast,19,3,1977,72,Freo,goal,Andrew Brayshaw,0,49,20
2024,R16,Sun 23-Jun-2024 2:00 PM,Gold Coast,20,3,1977,218,Freo,goal,Sean Darcy,0,55,20
2024,R16,Sun 23-Jun-2024 2:00 PM,Gold Coast,21,3,1977,357,Opp,goal,David Swallow,0,55,26
2024,R16,Sun 23-Jun-2024 2:00 PM,Gold Coast,22,3,1977,477,Freo,goal,Hayden Young,0,61,26
2024,R16,Sun 23-Jun-2024 2:00 PM,Gold Coast,23,3,1977,671,Opp,goal,Jack Lukosius,0,61,32
2024,R16,Sun 23-Jun-2024 2:00 PM,Gold Coast,24,3,1977,956,Freo,behind,James Aish,0,62,32
2024,R16,Sun 23-Jun-2024 2:00 PM,Gold Coast,25,3,1977,1208,Opp,goal,Will Graham,0,62,38
2024,R16,Sun 23-Jun-2024 2:00 PM,Gold Coast,26,3,1977,1424,Freo,behind,Sam Sturt,0,63,38
2024,R16,Sun 23-Jun-2024 2:00 PM,Gold Coast,27,3,1977,1463,Freo,behind,Sam Switkowski,0,64,38
2024,R16,Sun 23-Jun-2024 2:00 PM,Gold Coast,28,3,1977,1585,Freo,goal,Sam Sturt,0,70,38
2024,R16,Sun 23-Jun-2024 2:00 PM,Gold Coast,29,3,1977,1726,Freo,behind,Nat Fyfe,0,71,38
2024,R16,Sun 23-Jun-2024 2:00 PM,Gold Coast,30,3,1977,1847,Freo,behind,Josh Treacy,0,72,38
2024,R16,Sun 23-Jun-2024 2:00 PM,Gold Coast,31,4,1822,248,Opp,goal,Sam Day,0,72,44
2024,R16,Sun 23-Jun-2024 2:00 PM,Gold Coast,32,4,1822,568,Opp,behind,Will Graham,0,72,45
2024,R16,Sun 23-Jun-2024 2:00 PM,Gold Coast,33,4,1822,684,Opp,behind,,1,72,46
2024,R16,Sun 23-Jun-2024 2:00 PM,Gold Coast,34,4,1822,788,Opp,goal,David Swallow,0,72,52
2024,R16,Sun 23-Jun-2024 2:00 PM,Gold Coast,35,4,1822,939,Freo,behind,Michael Frederick,0,73,52
2024,R16,Sun 23-Jun-2024 2:00 PM,Gold Coast,36,4,1822,1010,Freo,goal,Hayden Young,0,79,52
2024,R16,Sun 23-Jun-2024 2:00 PM,Gold Coast,37,4,1822,1103,Opp,goal,Ben Long,0,79,58
2024,R16,Sun 23-Jun-2024 2:00 PM,Gold Coast,38,4,1822,1222,Opp,goal,Brandon Ellis,0,79,64
2024,R16,Sun 23-Jun-2024 2:00 PM,Gold Coast,39,4,1822,1598,Freo,goal,Jaeger OMeara,0,85,64
2024,R16,Sun 23-Jun-2024 2:00 PM,Gold Coast,40,4,1822,1796,Opp,behind,Ben Long,0,85,65
2024,R17,Sat 29-Jun-2024 1:45 PM,Sydney,1,1,1852,73,Freo,goal,Jye Amiss,0,6,0
2024,R17,Sat 29-Jun-2024 1:45 PM,Sydney,2,1,1852,239,Freo,goal,Sam Sturt,0,12,0
2024,R17,Sat 29-Jun-2024 1:45 PM,Sydney,3,1,1852,311,Opp,behind,James Rowbottom,0,12,1
2024,R17,Sat 29-Jun-2024 1:45 PM,Sydney,4,1,1852,422,Freo,goal,Luke Jackson,0,18,1
2024,R17,Sat 29-Jun-2024 1:45 PM,Sydney,5,1,1852,632,Freo,behind,Luke Jackson,0,19,1
2024,R17,Sat 29-Jun-2024 1:45 PM,Sydney,6,1,1852,699,Opp,goal,Hayden McLean,0,19,7
2024,R17,Sat 29-Jun-2024 1:45 PM,Sydney,7,1,1852,815,Freo,behind,Michael Frederick,0,20,7
2024,R17,Sat 29-Jun-2024 1:45 PM,Sydney,8,1,1852,948,Opp,goal,Sam Wicks,0,20,13
2024,R17,Sat 29-Jun-2024 1:45 PM,Sydney,9,1,1852,1046,Opp,behind,James Jordon,0,20,14
2024,R17,Sat 29-Jun-2024 1:45 PM,Sydney,10,1,1852,1132,Opp,behind,,1,20,15
2024,R17,Sat 29-Jun-2024 1:45 PM,Sydney,11,1,1852,1204,Freo,goal,Josh Treacy,0,26,15
2024,R17,Sat 29-Jun-2024 1:45 PM,Sydney,12,1,1852,1288,Opp,behind,Errol Gulden,0,26,16
2024,R17,Sat 29-Jun-2024 1:45 PM,Sydney,13,1,1852,1511,Freo,goal,Sam Sturt,0,32,16
2024,R17,Sat 29-Jun-2024 1:45 PM,Sydney,14,1,1852,1573,Opp,behind,Tom Papley,0,32,17
2024,R17,Sat 29-Jun-2024 1:45 PM,Sydney,15,1,1852,1698,Freo,goal,Bailey Banfield,0,38,17
2024,R17,Sat 29-Jun-2024 1:45 PM,Sydney,16,1,1852,1767,Freo,goal,Sam Switkowski,0,44,17
2024,R17,Sat 29-Jun-2024 1:45 PM,Sydney,17,2,1705,67,Opp,behind,,1,44,18
2024,R17,Sat 29-Jun-2024 1:45 PM,Sydney,18,2,1705,176,Opp,behind,Justin McInerney,0,44,19
2024,R17,Sat 29-Jun-2024 1:45 PM,Sydney,19,2,1705,409,Freo,behind,Sam Sturt,0,45,19
2024,R17,Sat 29-Jun-2024 1:45 PM,Sydney,20,2,1705,574,Freo,goal,Caleb Serong,0,51,19
2024,R17,Sat 29-Jun-2024 1:45 PM,Sydney,21,2,1705,689,Opp,goal,Braeden Campbell,0,51,25
2024,R17,Sat 29-Jun-2024 1:45 PM,Sydney,22,2,1705,854,Opp,goal,Joel Amartey,0,51,31
2024,R17,Sat 29-Jun-2024 1:45 PM,Sydney,23,2,1705,1064,Freo,behind,,1,52,31
2024,R17,Sat 29-Jun-2024 1:45 PM,Sydney,24,2,1705,1361,Opp,behind,Tom Papley,0,52,32
2024,R17,Sat 29-Jun-2024 1:45 PM,Sydney,25,2,1705,1503,Freo,behind,Michael Frederick,0,53,32
2024,R17,Sat 29-Jun-2024 1:45 PM,Sydney,26,2,1705,1632,Freo,goal,Jye Amiss,0,59,32
2024,R17,Sat 29-Jun-2024 1:45 PM,Sydney,27,3,2106,141,Opp,behind,Joel Amartey,0,59,33
2024,R17,Sat 29-Jun-2024 1:45 PM,Sydney,28,3,2106,179,Opp,goal,Tom Papley,0,59,39
2024,R17,Sat 29-Jun-2024 1:45 PM,Sydney,29,3,2106,294,Freo,goal,Sam Sturt,0,65,39
2024,R17,Sat 29-Jun-2024 1:45 PM,Sydney,30,3,2106,402,Freo,goal,Jaeger OMeara,0,71,39
2024,R17,Sat 29-Jun-2024 1:45 PM,Sydney,31,3,2106,608,Opp,goal,Hayden McLean,0,71,45
2024,R17,Sat 29-Jun-2024 1:45 PM,Sydney,32,3,2106,934,Opp,goal,Will Hayward,0,71,51
2024,R17,Sat 29-Jun-2024 1:45 PM,Sydney,33,3,2106,1144,Freo,goal,Jye Amiss,0,77,51
2024,R17,Sat 29-Jun-2024 1:45 PM,Sydney,34,3,2106,1252,Opp,goal,Will Hayward,0,77,57
2024,R17,Sat 29-Jun-2024 1:45 PM,Sydney,35,3,2106,1393,Freo,goal,Josh Treacy,0,83,57
2024,R17,Sat 29-Jun-2024 1:45 PM,Sydney,36,3,2106,1489,Opp,goal,Sam Wicks,0,83,63
2024,R17,Sat 29-Jun-2024 1:45 PM,Sydney,37,3,2106,1584,Freo,goal,Sean Darcy,0,89,63
2024,R17,Sat 29-Jun-2024 1:45 PM,Sydney,38,3,2106,1696,Opp,behind,Will Hayward,0,89,64
2024,R17,Sat 29-Jun-2024 1:45 PM,Sydney,39,3,2106,1728,Opp,goal,Tom Papley,0,89,70
2024,R17,Sat 29-Jun-2024 1:45 PM,Sydney,40,3,2106,1821,Opp,goal,Justin McInerney,0,89,76
2024,R17,Sat 29-Jun-2024 1:45 PM,Sydney,41,3,2106,1943,Opp,behind,Isaac Heeney,0,89,77
2024,R17,Sat 29-Jun-2024 1:45 PM,Sydney,42,4,1771,209,Freo,behind,Sam Switkowski,0,90,77
2024,R17,Sat 29-Jun-2024 1:45 PM,Sydney,43,4,1771,436,Freo,goal,Michael Frederick,0,96,77
2024,R17,Sat 29-Jun-2024 1:45 PM,Sydney,44,4,1771,664,Opp,goal,Will Hayward,0,96,83
2024,R17,Sat 29-Jun-2024 1:45 PM,Sydney,45,4,1771,851,Opp,goal,Nick Blakey,0,96,89
2024,R17,Sat 29-Jun-2024 1:45 PM,Sydney,46,4,1771,973,Freo,behind,Luke Jackson,0,97,89
2024,R17,Sat 29-Jun-2024 1:45 PM,Sydney,47,4,1771,1164,Opp,behind,Sam Wicks,0,97,90
2024,R17,Sat 29-Jun-2024 1:45 PM,Sydney,48,4,1771,1303,Opp,behind,,1,97,91
2024,R17,Sat 29-Jun-2024 1:45 PM,Sydney,49,4,1771,1380,Opp,goal,Logan McDonald,0,97,97
2024,R17,Sat 29-Jun-2024 1:45 PM,Sydney,50,4,1771,1545,Freo,behind,Jeremy Sharp,0,98,97
2024,R17,Sat 29-Jun-2024 1:45 PM,Sydney,51,4,1771,1590,Freo,behind,,1,99,97
2024,R17,Sat 29-Jun-2024 1:45 PM,Sydney,52,4,1771,1661,Opp,behind,Oliver Florent,0,99,98
2024,R18,Sat 06-Jul-2024 6:10 PM,Richmond,1,1,1788,183,Opp,goal,Shai Bolton,0,0,6
2024,R18,Sat 06-Jul-2024 6:10 PM,Richmond,2,1,1788,358,Opp,goal,Toby Nankervis,0,0,12
2024,R18,Sat 06-Jul-2024 6:10 PM,Richmond,3,1,1788,574,Freo,goal,Josh Treacy,0,6,12
2024,R18,Sat 06-Jul-2024 6:10 PM,Richmond,4,1,1788,774,Freo,goal,Heath Chapman,0,12,12
2024,R18,Sat 06-Jul-2024 6:10 PM,Richmond,5,1,1788,885,Freo,goal,Josh Treacy,0,18,12
2024,R18,Sat 06-Jul-2024 6:10 PM,Richmond,6,1,1788,996,Freo,behind,Jye Amiss,0,19,12
2024,R18,Sat 06-Jul-2024 6:10 PM,Richmond,7,1,1788,1237,Freo,behind,Bailey Banfield,0,20,12
2024,R18,Sat 06-Jul-2024 6:10 PM,Richmond,8,1,1788,1366,Freo,goal,Josh Treacy,0,26,12
2024,R18,Sat 06-Jul-2024 6:10 PM,Richmond,9,1,1788,1695,Freo,behind,Sam Sturt,0,27,12
2024,R18,Sat 06-Jul-2024 6:10 PM,Richmond,10,2,1905,235,Opp,behind,Shai Bolton,0,27,13
2024,R18,Sat 06-Jul-2024 6:10 PM,Richmond,11,2,1905,335,Opp,behind,Toby Nankervis,0,27,14
2024,R18,Sat 06-Jul-2024 6:10 PM,Richmond,12,2,1905,551,Opp,behind,Liam Baker,0,27,15
2024,R18,Sat 06-Jul-2024 6:10 PM,Richmond,13,2,1905,918,Freo,goal,Hayden Young,0,33,15
2024,R18,Sat 06-Jul-2024 6:10 PM,Richmond,14,2,1905,1031,Opp,behind,Hugo Ralphsmith,0,33,16
2024,R18,Sat 06-Jul-2024 6:10 PM,Richmond,15,2,1905,1176,Opp,behind,Tyler Sonsie,0,33,17
2024,R18,Sat 06-Jul-2024 6:10 PM,Richmond,16,2,1905,1420,Freo,behind,Hayden Young,0,34,17
2024,R18,Sat 06-Jul-2024 6:10 PM,Richmond,17,2,1905,1498,Freo,goal,Josh Treacy,0,40,17
2024,R18,Sat 06-Jul-2024 6:10 PM,Richmond,18,2,1905,1600,Freo,behind,Andrew Brayshaw,0,41,17
2024,R18,Sat 06-Jul-2024 6:10 PM,Richmond,19,2,1905,1755,Opp,goal,Shai Bolton,0,41,23
2024,R18,Sat 06-Jul-2024 6:10 PM,Richmond,20,2,1905,1846,Freo,goal,Andrew Brayshaw,0,47,23
2024,R18,Sat 06-Jul-2024 6:10 PM,Richmond,21,3,2058,224,Opp,goal,Shai Bolton,0,47,29
2024,R18,Sat 06-Jul-2024 6:10 PM,Richmond,22,3,2058,321,Freo,goal,Sam Switkowski,0,53,29
2024,R18,Sat 06-Jul-2024 6:10 PM,Richmond,23,3,2058,465,Opp,goal,Shai Bolton,0,53,35
2024,R18,Sat 06-Jul-2024 6:10 PM,Richmond,24,3,2058,598,Freo,goal,Josh Treacy,0,59,35
2024,R18,Sat 06-Jul-2024 6:10 PM,Richmond,25,3,2058,1066,Freo,goal,Michael Frederick,0,65,35
2024,R18,Sat 06-Jul-2024 6:10 PM,Richmond,26,3,2058,1179,Freo,behind,Michael Frederick,0,66,35
2024,R18,Sat 06-Jul-2024 6:10 PM,Richmond,27,3,2058,1323,Opp,behind,Jacob Koschitzke,0,66,36
2024,R18,Sat 06-Jul-2024 6:10 PM,Richmond,28,3,2058,1443,Freo,goal,Michael Walters,0,72,36
2024,R18,Sat 06-Jul-2024 6:10 PM,Richmond,29,3,2058,1560,Opp,behind,Shai Bolton,0,72,37
2024,R18,Sat 06-Jul-2024 6:10 PM,Richmond,30,3,2058,1678,Freo,goal,Jye Amiss,0,78,37
2024,R18,Sat 06-Jul-2024 6:10 PM,Richmond,31,3,2058,1839,Freo,goal,Michael Walters,0,84,37
2024,R18,Sat 06-Jul-2024 6:10 PM,Richmond,32,3,2058,1960,Opp,behind,,1,84,38
2024,R18,Sat 06-Jul-2024 6:10 PM,Richmond,33,4,1691,25,Opp,behind,,1,84,39
2024,R18,Sat 06-Jul-2024 6:10 PM,Richmond,34,4,1691,158,Opp,behind,Rhyan Mansell,0,84,40
2024,R18,Sat 06-Jul-2024 6:10 PM,Richmond,35,4,1691,233,Freo,goal,Michael Frederick,0,90,40
2024,R18,Sat 06-Jul-2024 6:10 PM,Richmond,36,4,1691,340,Freo,behind,Sam Sturt,0,91,40
2024,R18,Sat 06-Jul-2024 6:10 PM,Richmond,37,4,1691,504,Freo,behind,Caleb Serong,0,92,40
2024,R18,Sat 06-Jul-2024 6:10 PM,Richmond,38,4,1691,633,Opp,goal,Rhyan Mansell,0,92,46
2024,R18,Sat 06-Jul-2024 6:10 PM,Richmond,39,4,1691,963,Freo,behind,Jye Amiss,0,93,46
2024,R18,Sat 06-Jul-2024 6:10 PM,Richmond,40,4,1691,1240,Freo,goal,Jaeger OMeara,0,99,46
2024,R18,Sat 06-Jul-2024 6:10 PM,Richmond,41,4,1691,1366,Opp,behind,Shai Bolton,0,99,47
2024,R18,Sat 06-Jul-2024 6:10 PM,Richmond,42,4,1691,1463,Freo,goal,Hayden Young,0,105,47
2024,R18,Sat 06-Jul-2024 6:10 PM,Richmond,43,4,1691,1601,Opp,behind,,1,105,48
2024,R18,Sat 06-Jul-2024 6:10 PM,Richmond,44,4,1691,1686,Opp,goal,Tim Taranto,0,105,54
2024,R19,Sat 13-Jul-2024 1:45 PM,Hawthorn,1,1,1796,61,Opp,goal,Dylan Moore,0,0,6
2024,R19,Sat 13-Jul-2024 1:45 PM,Hawthorn,2,1,1796,437,Opp,behind,Lloyd Meek,0,0,7
2024,R19,Sat 13-Jul-2024 1:45 PM,Hawthorn,3,1,1796,518,Freo,goal,Jye Amiss,0,6,7
2024,R19,Sat 13-Jul-2024 1:45 PM,Hawthorn,4,1,1796,613,Freo,goal,Josh Treacy,0,12,7
2024,R19,Sat 13-Jul-2024 1:45 PM,Hawthorn,5,1,1796,951,Opp,behind,James Worpel,0,12,8
2024,R19,Sat 13-Jul-2024 1:45 PM,Hawthorn,6,1,1796,1015,Freo,behind,,1,13,8
2024,R19,Sat 13-Jul-2024 1:45 PM,Hawthorn,7,1,1796,1184,Freo,behind,Luke Jackson,0,14,8
2024,R19,Sat 13-Jul-2024 1:45 PM,Hawthorn,8,1,1796,1266,Opp,behind,Luke Breust,0,14,9
2024,R19,Sat 13-Jul-2024 1:45 PM,Hawthorn,9,1,1796,1328,Opp,goal,Luke Breust,0,14,15
2024,R19,Sat 13-Jul-2024 1:45 PM,Hawthorn,10,1,1796,1488,Freo,goal,Caleb Serong,0,20,15
2024,R19,Sat 13-Jul-2024 1:45 PM,Hawthorn,11,2,1822,139,Opp,behind,Nick Watson,0,20,16
2024,R19,Sat 13-Jul-2024 1:45 PM,Hawthorn,12,2,1822,238,Freo,goal,Sam Switkowski,0,26,16
2024,R19,Sat 13-Jul-2024 1:45 PM,Hawthorn,13,2,1822,343,Opp,behind,Blake Hardwick,0,26,17
2024,R19,Sat 13-Jul-2024 1:45 PM,Hawthorn,14,2,1822,611,Freo,behind,Bailey Banfield,0,27,17
2024,R19,Sat 13-Jul-2024 1:45 PM,Hawthorn,15,2,1822,905,Opp,goal,Connor Macdonald,0,27,23
2024,R19,Sat 13-Jul-2024 1:45 PM,Hawthorn,16,2,1822,1119,Freo,behind,Jye Amiss,0,28,23
2024,R19,Sat 13-Jul-2024 1:45 PM,Hawthorn,17,2,1822,1274,Opp,goal,Calsher Dear,0,28,29
2024,R19,Sat 13-Jul-2024 1:45 PM,Hawthorn,18,2,1822,1395,Opp,goal,Calsher Dear,0,28,35
2024,R19,Sat 13-Jul-2024 1:45 PM,Hawthorn,19,2,1822,1506,Freo,behind,Patrick Voss,0,29,35
2024,R19,Sat 13-Jul-2024 1:45 PM,Hawthorn,20,2,1822,1553,Opp,goal,Josh Weddle,0,29,41
2024,R19,Sat 13-Jul-2024 1:45 PM,Hawthorn,21,2,1822,1703,Opp,behind,Mabior Chol,0,29,42
2024,R19,Sat 13-Jul-2024 1:45 PM,Hawthorn,22,2,1822,1819,Freo,goal,Patrick Voss,0,35,42
2024,R19,Sat 13-Jul-2024 1:45 PM,Hawthorn,23,3,1898,173,Freo,behind,Patrick Voss,0,36,42
2024,R19,Sat 13-Jul-2024 1:45 PM,Hawthorn,24,3,1898,285,Freo,behind,Jye Amiss,0,37,42
2024,R19,Sat 13-Jul-2024 1:45 PM,Hawthorn,25,3,1898,441,Freo,behind,Michael Frederick,0,38,42
2024,R19,Sat 13-Jul-2024 1:45 PM,Hawthorn,26,3,1898,601,Freo,behind,Caleb Serong,0,39,42
2024,R19,Sat 13-Jul-2024 1:45 PM,Hawthorn,27,3,1898,693,Freo,goal,Luke Jackson,0,45,42
2024,R19,Sat 13-Jul-2024 1:45 PM,Hawthorn,28,3,1898,884,Freo,goal,Bailey Banfield,0,51,42
2024,R19,Sat 13-Jul-2024 1:45 PM,Hawthorn,29,3,1898,996,Freo,goal,Jeremy Sharp,0,57,42
2024,R19,Sat 13-Jul-2024 1:45 PM,Hawthorn,30,3,1898,1106,Opp,goal,Mabior Chol,0,57,48
2024,R19,Sat 13-Jul-2024 1:45 PM,Hawthorn,31,3,1898,1211,Freo,goal,Bailey Banfield,0,63,48
2024,R19,Sat 13-Jul-2024 1:45 PM,Hawthorn,32,3,1898,1304,Opp,goal,James Sicily,0,63,54
2024,R19,Sat 13-Jul-2024 1:45 PM,Hawthorn,33,3,1898,1392,Freo,behind,,1,64,54
2024,R19,Sat 13-Jul-2024 1:45 PM,Hawthorn,34,3,1898,1495,Freo,behind,Luke Jackson,0,65,54
2024,R19,Sat 13-Jul-2024 1:45 PM,Hawthorn,35,3,1898,1570,Opp,behind,Harry Morrison,0,65,55
2024,R19,Sat 13-Jul-2024 1:45 PM,Hawthorn,36,3,1898,1656,Opp,behind,,1,65,56
2024,R19,Sat 13-Jul-2024 1:45 PM,Hawthorn,37,4,1857,47,Freo,behind,Patrick Voss,0,66,56
2024,R19,Sat 13-Jul-2024 1:45 PM,Hawthorn,38,4,1857,122,Opp,goal,Jai Newcombe,0,66,62
2024,R19,Sat 13-Jul-2024 1:45 PM,Hawthorn,39,4,1857,360,Opp,behind,Jai Newcombe,0,66,63
2024,R19,Sat 13-Jul-2024 1:45 PM,Hawthorn,40,4,1857,506,Opp,goal,Luke Breust,0,66,69
2024,R19,Sat 13-Jul-2024 1:45 PM,Hawthorn,41,4,1857,634,Freo,goal,Andrew Brayshaw,0,72,69
2024,R19,Sat 13-Jul-2024 1:45 PM,Hawthorn,42,4,1857,906,Freo,behind,Jye Amiss,0,73,69
2024,R19,Sat 13-Jul-2024 1:45 PM,Hawthorn,43,4,1857,1016,Opp,goal,James Sicily,0,73,75
2024,R19,Sat 13-Jul-2024 1:45 PM,Hawthorn,44,4,1857,1484,Opp,goal,James Sicily,0,73,81
2024,R19,Sat 13-Jul-2024 1:45 PM,Hawthorn,45,4,1857,1639,Opp,goal,Nick Watson,0,73,87
2024,R19,Sat 13-Jul-2024 1:45 PM,Hawthorn,46,4,1857,1835,Freo,behind,Josh Treacy,0,74,87
2024,R20,Sun 21-Jul-2024 1:20 PM,Melbourne,1,1,1633,116,Freo,goal,Sam Sturt,0,6,0
2024,R20,Sun 21-Jul-2024 1:20 PM,Melbourne,2,1,1633,320,Freo,goal,Jye Amiss,0,12,0
2024,R20,Sun 21-Jul-2024 1:20 PM,Melbourne,3,1,1633,452,Freo,behind,Jeremy Sharp,0,13,0
2024,R20,Sun 21-Jul-2024 1:20 PM,Melbourne,4,1,1633,721,Opp,behind,Kade Chandler,0,13,1
2024,R20,Sun 21-Jul-2024 1:20 PM,Melbourne,5,1,1633,863,Opp,behind,Jacob van Rooyen,0,13,2
2024,R20,Sun 21-Jul-2024 1:20 PM,Melbourne,6,1,1633,925,Freo,behind,Hayden Young,0,14,2
2024,R20,Sun 21-Jul-2024 1:20 PM,Melbourne,7,1,1633,1152,Freo,goal,Josh Treacy,0,20,2
2024,R20,Sun 21-Jul-2024 1:20 PM,Melbourne,8,1,1633,1256,Freo,behind,,1,21,2
2024,R20,Sun 21-Jul-2024 1:20 PM,Melbourne,9,1,1633,1379,Freo,behind,,1,22,2
2024,R20,Sun 21-Jul-2024 1:20 PM,Melbourne,10,1,1633,1479,Freo,behind,Josh Treacy,0,23,2
2024,R20,Sun 21-Jul-2024 1:20 PM,Melbourne,11,2,1754,160,Opp,goal,Caleb Windsor,0,23,8
2024,R20,Sun 21-Jul-2024 1:20 PM,Melbourne,12,2,1754,370,Freo,behind,Josh Treacy,0,24,8
2024,R20,Sun 21-Jul-2024 1:20 PM,Melbourne,13,2,1754,436,Freo,goal,Josh Treacy,0,30,8
2024,R20,Sun 21-Jul-2024 1:20 PM,Melbourne,14,2,1754,537,Freo,goal,Luke Jackson,0,36,8
2024,R20,Sun 21-Jul-2024 1:20 PM,Melbourne,15,2,1754,678,Freo,behind,Luke Jackson,0,37,8
2024,R20,Sun 21-Jul-2024 1:20 PM,Melbourne,16,2,1754,791,Freo,goal,Michael Walters,0,43,8
2024,R20,Sun 21-Jul-2024 1:20 PM,Melbourne,17,2,1754,1027,Freo,behind,Sam Sturt,0,44,8
2024,R20,Sun 21-Jul-2024 1:20 PM,Melbourne,18,2,1754,1213,Freo,behind,Michael Walters,0,45,8
2024,R20,Sun 21-Jul-2024 1:20 PM,Melbourne,19,2,1754,1282,Opp,behind,Bayley Fritsch,0,45,9
2024,R20,Sun 21-Jul-2024 1:20 PM,Melbourne,20,2,1754,1404,Opp,goal,Jacob van Rooyen,0,45,15
2024,R20,Sun 21-Jul-2024 1:20 PM,Melbourne,21,2,1754,1573,Opp,goal,Jacob van Rooyen,0,45,21
2024,R20,Sun 21-Jul-2024 1:20 PM,Melbourne,22,2,1754,1752,Freo,goal,Michael Walters,0,51,21
2024,R20,Sun 21-Jul-2024 1:20 PM,Melbourne,23,3,1877,134,Freo,goal,Jye Amiss,0,57,21
2024,R20,Sun 21-Jul-2024 1:20 PM,Melbourne,24,3,1877,278,Freo,goal,Jye Amiss,0,63,21
2024,R20,Sun 21-Jul-2024 1:20 PM,Melbourne,25,3,1877,552,Freo,goal,Jordan Clark,0,69,21
2024,R20,Sun 21-Jul-2024 1:20 PM,Melbourne,26,3,1877,763,Opp,behind,,1,69,22
2024,R20,Sun 21-Jul-2024 1:20 PM,Melbourne,27,3,1877,821,Freo,goal,Michael Walters,0,75,22
2024,R20,Sun 21-Jul-2024 1:20 PM,Melbourne,28,3,1877,1025,Opp,behind,Tom Sparrow,0,75,23
2024,R20,Sun 21-Jul-2024 1:20 PM,Melbourne,29,3,1877,1168,Opp,goal,Kade Chandler,0,75,29
2024,R20,Sun 21-Jul-2024 1:20 PM,Melbourne,30,3,1877,1353,Opp,goal,Kade Chandler,0,75,35
2024,R20,Sun 21-Jul-2024 1:20 PM,Melbourne,31,3,1877,1479,Freo,behind,Luke Jackson,0,76,35
2024,R20,Sun 21-Jul-2024 1:20 PM,Melbourne,32,3,1877,1582,Freo,behind,Michael Frederick,0,77,35
2024,R20,Sun 21-Jul-2024 1:20 PM,Melbourne,33,3,1877,1717,Opp,goal,Harry Petty,0,77,41
2024,R20,Sun 21-Jul-2024 1:20 PM,Melbourne,34,4,1976,103,Opp,behind,Jacob van Rooyen,0,77,42
2024,R20,Sun 21-Jul-2024 1:20 PM,Melbourne,35,4,1976,366,Freo,goal,Josh Treacy,0,83,42
2024,R20,Sun 21-Jul-2024 1:20 PM,Melbourne,36,4,1976,491,Freo,goal,Michael Walters,0,89,42
2024,R20,Sun 21-Jul-2024 1:20 PM,Melbourne,37,4,1976,738,Freo,goal,Jye Amiss,0,95,42
2024,R20,Sun 21-Jul-2024 1:20 PM,Melbourne,38,4,1976,959,Freo,goal,Caleb Serong,0,101,42
2024,R20,Sun 21-Jul-2024 1:20 PM,Melbourne,39,4,1976,1041,Freo,behind,Michael Frederick,0,102,42
2024,R20,Sun 21-Jul-2024 1:20 PM,Melbourne,40,4,1976,1113,Opp,goal,Jack Billings,0,102,48
2024,R20,Sun 21-Jul-2024 1:20 PM,Melbourne,41,4,1976,1229,Freo,behind,Michael Frederick,0,103,48
2024,R20,Sun 21-Jul-2024 1:20 PM,Melbourne,42,4,1976,1320,Freo,goal,Sam Sturt,0,109,48
2024,R20,Sun 21-Jul-2024 1:20 PM,Melbourne,43,4,1976,1431,Freo,goal,Sam Sturt,0,115,48
2024,R20,Sun 21-Jul-2024 1:20 PM,Melbourne,44,4,1976,1509,Opp,goal,Ed Langdon,0,115,54
2024,R20,Sun 21-Jul-2024 1:20 PM,Melbourne,45,4,1976,1583,Freo,behind,Hayden Young,0,116,54
2024,R20,Sun 21-Jul-2024 1:20 PM,Melbourne,46,4,1976,1647,Opp,goal,Daniel Turner,0,116,60
2024,R20,Sun 21-Jul-2024 1:20 PM,Melbourne,47,4,1976,1848,Opp,goal,Jake Melksham,0,116,66
2024,R21,Sat 27-Jul-2024 6:10 PM,West Coast,1,1,1999,371,Freo,goal,Andrew Brayshaw,0,6,0
2024,R21,Sat 27-Jul-2024 6:10 PM,West Coast,2,1,1999,510,Opp,goal,Liam Ryan,0,6,6
2024,R21,Sat 27-Jul-2024 6:10 PM,West Coast,3,1,1999,656,Opp,behind,Jamie Cripps,0,6,7
2024,R21,Sat 27-Jul-2024 6:10 PM,West Coast,4,1,1999,731,Opp,goal,Jamie Cripps,0,6,13
2024,R21,Sat 27-Jul-2024 6:10 PM,West Coast,5,1,1999,931,Opp,goal,Tim Kelly,0,6,19
2024,R21,Sat 27-Jul-2024 6:10 PM,West Coast,6,1,1999,1086,Freo,goal,Michael Frederick,0,12,19
2024,R21,Sat 27-Jul-2024 6:10 PM,West Coast,7,1,1999,1233,Freo,goal,Jye Amiss,0,18,19
2024,R21,Sat 27-Jul-2024 6:10 PM,West Coast,8,1,1999,1680,Opp,goal,Jai Culley,0,18,25
2024,R21,Sat 27-Jul-2024 6:10 PM,West Coast,9,1,1999,1808,Opp,goal,Oscar Allen,0,18,31
2024,R21,Sat 27-Jul-2024 6:10 PM,West Coast,10,2,2061,126,Opp,goal,Jack Petruccelle,0,18,37
2024,R21,Sat 27-Jul-2024 6:10 PM,West Coast,11,2,2061,226,Opp,behind,,1,18,38
2024,R21,Sat 27-Jul-2024 6:10 PM,West Coast,12,2,2061,298,Freo,behind,Josh Treacy,0,19,38
2024,R21,Sat 27-Jul-2024 6:10 PM,West Coast,13,2,2061,560,Freo,goal,Michael Frederick,0,25,38
2024,R21,Sat 27-Jul-2024 6:10 PM,West Coast,14,2,2061,676,Opp,goal,Jake Waterman,0,25,44
2024,R21,Sat 27-Jul-2024 6:10 PM,West Coast,15,2,2061,822,Freo,goal,Jaeger OMeara,0,31,44
2024,R21,Sat 27-Jul-2024 6:10 PM,West Coast,16,2,2061,923,Freo,behind,Michael Frederick,0,32,44
2024,R21,Sat 27-Jul-2024 6:10 PM,West Coast,17,2,2061,1238,Freo,goal,Tom Emmett,0,38,44
2024,R21,Sat 27-Jul-2024 6:10 PM,West Coast,18,2,2061,1478,Opp,goal,Liam Ryan,0,38,50
2024,R21,Sat 27-Jul-2024 6:10 PM,West Coast,19,2,2061,1594,Opp,goal,Jake Waterman,0,38,56
2024,R21,Sat 27-Jul-2024 6:10 PM,West Coast,20,2,2061,1713,Opp,behind,,1,38,57
2024,R21,Sat 27-Jul-2024 6:10 PM,West Coast,21,2,2061,1924,Freo,behind,Sam Sturt,0,39,57
2024,R21,Sat 27-Jul-2024 6:10 PM,West Coast,22,2,2061,1973,Opp,behind,,1,39,58
2024,R21,Sat 27-Jul-2024 6:10 PM,West Coast,23,2,2061,2053,Freo,goal,Jaeger OMeara,0,45,58
2024,R21,Sat 27-Jul-2024 6:10 PM,West Coast,24,3,1958,180,Freo,goal,Sam Switkowski,0,51,58
2024,R21,Sat 27-Jul-2024 6:10 PM,West Coast,25,3,1958,308,Freo,behind,Jye Amiss,0,52,58
2024,R21,Sat 27-Jul-2024 6:10 PM,West Coast,26,3,1958,462,Freo,behind,Jeremy Sharp,0,53,58
2024,R21,Sat 27-Jul-2024 6:10 PM,West Coast,27,3,1958,821,Freo,goal,Josh Treacy,0,59,58
2024,R21,Sat 27-Jul-2024 6:10 PM,West Coast,28,3,1958,997,Freo,goal,Michael Frederick,0,65,58
2024,R21,Sat 27-Jul-2024 6:10 PM,West Coast,29,3,1958,1101,Freo,goal,Josh Treacy,0,71,58
2024,R21,Sat 27-Jul-2024 6:10 PM,West Coast,30,3,1958,1378,Freo,behind,Sam Switkowski,0,72,58
2024,R21,Sat 27-Jul-2024 6:10 PM,West Coast,31,3,1958,1542,Freo,behind,Josh Treacy,0,73,58
2024,R21,Sat 27-Jul-2024 6:10 PM,West Coast,32,3,1958,1715,Freo,behind,Andrew Brayshaw,0,74,58
2024,R21,Sat 27-Jul-2024 6:10 PM,West Coast,33,3,1958,1754,Freo,goal,Sam Switkowski,0,80,58
2024,R21,Sat 27-Jul-2024 6:10 PM,West Coast,34,3,1958,1902,Opp,behind,Jack Darling,0,80,59
2024,R21,Sat 27-Jul-2024 6:10 PM,West Coast,35,4,1958,129,Freo,goal,Josh Treacy,0,86,59
2024,R21,Sat 27-Jul-2024 6:10 PM,West Coast,36,4,1958,257,Freo,goal,Tom Emmett,0,92,59
2024,R21,Sat 27-Jul-2024 6:10 PM,West Coast,37,4,1958,359,Opp,behind,Jamie Cripps,0,92,60
2024,R21,Sat 27-Jul-2024 6:10 PM,West Coast,38,4,1958,425,Opp,behind,Jamie Cripps,0,92,61
2024,R21,Sat 27-Jul-2024 6:10 PM,West Coast,39,4,1958,526,Opp,goal,Jake Waterman,0,92,67
2024,R21,Sat 27-Jul-2024 6:10 PM,West Coast,40,4,1958,638,Opp,goal,Jack Williams,0,92,73
2024,R21,Sat 27-Jul-2024 6:10 PM,West Coast,41,4,1958,805,Freo,goal,Tom Emmett,0,98,73
2024,R21,Sat 27-Jul-2024 6:10 PM,West Coast,42,4,1958,1107,Freo,goal,Caleb Serong,0,104,73
2024,R21,Sat 27-Jul-2024 6:10 PM,West Coast,43,4,1958,1392,Freo,goal,Sam Sturt,0,110,73
2024,R21,Sat 27-Jul-2024 6:10 PM,West Coast,44,4,1958,1563,Opp,behind,Tim Kelly,0,110,74
2024,R21,Sat 27-Jul-2024 6:10 PM,West Coast,45,4,1958,1599,Opp,behind,Harley Reid,0,110,75
2024,R22,Sun 04-Aug-2024 3:20 PM,Essendon,1,1,1872,14,Opp,behind,Harry Jones,0,0,1
2024,R22,Sun 04-Aug-2024 3:20 PM,Essendon,2,1,1872,288,Freo,goal,Hayden Young,0,6,1
2024,R22,Sun 04-Aug-2024 3:20 PM,Essendon,3,1,1872,376,Opp,goal,Kyle Langford,0,6,7
2024,R22,Sun 04-Aug-2024 3:20 PM,Essendon,4,1,1872,450,Opp,behind,,1,6,8
2024,R22,Sun 04-Aug-2024 3:20 PM,Essendon,5,1,1872,504,Opp,goal,Jake Stringer,0,6,14
2024,R22,Sun 04-Aug-2024 3:20 PM,Essendon,6,1,1872,625,Opp,goal,Jake Stringer,0,6,20
2024,R22,Sun 04-Aug-2024 3:20 PM,Essendon,7,1,1872,689,Freo,goal,Hayden Young,0,12,20
2024,R22,Sun 04-Aug-2024 3:20 PM,Essendon,8,1,1872,843,Freo,behind,Jeremy Sharp,0,13,20
2024,R22,Sun 04-Aug-2024 3:20 PM,Essendon,9,1,1872,925,Opp,behind,,1,13,21
2024,R22,Sun 04-Aug-2024 3:20 PM,Essendon,10,1,1872,1018,Freo,goal,Josh Treacy,0,19,21
2024,R22,Sun 04-Aug-2024 3:20 PM,Essendon,11,1,1872,1122,Opp,goal,Jade Gresham,0,19,27
2024,R22,Sun 04-Aug-2024 3:20 PM,Essendon,12,1,1872,1422,Opp,behind,,1,19,28
2024,R22,Sun 04-Aug-2024 3:20 PM,Essendon,13,1,1872,1562,Freo,goal,Luke Jackson,0,25,28
2024,R22,Sun 04-Aug-2024 3:20 PM,Essendon,14,1,1872,1667,Opp,goal,Sam Draper,0,25,34
2024,R22,Sun 04-Aug-2024 3:20 PM,Essendon,15,2,1805,222,Freo,goal,Jye Amiss,0,31,34
2024,R22,Sun 04-Aug-2024 3:20 PM,Essendon,16,2,1805,296,Opp,behind,Jye Caldwell,0,31,35
2024,R22,Sun 04-Aug-2024 3:20 PM,Essendon,17,2,1805,360,Freo,goal,Josh Treacy,0,37,35
2024,R22,Sun 04-Aug-2024 3:20 PM,Essendon,18,2,1805,611,Freo,goal,Michael Frederick,0,43,35
2024,R22,Sun 04-Aug-2024 3:20 PM,Essendon,19,2,1805,720,Opp,behind,,1,43,36
2024,R22,Sun 04-Aug-2024 3:20 PM,Essendon,20,2,1805,1123,Opp,goal,Jade Gresham,0,43,42
2024,R22,Sun 04-Aug-2024 3:20 PM,Essendon,21,2,1805,1695,Freo,goal,Sam Sturt,0,49,42
2024,R22,Sun 04-Aug-2024 3:20 PM,Essendon,22,2,1805,1801,Freo,goal,Luke Jackson,0,55,42
2024,R22,Sun 04-Aug-2024 3:20 PM,Essendon,23,3,1743,152,Opp,behind,Sam Draper,0,55,43
2024,R22,Sun 04-Aug-2024 3:20 PM,Essendon,24,3,1743,255,Freo,behind,Hayden Young,0,56,43
2024,R22,Sun 04-Aug-2024 3:20 PM,Essendon,25,3,1743,426,Freo,behind,Sean Darcy,0,57,43
2024,R22,Sun 04-Aug-2024 3:20 PM,Essendon,26,3,1743,579,Freo,goal,Jye Amiss,0,63,43
2024,R22,Sun 04-Aug-2024 3:20 PM,Essendon,27,3,1743,682,Opp,goal,Jake Stringer,0,63,49
2024,R22,Sun 04-Aug-2024 3:20 PM,Essendon,28,3,1743,963,Opp,behind,Jade Gresham,0,63,50
2024,R22,Sun 04-Aug-2024 3:20 PM,Essendon,29,3,1743,1069,Opp,goal,Jake Stringer,0,63,56
2024,R22,Sun 04-Aug-2024 3:20 PM,Essendon,30,3,1743,1133,Freo,behind,Sam Switkowski,0,64,56
2024,R22,Sun 04-Aug-2024 3:20 PM,Essendon,31,3,1743,1214,Freo,goal,Sam Sturt,0,70,56
2024,R22,Sun 04-Aug-2024 3:20 PM,Essendon,32,3,1743,1341,Freo,goal,Josh Treacy,0,76,56
2024,R22,Sun 04-Aug-2024 3:20 PM,Essendon,33,3,1743,1638,Opp,behind,,1,76,57
2024,R22,Sun 04-Aug-2024 3:20 PM,Essendon,34,4,1842,155,Freo,goal,Jye Amiss,0,82,57
2024,R22,Sun 04-Aug-2024 3:20 PM,Essendon,35,4,1842,475,Opp,goal,Nic Martin,0,82,63
2024,R22,Sun 04-Aug-2024 3:20 PM,Essendon,36,4,1842,624,Opp,behind,Nate Caddy,0,82,64
2024,R22,Sun 04-Aug-2024 3:20 PM,Essendon,37,4,1842,790,Opp,behind,Kyle Langford,0,82,65
2024,R22,Sun 04-Aug-2024 3:20 PM,Essendon,38,4,1842,865,Opp,goal,Nate Caddy,0,82,71
2024,R22,Sun 04-Aug-2024 3:20 PM,Essendon,39,4,1842,947,Opp,goal,Nic Martin,0,82,77
2024,R22,Sun 04-Aug-2024 3:20 PM,Essendon,40,4,1842,1060,Opp,goal,Jade Gresham,0,82,83
2024,R22,Sun 04-Aug-2024 3:20 PM,Essendon,41,4,1842,1162,Opp,goal,Kyle Langford,0,82,89
2024,R22,Sun 04-Aug-2024 3:20 PM,Essendon,42,4,1842,1380,Freo,behind,Tom Emmett,0,83,89
2024,R22,Sun 04-Aug-2024 3:20 PM,Essendon,43,4,1842,1741,Freo,goal,Jye Amiss,0,89,89
2024,R22,Sun 04-Aug-2024 3:20 PM,Essendon,44,4,1842,1809,Opp,behind,Sam Durham,0,89,90
2024,R23,Sat 10-Aug-2024 2:35 PM,Geelong,1,1,1948,175,Opp,goal,Jeremy Cameron,0,0,6
2024,R23,Sat 10-Aug-2024 2:35 PM,Geelong,2,1,1948,254,Opp,goal,Oliver Dempsey,0,0,12
2024,R23,Sat 10-Aug-2024 2:35 PM,Geelong,3,1,1948,420,Opp,goal,Oliver Henry,0,0,18
2024,R23,Sat 10-Aug-2024 2:35 PM,Geelong,4,1,1948,693,Freo,behind,Nat Fyfe,0,1,18
2024,R23,Sat 10-Aug-2024 2:35 PM,Geelong,5,1,1948,744,Opp,goal,Rhys Stanley,0,1,24
2024,R23,Sat 10-Aug-2024 2:35 PM,Geelong,6,1,1948,1073,Freo,goal,Caleb Serong,0,7,24
2024,R23,Sat 10-Aug-2024 2:35 PM,Geelong,7,1,1948,1336,Opp,behind,Gryan Miers,0,7,25
2024,R23,Sat 10-Aug-2024 2:35 PM,Geelong,8,1,1948,1672,Opp,behind,,1,7,26
2024,R23,Sat 10-Aug-2024 2:35 PM,Geelong,9,1,1948,1742,Freo,goal,Jordan Clark,0,13,26
2024,R23,Sat 10-Aug-2024 2:35 PM,Geelong,10,2,1725,173,Freo,behind,Bailey Banfield,0,14,26
2024,R23,Sat 10-Aug-2024 2:35 PM,Geelong,11,2,1725,251,Freo,goal,Michael Frederick,0,20,26
2024,R23,Sat 10-Aug-2024 2:35 PM,Geelong,12,2,1725,411,Freo,behind,Michael Frederick,0,21,26
2024,R23,Sat 10-Aug-2024 2:35 PM,Geelong,13,2,1725,485,Opp,goal,Gryan Miers,0,21,32
2024,R23,Sat 10-Aug-2024 2:35 PM,Geelong,14,2,1725,553,Freo,goal,Hayden Young,0,27,32
2024,R23,Sat 10-Aug-2024 2:35 PM,Geelong,15,2,1725,632,Opp,behind,Jeremy Cameron,0,27,33
2024,R23,Sat 10-Aug-2024 2:35 PM,Geelong,16,2,1725,886,Freo,goal,Sam Sturt,0,33,33
2024,R23,Sat 10-Aug-2024 2:35 PM,Geelong,17,2,1725,1001,Opp,goal,Shannon Neale,0,33,39
2024,R23,Sat 10-Aug-2024 2:35 PM,Geelong,18,2,1725,1169,Freo,behind,Andrew Brayshaw,0,34,39
2024,R23,Sat 10-Aug-2024 2:35 PM,Geelong,19,2,1725,1236,Opp,behind,Oliver Dempsey,0,34,40
2024,R23,Sat 10-Aug-2024 2:35 PM,Geelong,20,3,1742,40,Freo,behind,Luke Jackson,0,35,40
2024,R23,Sat 10-Aug-2024 2:35 PM,Geelong,21,3,1742,272,Opp,behind,Patrick Dangerfield,0,35,41
2024,R23,Sat 10-Aug-2024 2:35 PM,Geelong,22,3,1742,371,Freo,goal,Luke Jackson,0,41,41
2024,R23,Sat 10-Aug-2024 2:35 PM,Geelong,23,3,1742,609,Freo,goal,Caleb Serong,0,47,41
2024,R23,Sat 10-Aug-2024 2:35 PM,Geelong,24,3,1742,804,Opp,goal,Shaun Mannagh,0,47,47
2024,R23,Sat 10-Aug-2024 2:35 PM,Geelong,25,3,1742,975,Freo,behind,Jaeger OMeara,0,48,47
2024,R23,Sat 10-Aug-2024 2:35 PM,Geelong,26,3,1742,1171,Opp,behind,Jeremy Cameron,0,48,48
2024,R23,Sat 10-Aug-2024 2:35 PM,Geelong,27,3,1742,1270,Opp,behind,Oliver Henry,0,48,49
2024,R23,Sat 10-Aug-2024 2:35 PM,Geelong,28,3,1742,1311,Opp,behind,Shannon Neale,0,48,50
2024,R23,Sat 10-Aug-2024 2:35 PM,Geelong,29,3,1742,1360,Freo,behind,Hayden Young,0,49,50
2024,R23,Sat 10-Aug-2024 2:35 PM,Geelong,30,3,1742,1567,Freo,goal,Jye Amiss,0,55,50
2024,R23,Sat 10-Aug-2024 2:35 PM,Geelong,31,3,1742,1688,Opp,behind,,1,55,51
2024,R23,Sat 10-Aug-2024 2:35 PM,Geelong,32,4,1758,221,Opp,behind,Oliver Henry,0,55,52
2024,R23,Sat 10-Aug-2024 2:35 PM,Geelong,33,4,1758,320,Opp,goal,Patrick Dangerfield,0,55,58
2024,R23,Sat 10-Aug-2024 2:35 PM,Geelong,34,4,1758,505,Freo,behind,Jye Amiss,0,56,58
2024,R23,Sat 10-Aug-2024 2:35 PM,Geelong,35,4,1758,589,Freo,goal,Caleb Serong,0,62,58
2024,R23,Sat 10-Aug-2024 2:35 PM,Geelong,36,4,1758,724,Opp,goal,Shannon Neale,0,62,64
2024,R23,Sat 10-Aug-2024 2:35 PM,Geelong,37,4,1758,1213,Opp,behind,,1,62,65
2024,R23,Sat 10-Aug-2024 2:35 PM,Geelong,38,4,1758,1340,Opp,behind,Patrick Dangerfield,0,62,66
2024,R23,Sat 10-Aug-2024 2:35 PM,Geelong,39,4,1758,1376,Opp,behind,,1,62,67
2024,R23,Sat 10-Aug-2024 2:35 PM,Geelong,40,4,1758,1557,Opp,goal,Shaun Mannagh,0,62,73
2024,R24,Sat 17-Aug-2024 1:45 PM,Greater Western Sydney,1,1,1906,141,Opp,goal,Jesse Hogan,0,0,6
2024,R24,Sat 17-Aug-2024 1:45 PM,Greater Western Sydney,2,1,1906,323,Freo,behind,Hayden Young,0,1,6
2024,R24,Sat 17-Aug-2024 1:45 PM,Greater Western Sydney,3,1,1906,447,Freo,behind,Jeremy Sharp,0,2,6
2024,R24,Sat 17-Aug-2024 1:45 PM,Greater Western Sydney,4,1,1906,519,Opp,goal,Jesse Hogan,0,2,12
2024,R24,Sat 17-Aug-2024 1:45 PM,Greater Western Sydney,5,1,1906,708,Opp,behind,Toby McMullin,0,2,13
2024,R24,Sat 17-Aug-2024 1:45 PM,Greater Western Sydney,6,1,1906,838,Opp,goal,Aaron Cadman,0,2,19
2024,R24,Sat 17-Aug-2024 1:45 PM,Greater Western Sydney,7,1,1906,945,Opp,behind,Jesse Hogan,0,2,20
2024,R24,Sat 17-Aug-2024 1:45 PM,Greater Western Sydney,8,1,1906,1018,Opp,behind,James Peatling,0,2,21
2024,R24,Sat 17-Aug-2024 1:45 PM,Greater Western Sydney,9,1,1906,1195,Freo,goal,Sam Sturt,0,8,21
2024,R24,Sat 17-Aug-2024 1:45 PM,Greater Western Sydney,10,1,1906,1407,Freo,goal,Nat Fyfe,0,14,21
2024,R24,Sat 17-Aug-2024 1:45 PM,Greater Western Sydney,11,1,1906,1551,Freo,goal,Michael Frederick,0,20,21
2024,R24,Sat 17-Aug-2024 1:45 PM,Greater Western Sydney,12,1,1906,1668,Opp,goal,Brent Daniels,0,20,27
2024,R24,Sat 17-Aug-2024 1:45 PM,Greater Western Sydney,13,1,1906,1890,Opp,behind,Jesse Hogan,0,20,28
2024,R24,Sat 17-Aug-2024 1:45 PM,Greater Western Sydney,14,2,2025,58,Opp,behind,Jesse Hogan,0,20,29
2024,R24,Sat 17-Aug-2024 1:45 PM,Greater Western Sydney,15,2,2025,300,Freo,goal,Michael Frederick,0,26,29
2024,R24,Sat 17-Aug-2024 1:45 PM,Greater Western Sydney,16,2,2025,572,Opp,behind,Toby Greene,0,26,30
2024,R24,Sat 17-Aug-2024 1:45 PM,Greater Western Sydney,17,2,2025,625,Freo,goal,Luke Jackson,0,32,30
2024,R24,Sat 17-Aug-2024 1:45 PM,Greater Western Sydney,18,2,2025,801,Freo,behind,,1,33,30
2024,R24,Sat 17-Aug-2024 1:45 PM,Greater Western Sydney,19,2,2025,968,Opp,goal,Brent Daniels,0,33,36
2024,R24,Sat 17-Aug-2024 1:45 PM,Greater Western Sydney,20,2,2025,1103,Opp,behind,Jesse Hogan,0,33,37
2024,R24,Sat 17-Aug-2024 1:45 PM,Greater Western Sydney,21,2,2025,1239,Freo,goal,Caleb Serong,0,39,37
2024,R24,Sat 17-Aug-2024 1:45 PM,Greater Western Sydney,22,2,2025,1404,Freo,behind,Matthew Johnson,0,40,37
2024,R24,Sat 17-Aug-2024 1:45 PM,Greater Western Sydney,23,2,2025,1480,Freo,goal,Patrick Voss,0,46,37
2024,R24,Sat 17-Aug-2024 1:45 PM,Greater Western Sydney,24,2,2025,1745,Freo,goal,Sam Switkowski,0,52,37
2024,R24,Sat 17-Aug-2024 1:45 PM,Greater Western Sydney,25,2,2025,1921,Opp,goal,Toby Greene,0,52,43
2024,R24,Sat 17-Aug-2024 1:45 PM,Greater Western Sydney,26,3,2035,172,Opp,goal,Jesse Hogan,0,52,49
2024,R24,Sat 17-Aug-2024 1:45 PM,Greater Western Sydney,27,3,2035,296,Freo,behind,Jye Amiss,0,53,49
2024,R24,Sat 17-Aug-2024 1:45 PM,Greater Western Sydney,28,3,2035,782,Opp,goal,Darcy Jones,0,53,55
2024,R24,Sat 17-Aug-2024 1:45 PM,Greater Western Sydney,29,3,2035,888,Freo,behind,Matthew Johnson,0,54,55
2024,R24,Sat 17-Aug-2024 1:45 PM,Greater Western Sydney,30,3,2035,1144,Opp,goal,Jesse Hogan,0,54,61
2024,R24,Sat 17-Aug-2024 1:45 PM,Greater Western Sydney,31,3,2035,1320,Opp,behind,,1,54,62
2024,R24,Sat 17-Aug-2024 1:45 PM,Greater Western Sydney,32,3,2035,1407,Opp,behind,Lachlan Keeffe,0,54,63
2024,R24,Sat 17-Aug-2024 1:45 PM,Greater Western Sydney,33,3,2035,1452,Freo,goal,Jye Amiss,0,60,63
2024,R24,Sat 17-Aug-2024 1:45 PM,Greater Western Sydney,34,3,2035,1673,Opp,goal,Kieren Briggs,0,60,69
2024,R24,Sat 17-Aug-2024 1:45 PM,Greater Western Sydney,35,3,2035,1748,Opp,goal,Brent Daniels,0,60,75
2024,R24,Sat 17-Aug-2024 1:45 PM,Greater Western Sydney,36,3,2035,1819,Freo,goal,Jeremy Sharp,0,66,75
2024,R24,Sat 17-Aug-2024 1:45 PM,Greater Western Sydney,37,3,2035,2027,Freo,behind,Jye Amiss,0,67,75
2024,R24,Sat 17-Aug-2024 1:45 PM,Greater Western Sydney,38,4,2015,130,Opp,goal,Toby Greene,0,67,81
2024,R24,Sat 17-Aug-2024 1:45 PM,Greater Western Sydney,39,4,2015,304,Freo,goal,Sam Sturt,0,73,81
2024,R24,Sat 17-Aug-2024 1:45 PM,Greater Western Sydney,40,4,2015,401,Opp,behind,Brent Daniels,0,73,82
2024,R24,Sat 17-Aug-2024 1:45 PM,Greater Western Sydney,41,4,2015,465,Freo,goal,Patrick Voss,0,79,82
2024,R24,Sat 17-Aug-2024 1:45 PM,Greater Western Sydney,42,4,2015,612,Opp,goal,Jesse Hogan,0,79,88
2024,R24,Sat 17-Aug-2024 1:45 PM,Greater Western Sydney,43,4,2015,754,Freo,goal,Caleb Serong,0,85,88
2024,R24,Sat 17-Aug-2024 1:45 PM,Greater Western Sydney,44,4,2015,1123,Opp,behind,Toby Greene,0,85,89
2024,R24,Sat 17-Aug-2024 1:45 PM,Greater Western Sydney,45,4,2015,1254,Opp,goal,Callan Ward,0,85,95
2024,R24,Sat 17-Aug-2024 1:45 PM,Greater Western Sydney,46,4,2015,1377,Freo,goal,Michael Frederick,0,91,95
2024,R24,Sat 17-Aug-2024 1:45 PM,Greater Western Sydney,47,4,2015,1538,Freo,behind,Nathan ODriscoll,0,92,95
2024,R24,Sat 17-Aug-2024 1:45 PM,Greater Western Sydney,48,4,2015,1722,Opp,goal,Jesse Hogan,0,92,101
2024,R25,Sun 25-Aug-2024 4:10 PM,Port Adelaide,1,1,1875,153,Opp,goal,Darcy Byrne-Jones,0,0,6
2024,R25,Sun 25-Aug-2024 4:10 PM,Port Adelaide,2,1,1875,360,Freo,goal,Sam Switkowski,0,6,6
2024,R25,Sun 25-Aug-2024 4:10 PM,Port Adelaide,3,1,1875,442,Opp,goal,Willem Drew,0,6,12
2024,R25,Sun 25-Aug-2024 4:10 PM,Port Adelaide,4,1,1875,656,Freo,behind,Caleb Serong,0,7,12
2024,R25,Sun 25-Aug-2024 4:10 PM,Port Adelaide,5,1,1875,675,Freo,behind,Sam Sturt,0,8,12
2024,R25,Sun 25-Aug-2024 4:10 PM,Port Adelaide,6,1,1875,926,Freo,goal,Jye Amiss,0,14,12
2024,R25,Sun 25-Aug-2024 4:10 PM,Port Adelaide,7,1,1875,1088,Freo,goal,Nathan ODriscoll,0,20,12
2024,R25,Sun 25-Aug-2024 4:10 PM,Port Adelaide,8,1,1875,1184,Freo,goal,Patrick Voss,0,26,12
2024,R25,Sun 25-Aug-2024 4:10 PM,Port Adelaide,9,1,1875,1306,Opp,goal,Willie Rioli,0,26,18
2024,R25,Sun 25-Aug-2024 4:10 PM,Port Adelaide,10,2,1757,68,Freo,behind,,1,27,18
2024,R25,Sun 25-Aug-2024 4:10 PM,Port Adelaide,11,2,1757,244,Freo,behind,,1,28,18
2024,R25,Sun 25-Aug-2024 4:10 PM,Port Adelaide,12,2,1757,274,Opp,goal,Jason Horne-Francis,0,28,24
2024,R25,Sun 25-Aug-2024 4:10 PM,Port Adelaide,13,2,1757,382,Freo,behind,Jeremy Sharp,0,29,24
2024,R25,Sun 25-Aug-2024 4:10 PM,Port Adelaide,14,2,1757,462,Freo,behind,Caleb Serong,0,30,24
2024,R25,Sun 25-Aug-2024 4:10 PM,Port Adelaide,15,2,1757,549,Opp,goal,Dante Visentini,0,30,30
2024,R25,Sun 25-Aug-2024 4:10 PM,Port Adelaide,16,2,1757,631,Opp,behind,Ryan Burton,0,30,31
2024,R25,Sun 25-Aug-2024 4:10 PM,Port Adelaide,17,2,1757,728,Freo,goal,Michael Frederick,0,36,31
2024,R25,Sun 25-Aug-2024 4:10 PM,Port Adelaide,18,2,1757,825,Freo,behind,Sam Switkowski,0,37,31
2024,R25,Sun 25-Aug-2024 4:10 PM,Port Adelaide,19,2,1757,901,Opp,behind,Jackson Mead,0,37,32
2024,R25,Sun 25-Aug-2024 4:10 PM,Port Adelaide,20,2,1757,1178,Opp,goal,Mitch Georgiades,0,37,38
2024,R25,Sun 25-Aug-2024 4:10 PM,Port Adelaide,21,2,1757,1456,Freo,behind,Matthew Johnson,0,38,38
2024,R25,Sun 25-Aug-2024 4:10 PM,Port Adelaide,22,2,1757,1583,Opp,goal,Mitch Georgiades,0,38,44
2024,R25,Sun 25-Aug-2024 4:10 PM,Port Adelaide,23,2,1757,1686,Opp,behind,Jason Horne-Francis,0,38,45
2024,R25,Sun 25-Aug-2024 4:10 PM,Port Adelaide,24,2,1757,1753,Freo,goal,Nat Fyfe,0,44,45
2024,R25,Sun 25-Aug-2024 4:10 PM,Port Adelaide,25,3,1750,11,Opp,behind,Zak Butters,0,44,46
2024,R25,Sun 25-Aug-2024 4:10 PM,Port Adelaide,26,3,1750,190,Opp,goal,Francis Evans,0,44,52
2024,R25,Sun 25-Aug-2024 4:10 PM,Port Adelaide,27,3,1750,306,Opp,behind,Zak Butters,0,44,53
2024,R25,Sun 25-Aug-2024 4:10 PM,Port Adelaide,28,3,1750,374,Opp,goal,Jason Horne-Francis,0,44,59
2024,R25,Sun 25-Aug-2024 4:10 PM,Port Adelaide,29,3,1750,487,Freo,behind,Luke Jackson,0,45,59
2024,R25,Sun 25-Aug-2024 4:10 PM,Port Adelaide,30,3,1750,555,Freo,behind,Patrick Voss,0,46,59
2024,R25,Sun 25-Aug-2024 4:10 PM,Port Adelaide,31,3,1750,638,Opp,behind,Jordon Sweet,0,46,60
2024,R25,Sun 25-Aug-2024 4:10 PM,Port Adelaide,32,3,1750,817,Freo,goal,Luke Jackson,0,52,60
2024,R25,Sun 25-Aug-2024 4:10 PM,Port Adelaide,33,3,1750,1074,Freo,behind,Hayden Young,0,53,60
2024,R25,Sun 25-Aug-2024 4:10 PM,Port Adelaide,34,3,1750,1153,Opp,behind,Ollie Wines,0,53,61
2024,R25,Sun 25-Aug-2024 4:10 PM,Port Adelaide,35,3,1750,1440,Opp,behind,Jase Burgoyne,0,53,62
2024,R25,Sun 25-Aug-2024 4:10 PM,Port Adelaide,36,3,1750,1486,Opp,goal,Jed McEntee,0,53,68
2024,R25,Sun 25-Aug-2024 4:10 PM,Port Adelaide,37,3,1750,1564,Freo,goal,Sam Sturt,0,59,68
2024,R25,Sun 25-Aug-2024 4:10 PM,Port Adelaide,38,4,1835,453,Freo,goal,Patrick Voss,0,65,68
2024,R25,Sun 25-Aug-2024 4:10 PM,Port Adelaide,39,4,1835,655,Freo,behind,Caleb Serong,0,66,68
2024,R25,Sun 25-Aug-2024 4:10 PM,Port Adelaide,40,4,1835,739,Opp,behind,Jase Burgoyne,0,66,69
2024,R25,Sun 25-Aug-2024 4:10 PM,Port Adelaide,41,4,1835,892,Opp,goal,Willie Rioli,0,66,75
2024,R25,Sun 25-Aug-2024 4:10 PM,Port Adelaide,42,4,1835,1076,Freo,behind,Michael Walters,0,67,75
2024,R25,Sun 25-Aug-2024 4:10 PM,Port Adelaide,43,4,1835,1376,Opp,goal,Willie Rioli,0,67,81
2024,R25,Sun 25-Aug-2024 4:10 PM,Port Adelaide,44,4,1835,1745,Opp,goal,Jordon Sweet,0,67,87
