season,api_round,round_number,is_final,date_local,utc_date,match_id,venue,team,opponent,is_home,behinds,behinds_against,behinds_for,bounces,centre_clearances,clangers,contested_marks,contested_possessions,def_half_pressure_acts,disposals,effective_disposals,effective_kicks,f50_ground_ball_gets,frees_against,frees_for,goal_assists,goals,goals_against,goals_for,ground_ball_gets,handballs,hitouts,hitouts_to_advantage,inside50s,intercept_marks,intercepts,kicks,margin,marks,marks_inside50,marks_on_lead,metres_gained,one_percenters,pressure_acts,q1_against,q1_for,q2_against,q2_for,q3_against,q3_for,q4_against,q4_for,rebound50s,result,score_against,score_for,score_launches,shots_at_goal,spoils,stoppage_clearances,tackles,tackles_inside50,total_clearances,turnovers,uncontested_possessions
2024,Opening Round,0,False,2024-03-07,2024-03-07,CD_M20240140001,SCG,Sydney,Melbourne,True,10.0,10,14,7.0,9.0,63.0,8.0,146.0,158.0,357.0,246.0,151.0,19.0,24.0,21.0,5.0,12.0,9,12,98.0,123.0,46.0,13.0,65.0,18.0,75.0,234.0,22,99.0,9.0,6.0,6290.0,67.0,327.0,12,21,20,27,50,52,64,86,42.0,W,64,86,24.0,29.0,47.0,36.0,63.0,13.0,45.0,78.0,208.0
2024,Opening Round,0,False,2024-03-07,2024-03-07,CD_M20240140001,SCG,Melbourne,Sydney,False,8.0,14,10,1.0,12.0,67.0,3.0,145.0,142.0,353.0,251.0,130.0,20.0,21.0,24.0,5.0,9.0,12,9,109.0,148.0,38.0,9.0,51.0,14.0,78.0,205.0,-22,63.0,5.0,3.0,5544.0,50.0,298.0,21,12,27,20,52,50,86,64,52.0,L,86,64,19.0,21.0,36.0,22.0,65.0,24.0,34.0,75.0,206.0
2024,Opening Round,0,False,2024-03-08,2024-03-08,CD_M20240140002,Gabba,Brisbane Lions,Carlton,True,10.0,8,13,2.0,15.0,66.0,10.0,133.0,114.0,323.0,229.0,140.0,11.0,20.0,16.0,7.0,12.0,13,12,95.0,112.0,29.0,4.0,62.0,17.0,69.0,211.0,-1,94.0,16.0,8.0,5848.0,33.0,264.0,12,44,28,59,72,71,86,85,36.0,L,86,85,25.0,25.0,26.0,22.0,63.0,14.0,37.0,70.0,183.0
2024,Opening Round,0,False,2024-03-08,2024-03-08,CD_M20240140002,Gabba,Carlton,Brisbane Lions,False,4.0,13,8,2.0,11.0,59.0,13.0,141.0,148.0,341.0,249.0,145.0,14.0,16.0,20.0,8.0,13.0,12,13,99.0,125.0,28.0,6.0,49.0,15.0,70.0,216.0,1,91.0,7.0,5.0,6109.0,46.0,279.0,44,12,59,28,71,72,85,86,50.0,W,85,86,21.0,20.0,35.0,25.0,59.0,15.0,36.0,69.0,191.0
2024,Opening Round,0,False,2024-03-09,2024-03-09,CD_M20240140003,People First Stadium,Gold Coast,Richmond,True,9.0,6,15,5.0,18.0,57.0,11.0,139.0,99.0,364.0,259.0,156.0,18.0,15.0,16.0,11.0,14.0,9,14,95.0,124.0,28.0,9.0,61.0,23.0,69.0,240.0,39,118.0,18.0,7.0,6282.0,59.0,220.0,6,34,13,74,51,77,60,99,30.0,W,60,99,28.0,31.0,40.0,26.0,39.0,6.0,44.0,66.0,225.0
2024,Opening Round,0,False,2024-03-09,2024-03-09,CD_M20240140003,People First Stadium,Richmond,Gold Coast,False,5.0,15,6,4.0,8.0,59.0,10.0,113.0,140.0,273.0,193.0,125.0,13.0,16.0,15.0,5.0,9.0,14,9,74.0,93.0,37.0,9.0,41.0,23.0,66.0,180.0,-39,72.0,8.0,7.0,5852.0,43.0,262.0,34,6,74,13,77,51,99,60,47.0,L,99,60,15.0,16.0,31.0,23.0,47.0,8.0,31.0,70.0,143.0
2024,Opening Round,0,False,2024-03-09,2024-03-09,CD_M20240140004,ENGIE Stadium,Greater Western Sydney,Collingwood,True,4.0,16,6,3.0,16.0,71.0,9.0,134.0,163.0,387.0,284.0,159.0,18.0,20.0,16.0,16.0,18.0,11,18,98.0,161.0,23.0,10.0,53.0,16.0,66.0,226.0,32,97.0,13.0,4.0,6423.0,51.0,280.0,24,32,46,65,49,89,82,114,47.0,W,82,114,24.0,24.0,33.0,23.0,36.0,1.0,39.0,69.0,239.0
2024,Opening Round,0,False,2024-03-09,2024-03-09,CD_M20240140004,ENGIE Stadium,Collingwood,Greater Western Sydney,False,13.0,6,16,3.0,15.0,62.0,4.0,123.0,137.0,350.0,253.0,132.0,23.0,16.0,20.0,7.0,11.0,18,11,79.0,145.0,49.0,16.0,60.0,18.0,70.0,205.0,-32,81.0,9.0,4.0,5984.0,38.0,320.0,32,24,65,46,89,49,114,82,35.0,L,114,82,27.0,30.0,25.0,25.0,60.0,21.0,40.0,65.0,219.0
2024,Round 1,1,False,2024-03-14,2024-03-14,CD_M20240140101,MCG,Carlton,Richmond,True,12.0,9,14,7.0,10.0,52.0,12.0,131.0,141.0,355.0,257.0,144.0,17.0,17.0,24.0,8.0,12.0,12,12,83.0,137.0,31.0,9.0,65.0,20.0,79.0,218.0,5,98.0,13.0,6.0,6248.0,38.0,296.0,32,21,46,45,73,65,81,86,37.0,W,81,86,26.0,30.0,27.0,19.0,69.0,14.0,29.0,71.0,219.0
2024,Round 1,1,False,2024-03-14,2024-03-14,CD_M20240140101,MCG,Richmond,Carlton,False,7.0,14,9,9.0,13.0,81.0,10.0,142.0,140.0,322.0,213.0,124.0,15.0,24.0,17.0,7.0,12.0,12,12,96.0,119.0,26.0,10.0,50.0,10.0,71.0,203.0,-5,69.0,10.0,5.0,5947.0,46.0,293.0,21,32,45,46,65,73,86,81,53.0,L,86,81,21.0,23.0,31.0,22.0,54.0,8.0,35.0,79.0,169.0
2024,Round 1,1,False,2024-03-15,2024-03-15,CD_M20240140102,MCG,Collingwood,Sydney,True,6.0,12,9,4.0,17.0,60.0,8.0,127.0,118.0,348.0,250.0,138.0,13.0,21.0,25.0,7.0,10.0,15,10,82.0,139.0,38.0,13.0,47.0,16.0,66.0,209.0,-33,94.0,9.0,8.0,5109.0,41.0,278.0,18,19,50,32,82,41,102,69,36.0,L,102,69,19.0,20.0,37.0,18.0,51.0,12.0,35.0,71.0,218.0
2024,Round 1,1,False,2024-03-15,2024-03-15,CD_M20240140102,MCG,Sydney,Collingwood,False,10.0,9,12,5.0,9.0,59.0,8.0,121.0,134.0,361.0,273.0,158.0,9.0,25.0,21.0,12.0,15.0,10,15,76.0,139.0,26.0,10.0,51.0,13.0,72.0,222.0,33,100.0,19.0,3.0,5543.0,56.0,298.0,19,18,32,50,41,82,69,102,37.0,W,69,102,26.0,26.0,37.0,21.0,72.0,15.0,30.0,65.0,226.0
2024,Round 1,1,False,2024-03-16,2024-03-16,CD_M20240140103,MCG,Essendon,Hawthorn,True,5.0,17,5,11.0,18.0,44.0,11.0,116.0,141.0,346.0,261.0,145.0,10.0,11.0,18.0,15.0,17.0,11,17,78.0,141.0,44.0,9.0,51.0,12.0,54.0,205.0,24,92.0,14.0,8.0,5772.0,37.0,279.0,19,26,41,45,68,75,83,107,46.0,W,83,107,22.0,26.0,28.0,22.0,61.0,14.0,40.0,63.0,215.0
2024,Round 1,1,False,2024-03-16,2024-03-16,CD_M20240140103,MCG,Hawthorn,Essendon,False,14.0,5,17,9.0,9.0,51.0,12.0,122.0,116.0,339.0,249.0,134.0,11.0,18.0,11.0,9.0,11.0,17,11,91.0,138.0,35.0,12.0,57.0,10.0,64.0,201.0,-24,95.0,19.0,5.0,5889.0,42.0,260.0,26,19,45,41,75,68,107,83,33.0,L,107,83,27.0,28.0,35.0,22.0,44.0,9.0,31.0,53.0,212.0
2024,Round 1,1,False,2024-03-16,2024-03-16,CD_M20240140104,ENGIE Stadium,Greater Western Sydney,North Melbourne,True,18.0,4,19,9.0,11.0,59.0,22.0,145.0,117.0,405.0,316.0,165.0,25.0,22.0,14.0,14.0,17.0,13,17,97.0,176.0,22.0,6.0,60.0,22.0,74.0,229.0,39,117.0,25.0,10.0,6659.0,38.0,275.0,12,27,48,67,64,101,82,121,33.0,W,82,121,36.0,37.0,26.0,16.0,45.0,5.0,27.0,52.0,266.0
2024,Round 1,1,False,2024-03-16,2024-03-16,CD_M20240140104,ENGIE Stadium,North Melbourne,Greater Western Sydney,False,4.0,19,4,1.0,19.0,44.0,7.0,113.0,150.0,342.0,275.0,161.0,12.0,14.0,22.0,11.0,13.0,17,13,76.0,137.0,24.0,1.0,46.0,10.0,52.0,205.0,-39,89.0,9.0,2.0,6110.0,44.0,316.0,27,12,67,48,101,64,121,82,43.0,L,121,82,17.0,18.0,29.0,13.0,47.0,8.0,32.0,74.0,209.0
2024,Round 1,1,False,2024-03-16,2024-03-16,CD_M20240140105,GMHBA Stadium,Geelong,St Kilda,True,13.0,14,16,6.0,12.0,61.0,13.0,119.0,98.0,361.0,257.0,149.0,13.0,18.0,14.0,9.0,10.0,9,10,78.0,130.0,40.0,9.0,63.0,19.0,65.0,231.0,8,101.0,15.0,5.0,6370.0,47.0,270.0,11,15,30,43,39,49,68,76,34.0,W,68,76,26.0,31.0,31.0,24.0,53.0,10.0,36.0,57.0,218.0
2024,Round 1,1,False,2024-03-16,2024-03-16,CD_M20240140105,GMHBA Stadium,St Kilda,Geelong,False,12.0,16,14,3.0,7.0,50.0,8.0,123.0,174.0,344.0,240.0,135.0,9.0,14.0,18.0,5.0,9.0,10,9,84.0,120.0,36.0,12.0,44.0,18.0,56.0,224.0,-8,88.0,11.0,7.0,6126.0,44.0,282.0,15,11,43,30,49,39,76,68,52.0,L,76,68,23.0,28.0,31.0,32.0,48.0,7.0,39.0,65.0,202.0
2024,Round 1,1,False,2024-03-16,2024-03-16,CD_M20240140106,People First Stadium,Gold Coast,Adelaide,True,10.0,6,12,2.0,9.0,70.0,3.0,156.0,155.0,366.0,250.0,133.0,18.0,24.0,21.0,5.0,8.0,8,8,120.0,139.0,40.0,9.0,51.0,12.0,92.0,227.0,6,64.0,8.0,5.0,6593.0,73.0,333.0,7,20,8,34,22,51,54,60,46.0,W,54,60,20.0,20.0,58.0,34.0,70.0,12.0,43.0,86.0,196.0
2024,Round 1,1,False,2024-03-16,2024-03-16,CD_M20240140106,People First Stadium,Adelaide,Gold Coast,False,3.0,12,6,1.0,8.0,66.0,5.0,166.0,157.0,359.0,237.0,128.0,23.0,20.0,24.0,4.0,8.0,8,8,126.0,139.0,50.0,10.0,54.0,14.0,88.0,220.0,-6,50.0,4.0,3.0,6479.0,62.0,331.0,20,7,34,8,51,22,60,54,43.0,L,60,54,14.0,16.0,49.0,35.0,72.0,8.0,43.0,92.0,167.0
2024,Round 1,1,False,2024-03-17,2024-03-17,CD_M20240140107,MCG,Melbourne,Western Bulldogs,True,11.0,10,13,2.0,13.0,56.0,12.0,126.0,162.0,392.0,296.0,181.0,8.0,15.0,19.0,11.0,16.0,9,16,69.0,142.0,38.0,17.0,53.0,20.0,69.0,250.0,45,141.0,12.0,15.0,6369.0,39.0,309.0,27,28,41,53,49,68,64,109,44.0,W,64,109,29.0,28.0,20.0,23.0,47.0,7.0,36.0,60.0,265.0
2024,Round 1,1,False,2024-03-17,2024-03-17,CD_M20240140107,MCG,Western Bulldogs,Melbourne,False,9.0,13,10,11.0,15.0,63.0,9.0,126.0,109.0,362.0,265.0,137.0,17.0,19.0,15.0,5.0,9.0,16,9,82.0,148.0,27.0,10.0,53.0,15.0,59.0,214.0,-45,99.0,13.0,7.0,5719.0,48.0,266.0,28,27,53,41,68,49,109,64,35.0,L,109,64,19.0,24.0,31.0,19.0,37.0,4.0,34.0,68.0,242.0
2024,Round 1,1,False,2024-03-17,2024-03-17,CD_M20240140108,Adelaide Oval,Port Adelaide,West Coast,True,23.0,10,24,7.0,12.0,41.0,13.0,110.0,103.0,356.0,258.0,162.0,13.0,18.0,16.0,13.0,16.0,10,16,63.0,114.0,38.0,18.0,57.0,16.0,52.0,242.0,50,121.0,25.0,11.0,6046.0,34.0,241.0,19,24,33,64,49,81,70,120,30.0,W,70,120,40.0,40.0,28.0,23.0,44.0,7.0,35.0,39.0,225.0
2024,Round 1,1,False,2024-03-17,2024-03-17,CD_M20240140108,Adelaide Oval,West Coast,Port Adelaide,False,9.0,24,10,12.0,13.0,47.0,5.0,105.0,135.0,291.0,211.0,121.0,10.0,16.0,18.0,9.0,10.0,16,10,76.0,116.0,19.0,2.0,40.0,10.0,39.0,175.0,-50,69.0,8.0,6.0,5254.0,32.0,232.0,24,19,64,33,81,49,120,70,40.0,L,120,70,20.0,22.0,26.0,17.0,35.0,9.0,30.0,52.0,166.0
2024,Round 1,1,False,2024-03-17,2024-03-17,CD_M20240140109,Optus Stadium,Fremantle,Brisbane Lions,True,8.0,10,9,5.0,13.0,57.0,7.0,125.0,129.0,385.0,280.0,143.0,12.0,21.0,20.0,8.0,14.0,10,14,90.0,158.0,42.0,9.0,48.0,17.0,64.0,227.0,23,99.0,12.0,4.0,6002.0,35.0,266.0,27,14,29,47,37,75,70,93,46.0,W,70,93,23.0,24.0,21.0,28.0,67.0,9.0,41.0,60.0,246.0
2024,Round 1,1,False,2024-03-17,2024-03-17,CD_M20240140109,Optus Stadium,Brisbane Lions,Fremantle,False,9.0,9,10,4.0,7.0,57.0,11.0,118.0,140.0,345.0,250.0,151.0,7.0,20.0,21.0,8.0,10.0,14,10,67.0,119.0,42.0,8.0,56.0,16.0,60.0,226.0,-23,112.0,10.0,11.0,5925.0,50.0,316.0,14,27,47,29,75,37,93,70,34.0,L,93,70,20.0,21.0,34.0,27.0,55.0,5.0,34.0,64.0,224.0
2024,Round 2,2,False,2024-03-21,2024-03-21,CD_M20240140201,MCG,St Kilda,Collingwood,True,9.0,7,10,2.0,16.0,59.0,8.0,142.0,141.0,398.0,303.0,170.0,15.0,16.0,30.0,8.0,14.0,12,14,98.0,154.0,13.0,5.0,55.0,16.0,79.0,244.0,15,106.0,9.0,1.0,5966.0,42.0,303.0,19,31,46,38,53,73,79,94,30.0,W,79,94,24.0,24.0,27.0,19.0,52.0,10.0,35.0,78.0,247.0
2024,Round 2,2,False,2024-03-21,2024-03-21,CD_M20240140201,MCG,Collingwood,St Kilda,False,4.0,10,7,2.0,10.0,78.0,15.0,142.0,126.0,348.0,250.0,129.0,18.0,30.0,16.0,7.0,12.0,14,12,89.0,145.0,47.0,16.0,42.0,19.0,78.0,203.0,-15,79.0,10.0,4.0,5756.0,44.0,314.0,31,19,38,46,73,53,94,79,41.0,L,94,79,19.0,19.0,31.0,21.0,54.0,1.0,31.0,79.0,202.0
2024,Round 2,2,False,2024-03-22,2024-03-22,CD_M20240140202,Adelaide Oval,Adelaide,Geelong,True,6.0,12,11,1.0,13.0,58.0,7.0,139.0,145.0,367.0,260.0,152.0,17.0,9.0,18.0,7.0,11.0,14,11,91.0,135.0,52.0,18.0,66.0,15.0,63.0,232.0,-19,95.0,9.0,3.0,6600.0,56.0,308.0,39,20,47,35,79,55,96,77,39.0,L,96,77,21.0,27.0,38.0,34.0,66.0,14.0,47.0,70.0,213.0
2024,Round 2,2,False,2024-03-22,2024-03-22,CD_M20240140202,Adelaide Oval,Geelong,Adelaide,False,6.0,11,12,1.0,11.0,44.0,14.0,136.0,139.0,344.0,252.0,143.0,12.0,18.0,9.0,14.0,14.0,11,14,101.0,140.0,36.0,5.0,53.0,18.0,70.0,204.0,19,79.0,14.0,9.0,6614.0,47.0,294.0,20,39,35,47,55,79,77,96,53.0,W,77,96,25.0,24.0,35.0,27.0,75.0,10.0,38.0,63.0,196.0
2024,Round 2,2,False,2024-03-23,2024-03-23,CD_M20240140203,Marvel Stadium,North Melbourne,Fremantle,True,7.0,12,10,6.0,12.0,45.0,6.0,118.0,132.0,361.0,280.0,140.0,14.0,16.0,16.0,9.0,11.0,15,11,82.0,167.0,36.0,11.0,57.0,16.0,52.0,194.0,-26,93.0,15.0,5.0,5666.0,43.0,282.0,13,25,35,52,82,59,102,76,30.0,L,102,76,21.0,24.0,31.0,26.0,42.0,6.0,38.0,56.0,238.0
2024,Round 2,2,False,2024-03-23,2024-03-23,CD_M20240140203,Marvel Stadium,Fremantle,North Melbourne,False,10.0,10,12,6.0,13.0,47.0,11.0,127.0,122.0,353.0,278.0,152.0,17.0,16.0,16.0,12.0,15.0,11,15,89.0,147.0,25.0,9.0,45.0,12.0,56.0,206.0,26,94.0,13.0,1.0,5569.0,36.0,293.0,25,13,52,35,59,82,76,102,46.0,W,76,102,26.0,27.0,23.0,21.0,59.0,8.0,34.0,52.0,224.0
2024,Round 2,2,False,2024-03-23,2024-03-23,CD_M20240140204,MCG,Hawthorn,Melbourne,True,6.0,9,8,7.0,5.0,53.0,4.0,116.0,126.0,383.0,284.0,153.0,10.0,17.0,20.0,5.0,5.0,14,5,85.0,160.0,30.0,3.0,42.0,12.0,61.0,223.0,-55,116.0,11.0,5.0,5147.0,42.0,276.0,33,1,41,15,67,30,93,38,40.0,L,93,38,13.0,16.0,29.0,18.0,50.0,14.0,23.0,61.0,265.0
2024,Round 2,2,False,2024-03-23,2024-03-23,CD_M20240140204,MCG,Melbourne,Hawthorn,False,7.0,8,9,0.0,14.0,54.0,11.0,128.0,151.0,360.0,273.0,158.0,8.0,20.0,17.0,13.0,14.0,5,14,84.0,143.0,29.0,6.0,55.0,18.0,61.0,217.0,55,106.0,14.0,9.0,5746.0,35.0,335.0,1,33,15,41,30,67,38,93,36.0,W,38,93,23.0,24.0,23.0,21.0,73.0,3.0,35.0,60.0,235.0
2024,Round 2,2,False,2024-03-23,2024-03-23,CD_M20240140205,SCG,Sydney,Essendon,True,14.0,11,17,6.0,15.0,60.0,5.0,133.0,146.0,357.0,261.0,152.0,16.0,19.0,18.0,16.0,19.0,15,19,97.0,136.0,35.0,10.0,59.0,9.0,69.0,221.0,30,94.0,19.0,11.0,6039.0,56.0,315.0,25,28,53,57,68,91,101,131,41.0,W,101,131,35.0,35.0,43.0,18.0,56.0,11.0,33.0,62.0,212.0
2024,Round 2,2,False,2024-03-23,2024-03-23,CD_M20240140205,SCG,Essendon,Sydney,False,8.0,17,11,4.0,16.0,64.0,6.0,133.0,144.0,367.0,263.0,124.0,24.0,18.0,19.0,12.0,15.0,19,15,100.0,167.0,31.0,7.0,56.0,7.0,63.0,200.0,-30,71.0,9.0,5.0,5444.0,33.0,268.0,28,25,57,53,91,68,131,101,40.0,L,131,101,26.0,28.0,23.0,27.0,48.0,10.0,43.0,68.0,220.0
2024,Round 2,2,False,2024-03-24,2024-03-24,CD_M20240140206,Mars Stadium,Western Bulldogs,Gold Coast,True,6.0,7,7,10.0,15.0,68.0,16.0,143.0,108.0,382.0,291.0,154.0,20.0,28.0,20.0,10.0,18.0,10,18,92.0,160.0,37.0,12.0,56.0,28.0,69.0,222.0,48,110.0,14.0,5.0,6034.0,40.0,283.0,14,55,35,63,60,88,67,115,42.0,W,67,115,25.0,29.0,23.0,27.0,65.0,18.0,42.0,70.0,243.0
2024,Round 2,2,False,2024-03-24,2024-03-24,CD_M20240140206,Mars Stadium,Gold Coast,Western Bulldogs,False,6.0,7,7,2.0,11.0,55.0,7.0,138.0,168.0,333.0,226.0,119.0,13.0,20.0,28.0,6.0,10.0,18,10,84.0,136.0,44.0,14.0,52.0,18.0,70.0,197.0,-48,76.0,8.0,3.0,5574.0,40.0,316.0,55,14,63,35,88,60,115,67,37.0,L,115,67,17.0,18.0,32.0,20.0,58.0,7.0,31.0,69.0,191.0
2024,Round 2,2,False,2024-03-24,2024-03-24,CD_M20240140207,MCG,Richmond,Port Adelaide,True,12.0,14,14,7.0,14.0,66.0,7.0,124.0,106.0,324.0,221.0,121.0,15.0,23.0,13.0,11.0,13.0,18,13,93.0,128.0,29.0,5.0,52.0,16.0,67.0,196.0,-30,74.0,7.0,7.0,5946.0,41.0,239.0,25,20,39,50,84,77,122,92,44.0,L,122,92,27.0,28.0,34.0,17.0,32.0,5.0,31.0,67.0,186.0
2024,Round 2,2,False,2024-03-24,2024-03-24,CD_M20240140207,MCG,Port Adelaide,Richmond,False,14.0,14,14,4.0,17.0,52.0,7.0,117.0,141.0,366.0,275.0,164.0,11.0,13.0,23.0,13.0,18.0,13,18,80.0,133.0,28.0,10.0,63.0,15.0,67.0,233.0,30,107.0,17.0,14.0,6500.0,42.0,260.0,20,25,50,39,77,84,92,122,39.0,W,92,122,32.0,40.0,29.0,14.0,48.0,9.0,31.0,67.0,227.0
2024,Round 2,2,False,2024-03-24,2024-03-24,CD_M20240140208,Optus Stadium,West Coast,Greater Western Sydney,True,9.0,12,13,12.0,7.0,46.0,4.0,138.0,187.0,360.0,242.0,103.0,10.0,16.0,19.0,3.0,5.0,16,5,107.0,182.0,24.0,3.0,44.0,12.0,73.0,178.0,-65,72.0,8.0,7.0,5674.0,49.0,345.0,34,15,56,17,77,19,108,43,49.0,L,108,43,18.0,16.0,38.0,29.0,65.0,2.0,36.0,72.0,219.0
2024,Round 2,2,False,2024-03-24,2024-03-24,CD_M20240140208,Optus Stadium,Greater Western Sydney,West Coast,False,7.0,13,12,17.0,15.0,51.0,11.0,148.0,141.0,412.0,292.0,143.0,22.0,19.0,16.0,11.0,16.0,5,16,95.0,191.0,44.0,16.0,67.0,17.0,72.0,221.0,65,92.0,13.0,7.0,6845.0,38.0,334.0,15,34,17,56,19,77,43,108,39.0,W,43,108,28.0,28.0,28.0,25.0,84.0,13.0,40.0,73.0,248.0
2024,Round 3,3,False,2024-03-28,2024-03-28,CD_M20240140301,Gabba,Brisbane Lions,Collingwood,True,9.0,8,12,2.0,10.0,72.0,8.0,134.0,112.0,356.0,260.0,141.0,24.0,30.0,20.0,8.0,10.0,14,10,87.0,146.0,49.0,14.0,56.0,17.0,63.0,210.0,-20,89.0,6.0,7.0,5785.0,51.0,266.0,33,9,33,38,66,46,92,72,29.0,L,92,72,21.0,21.0,32.0,32.0,53.0,9.0,42.0,72.0,218.0
2024,Round 3,3,False,2024-03-28,2024-03-28,CD_M20240140301,Gabba,Collingwood,Brisbane Lions,False,7.0,12,8,2.0,13.0,64.0,9.0,133.0,183.0,319.0,232.0,138.0,16.0,20.0,30.0,10.0,14.0,10,14,85.0,117.0,44.0,4.0,43.0,12.0,72.0,202.0,20,77.0,9.0,5.0,5600.0,51.0,340.0,9,33,38,33,46,66,72,92,46.0,W,72,92,22.0,22.0,39.0,21.0,85.0,16.0,34.0,63.0,184.0
2024,Round 3,3,False,2024-03-29,2024-03-29,CD_M20240140302,Marvel Stadium,North Melbourne,Carlton,True,5.0,11,9,7.0,16.0,77.0,7.0,130.0,167.0,331.0,256.0,139.0,13.0,34.0,21.0,6.0,12.0,21,12,90.0,144.0,35.0,9.0,51.0,10.0,55.0,187.0,-56,76.0,12.0,2.0,5487.0,45.0,297.0,36,20,68,39,106,71,137,81,40.0,L,137,81,20.0,20.0,32.0,27.0,55.0,12.0,43.0,63.0,200.0
2024,Round 3,3,False,2024-03-29,2024-03-29,CD_M20240140302,Marvel Stadium,Carlton,North Melbourne,False,6.0,9,11,3.0,19.0,55.0,12.0,141.0,127.0,366.0,291.0,167.0,23.0,21.0,34.0,12.0,21.0,12,21,85.0,141.0,35.0,10.0,62.0,12.0,63.0,225.0,56,89.0,12.0,9.0,5970.0,51.0,298.0,20,36,39,68,71,106,81,137,38.0,W,81,137,31.0,34.0,34.0,21.0,76.0,19.0,40.0,55.0,224.0
2024,Round 3,3,False,2024-03-29,2024-03-29,CD_M20240140303,Optus Stadium,Fremantle,Adelaide,True,12.0,10,15,10.0,6.0,58.0,7.0,120.0,119.0,402.0,313.0,155.0,14.0,19.0,23.0,7.0,9.0,4,9,84.0,177.0,24.0,5.0,52.0,14.0,75.0,225.0,35,111.0,10.0,5.0,6659.0,44.0,284.0,17,14,23,31,32,42,34,69,40.0,W,34,69,24.0,28.0,31.0,25.0,63.0,12.0,31.0,67.0,277.0
2024,Round 3,3,False,2024-03-29,2024-03-29,CD_M20240140303,Optus Stadium,Adelaide,Fremantle,False,8.0,15,10,2.0,10.0,56.0,4.0,112.0,131.0,355.0,263.0,161.0,10.0,23.0,19.0,3.0,4.0,9,4,71.0,124.0,40.0,15.0,44.0,15.0,67.0,231.0,-35,105.0,5.0,6.0,5731.0,45.0,309.0,14,17,31,23,42,32,69,34,41.0,L,69,34,14.0,14.0,32.0,18.0,43.0,10.0,28.0,73.0,228.0
2024,Round 3,3,False,2024-03-30,2024-03-30,CD_M20240140304,Marvel Stadium,Essendon,St Kilda,True,9.0,13,11,3.0,13.0,62.0,12.0,146.0,163.0,417.0,300.0,161.0,18.0,11.0,16.0,8.0,10.0,9,10,101.0,169.0,34.0,7.0,53.0,22.0,77.0,248.0,4,113.0,15.0,13.0,5901.0,47.0,339.0,28,19,44,33,60,53,67,71,42.0,W,67,71,21.0,24.0,29.0,24.0,66.0,11.0,37.0,75.0,261.0
2024,Round 3,3,False,2024-03-30,2024-03-30,CD_M20240140304,Marvel Stadium,St Kilda,Essendon,False,11.0,11,13,7.0,7.0,61.0,10.0,133.0,143.0,392.0,277.0,126.0,19.0,16.0,11.0,8.0,9.0,10,9,98.0,179.0,27.0,8.0,51.0,20.0,75.0,213.0,-4,93.0,13.0,3.0,5859.0,41.0,329.0,19,28,33,44,53,60,71,67,42.0,L,71,67,21.0,25.0,29.0,25.0,61.0,11.0,32.0,77.0,254.0
2024,Round 3,3,False,2024-03-30,2024-03-30,CD_M20240140305,Adelaide Oval,Port Adelaide,Melbourne,True,10.0,6,11,3.0,16.0,61.0,9.0,142.0,118.0,351.0,246.0,130.0,20.0,25.0,24.0,7.0,13.0,15,13,104.0,140.0,30.0,9.0,66.0,13.0,59.0,211.0,-7,72.0,14.0,5.0,6053.0,38.0,276.0,20,25,45,45,64,68,96,89,30.0,L,96,89,24.0,28.0,26.0,36.0,67.0,20.0,52.0,63.0,197.0
2024,Round 3,3,False,2024-03-30,2024-03-30,CD_M20240140305,Adelaide Oval,Melbourne,Port Adelaide,False,4.0,11,6,3.0,11.0,61.0,5.0,140.0,159.0,315.0,210.0,116.0,11.0,24.0,25.0,9.0,15.0,13,15,82.0,127.0,55.0,19.0,45.0,17.0,63.0,188.0,7,70.0,7.0,5.0,5807.0,53.0,289.0,25,20,45,45,68,64,89,96,50.0,W,89,96,21.0,22.0,37.0,26.0,57.0,9.0,37.0,59.0,176.0
2024,Round 3,3,False,2024-03-31,2024-03-31,CD_M20240140306,Marvel Stadium,Western Bulldogs,West Coast,True,6.0,12,10,9.0,6.0,51.0,20.0,134.0,116.0,421.0,341.0,195.0,18.0,19.0,14.0,13.0,16.0,3,16,87.0,177.0,35.0,10.0,51.0,17.0,69.0,244.0,76,140.0,15.0,11.0,6785.0,47.0,251.0,14,16,15,54,19,74,30,106,48.0,W,30,106,26.0,26.0,29.0,22.0,61.0,12.0,28.0,57.0,283.0
2024,Round 3,3,False,2024-03-31,2024-03-31,CD_M20240140306,Marvel Stadium,West Coast,Western Bulldogs,False,11.0,10,12,3.0,13.0,56.0,14.0,128.0,132.0,309.0,226.0,137.0,16.0,14.0,19.0,3.0,3.0,16,3,79.0,114.0,29.0,10.0,51.0,13.0,57.0,195.0,-76,86.0,11.0,6.0,5569.0,49.0,318.0,16,14,54,15,74,19,106,30,35.0,L,106,30,15.0,18.0,33.0,24.0,53.0,9.0,37.0,69.0,175.0
2024,Round 3,3,False,2024-03-31,2024-03-31,CD_M20240140307,MCG,Richmond,Sydney,True,10.0,11,16,7.0,8.0,65.0,8.0,124.0,123.0,368.0,271.0,168.0,11.0,16.0,17.0,9.0,11.0,11,11,86.0,126.0,25.0,6.0,59.0,17.0,78.0,242.0,5,110.0,13.0,4.0,6907.0,51.0,309.0,13,27,47,39,57,73,77,82,42.0,W,77,82,26.0,23.0,29.0,18.0,59.0,14.0,26.0,74.0,238.0
2024,Round 3,3,False,2024-03-31,2024-03-31,CD_M20240140307,MCG,Sydney,Richmond,False,8.0,16,11,10.0,12.0,69.0,5.0,121.0,116.0,384.0,289.0,157.0,13.0,17.0,16.0,9.0,11.0,11,11,86.0,153.0,24.0,11.0,53.0,10.0,74.0,231.0,-5,99.0,7.0,5.0,6807.0,44.0,275.0,27,13,39,47,73,57,82,77,45.0,L,82,77,22.0,24.0,30.0,18.0,44.0,4.0,30.0,78.0,256.0
2024,Round 3,3,False,2024-04-01,2024-04-01,CD_M20240140308,MCG,Hawthorn,Geelong,True,8.0,4,10,7.0,13.0,61.0,11.0,145.0,155.0,367.0,270.0,156.0,20.0,20.0,21.0,5.0,10.0,17,10,94.0,142.0,48.0,14.0,63.0,18.0,78.0,225.0,-36,96.0,8.0,2.0,6398.0,49.0,333.0,43,7,50,39,88,52,106,70,36.0,L,106,70,20.0,22.0,32.0,31.0,75.0,15.0,44.0,81.0,222.0
2024,Round 3,3,False,2024-04-01,2024-04-01,CD_M20240140308,MCG,Geelong,Hawthorn,False,4.0,10,4,3.0,13.0,78.0,11.0,132.0,185.0,374.0,271.0,151.0,8.0,21.0,20.0,13.0,17.0,10,17,88.0,145.0,36.0,7.0,54.0,16.0,81.0,229.0,36,88.0,12.0,4.0,6481.0,68.0,334.0,7,43,39,50,52,88,70,106,53.0,W,70,106,21.0,22.0,42.0,17.0,90.0,9.0,30.0,78.0,223.0
2024,Round 4,4,False,2024-04-04,2024-04-04,CD_M20240140401,Adelaide Oval,Adelaide,Melbourne,True,11.0,18,15,0.0,12.0,36.0,9.0,129.0,129.0,369.0,269.0,145.0,13.0,9.0,21.0,8.0,8.0,10,8,88.0,151.0,44.0,4.0,54.0,9.0,54.0,218.0,-15,97.0,8.0,9.0,5644.0,56.0,264.0,12,17,43,26,73,45,78,63,38.0,L,78,63,22.0,25.0,41.0,25.0,58.0,7.0,37.0,58.0,226.0
2024,Round 4,4,False,2024-04-04,2024-04-04,CD_M20240140401,Adelaide Oval,Melbourne,Adelaide,False,15.0,15,18,2.0,7.0,44.0,18.0,131.0,145.0,313.0,220.0,129.0,14.0,21.0,9.0,6.0,10.0,8,10,85.0,111.0,43.0,13.0,48.0,20.0,58.0,202.0,15,85.0,10.0,11.0,5976.0,47.0,314.0,17,12,26,43,45,73,63,78,46.0,W,63,78,28.0,28.0,31.0,34.0,65.0,14.0,41.0,54.0,170.0
2024,Round 4,4,False,2024-04-05,2024-04-05,CD_M20240140402,Norwood Oval,Brisbane Lions,North Melbourne,True,13.0,6,16,3.0,10.0,52.0,12.0,148.0,88.0,389.0,281.0,139.0,27.0,17.0,12.0,9.0,16.0,6,16,108.0,168.0,36.0,5.0,71.0,18.0,77.0,221.0,70,94.0,22.0,9.0,6227.0,48.0,284.0,12,45,19,75,35,89,42,112,25.0,W,42,112,32.0,39.0,34.0,33.0,62.0,14.0,43.0,66.0,251.0
2024,Round 4,4,False,2024-04-05,2024-04-05,CD_M20240140402,Norwood Oval,North Melbourne,Brisbane Lions,False,5.0,16,6,4.0,11.0,51.0,7.0,122.0,205.0,339.0,254.0,125.0,8.0,12.0,17.0,4.0,6.0,16,6,83.0,158.0,48.0,8.0,31.0,13.0,66.0,181.0,-70,69.0,4.0,5.0,5191.0,39.0,334.0,45,12,75,19,89,35,112,42,53.0,L,112,42,12.0,13.0,29.0,22.0,81.0,9.0,33.0,76.0,205.0
2024,Round 4,4,False,2024-04-05,2024-04-05,CD_M20240140403,Adelaide Oval,Port Adelaide,Essendon,True,8.0,6,9,6.0,19.0,65.0,12.0,140.0,129.0,356.0,261.0,167.0,19.0,20.0,9.0,11.0,17.0,6,17,96.0,119.0,23.0,12.0,63.0,18.0,76.0,237.0,69,110.0,12.0,10.0,6747.0,49.0,309.0,21,24,28,63,41,85,42,111,36.0,W,42,111,26.0,30.0,34.0,20.0,48.0,9.0,39.0,77.0,210.0
2024,Round 4,4,False,2024-04-05,2024-04-05,CD_M20240140403,Adelaide Oval,Essendon,Port Adelaide,False,5.0,9,6,11.0,6.0,57.0,5.0,136.0,136.0,376.0,257.0,121.0,12.0,9.0,20.0,6.0,6.0,17,6,103.0,170.0,34.0,5.0,43.0,12.0,77.0,206.0,-69,84.0,5.0,16.0,5591.0,34.0,294.0,24,21,63,28,85,41,111,42,44.0,L,111,42,11.0,14.0,26.0,24.0,65.0,14.0,30.0,76.0,230.0
2024,Round 4,4,False,2024-04-06,2024-04-06,CD_M20240140404,Adelaide Hills,West Coast,Sydney,True,10.0,14,12,5.0,16.0,60.0,15.0,134.0,141.0,336.0,251.0,143.0,14.0,21.0,21.0,9.0,11.0,15,11,94.0,135.0,30.0,4.0,53.0,16.0,65.0,201.0,-26,99.0,11.0,5.0,5187.0,30.0,284.0,23,12,43,48,70,55,104,78,38.0,L,104,78,23.0,29.0,20.0,16.0,63.0,6.0,32.0,57.0,193.0
2024,Round 4,4,False,2024-04-06,2024-04-06,CD_M20240140404,Adelaide Hills,Sydney,West Coast,False,12.0,12,14,8.0,12.0,61.0,4.0,126.0,113.0,349.0,247.0,145.0,16.0,20.0,21.0,10.0,15.0,11,15,83.0,133.0,39.0,7.0,53.0,8.0,57.0,216.0,26,87.0,15.0,9.0,5542.0,59.0,267.0,12,23,48,43,55,70,78,104,41.0,W,78,104,29.0,31.0,43.0,32.0,62.0,12.0,44.0,64.0,214.0
2024,Round 4,4,False,2024-04-06,2024-04-06,CD_M20240140405,Adelaide Oval,Fremantle,Carlton,True,8.0,13,9,7.0,11.0,50.0,6.0,130.0,157.0,371.0,283.0,149.0,14.0,12.0,16.0,3.0,9.0,10,9,94.0,164.0,36.0,7.0,45.0,8.0,62.0,207.0,-10,90.0,7.0,5.0,5605.0,43.0,294.0,13,14,23,26,40,49,73,63,38.0,L,73,63,18.0,21.0,31.0,33.0,66.0,18.0,44.0,76.0,235.0
2024,Round 4,4,False,2024-04-06,2024-04-06,CD_M20240140405,Adelaide Oval,Carlton,Fremantle,False,12.0,9,13,6.0,7.0,49.0,16.0,136.0,111.0,353.0,254.0,147.0,17.0,16.0,12.0,5.0,10.0,9,10,88.0,134.0,39.0,13.0,48.0,13.0,77.0,219.0,10,105.0,8.0,8.0,5717.0,41.0,328.0,14,13,26,23,49,40,63,73,36.0,W,63,73,22.0,25.0,34.0,20.0,80.0,24.0,27.0,62.0,215.0
2024,Round 4,4,False,2024-04-06,2024-04-06,CD_M20240140406,Adelaide Oval,Western Bulldogs,Geelong,True,7.0,11,7,10.0,15.0,61.0,11.0,139.0,144.0,385.0,272.0,134.0,14.0,14.0,16.0,11.0,14.0,14,14,85.0,169.0,46.0,24.0,51.0,23.0,72.0,216.0,-4,86.0,11.0,8.0,6728.0,41.0,328.0,21,13,48,39,87,71,95,91,41.0,L,95,91,21.0,28.0,27.0,38.0,66.0,16.0,53.0,82.0,235.0
2024,Round 4,4,False,2024-04-06,2024-04-06,CD_M20240140406,Adelaide Oval,Geelong,Western Bulldogs,False,8.0,7,11,4.0,12.0,61.0,10.0,136.0,157.0,358.0,258.0,138.0,13.0,16.0,14.0,11.0,14.0,14,14,93.0,150.0,55.0,14.0,55.0,19.0,82.0,208.0,4,82.0,10.0,6.0,6670.0,45.0,325.0,13,21,39,48,71,87,91,95,37.0,W,91,95,25.0,25.0,28.0,32.0,60.0,6.0,44.0,72.0,218.0
2024,Round 4,4,False,2024-04-07,2024-04-07,CD_M20240140407,Adelaide Hills,Gold Coast,Greater Western Sydney,True,10.0,9,11,2.0,15.0,59.0,6.0,126.0,136.0,352.0,254.0,142.0,16.0,19.0,16.0,10.0,13.0,18,13,87.0,134.0,42.0,13.0,55.0,22.0,78.0,218.0,-28,92.0,8.0,8.0,5578.0,41.0,293.0,30,21,51,49,82,74,117,89,51.0,L,117,89,24.0,28.0,29.0,17.0,37.0,8.0,32.0,73.0,216.0
2024,Round 4,4,False,2024-04-07,2024-04-07,CD_M20240140407,Adelaide Hills,Greater Western Sydney,Gold Coast,False,7.0,11,9,5.0,16.0,66.0,12.0,135.0,130.0,357.0,264.0,138.0,17.0,16.0,19.0,15.0,18.0,13,18,89.0,151.0,15.0,3.0,69.0,17.0,73.0,206.0,28,83.0,14.0,10.0,6085.0,41.0,280.0,21,30,49,51,74,82,89,117,40.0,W,89,117,27.0,31.0,23.0,21.0,47.0,4.0,37.0,78.0,225.0
2024,Round 4,4,False,2024-04-07,2024-04-07,CD_M20240140408,Norwood Oval,Richmond,St Kilda,True,5.0,13,6,9.0,6.0,70.0,12.0,140.0,155.0,358.0,248.0,132.0,14.0,23.0,21.0,7.0,9.0,9,9,91.0,142.0,46.0,10.0,55.0,17.0,76.0,216.0,-7,80.0,10.0,5.0,6400.0,48.0,316.0,4,25,11,33,53,45,67,60,47.0,L,67,60,15.0,17.0,36.0,27.0,75.0,7.0,33.0,84.0,206.0
2024,Round 4,4,False,2024-04-07,2024-04-07,CD_M20240140408,Norwood Oval,St Kilda,Richmond,False,8.0,6,13,5.0,10.0,53.0,11.0,142.0,137.0,402.0,300.0,177.0,24.0,21.0,23.0,7.0,9.0,9,9,99.0,152.0,29.0,7.0,56.0,21.0,84.0,250.0,7,119.0,8.0,5.0,6701.0,43.0,332.0,25,4,33,11,45,53,60,67,44.0,W,60,67,22.0,23.0,29.0,25.0,68.0,13.0,35.0,76.0,254.0
2024,Round 4,4,False,2024-04-07,2024-04-07,CD_M20240140409,Adelaide Oval,Collingwood,Hawthorn,True,8.0,6,11,6.0,12.0,68.0,9.0,141.0,146.0,363.0,256.0,125.0,15.0,21.0,19.0,9.0,11.0,11,11,92.0,171.0,51.0,13.0,47.0,21.0,79.0,192.0,5,78.0,10.0,6.0,5753.0,55.0,288.0,7,25,20,58,47,72,72,77,42.0,W,72,77,21.0,25.0,42.0,26.0,74.0,6.0,38.0,79.0,217.0
2024,Round 4,4,False,2024-04-07,2024-04-07,CD_M20240140409,Adelaide Oval,Hawthorn,Collingwood,False,4.0,11,6,4.0,9.0,62.0,10.0,150.0,146.0,342.0,240.0,128.0,7.0,19.0,21.0,7.0,11.0,11,11,104.0,147.0,34.0,11.0,53.0,18.0,80.0,195.0,-5,80.0,10.0,4.0,5745.0,29.0,302.0,25,7,58,20,72,47,77,72,36.0,L,77,72,17.0,18.0,20.0,30.0,58.0,7.0,39.0,79.0,187.0
2024,Round 5,5,False,2024-04-11,2024-04-11,CD_M20240140501,MCG,Melbourne,Brisbane Lions,True,10.0,10,12,7.0,11.0,52.0,14.0,123.0,136.0,313.0,223.0,123.0,7.0,20.0,12.0,6.0,8.0,12,8,73.0,129.0,58.0,13.0,50.0,26.0,64.0,184.0,-22,88.0,9.0,1.0,5305.0,54.0,274.0,26,12,46,16,68,25,82,60,46.0,L,82,60,20.0,19.0,36.0,24.0,53.0,5.0,35.0,61.0,187.0
2024,Round 5,5,False,2024-04-11,2024-04-11,CD_M20240140501,MCG,Brisbane Lions,Melbourne,False,8.0,12,10,2.0,11.0,49.0,10.0,134.0,114.0,376.0,286.0,186.0,22.0,12.0,20.0,7.0,12.0,8,12,93.0,129.0,27.0,8.0,58.0,17.0,61.0,247.0,22,130.0,12.0,15.0,5610.0,45.0,280.0,12,26,16,46,25,68,60,82,40.0,W,60,82,22.0,22.0,31.0,33.0,83.0,15.0,44.0,64.0,235.0
2024,Round 5,5,False,2024-04-12,2024-04-12,CD_M20240140502,Marvel Stadium,Western Bulldogs,Essendon,True,11.0,6,13,9.0,10.0,66.0,11.0,116.0,109.0,357.0,273.0,139.0,11.0,21.0,15.0,7.0,9.0,15,9,79.0,158.0,23.0,7.0,50.0,7.0,66.0,199.0,-29,91.0,15.0,6.0,5342.0,38.0,273.0,30,26,50,42,65,51,96,67,32.0,L,96,67,21.0,23.0,23.0,18.0,50.0,10.0,28.0,63.0,237.0
2024,Round 5,5,False,2024-04-12,2024-04-12,CD_M20240140502,Marvel Stadium,Essendon,Western Bulldogs,False,5.0,13,6,5.0,16.0,53.0,10.0,124.0,135.0,354.0,268.0,172.0,13.0,15.0,21.0,8.0,15.0,9,15,74.0,115.0,35.0,12.0,49.0,10.0,62.0,239.0,29,108.0,15.0,10.0,5680.0,40.0,292.0,26,30,42,50,51,65,67,96,40.0,W,67,96,21.0,25.0,26.0,18.0,47.0,10.0,34.0,66.0,214.0
2024,Round 5,5,False,2024-04-13,2024-04-13,CD_M20240140503,Corroboree Group Oval Manuka,Greater Western Sydney,St Kilda,True,11.0,7,14,6.0,8.0,44.0,5.0,121.0,125.0,383.0,290.0,147.0,9.0,20.0,9.0,7.0,11.0,12,11,89.0,173.0,33.0,12.0,48.0,9.0,73.0,210.0,1,95.0,15.0,10.0,5783.0,51.0,272.0,9,28,29,48,41,70,79,80,40.0,W,79,80,25.0,27.0,41.0,23.0,59.0,18.0,31.0,56.0,259.0
2024,Round 5,5,False,2024-04-13,2024-04-13,CD_M20240140503,Corroboree Group Oval Manuka,St Kilda,Greater Western Sydney,False,5.0,14,7,6.0,16.0,53.0,6.0,132.0,142.0,356.0,258.0,159.0,17.0,9.0,20.0,7.0,12.0,11,12,91.0,130.0,30.0,5.0,52.0,9.0,56.0,226.0,-1,106.0,14.0,9.0,5482.0,34.0,355.0,28,9,48,29,70,41,80,79,35.0,L,80,79,19.0,23.0,22.0,27.0,67.0,17.0,43.0,73.0,213.0
2024,Round 5,5,False,2024-04-13,2024-04-13,CD_M20240140504,Marvel Stadium,Carlton,Adelaide,True,9.0,4,14,4.0,15.0,45.0,10.0,132.0,131.0,339.0,262.0,157.0,24.0,21.0,21.0,9.0,14.0,16,14,86.0,126.0,35.0,7.0,52.0,13.0,57.0,213.0,-2,96.0,11.0,8.0,5516.0,29.0,298.0,24,31,44,50,75,75,100,98,33.0,L,100,98,28.0,26.0,18.0,26.0,62.0,11.0,41.0,54.0,204.0
2024,Round 5,5,False,2024-04-13,2024-04-13,CD_M20240140504,Marvel Stadium,Adelaide,Carlton,False,4.0,14,4,4.0,15.0,58.0,6.0,126.0,119.0,347.0,266.0,129.0,12.0,21.0,21.0,12.0,16.0,14,16,82.0,158.0,43.0,16.0,48.0,11.0,54.0,189.0,2,85.0,18.0,8.0,5404.0,38.0,263.0,31,24,50,44,75,75,98,100,37.0,W,98,100,20.0,25.0,28.0,19.0,53.0,5.0,34.0,57.0,220.0
2024,Round 5,5,False,2024-04-13,2024-04-13,CD_M20240140505,People First Stadium,Gold Coast,Hawthorn,True,8.0,8,13,5.0,15.0,48.0,6.0,135.0,99.0,366.0,279.0,164.0,16.0,20.0,27.0,10.0,16.0,8,16,90.0,132.0,39.0,7.0,65.0,20.0,72.0,234.0,53,110.0,8.0,6.0,6343.0,44.0,239.0,10,28,22,44,36,76,56,109,36.0,W,56,109,29.0,26.0,32.0,23.0,61.0,11.0,38.0,66.0,231.0
2024,Round 5,5,False,2024-04-13,2024-04-13,CD_M20240140505,People First Stadium,Hawthorn,Gold Coast,False,8.0,13,8,2.0,10.0,71.0,7.0,127.0,150.0,270.0,189.0,113.0,21.0,27.0,20.0,4.0,8.0,16,8,94.0,101.0,30.0,7.0,45.0,19.0,67.0,169.0,-53,64.0,4.0,3.0,5520.0,38.0,274.0,28,10,44,22,76,36,109,56,48.0,L,109,56,16.0,17.0,29.0,18.0,44.0,3.0,28.0,72.0,138.0
2024,Round 5,5,False,2024-04-13,2024-04-13,CD_M20240140506,Adelaide Oval,Port Adelaide,Fremantle,True,11.0,9,12,8.0,6.0,49.0,13.0,127.0,143.0,338.0,255.0,146.0,10.0,19.0,23.0,6.0,9.0,9,9,69.0,126.0,67.0,19.0,56.0,20.0,70.0,212.0,3,93.0,12.0,6.0,5754.0,45.0,299.0,14,21,35,29,49,45,63,66,36.0,W,63,66,20.0,24.0,39.0,25.0,73.0,21.0,31.0,63.0,200.0
2024,Round 5,5,False,2024-04-13,2024-04-13,CD_M20240140506,Adelaide Oval,Fremantle,Port Adelaide,False,5.0,12,9,3.0,12.0,59.0,7.0,139.0,124.0,336.0,244.0,119.0,14.0,23.0,19.0,7.0,9.0,9,9,100.0,159.0,25.0,9.0,46.0,13.0,63.0,177.0,-3,66.0,6.0,3.0,5529.0,42.0,251.0,21,14,29,35,45,49,66,63,47.0,L,66,63,18.0,19.0,30.0,28.0,53.0,10.0,40.0,69.0,195.0
2024,Round 5,5,False,2024-04-14,2024-04-14,CD_M20240140507,GMHBA Stadium,Geelong,North Melbourne,True,10.0,4,13,2.0,16.0,45.0,8.0,133.0,131.0,342.0,252.0,137.0,19.0,17.0,14.0,17.0,21.0,10,21,95.0,146.0,28.0,11.0,60.0,18.0,79.0,196.0,75,88.0,22.0,8.0,5721.0,47.0,288.0,19,32,27,78,40,100,64,139,34.0,W,64,139,34.0,36.0,32.0,22.0,51.0,14.0,38.0,59.0,211.0
2024,Round 5,5,False,2024-04-14,2024-04-14,CD_M20240140507,GMHBA Stadium,North Melbourne,Geelong,False,3.0,13,4,1.0,10.0,55.0,7.0,120.0,187.0,378.0,280.0,163.0,10.0,14.0,17.0,8.0,10.0,21,10,75.0,145.0,41.0,10.0,45.0,12.0,59.0,233.0,-75,129.0,11.0,3.0,5031.0,44.0,304.0,32,19,78,27,100,40,139,64,39.0,L,139,64,14.0,16.0,31.0,21.0,68.0,4.0,31.0,79.0,256.0
2024,Round 5,5,False,2024-04-14,2024-04-14,CD_M20240140508,Optus Stadium,West Coast,Richmond,True,11.0,10,13,9.0,15.0,40.0,17.0,144.0,88.0,317.0,229.0,133.0,19.0,11.0,20.0,13.0,16.0,10,16,97.0,121.0,24.0,6.0,61.0,10.0,51.0,196.0,39,76.0,17.0,5.0,5682.0,29.0,229.0,27,19,49,68,56,98,70,109,29.0,W,70,109,29.0,32.0,17.0,33.0,50.0,10.0,48.0,50.0,167.0
2024,Round 5,5,False,2024-04-14,2024-04-14,CD_M20240140508,Optus Stadium,Richmond,West Coast,False,9.0,13,10,14.0,8.0,52.0,9.0,106.0,148.0,289.0,201.0,122.0,10.0,20.0,11.0,8.0,10.0,16,10,70.0,103.0,49.0,10.0,40.0,13.0,51.0,186.0,-39,92.0,17.0,13.0,5185.0,47.0,291.0,19,27,68,49,98,56,109,70,45.0,L,109,70,20.0,23.0,35.0,17.0,63.0,9.0,25.0,51.0,176.0
2024,Round 6,6,False,2024-04-18,2024-04-18,CD_M20240140601,Marvel Stadium,St Kilda,Western Bulldogs,True,10.0,10,10,7.0,9.0,74.0,4.0,125.0,142.0,335.0,228.0,108.0,21.0,21.0,8.0,8.0,9.0,19,9,98.0,146.0,28.0,9.0,44.0,8.0,63.0,189.0,-60,74.0,10.0,2.0,5399.0,52.0,290.0,43,6,76,27,108,37,124,64,35.0,L,124,64,19.0,20.0,38.0,21.0,50.0,9.0,30.0,70.0,205.0
2024,Round 6,6,False,2024-04-18,2024-04-18,CD_M20240140601,Marvel Stadium,Western Bulldogs,St Kilda,False,5.0,10,10,8.0,16.0,38.0,15.0,135.0,136.0,410.0,320.0,198.0,21.0,7.0,21.0,11.0,19.0,9,19,87.0,147.0,36.0,8.0,54.0,20.0,70.0,263.0,60,148.0,16.0,12.0,6324.0,30.0,294.0,6,43,27,76,37,108,64,124,33.0,W,64,124,28.0,32.0,17.0,16.0,72.0,16.0,32.0,62.0,270.0
2024,Round 6,6,False,2024-04-19,2024-04-19,CD_M20240140602,Adelaide Oval,Adelaide,Essendon,True,4.0,18,9,6.0,10.0,76.0,6.0,138.0,173.0,362.0,262.0,137.0,8.0,22.0,18.0,6.0,11.0,10,11,99.0,145.0,46.0,12.0,43.0,10.0,72.0,217.0,-3,77.0,4.0,3.0,6367.0,59.0,319.0,16,14,39,34,62,59,78,75,52.0,L,78,75,19.0,19.0,49.0,32.0,63.0,15.0,42.0,81.0,211.0
2024,Round 6,6,False,2024-04-19,2024-04-19,CD_M20240140602,Adelaide Oval,Essendon,Adelaide,False,13.0,9,18,10.0,9.0,54.0,5.0,143.0,125.0,376.0,267.0,132.0,23.0,18.0,22.0,6.0,10.0,11,10,101.0,159.0,49.0,14.0,62.0,14.0,81.0,217.0,3,70.0,7.0,10.0,6289.0,72.0,315.0,14,16,34,39,59,62,75,78,30.0,W,75,78,28.0,26.0,58.0,34.0,80.0,16.0,43.0,72.0,226.0
2024,Round 6,6,False,2024-04-20,2024-04-20,CD_M20240140603,MCG,Collingwood,Port Adelaide,True,16.0,9,21,4.0,19.0,49.0,13.0,161.0,131.0,369.0,251.0,126.0,22.0,21.0,21.0,8.0,17.0,12,17,111.0,161.0,32.0,8.0,66.0,14.0,67.0,208.0,42,69.0,15.0,4.0,6067.0,44.0,269.0,39,22,51,63,64,99,81,123,32.0,W,81,123,38.0,37.0,29.0,20.0,62.0,8.0,39.0,52.0,203.0
2024,Round 6,6,False,2024-04-20,2024-04-20,CD_M20240140603,MCG,Port Adelaide,Collingwood,False,6.0,21,9,7.0,12.0,56.0,9.0,120.0,178.0,319.0,235.0,133.0,15.0,21.0,21.0,9.0,12.0,17,12,79.0,124.0,40.0,9.0,47.0,12.0,52.0,195.0,-42,83.0,14.0,3.0,5780.0,46.0,335.0,22,39,63,51,99,64,123,81,49.0,L,123,81,21.0,27.0,31.0,21.0,66.0,13.0,33.0,67.0,181.0
2024,Round 6,6,False,2024-04-20,2024-04-20,CD_M20240140604,Marvel Stadium,Carlton,Greater Western Sydney,True,13.0,8,15,2.0,22.0,48.0,9.0,151.0,144.0,381.0,285.0,130.0,12.0,12.0,19.0,12.0,17.0,15,17,97.0,192.0,41.0,16.0,54.0,7.0,65.0,189.0,19,70.0,17.0,10.0,5962.0,41.0,266.0,25,31,58,49,79,94,98,117,35.0,W,98,117,32.0,34.0,28.0,26.0,52.0,9.0,48.0,61.0,231.0
2024,Round 6,6,False,2024-04-20,2024-04-20,CD_M20240140604,Marvel Stadium,Greater Western Sydney,Carlton,False,4.0,15,8,6.0,8.0,54.0,9.0,117.0,150.0,350.0,264.0,155.0,18.0,19.0,12.0,10.0,15.0,17,15,84.0,133.0,28.0,7.0,51.0,10.0,62.0,217.0,-19,106.0,13.0,10.0,5874.0,42.0,335.0,31,25,49,58,94,79,117,98,37.0,L,117,98,23.0,27.0,31.0,24.0,68.0,19.0,32.0,65.0,217.0
2024,Round 6,6,False,2024-04-20,2024-04-20,CD_M20240140605,Gabba,Brisbane Lions,Geelong,True,8.0,9,13,3.0,6.0,69.0,6.0,172.0,162.0,380.0,243.0,115.0,17.0,15.0,19.0,2.0,4.0,9,4,134.0,156.0,35.0,4.0,51.0,13.0,83.0,224.0,-26,57.0,8.0,4.0,6193.0,51.0,328.0,13,17,28,26,42,35,63,37,48.0,L,63,37,16.0,17.0,35.0,45.0,73.0,20.0,51.0,79.0,200.0
2024,Round 6,6,False,2024-04-20,2024-04-20,CD_M20240140605,Gabba,Geelong,Brisbane Lions,False,7.0,13,9,1.0,7.0,79.0,4.0,151.0,163.0,338.0,206.0,110.0,28.0,19.0,15.0,6.0,9.0,4,9,110.0,126.0,65.0,13.0,57.0,12.0,80.0,212.0,26,50.0,6.0,0.0,6228.0,65.0,369.0,17,13,26,28,35,42,37,63,47.0,W,37,63,18.0,19.0,48.0,44.0,85.0,15.0,51.0,81.0,164.0
2024,Round 6,6,False,2024-04-20,2024-04-20,CD_M20240140606,Optus Stadium,West Coast,Fremantle,True,9.0,8,9,5.0,11.0,38.0,17.0,132.0,119.0,317.0,240.0,144.0,13.0,17.0,16.0,7.0,16.0,10,16,90.0,113.0,24.0,6.0,48.0,17.0,59.0,204.0,37,101.0,14.0,9.0,5374.0,40.0,248.0,3,25,21,58,29,93,68,105,29.0,W,68,105,25.0,25.0,30.0,25.0,49.0,16.0,36.0,44.0,192.0
2024,Round 6,6,False,2024-04-20,2024-04-20,CD_M20240140606,Optus Stadium,Fremantle,West Coast,False,6.0,9,8,9.0,10.0,41.0,7.0,108.0,121.0,329.0,257.0,142.0,14.0,16.0,17.0,9.0,10.0,16,10,69.0,135.0,52.0,15.0,40.0,9.0,44.0,194.0,-37,94.0,9.0,3.0,4901.0,34.0,229.0,25,3,58,21,93,29,105,68,32.0,L,105,68,18.0,19.0,25.0,32.0,49.0,12.0,42.0,59.0,212.0
2024,Round 6,6,False,2024-04-21,2024-04-21,CD_M20240140607,SCG,Sydney,Gold Coast,True,8.0,9,8,7.0,10.0,59.0,7.0,118.0,140.0,367.0,272.0,138.0,10.0,18.0,15.0,12.0,17.0,8,17,77.0,162.0,38.0,16.0,57.0,19.0,77.0,205.0,53,103.0,16.0,13.0,5838.0,42.0,288.0,8,33,23,34,37,80,57,110,40.0,W,57,110,25.0,25.0,32.0,23.0,73.0,14.0,33.0,76.0,246.0
2024,Round 6,6,False,2024-04-21,2024-04-21,CD_M20240140607,SCG,Gold Coast,Sydney,False,8.0,8,9,3.0,10.0,59.0,9.0,125.0,138.0,333.0,236.0,123.0,16.0,15.0,19.0,6.0,8.0,17,8,87.0,141.0,37.0,9.0,49.0,20.0,77.0,192.0,-53,85.0,5.0,5.0,5060.0,43.0,312.0,33,8,34,23,80,37,110,57,40.0,L,110,57,17.0,19.0,28.0,20.0,62.0,14.0,30.0,77.0,205.0
2024,Round 6,6,False,2024-04-21,2024-04-21,CD_M20240140608,Marvel Stadium,North Melbourne,Hawthorn,True,6.0,11,8,12.0,10.0,56.0,5.0,114.0,154.0,319.0,239.0,130.0,10.0,25.0,17.0,6.0,10.0,17,10,73.0,139.0,48.0,13.0,52.0,14.0,55.0,180.0,-45,80.0,11.0,4.0,5204.0,32.0,274.0,21,14,72,35,92,54,113,68,43.0,L,113,68,18.0,18.0,26.0,30.0,57.0,5.0,40.0,63.0,195.0
2024,Round 6,6,False,2024-04-21,2024-04-21,CD_M20240140608,Marvel Stadium,Hawthorn,North Melbourne,False,10.0,8,11,4.0,11.0,57.0,8.0,126.0,121.0,372.0,291.0,163.0,18.0,17.0,25.0,16.0,17.0,10,17,81.0,145.0,29.0,9.0,63.0,13.0,63.0,227.0,45,108.0,19.0,7.0,6023.0,37.0,275.0,14,21,35,72,54,92,68,113,42.0,W,68,113,28.0,32.0,24.0,27.0,66.0,12.0,38.0,55.0,246.0
2024,Round 7,7,False,2024-04-24,2024-04-24,CD_M20240140701,MCG,Richmond,Melbourne,True,8.0,7,12,10.0,10.0,73.0,7.0,119.0,134.0,357.0,259.0,136.0,9.0,24.0,12.0,5.0,5.0,13,5,81.0,152.0,27.0,10.0,50.0,23.0,73.0,205.0,-43,108.0,11.0,7.0,5727.0,54.0,267.0,15,9,23,24,55,32,85,42,36.0,L,85,42,15.0,16.0,39.0,15.0,57.0,11.0,25.0,69.0,240.0
2024,Round 7,7,False,2024-04-24,2024-04-24,CD_M20240140701,MCG,Melbourne,Richmond,False,5.0,12,7,0.0,8.0,64.0,10.0,136.0,148.0,380.0,273.0,166.0,16.0,12.0,24.0,9.0,13.0,5,13,89.0,139.0,27.0,12.0,50.0,22.0,69.0,241.0,43,129.0,14.0,11.0,6265.0,31.0,279.0,9,15,24,23,32,55,42,85,44.0,W,42,85,20.0,26.0,21.0,24.0,52.0,9.0,32.0,73.0,240.0
2024,Round 7,7,False,2024-04-25,2024-04-25,CD_M20240140702,MCG,Essendon,Collingwood,True,11.0,13,13,3.0,19.0,60.0,13.0,134.0,116.0,396.0,308.0,159.0,12.0,22.0,22.0,10.0,12.0,12,12,90.0,171.0,31.0,9.0,55.0,14.0,63.0,225.0,0,102.0,11.0,10.0,6153.0,47.0,252.0,18,37,47,48,66,65,85,85,39.0,D,85,85,25.0,24.0,28.0,21.0,51.0,2.0,40.0,73.0,249.0
2024,Round 7,7,False,2024-04-25,2024-04-25,CD_M20240140702,MCG,Collingwood,Essendon,False,11.0,13,13,3.0,8.0,60.0,10.0,113.0,139.0,318.0,232.0,126.0,17.0,22.0,22.0,9.0,12.0,12,12,73.0,130.0,25.0,3.0,53.0,18.0,73.0,188.0,0,79.0,11.0,4.0,6085.0,49.0,324.0,37,18,48,47,65,66,85,85,41.0,D,85,85,24.0,29.0,33.0,15.0,67.0,14.0,23.0,63.0,193.0
2024,Round 7,7,False,2024-04-25,2024-04-25,CD_M20240140703,Corroboree Group Oval Manuka,Greater Western Sydney,Brisbane Lions,True,7.0,11,11,17.0,10.0,53.0,8.0,132.0,97.0,388.0,294.0,166.0,14.0,21.0,16.0,13.0,17.0,8,17,90.0,151.0,35.0,6.0,53.0,21.0,75.0,237.0,54,113.0,15.0,2.0,6502.0,40.0,239.0,16,27,44,52,46,84,59,113,40.0,W,59,113,27.0,27.0,30.0,28.0,56.0,23.0,38.0,63.0,248.0
2024,Round 7,7,False,2024-04-25,2024-04-25,CD_M20240140703,Corroboree Group Oval Manuka,Brisbane Lions,Greater Western Sydney,False,9.0,11,11,1.0,14.0,49.0,8.0,116.0,145.0,301.0,210.0,129.0,15.0,16.0,21.0,7.0,8.0,17,8,79.0,106.0,30.0,2.0,48.0,17.0,63.0,195.0,-54,90.0,7.0,5.0,5478.0,39.0,299.0,27,16,52,44,84,46,113,59,34.0,L,113,59,19.0,21.0,32.0,20.0,52.0,4.0,34.0,75.0,174.0
2024,Round 7,7,False,2024-04-26,2024-04-26,CD_M20240140704,Adelaide Oval,Port Adelaide,St Kilda,True,15.0,6,16,6.0,10.0,48.0,13.0,139.0,126.0,353.0,258.0,154.0,18.0,10.0,25.0,6.0,11.0,11,11,88.0,124.0,46.0,17.0,53.0,15.0,72.0,229.0,10,106.0,13.0,5.0,5921.0,48.0,288.0,21,14,35,45,54,67,72,82,33.0,W,72,82,27.0,30.0,37.0,24.0,83.0,19.0,34.0,64.0,208.0
2024,Round 7,7,False,2024-04-26,2024-04-26,CD_M20240140704,Adelaide Oval,St Kilda,Port Adelaide,False,5.0,16,6,3.0,8.0,70.0,7.0,118.0,145.0,315.0,219.0,123.0,11.0,25.0,10.0,6.0,11.0,11,11,94.0,116.0,35.0,6.0,46.0,14.0,65.0,199.0,-10,81.0,8.0,4.0,5551.0,43.0,278.0,14,21,45,35,67,54,82,72,40.0,L,82,72,17.0,17.0,37.0,22.0,55.0,9.0,30.0,71.0,184.0
2024,Round 7,7,False,2024-04-27,2024-04-27,CD_M20240140705,Ninja Stadium,North Melbourne,Adelaide,True,7.0,18,9,2.0,15.0,46.0,7.0,124.0,166.0,319.0,229.0,130.0,15.0,16.0,20.0,8.0,12.0,20,12,82.0,118.0,42.0,15.0,41.0,11.0,48.0,201.0,-57,83.0,6.0,10.0,5307.0,38.0,287.0,35,15,75,40,108,49,138,81,39.0,L,138,81,20.0,19.0,29.0,20.0,45.0,4.0,35.0,57.0,183.0
2024,Round 7,7,False,2024-04-27,2024-04-27,CD_M20240140705,Ninja Stadium,Adelaide,North Melbourne,False,12.0,9,18,3.0,15.0,47.0,23.0,142.0,98.0,385.0,291.0,158.0,20.0,20.0,16.0,16.0,20.0,12,20,88.0,157.0,43.0,12.0,60.0,19.0,57.0,228.0,57,117.0,24.0,9.0,5816.0,37.0,254.0,15,35,40,75,49,108,81,138,29.0,W,81,138,37.0,37.0,28.0,29.0,57.0,19.0,44.0,48.0,237.0
2024,Round 7,7,False,2024-04-27,2024-04-27,CD_M20240140706,MCG,Geelong,Carlton,True,7.0,15,10,7.0,13.0,53.0,12.0,120.0,171.0,333.0,232.0,124.0,15.0,14.0,10.0,11.0,18.0,15,18,86.0,139.0,34.0,4.0,45.0,16.0,64.0,194.0,13,80.0,17.0,2.0,5765.0,47.0,317.0,20,32,45,64,76,87,105,118,49.0,W,105,118,28.0,28.0,32.0,25.0,67.0,8.0,38.0,65.0,202.0
2024,Round 7,7,False,2024-04-27,2024-04-27,CD_M20240140706,MCG,Carlton,Geelong,False,13.0,10,15,4.0,16.0,39.0,8.0,139.0,114.0,368.0,258.0,134.0,23.0,10.0,14.0,9.0,15.0,18,15,89.0,150.0,44.0,12.0,66.0,16.0,65.0,218.0,-13,93.0,15.0,6.0,6025.0,33.0,282.0,32,20,64,45,87,76,118,105,27.0,L,118,105,30.0,30.0,24.0,28.0,65.0,24.0,44.0,63.0,222.0
2024,Round 7,7,False,2024-04-27,2024-04-27,CD_M20240140707,Optus Stadium,Fremantle,Western Bulldogs,True,11.0,11,11,14.0,13.0,46.0,9.0,136.0,145.0,385.0,301.0,150.0,16.0,18.0,14.0,11.0,14.0,10,14,89.0,179.0,47.0,18.0,52.0,13.0,57.0,206.0,24,91.0,15.0,4.0,5746.0,39.0,289.0,20,28,45,48,64,69,71,95,40.0,W,71,95,25.0,29.0,28.0,34.0,53.0,12.0,47.0,66.0,246.0
2024,Round 7,7,False,2024-04-27,2024-04-27,CD_M20240140707,Optus Stadium,Western Bulldogs,Fremantle,False,10.0,11,11,4.0,9.0,45.0,8.0,124.0,139.0,362.0,270.0,140.0,17.0,14.0,18.0,7.0,10.0,14,10,85.0,159.0,34.0,8.0,50.0,13.0,66.0,203.0,-24,99.0,9.0,4.0,5334.0,45.0,316.0,28,20,48,45,69,64,95,71,38.0,L,95,71,21.0,22.0,28.0,21.0,60.0,16.0,30.0,56.0,232.0
2024,Round 7,7,False,2024-04-28,2024-04-28,CD_M20240140708,People First Stadium,Gold Coast,West Coast,True,10.0,3,10,6.0,19.0,47.0,11.0,148.0,99.0,322.0,230.0,129.0,18.0,18.0,30.0,13.0,17.0,12,17,86.0,127.0,63.0,17.0,67.0,16.0,66.0,195.0,37,79.0,12.0,8.0,5976.0,39.0,256.0,19,15,44,47,51,85,75,112,22.0,W,75,112,27.0,28.0,29.0,29.0,79.0,20.0,48.0,61.0,176.0
2024,Round 7,7,False,2024-04-28,2024-04-28,CD_M20240140708,People First Stadium,West Coast,Gold Coast,False,3.0,10,3,5.0,7.0,63.0,7.0,111.0,161.0,276.0,190.0,125.0,6.0,30.0,18.0,6.0,12.0,17,12,79.0,90.0,18.0,3.0,35.0,12.0,61.0,186.0,-37,78.0,6.0,12.0,5328.0,45.0,270.0,15,19,47,44,85,51,112,75,49.0,L,112,75,15.0,18.0,31.0,24.0,67.0,6.0,31.0,66.0,149.0
2024,Round 7,7,False,2024-04-28,2024-04-28,CD_M20240140709,MCG,Hawthorn,Sydney,True,12.0,10,12,3.0,14.0,56.0,5.0,129.0,132.0,331.0,235.0,117.0,12.0,18.0,12.0,4.0,5.0,18,5,101.0,147.0,24.0,8.0,47.0,17.0,64.0,184.0,-76,80.0,13.0,6.0,4851.0,35.0,295.0,39,14,66,24,98,33,118,42,30.0,L,118,42,17.0,20.0,21.0,21.0,45.0,11.0,35.0,68.0,206.0
2024,Round 7,7,False,2024-04-28,2024-04-28,CD_M20240140709,MCG,Sydney,Hawthorn,False,9.0,12,10,9.0,9.0,45.0,9.0,110.0,128.0,398.0,314.0,180.0,12.0,12.0,18.0,13.0,18.0,5,18,65.0,155.0,44.0,16.0,50.0,20.0,68.0,243.0,76,136.0,15.0,9.0,5989.0,38.0,299.0,14,39,24,66,33,98,42,118,42.0,W,42,118,28.0,29.0,26.0,21.0,67.0,9.0,30.0,63.0,282.0
2024,Round 8,8,False,2024-05-02,2024-05-02,CD_M20240140801,Adelaide Oval,Adelaide,Port Adelaide,True,4.0,18,6,5.0,9.0,54.0,11.0,132.0,160.0,360.0,261.0,146.0,5.0,16.0,21.0,10.0,12.0,5,12,86.0,140.0,46.0,10.0,47.0,16.0,77.0,220.0,30,89.0,11.0,8.0,6136.0,50.0,303.0,22,30,25,44,35,58,48,78,51.0,W,48,78,18.0,17.0,31.0,24.0,73.0,12.0,33.0,71.0,214.0
2024,Round 8,8,False,2024-05-02,2024-05-02,CD_M20240140801,Adelaide Oval,Port Adelaide,Adelaide,False,14.0,6,18,10.0,11.0,59.0,11.0,146.0,123.0,333.0,215.0,107.0,17.0,21.0,16.0,4.0,5.0,12,5,97.0,139.0,45.0,17.0,57.0,19.0,71.0,194.0,-30,69.0,10.0,6.0,5886.0,44.0,317.0,30,22,44,25,58,35,78,48,34.0,L,78,48,23.0,23.0,33.0,32.0,65.0,12.0,43.0,77.0,184.0
2024,Round 8,8,False,2024-05-03,2024-05-03,CD_M20240140802,MCG,Carlton,Collingwood,True,7.0,13,7,2.0,11.0,59.0,12.0,154.0,159.0,365.0,259.0,152.0,18.0,21.0,22.0,8.0,12.0,12,12,106.0,137.0,42.0,11.0,38.0,16.0,59.0,228.0,-6,91.0,10.0,7.0,5798.0,57.0,270.0,20,34,52,41,56,61,85,79,51.0,L,85,79,19.0,22.0,42.0,29.0,54.0,9.0,40.0,64.0,200.0
2024,Round 8,8,False,2024-05-03,2024-05-03,CD_M20240140802,MCG,Collingwood,Carlton,False,9.0,7,13,5.0,12.0,60.0,6.0,138.0,128.0,323.0,229.0,127.0,20.0,22.0,21.0,10.0,12.0,12,12,95.0,128.0,43.0,9.0,63.0,16.0,64.0,195.0,6,75.0,8.0,6.0,6053.0,51.0,310.0,34,20,41,52,61,56,79,85,26.0,W,79,85,25.0,27.0,36.0,32.0,88.0,22.0,44.0,58.0,182.0
2024,Round 8,8,False,2024-05-04,2024-05-04,CD_M20240140803,SCG,Sydney,Greater Western Sydney,True,11.0,9,14,9.0,11.0,68.0,10.0,168.0,130.0,348.0,226.0,128.0,20.0,19.0,28.0,6.0,14.0,10,14,112.0,131.0,47.0,14.0,67.0,10.0,82.0,217.0,29,61.0,5.0,1.0,6132.0,53.0,320.0,33,18,35,44,53,71,69,98,32.0,W,69,98,27.0,25.0,36.0,32.0,73.0,11.0,43.0,82.0,180.0
2024,Round 8,8,False,2024-05-04,2024-05-04,CD_M20240140803,SCG,Greater Western Sydney,Sydney,False,7.0,14,9,6.0,9.0,73.0,10.0,152.0,184.0,341.0,217.0,116.0,12.0,27.0,19.0,8.0,10.0,14,10,104.0,142.0,27.0,4.0,42.0,20.0,83.0,199.0,-29,70.0,13.0,4.0,5533.0,68.0,333.0,18,33,44,35,71,53,98,69,52.0,L,98,69,19.0,18.0,45.0,22.0,72.0,5.0,31.0,80.0,182.0
2024,Round 8,8,False,2024-05-04,2024-05-04,CD_M20240140804,Marvel Stadium,St Kilda,North Melbourne,True,9.0,5,13,4.0,11.0,54.0,11.0,136.0,109.0,393.0,291.0,169.0,23.0,18.0,22.0,12.0,15.0,10,15,99.0,153.0,25.0,3.0,63.0,19.0,66.0,240.0,38,128.0,16.0,5.0,6044.0,38.0,298.0,20,26,26,54,46,80,65,103,26.0,W,65,103,28.0,27.0,29.0,29.0,64.0,15.0,40.0,60.0,252.0
2024,Round 8,8,False,2024-05-04,2024-05-04,CD_M20240140804,Marvel Stadium,North Melbourne,St Kilda,False,5.0,13,5,10.0,12.0,62.0,5.0,122.0,170.0,332.0,235.0,113.0,3.0,22.0,18.0,7.0,10.0,15,10,82.0,142.0,50.0,7.0,38.0,15.0,60.0,190.0,-38,69.0,10.0,7.0,5393.0,37.0,295.0,26,20,54,26,80,46,103,65,48.0,L,103,65,15.0,16.0,27.0,20.0,69.0,0.0,32.0,65.0,196.0
2024,Round 8,8,False,2024-05-04,2024-05-04,CD_M20240140805,MCG,Melbourne,Geelong,True,13.0,12,14,4.0,12.0,55.0,16.0,127.0,127.0,345.0,254.0,170.0,12.0,14.0,17.0,7.0,10.0,9,10,76.0,104.0,24.0,5.0,51.0,13.0,79.0,241.0,8,117.0,13.0,9.0,6307.0,42.0,310.0,16,20,20,25,46,44,66,74,40.0,W,66,74,24.0,27.0,27.0,15.0,55.0,13.0,27.0,76.0,207.0
2024,Round 8,8,False,2024-05-04,2024-05-04,CD_M20240140805,MCG,Geelong,Melbourne,False,11.0,14,12,4.0,8.0,71.0,8.0,124.0,134.0,354.0,247.0,135.0,11.0,17.0,14.0,7.0,9.0,10,9,88.0,135.0,27.0,10.0,50.0,15.0,76.0,219.0,-8,96.0,13.0,10.0,6225.0,55.0,251.0,20,16,25,20,44,46,74,66,42.0,L,74,66,21.0,24.0,41.0,18.0,51.0,2.0,26.0,79.0,222.0
2024,Round 8,8,False,2024-05-04,2024-05-04,CD_M20240140806,Optus Stadium,West Coast,Essendon,True,5.0,11,5,5.0,11.0,46.0,10.0,129.0,122.0,337.0,240.0,125.0,11.0,13.0,18.0,8.0,11.0,11,11,86.0,135.0,28.0,8.0,44.0,14.0,60.0,202.0,-6,82.0,12.0,9.0,5867.0,33.0,308.0,17,7,48,26,68,53,77,71,48.0,L,77,71,16.0,24.0,21.0,29.0,45.0,7.0,40.0,71.0,201.0
2024,Round 8,8,False,2024-05-04,2024-05-04,CD_M20240140806,Optus Stadium,Essendon,West Coast,False,10.0,5,11,8.0,11.0,58.0,9.0,127.0,137.0,381.0,281.0,130.0,12.0,18.0,13.0,9.0,11.0,11,11,85.0,171.0,53.0,17.0,60.0,16.0,71.0,210.0,6,96.0,12.0,9.0,6125.0,39.0,313.0,7,17,26,48,53,68,71,77,33.0,W,71,77,22.0,23.0,23.0,30.0,67.0,14.0,41.0,60.0,255.0
2024,Round 8,8,False,2024-05-05,2024-05-05,CD_M20240140807,MCG,Richmond,Fremantle,True,10.0,13,13,13.0,5.0,65.0,6.0,98.0,137.0,322.0,245.0,134.0,12.0,20.0,11.0,5.0,6.0,15,6,69.0,131.0,34.0,8.0,38.0,19.0,65.0,191.0,-54,97.0,9.0,9.0,5088.0,41.0,286.0,22,9,44,13,59,35,103,49,43.0,L,103,49,19.0,17.0,30.0,11.0,40.0,8.0,16.0,58.0,219.0
2024,Round 8,8,False,2024-05-05,2024-05-05,CD_M20240140807,MCG,Fremantle,Richmond,False,9.0,13,13,10.0,14.0,47.0,6.0,111.0,114.0,404.0,312.0,167.0,14.0,11.0,20.0,9.0,15.0,6,15,80.0,166.0,26.0,9.0,59.0,18.0,59.0,238.0,54,130.0,18.0,11.0,6017.0,29.0,268.0,9,22,13,44,35,59,49,103,32.0,W,49,103,27.0,30.0,18.0,22.0,60.0,14.0,36.0,65.0,280.0
2024,Round 8,8,False,2024-05-05,2024-05-05,CD_M20240140808,Marvel Stadium,Western Bulldogs,Hawthorn,True,6.0,14,7,7.0,12.0,59.0,7.0,126.0,116.0,346.0,264.0,138.0,14.0,19.0,16.0,12.0,14.0,14,14,80.0,148.0,38.0,16.0,48.0,9.0,48.0,198.0,-7,82.0,13.0,4.0,5224.0,43.0,243.0,26,31,47,39,63,55,98,91,34.0,L,98,91,21.0,25.0,30.0,32.0,59.0,11.0,44.0,68.0,213.0
2024,Round 8,8,False,2024-05-05,2024-05-05,CD_M20240140808,Marvel Stadium,Hawthorn,Western Bulldogs,False,12.0,7,14,10.0,9.0,43.0,5.0,136.0,120.0,349.0,264.0,167.0,17.0,16.0,19.0,10.0,14.0,14,14,95.0,125.0,49.0,11.0,49.0,12.0,69.0,224.0,7,107.0,15.0,6.0,5346.0,37.0,264.0,31,26,39,47,55,63,91,98,33.0,W,91,98,28.0,33.0,25.0,19.0,72.0,8.0,28.0,48.0,216.0
2024,Round 8,8,False,2024-05-05,2024-05-05,CD_M20240140809,Gabba,Brisbane Lions,Gold Coast,True,14.0,9,19,2.0,12.0,60.0,15.0,132.0,112.0,377.0,273.0,186.0,20.0,18.0,21.0,3.0,10.0,6,10,84.0,108.0,37.0,11.0,64.0,18.0,75.0,269.0,34,148.0,14.0,12.0,6311.0,44.0,275.0,13,35,16,56,29,65,45,79,39.0,W,45,79,27.0,29.0,33.0,25.0,59.0,15.0,37.0,68.0,238.0
2024,Round 8,8,False,2024-05-05,2024-05-05,CD_M20240140809,Gabba,Gold Coast,Brisbane Lions,False,7.0,19,9,5.0,5.0,71.0,8.0,115.0,149.0,304.0,221.0,114.0,7.0,21.0,17.0,4.0,6.0,10,6,75.0,137.0,46.0,11.0,46.0,17.0,69.0,167.0,-34,60.0,6.0,2.0,5761.0,38.0,282.0,35,13,56,16,65,29,79,45,54.0,L,79,45,15.0,15.0,28.0,29.0,63.0,11.0,34.0,74.0,175.0
2024,Round 9,9,False,2024-05-09,2024-05-09,CD_M20240140901,MCG,Carlton,Melbourne,True,2.0,10,5,0.0,14.0,58.0,12.0,155.0,174.0,356.0,240.0,137.0,13.0,17.0,19.0,8.0,12.0,11,12,106.0,136.0,32.0,11.0,41.0,18.0,82.0,220.0,1,78.0,7.0,7.0,5681.0,61.0,329.0,0,30,19,50,48,70,76,77,50.0,W,76,77,15.0,15.0,41.0,28.0,68.0,9.0,42.0,84.0,187.0
2024,Round 9,9,False,2024-05-09,2024-05-09,CD_M20240140901,MCG,Melbourne,Carlton,False,6.0,5,10,3.0,10.0,58.0,9.0,146.0,119.0,362.0,248.0,135.0,13.0,19.0,17.0,9.0,11.0,12,11,104.0,148.0,51.0,10.0,61.0,18.0,84.0,214.0,-1,80.0,9.0,8.0,5915.0,44.0,319.0,30,0,50,19,70,48,77,76,29.0,L,77,76,19.0,23.0,31.0,30.0,86.0,16.0,40.0,82.0,207.0
2024,Round 9,9,False,2024-05-10,2024-05-10,CD_M20240140902,GMHBA Stadium,Geelong,Port Adelaide,True,8.0,11,11,6.0,13.0,51.0,12.0,132.0,164.0,315.0,208.0,106.0,11.0,17.0,19.0,11.0,14.0,15,14,89.0,128.0,44.0,9.0,53.0,15.0,60.0,187.0,-6,66.0,13.0,6.0,6007.0,46.0,326.0,50,21,77,36,92,74,101,95,36.0,L,101,95,25.0,28.0,34.0,26.0,76.0,12.0,39.0,55.0,166.0
2024,Round 9,9,False,2024-05-10,2024-05-10,CD_M20240140902,GMHBA Stadium,Port Adelaide,Geelong,False,10.0,11,11,6.0,15.0,61.0,4.0,128.0,124.0,368.0,256.0,144.0,15.0,19.0,17.0,12.0,15.0,14,15,93.0,133.0,49.0,15.0,52.0,9.0,55.0,235.0,6,89.0,14.0,11.0,5990.0,46.0,285.0,21,50,36,77,74,92,95,101,37.0,W,95,101,26.0,29.0,34.0,33.0,73.0,19.0,48.0,58.0,220.0
2024,Round 9,9,False,2024-05-10,2024-05-10,CD_M20240140903,Optus Stadium,Fremantle,Sydney,True,14.0,9,15,1.0,10.0,52.0,6.0,110.0,122.0,369.0,281.0,133.0,16.0,17.0,24.0,4.0,4.0,13,4,76.0,175.0,13.0,4.0,46.0,14.0,64.0,194.0,-48,97.0,12.0,6.0,5357.0,36.0,258.0,18,11,54,14,68,25,87,39,37.0,L,87,39,19.0,26.0,26.0,18.0,42.0,9.0,28.0,65.0,255.0
2024,Round 9,9,False,2024-05-10,2024-05-10,CD_M20240140903,Optus Stadium,Sydney,Fremantle,False,8.0,15,9,6.0,9.0,55.0,8.0,115.0,125.0,377.0,294.0,194.0,15.0,24.0,17.0,11.0,13.0,4,13,72.0,124.0,41.0,13.0,51.0,11.0,65.0,253.0,48,128.0,11.0,6.0,5836.0,31.0,293.0,11,18,14,54,25,68,39,87,42.0,W,39,87,22.0,24.0,21.0,18.0,52.0,8.0,27.0,64.0,246.0
2024,Round 9,9,False,2024-05-11,2024-05-11,CD_M20240140904,UTAS Stadium,Hawthorn,St Kilda,True,8.0,11,10,5.0,6.0,35.0,10.0,141.0,161.0,351.0,271.0,144.0,20.0,13.0,15.0,4.0,8.0,7,8,102.0,146.0,50.0,14.0,44.0,17.0,66.0,205.0,5,76.0,10.0,2.0,5863.0,37.0,307.0,21,25,28,38,39,54,53,58,44.0,W,53,58,18.0,19.0,29.0,28.0,77.0,13.0,34.0,63.0,204.0
2024,Round 9,9,False,2024-05-11,2024-05-11,CD_M20240140904,UTAS Stadium,St Kilda,Hawthorn,False,8.0,10,11,4.0,7.0,46.0,18.0,144.0,135.0,364.0,261.0,162.0,16.0,15.0,13.0,5.0,7.0,8,7,90.0,132.0,37.0,7.0,51.0,14.0,63.0,232.0,-5,117.0,14.0,3.0,5858.0,40.0,338.0,25,21,38,28,54,39,58,53,34.0,L,58,53,17.0,21.0,25.0,31.0,84.0,18.0,38.0,66.0,223.0
2024,Round 9,9,False,2024-05-11,2024-05-11,CD_M20240140905,Marvel Stadium,Essendon,Greater Western Sydney,True,9.0,8,10,9.0,10.0,46.0,8.0,129.0,127.0,377.0,271.0,148.0,19.0,10.0,12.0,6.0,12.0,9,12,89.0,156.0,55.0,18.0,57.0,22.0,67.0,221.0,20,113.0,15.0,10.0,5658.0,31.0,318.0,27,8,42,30,55,63,62,82,30.0,W,62,82,22.0,25.0,22.0,29.0,62.0,13.0,39.0,60.0,234.0
2024,Round 9,9,False,2024-05-11,2024-05-11,CD_M20240140905,Marvel Stadium,Greater Western Sydney,Essendon,False,6.0,10,8,5.0,10.0,52.0,11.0,136.0,143.0,350.0,244.0,111.0,15.0,12.0,10.0,4.0,9.0,12,9,101.0,164.0,30.0,6.0,40.0,16.0,60.0,186.0,-20,74.0,10.0,9.0,5154.0,46.0,294.0,8,27,30,42,63,55,82,62,45.0,L,82,62,17.0,20.0,31.0,30.0,69.0,10.0,40.0,67.0,211.0
2024,Round 9,9,False,2024-05-11,2024-05-11,CD_M20240140906,MCG,Richmond,Western Bulldogs,True,5.0,19,6,9.0,9.0,66.0,4.0,129.0,221.0,335.0,235.0,119.0,7.0,17.0,14.0,5.0,6.0,19,6,90.0,146.0,49.0,17.0,41.0,15.0,61.0,189.0,-91,76.0,3.0,7.0,5729.0,45.0,367.0,24,1,67,20,93,27,133,42,58.0,L,133,42,12.0,12.0,29.0,24.0,46.0,8.0,33.0,71.0,203.0
2024,Round 9,9,False,2024-05-11,2024-05-11,CD_M20240140906,MCG,Western Bulldogs,Richmond,False,18.0,6,19,5.0,15.0,43.0,8.0,143.0,118.0,451.0,356.0,177.0,20.0,14.0,17.0,15.0,19.0,6,19,100.0,201.0,39.0,11.0,77.0,16.0,71.0,250.0,91,119.0,16.0,8.0,6801.0,56.0,293.0,1,24,20,67,27,93,42,133,33.0,W,42,133,38.0,41.0,35.0,27.0,55.0,13.0,42.0,61.0,308.0
2024,Round 9,9,False,2024-05-11,2024-05-11,CD_M20240140907,TIO Stadium,Gold Coast,North Melbourne,True,14.0,10,18,8.0,16.0,51.0,9.0,155.0,138.0,382.0,280.0,146.0,25.0,14.0,25.0,10.0,17.0,7,17,115.0,158.0,45.0,9.0,67.0,14.0,88.0,224.0,68,63.0,8.0,1.0,7727.0,47.0,351.0,10,16,17,42,31,74,52,120,36.0,W,52,120,34.0,37.0,38.0,24.0,78.0,15.0,40.0,80.0,211.0
2024,Round 9,9,False,2024-05-11,2024-05-11,CD_M20240140907,TIO Stadium,North Melbourne,Gold Coast,False,9.0,18,10,7.0,10.0,75.0,6.0,137.0,180.0,392.0,281.0,149.0,14.0,25.0,14.0,4.0,7.0,17,7,103.0,154.0,25.0,8.0,45.0,13.0,80.0,238.0,-68,73.0,6.0,9.0,6902.0,59.0,318.0,16,10,42,17,74,31,120,52,50.0,L,120,52,17.0,20.0,46.0,21.0,56.0,11.0,31.0,88.0,232.0
2024,Round 9,9,False,2024-05-12,2024-05-12,CD_M20240140908,Marvel Stadium,Collingwood,West Coast,True,13.0,7,13,2.0,16.0,53.0,8.0,139.0,102.0,388.0,289.0,165.0,15.0,15.0,19.0,9.0,15.0,5,15,98.0,158.0,30.0,11.0,59.0,14.0,69.0,230.0,66,104.0,15.0,10.0,6321.0,49.0,245.0,7,28,19,74,23,95,37,103,28.0,W,37,103,28.0,31.0,38.0,20.0,44.0,10.0,36.0,59.0,245.0
2024,Round 9,9,False,2024-05-12,2024-05-12,CD_M20240140908,Marvel Stadium,West Coast,Collingwood,False,6.0,13,7,2.0,6.0,54.0,6.0,110.0,155.0,326.0,251.0,144.0,8.0,19.0,15.0,4.0,5.0,15,5,78.0,126.0,19.0,5.0,34.0,11.0,59.0,200.0,-66,99.0,8.0,3.0,5208.0,47.0,293.0,28,7,74,19,95,23,103,37,43.0,L,103,37,12.0,14.0,36.0,21.0,48.0,1.0,27.0,69.0,209.0
2024,Round 9,9,False,2024-05-12,2024-05-12,CD_M20240140909,Adelaide Oval,Adelaide,Brisbane Lions,True,10.0,12,12,5.0,13.0,58.0,6.0,141.0,172.0,355.0,255.0,123.0,16.0,16.0,19.0,9.0,13.0,13,13,100.0,163.0,62.0,14.0,47.0,10.0,66.0,192.0,0,57.0,15.0,11.0,5837.0,51.0,304.0,26,23,43,45,64,65,90,90,42.0,D,90,90,24.0,26.0,36.0,31.0,76.0,13.0,44.0,76.0,202.0
2024,Round 9,9,False,2024-05-12,2024-05-12,CD_M20240140909,Adelaide Oval,Brisbane Lions,Adelaide,False,10.0,12,12,1.0,9.0,49.0,17.0,151.0,121.0,357.0,249.0,147.0,18.0,19.0,16.0,8.0,13.0,13,13,104.0,129.0,43.0,7.0,55.0,24.0,76.0,228.0,0,99.0,12.0,7.0,5989.0,49.0,331.0,23,26,45,43,65,64,90,90,32.0,D,90,90,24.0,27.0,37.0,29.0,73.0,10.0,38.0,65.0,203.0
2024,Round 10,10,False,2024-05-16,2024-05-16,CD_M20240141001,TIO Stadium,Gold Coast,Geelong,True,6.0,10,8,8.0,18.0,60.0,12.0,156.0,151.0,436.0,338.0,176.0,22.0,14.0,25.0,17.0,26.0,15,26,100.0,196.0,46.0,13.0,73.0,18.0,76.0,240.0,64,92.0,16.0,3.0,8244.0,59.0,348.0,30,27,38,71,55,121,100,164,40.0,W,100,164,33.0,34.0,38.0,25.0,71.0,14.0,43.0,76.0,271.0
2024,Round 10,10,False,2024-05-16,2024-05-16,CD_M20240141001,TIO Stadium,Geelong,Gold Coast,False,7.0,8,10,7.0,18.0,81.0,3.0,158.0,170.0,354.0,240.0,113.0,15.0,25.0,14.0,10.0,15.0,26,15,125.0,154.0,39.0,7.0,56.0,7.0,77.0,200.0,-64,49.0,5.0,5.0,6973.0,57.0,345.0,27,30,71,38,121,55,164,100,46.0,L,164,100,25.0,27.0,39.0,29.0,57.0,6.0,47.0,76.0,188.0
2024,Round 10,10,False,2024-05-17,2024-05-17,CD_M20240141002,SCG,Sydney,Carlton,True,15.0,11,15,17.0,16.0,50.0,10.0,140.0,125.0,355.0,251.0,140.0,18.0,19.0,19.0,14.0,17.0,9,17,104.0,136.0,38.0,6.0,60.0,10.0,68.0,219.0,52,78.0,12.0,6.0,6171.0,55.0,300.0,33,24,36,50,51,96,65,117,38.0,W,65,117,32.0,35.0,40.0,23.0,77.0,11.0,39.0,64.0,210.0
2024,Round 10,10,False,2024-05-17,2024-05-17,CD_M20240141002,SCG,Carlton,Sydney,False,7.0,15,11,0.0,12.0,64.0,8.0,134.0,163.0,340.0,240.0,141.0,15.0,19.0,19.0,7.0,9.0,17,9,90.0,121.0,21.0,8.0,49.0,9.0,64.0,219.0,-52,85.0,8.0,8.0,5633.0,36.0,306.0,24,33,50,36,96,51,117,65,42.0,L,117,65,20.0,20.0,26.0,23.0,55.0,7.0,35.0,68.0,195.0
2024,Round 10,10,False,2024-05-18,2024-05-18,CD_M20240141003,MCG,Collingwood,Adelaide,True,6.0,8,6,4.0,13.0,55.0,11.0,146.0,190.0,381.0,264.0,135.0,18.0,11.0,8.0,9.0,12.0,11,12,105.0,157.0,38.0,12.0,49.0,18.0,66.0,224.0,4,85.0,9.0,8.0,5875.0,54.0,360.0,19,26,39,50,53,70,74,78,47.0,W,74,78,18.0,23.0,41.0,31.0,68.0,14.0,44.0,72.0,225.0
2024,Round 10,10,False,2024-05-18,2024-05-18,CD_M20240141003,MCG,Adelaide,Collingwood,False,7.0,6,8,8.0,11.0,49.0,12.0,143.0,148.0,409.0,309.0,151.0,19.0,8.0,11.0,10.0,11.0,12,11,100.0,185.0,38.0,16.0,58.0,15.0,72.0,224.0,-4,98.0,10.0,4.0,5997.0,46.0,332.0,26,19,50,39,70,53,78,74,36.0,L,78,74,18.0,20.0,32.0,25.0,68.0,19.0,36.0,66.0,267.0
2024,Round 10,10,False,2024-05-18,2024-05-18,CD_M20240141004,ENGIE Stadium,Greater Western Sydney,Western Bulldogs,True,6.0,22,7,3.0,10.0,67.0,14.0,145.0,180.0,367.0,238.0,119.0,13.0,17.0,17.0,5.0,6.0,8,6,97.0,158.0,50.0,10.0,41.0,14.0,69.0,209.0,-27,76.0,9.0,5.0,6108.0,46.0,305.0,5,13,33,28,45,31,70,43,54.0,L,70,43,13.0,17.0,33.0,28.0,76.0,17.0,38.0,76.0,201.0
2024,Round 10,10,False,2024-05-18,2024-05-18,CD_M20240141004,ENGIE Stadium,Western Bulldogs,Greater Western Sydney,False,15.0,7,22,0.0,5.0,44.0,5.0,153.0,117.0,342.0,223.0,113.0,23.0,17.0,17.0,2.0,8.0,6,8,108.0,144.0,43.0,10.0,61.0,16.0,78.0,198.0,27,64.0,11.0,4.0,6362.0,43.0,298.0,13,5,28,33,31,45,43,70,34.0,W,43,70,29.0,27.0,27.0,41.0,52.0,10.0,46.0,68.0,183.0
2024,Round 10,10,False,2024-05-18,2024-05-18,CD_M20240141005,Marvel Stadium,St Kilda,Fremantle,True,6.0,18,7,8.0,9.0,61.0,8.0,131.0,164.0,357.0,260.0,155.0,20.0,22.0,22.0,6.0,8.0,9,8,87.0,126.0,42.0,12.0,45.0,8.0,56.0,231.0,-17,105.0,5.0,4.0,5343.0,34.0,321.0,20,12,36,33,47,47,72,55,42.0,L,72,55,15.0,15.0,27.0,24.0,63.0,9.0,33.0,57.0,207.0
2024,Round 10,10,False,2024-05-18,2024-05-18,CD_M20240141005,Marvel Stadium,Fremantle,St Kilda,False,18.0,7,18,6.0,8.0,41.0,4.0,130.0,149.0,379.0,289.0,141.0,11.0,22.0,22.0,9.0,9.0,8,9,88.0,177.0,45.0,14.0,53.0,10.0,58.0,202.0,17,87.0,17.0,6.0,5560.0,40.0,293.0,12,20,33,36,47,47,55,72,35.0,W,55,72,27.0,31.0,28.0,42.0,84.0,10.0,50.0,56.0,248.0
2024,Round 10,10,False,2024-05-18,2024-05-18,CD_M20240141006,Gabba,Brisbane Lions,Richmond,True,6.0,8,7,7.0,11.0,48.0,12.0,115.0,124.0,381.0,308.0,214.0,14.0,12.0,23.0,20.0,26.0,6,26,69.0,107.0,36.0,9.0,60.0,21.0,56.0,274.0,119,164.0,20.0,11.0,6458.0,26.0,257.0,5,46,18,83,30,132,44,163,33.0,W,44,163,32.0,39.0,16.0,24.0,39.0,9.0,35.0,48.0,259.0
2024,Round 10,10,False,2024-05-18,2024-05-18,CD_M20240141006,Gabba,Richmond,Brisbane Lions,False,5.0,7,8,5.0,16.0,58.0,9.0,99.0,125.0,292.0,219.0,100.0,7.0,23.0,12.0,6.0,6.0,26,6,59.0,132.0,44.0,13.0,40.0,11.0,48.0,160.0,-119,66.0,11.0,5.0,4778.0,35.0,241.0,46,5,83,18,132,30,163,44,32.0,L,163,44,14.0,19.0,21.0,20.0,54.0,12.0,36.0,55.0,190.0
2024,Round 10,10,False,2024-05-19,2024-05-19,CD_M20240141007,Marvel Stadium,Essendon,North Melbourne,True,7.0,6,10,16.0,10.0,51.0,14.0,128.0,121.0,348.0,260.0,137.0,19.0,21.0,21.0,11.0,16.0,10,16,83.0,149.0,29.0,7.0,63.0,13.0,59.0,199.0,40,96.0,18.0,13.0,5419.0,32.0,275.0,14,26,40,47,52,97,66,106,29.0,W,66,106,26.0,31.0,19.0,18.0,56.0,10.0,28.0,46.0,218.0
2024,Round 10,10,False,2024-05-19,2024-05-19,CD_M20240141007,Marvel Stadium,North Melbourne,Essendon,False,5.0,10,6,1.0,13.0,57.0,2.0,105.0,151.0,350.0,266.0,147.0,12.0,21.0,21.0,8.0,10.0,16,10,67.0,136.0,42.0,13.0,40.0,10.0,46.0,214.0,-40,110.0,9.0,5.0,4853.0,43.0,275.0,26,14,47,40,97,52,106,66,47.0,L,106,66,16.0,20.0,36.0,29.0,42.0,2.0,42.0,59.0,239.0
2024,Round 10,10,False,2024-05-19,2024-05-19,CD_M20240141008,Adelaide Oval,Port Adelaide,Hawthorn,True,8.0,7,14,4.0,11.0,58.0,5.0,149.0,152.0,341.0,223.0,113.0,17.0,20.0,18.0,8.0,11.0,12,11,102.0,134.0,38.0,12.0,48.0,9.0,65.0,207.0,1,62.0,8.0,6.0,5394.0,40.0,333.0,38,7,51,29,78,50,79,80,34.0,W,79,80,24.0,24.0,24.0,28.0,96.0,15.0,39.0,61.0,177.0
2024,Round 10,10,False,2024-05-19,2024-05-19,CD_M20240141008,Adelaide Oval,Hawthorn,Port Adelaide,False,6.0,14,7,3.0,11.0,57.0,2.0,145.0,169.0,334.0,231.0,127.0,16.0,18.0,20.0,8.0,12.0,11,12,102.0,137.0,46.0,12.0,48.0,6.0,61.0,197.0,-1,51.0,7.0,3.0,5393.0,60.0,344.0,7,38,29,51,50,78,80,79,37.0,L,80,79,19.0,25.0,40.0,32.0,80.0,15.0,43.0,65.0,177.0
2024,Round 10,10,False,2024-05-19,2024-05-19,CD_M20240141009,Optus Stadium,West Coast,Melbourne,True,8.0,10,9,11.0,15.0,44.0,15.0,123.0,107.0,351.0,271.0,166.0,18.0,20.0,14.0,11.0,16.0,10,16,84.0,127.0,29.0,7.0,57.0,19.0,69.0,224.0,35,111.0,13.0,14.0,5944.0,42.0,293.0,13,27,37,50,62,80,70,105,24.0,W,70,105,25.0,31.0,30.0,21.0,63.0,22.0,36.0,59.0,213.0
2024,Round 10,10,False,2024-05-19,2024-05-19,CD_M20240141009,Optus Stadium,Melbourne,West Coast,False,7.0,9,10,7.0,13.0,48.0,7.0,123.0,175.0,323.0,216.0,108.0,8.0,14.0,20.0,8.0,10.0,16,10,82.0,138.0,42.0,14.0,36.0,10.0,60.0,185.0,-35,60.0,9.0,9.0,5082.0,39.0,293.0,27,13,50,37,80,62,105,70,39.0,L,105,70,20.0,21.0,28.0,28.0,67.0,9.0,41.0,69.0,183.0
2024,Round 11,11,False,2024-05-23,2024-05-23,CD_M20240141101,Marvel Stadium,Western Bulldogs,Sydney,True,11.0,6,16,2.0,16.0,57.0,11.0,139.0,103.0,367.0,265.0,148.0,21.0,14.0,13.0,9.0,12.0,16,12,95.0,145.0,34.0,13.0,60.0,15.0,67.0,222.0,-14,101.0,13.0,9.0,5306.0,54.0,245.0,25,27,46,50,78,59,102,88,29.0,L,102,88,27.0,28.0,30.0,22.0,54.0,14.0,38.0,56.0,230.0
2024,Round 11,11,False,2024-05-23,2024-05-23,CD_M20240141101,Marvel Stadium,Sydney,Western Bulldogs,False,5.0,16,6,13.0,8.0,52.0,5.0,105.0,178.0,328.0,253.0,158.0,4.0,13.0,14.0,10.0,16.0,12,16,75.0,113.0,51.0,11.0,46.0,13.0,56.0,215.0,14,107.0,11.0,5.0,5415.0,34.0,292.0,27,25,50,46,59,78,88,102,48.0,W,88,102,21.0,23.0,27.0,25.0,75.0,3.0,33.0,67.0,206.0
2024,Round 11,11,False,2024-05-24,2024-05-24,CD_M20240141102,Optus Stadium,Fremantle,Collingwood,True,8.0,15,9,5.0,9.0,56.0,4.0,135.0,180.0,404.0,296.0,148.0,16.0,21.0,18.0,8.0,11.0,10,11,100.0,184.0,42.0,11.0,49.0,16.0,64.0,220.0,0,101.0,8.0,5.0,5717.0,42.0,339.0,22,21,27,40,60,44,75,75,39.0,D,75,75,20.0,21.0,29.0,27.0,80.0,10.0,36.0,67.0,258.0
2024,Round 11,11,False,2024-05-24,2024-05-24,CD_M20240141102,Optus Stadium,Collingwood,Fremantle,False,12.0,9,15,5.0,10.0,58.0,9.0,145.0,126.0,373.0,247.0,136.0,27.0,18.0,21.0,7.0,10.0,11,10,96.0,147.0,47.0,17.0,50.0,10.0,67.0,226.0,0,79.0,6.0,3.0,5666.0,44.0,343.0,21,22,40,27,44,60,75,75,38.0,D,75,75,24.0,31.0,32.0,37.0,73.0,16.0,47.0,63.0,206.0
2024,Round 11,11,False,2024-05-25,2024-05-25,CD_M20240141103,Ninja Stadium,North Melbourne,Port Adelaide,True,6.0,11,6,3.0,10.0,39.0,13.0,122.0,143.0,345.0,249.0,146.0,11.0,12.0,14.0,4.0,7.0,16,7,83.0,129.0,37.0,10.0,39.0,14.0,56.0,216.0,-59,107.0,8.0,7.0,5047.0,35.0,275.0,32,21,47,27,88,35,107,48,44.0,L,107,48,13.0,15.0,25.0,22.0,46.0,6.0,32.0,58.0,216.0
2024,Round 11,11,False,2024-05-25,2024-05-25,CD_M20240141103,Ninja Stadium,Port Adelaide,North Melbourne,False,10.0,6,11,13.0,10.0,47.0,7.0,111.0,108.0,342.0,255.0,141.0,9.0,14.0,12.0,12.0,16.0,7,16,79.0,132.0,34.0,11.0,60.0,18.0,60.0,210.0,59,111.0,18.0,11.0,5555.0,31.0,282.0,21,32,27,47,35,88,48,107,32.0,W,48,107,26.0,28.0,19.0,24.0,64.0,15.0,34.0,55.0,236.0
2024,Round 11,11,False,2024-05-25,2024-05-25,CD_M20240141104,Marvel Stadium,Carlton,Gold Coast,True,11.0,7,12,8.0,16.0,49.0,13.0,132.0,114.0,408.0,317.0,179.0,19.0,16.0,11.0,9.0,15.0,11,15,88.0,162.0,36.0,10.0,51.0,17.0,59.0,246.0,29,129.0,15.0,8.0,6048.0,36.0,232.0,13,22,26,33,54,71,73,102,39.0,W,73,102,27.0,31.0,27.0,28.0,58.0,9.0,44.0,64.0,270.0
2024,Round 11,11,False,2024-05-25,2024-05-25,CD_M20240141104,Marvel Stadium,Gold Coast,Carlton,False,7.0,12,7,2.0,10.0,38.0,9.0,110.0,176.0,270.0,202.0,120.0,11.0,11.0,16.0,8.0,11.0,15,11,68.0,102.0,49.0,12.0,51.0,21.0,64.0,168.0,-29,69.0,11.0,1.0,5441.0,39.0,335.0,22,13,33,26,71,54,102,73,36.0,L,102,73,18.0,20.0,33.0,22.0,73.0,13.0,32.0,59.0,156.0
2024,Round 11,11,False,2024-05-25,2024-05-25,CD_M20240141105,GMHBA Stadium,Geelong,Greater Western Sydney,True,7.0,12,8,2.0,7.0,59.0,12.0,140.0,121.0,367.0,246.0,137.0,14.0,19.0,14.0,7.0,11.0,11,11,102.0,152.0,32.0,7.0,57.0,20.0,78.0,215.0,-4,95.0,11.0,7.0,5984.0,35.0,309.0,16,30,57,38,72,59,78,74,31.0,L,78,74,19.0,21.0,25.0,30.0,60.0,8.0,37.0,70.0,210.0
2024,Round 11,11,False,2024-05-25,2024-05-25,CD_M20240141105,GMHBA Stadium,Greater Western Sydney,Geelong,False,10.0,8,12,5.0,16.0,69.0,13.0,143.0,152.0,356.0,234.0,124.0,7.0,14.0,19.0,7.0,11.0,11,11,95.0,148.0,51.0,11.0,42.0,17.0,70.0,208.0,4,77.0,14.0,5.0,5867.0,35.0,322.0,30,16,38,57,59,72,74,78,44.0,W,74,78,22.0,22.0,24.0,28.0,80.0,7.0,44.0,78.0,191.0
2024,Round 11,11,False,2024-05-25,2024-05-25,CD_M20240141106,MCG,Richmond,Essendon,True,11.0,14,14,8.0,12.0,65.0,8.0,138.0,116.0,354.0,253.0,132.0,19.0,17.0,14.0,9.0,10.0,12,10,94.0,151.0,50.0,16.0,55.0,14.0,73.0,203.0,-12,77.0,12.0,4.0,6385.0,56.0,285.0,21,21,49,43,72,64,86,74,56.0,L,86,74,22.0,21.0,39.0,29.0,37.0,7.0,41.0,83.0,205.0
2024,Round 11,11,False,2024-05-25,2024-05-25,CD_M20240141106,MCG,Essendon,Richmond,False,10.0,14,14,16.0,9.0,55.0,10.0,140.0,148.0,400.0,292.0,155.0,11.0,14.0,17.0,9.0,12.0,10,12,97.0,163.0,24.0,9.0,68.0,22.0,83.0,237.0,12,102.0,11.0,8.0,6927.0,54.0,306.0,21,21,43,49,64,72,74,86,45.0,W,74,86,26.0,27.0,33.0,22.0,49.0,16.0,31.0,73.0,248.0
2024,Round 11,11,False,2024-05-26,2024-05-26,CD_M20240141107,Marvel Stadium,Hawthorn,Brisbane Lions,True,8.0,15,10,9.0,8.0,50.0,6.0,117.0,131.0,357.0,276.0,139.0,12.0,17.0,12.0,11.0,15.0,10,15,90.0,157.0,43.0,9.0,51.0,16.0,53.0,200.0,25,82.0,16.0,7.0,6206.0,39.0,257.0,9,27,35,59,60,68,75,100,39.0,W,75,100,25.0,29.0,29.0,30.0,60.0,15.0,38.0,54.0,226.0
2024,Round 11,11,False,2024-05-26,2024-05-26,CD_M20240141107,Marvel Stadium,Brisbane Lions,Hawthorn,False,13.0,10,15,4.0,13.0,38.0,11.0,117.0,137.0,328.0,252.0,157.0,13.0,12.0,17.0,9.0,10.0,15,10,72.0,112.0,42.0,10.0,49.0,15.0,54.0,216.0,-25,106.0,13.0,8.0,5674.0,48.0,300.0,27,9,59,35,68,60,100,75,34.0,L,100,75,25.0,26.0,37.0,24.0,62.0,17.0,37.0,53.0,205.0
2024,Round 11,11,False,2024-05-26,2024-05-26,CD_M20240141108,MCG,Melbourne,St Kilda,True,14.0,8,16,3.0,14.0,45.0,16.0,129.0,121.0,392.0,295.0,179.0,9.0,10.0,21.0,12.0,14.0,9,14,70.0,137.0,38.0,10.0,67.0,19.0,80.0,255.0,38,124.0,15.0,17.0,6758.0,51.0,303.0,6,31,27,39,35,76,62,100,31.0,W,62,100,28.0,29.0,35.0,20.0,44.0,11.0,34.0,66.0,253.0
2024,Round 11,11,False,2024-05-26,2024-05-26,CD_M20240141108,MCG,St Kilda,Melbourne,False,5.0,16,8,5.0,9.0,61.0,8.0,123.0,143.0,366.0,268.0,120.0,10.0,21.0,10.0,8.0,9.0,14,9,91.0,166.0,20.0,6.0,41.0,13.0,66.0,200.0,-38,72.0,12.0,5.0,6016.0,54.0,273.0,31,6,39,27,76,35,100,62,51.0,L,100,62,17.0,20.0,34.0,22.0,41.0,4.0,31.0,80.0,232.0
2024,Round 11,11,False,2024-05-26,2024-05-26,CD_M20240141109,Adelaide Oval,Adelaide,West Coast,True,8.0,8,11,6.0,14.0,53.0,13.0,131.0,88.0,409.0,325.0,192.0,15.0,24.0,18.0,13.0,21.0,5,21,83.0,153.0,45.0,16.0,59.0,15.0,64.0,256.0,99,134.0,15.0,9.0,6368.0,32.0,198.0,2,46,22,83,31,117,38,137,34.0,W,38,137,32.0,32.0,27.0,23.0,40.0,2.0,37.0,57.0,269.0
2024,Round 11,11,False,2024-05-26,2024-05-26,CD_M20240141109,Adelaide Oval,West Coast,Adelaide,False,7.0,11,8,7.0,11.0,58.0,9.0,107.0,141.0,264.0,186.0,118.0,12.0,18.0,24.0,3.0,5.0,21,5,72.0,86.0,23.0,4.0,39.0,13.0,57.0,178.0,-99,78.0,9.0,5.0,4895.0,48.0,291.0,46,2,83,22,117,31,137,38,37.0,L,137,38,13.0,17.0,40.0,24.0,44.0,9.0,35.0,64.0,145.0
2024,Round 12,12,False,2024-05-30,2024-05-30,CD_M20240141201,Adelaide Oval,Port Adelaide,Carlton,True,10.0,11,11,12.0,13.0,42.0,11.0,125.0,158.0,330.0,225.0,129.0,14.0,13.0,14.0,8.0,10.0,16,10,86.0,132.0,39.0,12.0,40.0,19.0,57.0,198.0,-36,87.0,13.0,5.0,5334.0,49.0,309.0,20,20,35,32,58,51,107,71,38.0,L,107,71,21.0,25.0,33.0,26.0,60.0,14.0,39.0,57.0,192.0
2024,Round 12,12,False,2024-05-30,2024-05-30,CD_M20240141201,Adelaide Oval,Carlton,Port Adelaide,False,9.0,11,11,3.0,13.0,40.0,10.0,130.0,147.0,336.0,241.0,139.0,15.0,14.0,13.0,13.0,16.0,10,16,90.0,123.0,33.0,8.0,55.0,10.0,57.0,213.0,36,78.0,13.0,4.0,5990.0,41.0,317.0,20,20,32,35,51,58,71,107,30.0,W,71,107,26.0,26.0,26.0,28.0,75.0,16.0,41.0,57.0,196.0
2024,Round 12,12,False,2024-05-31,2024-05-31,CD_M20240141202,Marvel Stadium,Collingwood,Western Bulldogs,True,10.0,10,10,2.0,13.0,75.0,10.0,145.0,173.0,327.0,201.0,114.0,12.0,22.0,21.0,9.0,12.0,15,12,97.0,127.0,59.0,18.0,41.0,19.0,66.0,200.0,-18,84.0,13.0,6.0,5965.0,39.0,319.0,20,37,53,56,69,81,100,82,48.0,L,100,82,22.0,23.0,31.0,25.0,78.0,7.0,38.0,56.0,174.0
2024,Round 12,12,False,2024-05-31,2024-05-31,CD_M20240141202,Marvel Stadium,Western Bulldogs,Collingwood,False,8.0,10,10,2.0,14.0,59.0,14.0,139.0,117.0,369.0,267.0,149.0,27.0,21.0,22.0,9.0,15.0,12,15,88.0,142.0,53.0,16.0,64.0,14.0,57.0,227.0,18,95.0,8.0,3.0,6166.0,41.0,273.0,37,20,56,53,81,69,82,100,29.0,W,82,100,24.0,30.0,35.0,41.0,54.0,11.0,55.0,66.0,221.0
2024,Round 12,12,False,2024-06-01,2024-06-01,CD_M20240141203,MCG,Hawthorn,Adelaide,True,10.0,8,11,8.0,18.0,61.0,7.0,140.0,122.0,358.0,262.0,138.0,20.0,21.0,29.0,9.0,16.0,12,16,96.0,149.0,25.0,8.0,63.0,19.0,70.0,209.0,27,89.0,12.0,13.0,6117.0,49.0,300.0,14,34,18,47,48,81,80,107,29.0,W,80,107,27.0,34.0,26.0,21.0,54.0,8.0,39.0,68.0,222.0
2024,Round 12,12,False,2024-06-01,2024-06-01,CD_M20240141203,MCG,Adelaide,Hawthorn,False,5.0,11,8,6.0,10.0,68.0,12.0,126.0,134.0,375.0,289.0,149.0,13.0,29.0,21.0,8.0,12.0,16,12,74.0,169.0,40.0,17.0,41.0,21.0,68.0,206.0,-27,106.0,9.0,4.0,5378.0,41.0,275.0,34,14,47,18,81,48,107,80,47.0,L,107,80,19.0,18.0,30.0,19.0,58.0,11.0,29.0,70.0,249.0
2024,Round 12,12,False,2024-06-01,2024-06-01,CD_M20240141204,Optus Stadium,West Coast,St Kilda,True,6.0,10,8,6.0,11.0,45.0,10.0,134.0,134.0,326.0,231.0,131.0,12.0,15.0,18.0,8.0,10.0,12,10,89.0,131.0,45.0,12.0,44.0,20.0,66.0,195.0,-14,81.0,8.0,6.0,5669.0,41.0,291.0,8,17,28,42,50,55,82,68,40.0,L,82,68,17.0,19.0,29.0,28.0,65.0,7.0,39.0,64.0,186.0
2024,Round 12,12,False,2024-06-01,2024-06-01,CD_M20240141204,Optus Stadium,St Kilda,West Coast,False,9.0,8,10,13.0,8.0,50.0,13.0,142.0,129.0,347.0,233.0,121.0,19.0,17.0,15.0,10.0,12.0,10,12,102.0,141.0,43.0,11.0,52.0,18.0,64.0,206.0,14,80.0,13.0,2.0,5956.0,43.0,306.0,17,8,42,28,55,50,68,82,34.0,W,68,82,22.0,24.0,32.0,36.0,84.0,17.0,44.0,65.0,200.0
2024,Round 12,12,False,2024-06-01,2024-06-01,CD_M20240141205,GMHBA Stadium,Geelong,Richmond,True,5.0,9,9,6.0,15.0,65.0,6.0,148.0,123.0,381.0,268.0,139.0,26.0,19.0,20.0,12.0,15.0,10,15,109.0,157.0,27.0,4.0,61.0,21.0,72.0,224.0,30,92.0,16.0,6.0,6259.0,48.0,277.0,27,14,49,33,68,71,69,99,27.0,W,69,99,24.0,28.0,29.0,30.0,66.0,14.0,45.0,68.0,230.0
2024,Round 12,12,False,2024-06-01,2024-06-01,CD_M20240141205,GMHBA Stadium,Richmond,Geelong,False,7.0,9,9,2.0,9.0,72.0,8.0,125.0,203.0,312.0,222.0,119.0,12.0,20.0,19.0,8.0,10.0,15,10,87.0,126.0,58.0,13.0,38.0,17.0,70.0,186.0,-30,70.0,8.0,1.0,5488.0,53.0,345.0,14,27,33,49,71,68,99,69,44.0,L,99,69,19.0,18.0,39.0,29.0,62.0,8.0,38.0,71.0,179.0
2024,Round 12,12,False,2024-06-02,2024-06-02,CD_M20240141206,TIO Traeger Park,Melbourne,Fremantle,True,5.0,9,7,7.0,10.0,54.0,4.0,96.0,160.0,366.0,279.0,134.0,6.0,18.0,9.0,6.0,7.0,22,7,68.0,177.0,36.0,9.0,37.0,16.0,67.0,189.0,-92,96.0,10.0,4.0,5279.0,36.0,329.0,32,15,71,21,115,34,141,49,46.0,L,141,49,14.0,17.0,29.0,13.0,52.0,12.0,23.0,67.0,260.0
2024,Round 12,12,False,2024-06-02,2024-06-02,CD_M20240141206,TIO Traeger Park,Fremantle,Melbourne,False,9.0,7,9,10.0,22.0,42.0,10.0,140.0,108.0,444.0,356.0,211.0,17.0,9.0,18.0,16.0,22.0,7,22,92.0,164.0,33.0,15.0,68.0,15.0,67.0,280.0,92,142.0,17.0,9.0,6603.0,34.0,286.0,15,32,21,71,34,115,49,141,28.0,W,49,141,31.0,33.0,21.0,26.0,53.0,9.0,48.0,67.0,299.0
2024,Round 12,12,False,2024-06-02,2024-06-02,CD_M20240141207,People First Stadium,Gold Coast,Essendon,True,5.0,14,7,11.0,11.0,68.0,8.0,125.0,146.0,387.0,294.0,144.0,11.0,19.0,21.0,12.0,14.0,11,14,90.0,181.0,33.0,7.0,54.0,17.0,76.0,206.0,11,86.0,13.0,3.0,6689.0,50.0,306.0,23,14,32,40,49,60,80,91,47.0,W,80,91,21.0,22.0,41.0,17.0,40.0,3.0,28.0,77.0,249.0
2024,Round 12,12,False,2024-06-02,2024-06-02,CD_M20240141207,People First Stadium,Essendon,Gold Coast,False,13.0,7,14,12.0,13.0,62.0,5.0,128.0,130.0,387.0,287.0,138.0,16.0,21.0,19.0,8.0,11.0,14,11,83.0,169.0,28.0,10.0,58.0,16.0,76.0,218.0,-11,91.0,14.0,12.0,6544.0,48.0,313.0,14,23,40,32,60,49,91,80,36.0,L,91,80,25.0,28.0,31.0,17.0,57.0,6.0,30.0,76.0,260.0
2024,Round 13,13,False,2024-06-06,2024-06-06,CD_M20240141301,Adelaide Oval,Adelaide,Richmond,True,9.0,7,11,3.0,8.0,53.0,10.0,133.0,153.0,384.0,295.0,157.0,11.0,17.0,27.0,7.0,10.0,12,10,90.0,162.0,25.0,6.0,46.0,18.0,68.0,222.0,-8,113.0,12.0,5.0,5840.0,29.0,265.0,22,16,35,36,72,50,79,71,39.0,L,79,71,21.0,24.0,22.0,24.0,55.0,3.0,32.0,65.0,252.0
2024,Round 13,13,False,2024-06-06,2024-06-06,CD_M20240141301,Adelaide Oval,Richmond,Adelaide,False,6.0,11,7,11.0,12.0,67.0,9.0,130.0,114.0,336.0,256.0,150.0,14.0,27.0,17.0,7.0,12.0,10,12,79.0,125.0,57.0,18.0,52.0,19.0,65.0,211.0,8,94.0,8.0,8.0,5927.0,59.0,315.0,16,22,36,35,50,72,71,79,34.0,W,71,79,19.0,20.0,40.0,25.0,61.0,13.0,37.0,68.0,207.0
2024,Round 13,13,False,2024-06-07,2024-06-07,CD_M20240141302,Marvel Stadium,Western Bulldogs,Brisbane Lions,True,8.0,12,11,12.0,12.0,51.0,13.0,124.0,143.0,350.0,259.0,124.0,14.0,24.0,16.0,7.0,10.0,17,10,79.0,159.0,32.0,9.0,45.0,17.0,63.0,191.0,-43,84.0,9.0,3.0,5567.0,52.0,277.0,27,24,67,34,87,55,114,71,46.0,L,114,71,21.0,21.0,38.0,20.0,49.0,6.0,32.0,56.0,223.0
2024,Round 13,13,False,2024-06-07,2024-06-07,CD_M20240141302,Marvel Stadium,Brisbane Lions,Western Bulldogs,False,10.0,11,12,2.0,15.0,48.0,13.0,139.0,115.0,387.0,284.0,161.0,24.0,16.0,24.0,13.0,17.0,10,17,85.0,147.0,35.0,12.0,64.0,19.0,58.0,240.0,43,118.0,21.0,1.0,6200.0,45.0,301.0,24,27,34,67,55,87,71,114,35.0,W,71,114,28.0,30.0,30.0,35.0,50.0,14.0,50.0,63.0,248.0
2024,Round 13,13,False,2024-06-08,2024-06-08,CD_M20240141303,UTAS Stadium,Hawthorn,Greater Western Sydney,True,11.0,7,13,2.0,7.0,51.0,10.0,119.0,152.0,332.0,253.0,138.0,11.0,24.0,24.0,6.0,12.0,12,12,82.0,132.0,23.0,7.0,52.0,14.0,71.0,200.0,6,88.0,15.0,6.0,6186.0,44.0,307.0,13,9,38,19,54,57,79,85,37.0,W,79,85,24.0,28.0,30.0,27.0,66.0,15.0,34.0,61.0,208.0
2024,Round 13,13,False,2024-06-08,2024-06-08,CD_M20240141303,UTAS Stadium,Greater Western Sydney,Hawthorn,False,6.0,13,7,3.0,16.0,70.0,10.0,138.0,124.0,348.0,263.0,134.0,14.0,24.0,24.0,8.0,12.0,12,12,83.0,154.0,47.0,14.0,49.0,11.0,60.0,194.0,-6,85.0,9.0,5.0,5875.0,41.0,270.0,9,13,19,38,57,54,85,79,37.0,L,85,79,19.0,25.0,27.0,24.0,57.0,10.0,40.0,70.0,209.0
2024,Round 13,13,False,2024-06-08,2024-06-08,CD_M20240141304,Optus Stadium,West Coast,North Melbourne,True,14.0,8,17,9.0,7.0,55.0,6.0,138.0,138.0,309.0,207.0,112.0,16.0,26.0,23.0,3.0,8.0,11,8,96.0,134.0,48.0,10.0,58.0,9.0,68.0,175.0,-9,66.0,11.0,8.0,5494.0,52.0,306.0,1,10,29,21,54,27,74,65,31.0,L,74,65,24.0,25.0,39.0,23.0,62.0,13.0,30.0,57.0,164.0
2024,Round 13,13,False,2024-06-08,2024-06-08,CD_M20240141304,Optus Stadium,North Melbourne,West Coast,False,6.0,17,8,6.0,11.0,55.0,10.0,153.0,146.0,356.0,242.0,138.0,24.0,23.0,26.0,9.0,11.0,8,11,110.0,140.0,34.0,8.0,43.0,10.0,58.0,216.0,9,73.0,8.0,6.0,5845.0,45.0,287.0,10,1,21,29,27,54,65,74,49.0,W,65,74,18.0,22.0,39.0,37.0,87.0,19.0,48.0,69.0,184.0
2024,Round 13,13,False,2024-06-08,2024-06-08,CD_M20240141305,Marvel Stadium,St Kilda,Gold Coast,True,8.0,6,9,8.0,7.0,56.0,11.0,135.0,88.0,349.0,242.0,126.0,17.0,19.0,15.0,4.0,7.0,7,7,93.0,135.0,25.0,5.0,56.0,21.0,76.0,214.0,3,83.0,11.0,6.0,5807.0,45.0,249.0,7,19,15,29,35,43,48,51,36.0,W,48,51,16.0,19.0,24.0,28.0,60.0,13.0,35.0,71.0,224.0
2024,Round 13,13,False,2024-06-08,2024-06-08,CD_M20240141305,Marvel Stadium,Gold Coast,St Kilda,False,3.0,9,6,6.0,4.0,51.0,11.0,114.0,131.0,369.0,283.0,175.0,5.0,15.0,19.0,5.0,7.0,7,7,73.0,136.0,34.0,6.0,45.0,26.0,71.0,233.0,-3,137.0,9.0,8.0,5777.0,45.0,287.0,19,7,29,15,43,35,51,48,49.0,L,51,48,12.0,16.0,31.0,21.0,56.0,9.0,25.0,76.0,248.0
2024,Round 13,13,False,2024-06-09,2024-06-09,CD_M20240141306,SCG,Sydney,Geelong,True,11.0,10,16,9.0,15.0,58.0,16.0,154.0,109.0,375.0,267.0,143.0,14.0,14.0,17.0,13.0,16.0,12,16,98.0,152.0,40.0,14.0,56.0,18.0,69.0,223.0,30,97.0,16.0,6.0,6126.0,47.0,248.0,32,3,41,36,56,67,82,112,37.0,W,82,112,32.0,28.0,28.0,28.0,51.0,9.0,43.0,72.0,219.0
2024,Round 13,13,False,2024-06-09,2024-06-09,CD_M20240141306,SCG,Geelong,Sydney,False,7.0,16,10,6.0,14.0,63.0,16.0,135.0,164.0,315.0,214.0,127.0,10.0,17.0,14.0,7.0,12.0,16,12,88.0,120.0,31.0,10.0,49.0,20.0,72.0,195.0,-30,94.0,14.0,3.0,5650.0,38.0,301.0,3,32,36,41,67,56,112,82,39.0,L,112,82,21.0,25.0,25.0,16.0,52.0,14.0,30.0,68.0,179.0
2024,Round 13,13,False,2024-06-09,2024-06-09,CD_M20240141307,MCG,Essendon,Carlton,True,11.0,6,16,5.0,9.0,51.0,7.0,120.0,112.0,366.0,269.0,131.0,11.0,15.0,25.0,8.0,9.0,15,9,77.0,165.0,48.0,8.0,60.0,16.0,72.0,201.0,-26,84.0,14.0,6.0,5731.0,50.0,275.0,27,11,57,25,64,49,96,70,26.0,L,96,70,25.0,27.0,34.0,24.0,79.0,10.0,33.0,58.0,243.0
2024,Round 13,13,False,2024-06-09,2024-06-09,CD_M20240141307,MCG,Carlton,Essendon,False,5.0,16,6,5.0,12.0,62.0,8.0,135.0,160.0,331.0,228.0,150.0,16.0,25.0,15.0,11.0,15.0,9,15,96.0,106.0,23.0,6.0,41.0,16.0,58.0,225.0,26,99.0,10.0,3.0,5833.0,42.0,307.0,11,27,25,57,49,64,70,96,50.0,W,70,96,20.0,25.0,32.0,27.0,58.0,7.0,39.0,70.0,185.0
2024,Round 13,13,False,2024-06-10,2024-06-10,CD_M20240141308,MCG,Collingwood,Melbourne,True,4.0,15,5,7.0,14.0,52.0,10.0,105.0,132.0,351.0,252.0,145.0,15.0,13.0,15.0,12.0,14.0,6,14,70.0,139.0,23.0,8.0,50.0,18.0,57.0,212.0,38,114.0,12.0,8.0,6097.0,47.0,305.0,4,19,18,45,35,69,51,89,38.0,W,51,89,19.0,22.0,34.0,25.0,69.0,15.0,39.0,65.0,229.0
2024,Round 13,13,False,2024-06-10,2024-06-10,CD_M20240141308,MCG,Melbourne,Collingwood,False,13.0,5,15,4.0,6.0,54.0,14.0,128.0,110.0,359.0,248.0,126.0,10.0,15.0,13.0,5.0,6.0,14,6,89.0,157.0,48.0,7.0,47.0,26.0,65.0,202.0,-38,106.0,13.0,10.0,5894.0,47.0,260.0,19,4,45,18,69,35,89,51,36.0,L,89,51,21.0,24.0,33.0,23.0,49.0,9.0,29.0,57.0,228.0
2024,Round 14,14,False,2024-06-14,2024-06-14,CD_M20240141401,Gabba,Brisbane Lions,St Kilda,True,9.0,10,12,5.0,13.0,47.0,11.0,112.0,89.0,345.0,284.0,206.0,14.0,22.0,20.0,12.0,19.0,16,19,75.0,95.0,23.0,7.0,53.0,17.0,60.0,250.0,20,151.0,16.0,15.0,5896.0,34.0,239.0,13,44,42,65,62,99,106,126,33.0,W,106,126,30.0,30.0,32.0,13.0,35.0,8.0,26.0,54.0,227.0
2024,Round 14,14,False,2024-06-14,2024-06-14,CD_M20240141401,Gabba,St Kilda,Brisbane Lions,False,7.0,12,10,8.0,20.0,50.0,6.0,120.0,126.0,316.0,237.0,136.0,14.0,19.0,22.0,10.0,16.0,19,16,79.0,120.0,31.0,9.0,50.0,14.0,54.0,196.0,-20,84.0,12.0,4.0,5665.0,35.0,218.0,44,13,65,42,99,62,126,106,34.0,L,126,106,26.0,26.0,24.0,15.0,48.0,6.0,35.0,58.0,192.0
2024,Round 14,14,False,2024-06-15,2024-06-15,CD_M20240141402,Marvel Stadium,Western Bulldogs,Fremantle,True,9.0,10,11,13.0,15.0,48.0,9.0,130.0,120.0,376.0,295.0,171.0,24.0,16.0,18.0,15.0,23.0,12,23,93.0,146.0,31.0,10.0,60.0,15.0,59.0,230.0,67,111.0,17.0,6.0,6222.0,40.0,276.0,25,29,34,62,59,101,82,149,31.0,W,82,149,34.0,35.0,27.0,24.0,62.0,12.0,39.0,50.0,238.0
2024,Round 14,14,False,2024-06-15,2024-06-15,CD_M20240141402,Marvel Stadium,Fremantle,Western Bulldogs,False,7.0,11,10,2.0,17.0,52.0,6.0,121.0,167.0,302.0,206.0,112.0,9.0,18.0,16.0,9.0,12.0,23,12,75.0,120.0,54.0,16.0,46.0,12.0,50.0,182.0,-67,69.0,12.0,7.0,5223.0,38.0,301.0,29,25,62,34,101,59,149,82,37.0,L,149,82,22.0,23.0,31.0,26.0,49.0,9.0,43.0,59.0,169.0
2024,Round 14,14,False,2024-06-15,2024-06-15,CD_M20240141403,MCG,Richmond,Hawthorn,True,6.0,13,13,7.0,7.0,52.0,7.0,109.0,137.0,347.0,263.0,156.0,10.0,15.0,15.0,5.0,6.0,14,6,71.0,128.0,43.0,19.0,42.0,16.0,56.0,219.0,-48,109.0,9.0,4.0,5481.0,39.0,254.0,27,15,48,29,82,38,97,49,39.0,L,97,49,18.0,17.0,31.0,23.0,50.0,4.0,30.0,67.0,226.0
2024,Round 14,14,False,2024-06-15,2024-06-15,CD_M20240141403,MCG,Hawthorn,Richmond,False,11.0,13,13,13.0,14.0,51.0,14.0,116.0,89.0,360.0,277.0,162.0,14.0,15.0,15.0,10.0,14.0,6,14,73.0,135.0,27.0,7.0,54.0,21.0,67.0,225.0,48,120.0,12.0,4.0,5909.0,31.0,254.0,15,27,29,48,38,82,49,97,34.0,W,49,97,27.0,31.0,17.0,17.0,43.0,9.0,31.0,56.0,244.0
2024,Round 14,14,False,2024-06-15,2024-06-15,CD_M20240141404,Adelaide Oval,Adelaide,Sydney,True,2.0,13,7,2.0,4.0,61.0,9.0,123.0,183.0,336.0,242.0,141.0,12.0,24.0,22.0,6.0,10.0,16,10,91.0,127.0,18.0,3.0,35.0,21.0,68.0,209.0,-42,100.0,12.0,4.0,4992.0,39.0,307.0,15,26,42,46,81,60,109,67,44.0,L,109,67,17.0,17.0,32.0,27.0,64.0,5.0,31.0,63.0,199.0
2024,Round 14,14,False,2024-06-15,2024-06-15,CD_M20240141404,Adelaide Oval,Sydney,Adelaide,False,11.0,7,13,7.0,19.0,62.0,7.0,159.0,99.0,366.0,240.0,118.0,25.0,22.0,25.0,10.0,16.0,10,16,105.0,157.0,56.0,19.0,62.0,12.0,65.0,209.0,42,70.0,12.0,4.0,5551.0,53.0,262.0,26,15,46,42,60,81,67,109,23.0,W,67,109,29.0,31.0,42.0,33.0,51.0,15.0,52.0,67.0,205.0
2024,Round 14,14,False,2024-06-16,2024-06-16,CD_M20240141405,Marvel Stadium,North Melbourne,Collingwood,True,2.0,11,4,1.0,20.0,65.0,10.0,145.0,104.0,368.0,274.0,163.0,25.0,24.0,14.0,12.0,19.0,18,19,106.0,140.0,36.0,9.0,51.0,14.0,60.0,228.0,-1,101.0,16.0,9.0,5479.0,28.0,251.0,14,49,38,86,79,110,119,118,30.0,L,119,118,23.0,27.0,15.0,20.0,62.0,15.0,40.0,67.0,218.0
2024,Round 14,14,False,2024-06-16,2024-06-16,CD_M20240141405,Marvel Stadium,Collingwood,North Melbourne,False,10.0,4,11,3.0,16.0,59.0,14.0,142.0,164.0,300.0,207.0,99.0,17.0,14.0,24.0,11.0,18.0,19,18,98.0,144.0,40.0,5.0,48.0,12.0,67.0,156.0,1,56.0,11.0,9.0,5333.0,52.0,315.0,49,14,86,38,110,79,118,119,31.0,W,118,119,29.0,30.0,36.0,22.0,61.0,10.0,38.0,59.0,160.0
2024,Round 14,14,False,2024-06-16,2024-06-16,CD_M20240141406,ENGIE Stadium,Greater Western Sydney,Port Adelaide,True,16.0,15,19,11.0,6.0,53.0,10.0,133.0,113.0,388.0,286.0,137.0,16.0,21.0,18.0,4.0,9.0,6,9,82.0,184.0,35.0,12.0,56.0,12.0,69.0,204.0,22,92.0,14.0,5.0,6215.0,32.0,244.0,21,6,25,32,40,56,51,73,36.0,W,51,73,28.0,27.0,20.0,28.0,63.0,9.0,34.0,58.0,244.0
2024,Round 14,14,False,2024-06-16,2024-06-16,CD_M20240141406,ENGIE Stadium,Port Adelaide,Greater Western Sydney,False,12.0,19,15,6.0,10.0,44.0,6.0,114.0,164.0,313.0,221.0,136.0,11.0,18.0,21.0,6.0,6.0,9,6,77.0,112.0,22.0,7.0,42.0,9.0,58.0,201.0,-22,90.0,9.0,11.0,5764.0,48.0,316.0,6,21,32,25,56,40,73,51,47.0,L,73,51,21.0,22.0,36.0,23.0,52.0,9.0,33.0,68.0,188.0
2024,Round 15,15,False,2024-06-21,2024-06-21,CD_M20240141501,MCG,Carlton,Geelong,True,7.0,9,12,2.0,15.0,58.0,8.0,151.0,144.0,389.0,269.0,132.0,22.0,22.0,16.0,11.0,21.0,11,21,101.0,172.0,43.0,13.0,58.0,23.0,70.0,217.0,63,88.0,14.0,2.0,6286.0,39.0,317.0,14,33,35,71,56,83,75,138,31.0,W,75,138,33.0,36.0,32.0,35.0,80.0,22.0,50.0,64.0,230.0
2024,Round 15,15,False,2024-06-21,2024-06-21,CD_M20240141501,MCG,Geelong,Carlton,False,7.0,12,9,5.0,17.0,66.0,8.0,140.0,195.0,341.0,229.0,115.0,12.0,16.0,22.0,7.0,11.0,21,11,96.0,153.0,35.0,6.0,43.0,15.0,64.0,188.0,-63,69.0,9.0,4.0,5536.0,47.0,346.0,33,14,71,35,83,56,138,75,37.0,L,138,75,20.0,21.0,32.0,22.0,66.0,8.0,39.0,70.0,189.0
2024,Round 15,15,False,2024-06-22,2024-06-22,CD_M20240141502,Adelaide Oval,Port Adelaide,Brisbane Lions,True,12.0,14,13,10.0,17.0,64.0,6.0,111.0,172.0,354.0,258.0,127.0,11.0,18.0,15.0,7.0,10.0,23,10,82.0,159.0,39.0,5.0,46.0,14.0,62.0,195.0,-79,96.0,11.0,5.0,5936.0,45.0,318.0,35,20,80,35,119,45,152,73,48.0,L,152,73,23.0,28.0,36.0,10.0,74.0,7.0,27.0,62.0,234.0
2024,Round 15,15,False,2024-06-22,2024-06-22,CD_M20240141502,Adelaide Oval,Brisbane Lions,Port Adelaide,False,10.0,13,14,3.0,14.0,46.0,14.0,151.0,103.0,399.0,293.0,177.0,21.0,15.0,18.0,16.0,23.0,10,23,105.0,150.0,33.0,7.0,71.0,20.0,63.0,249.0,79,124.0,15.0,5.0,6991.0,40.0,278.0,20,35,35,80,45,119,73,152,34.0,W,73,152,37.0,35.0,25.0,28.0,49.0,10.0,42.0,61.0,245.0
2024,Round 15,15,False,2024-06-22,2024-06-22,CD_M20240141503,ENGIE Stadium,Greater Western Sydney,Sydney,True,5.0,12,9,3.0,11.0,57.0,12.0,149.0,161.0,375.0,269.0,142.0,18.0,11.0,20.0,9.0,11.0,15,11,104.0,158.0,37.0,6.0,55.0,12.0,74.0,217.0,-27,87.0,13.0,3.0,6445.0,50.0,313.0,16,13,61,21,88,46,102,75,42.0,L,102,75,19.0,23.0,34.0,29.0,63.0,7.0,40.0,77.0,220.0
2024,Round 15,15,False,2024-06-22,2024-06-22,CD_M20240141503,ENGIE Stadium,Sydney,Greater Western Sydney,False,10.0,9,12,5.0,18.0,65.0,3.0,154.0,130.0,355.0,234.0,132.0,21.0,20.0,11.0,11.0,15.0,11,15,116.0,130.0,44.0,11.0,58.0,12.0,77.0,225.0,27,67.0,8.0,10.0,6506.0,75.0,310.0,13,16,21,61,46,88,75,102,42.0,W,75,102,27.0,31.0,52.0,25.0,55.0,18.0,43.0,74.0,191.0
2024,Round 15,15,False,2024-06-22,2024-06-22,CD_M20240141504,MCG,Melbourne,North Melbourne,True,3.0,7,4,6.0,10.0,57.0,10.0,135.0,150.0,286.0,181.0,117.0,11.0,27.0,24.0,8.0,11.0,10,11,85.0,91.0,35.0,8.0,47.0,12.0,71.0,195.0,3,72.0,9.0,6.0,5301.0,41.0,302.0,8,32,25,40,37,70,67,70,36.0,W,67,70,15.0,16.0,31.0,25.0,67.0,15.0,35.0,67.0,143.0
2024,Round 15,15,False,2024-06-22,2024-06-22,CD_M20240141504,MCG,North Melbourne,Melbourne,False,6.0,4,7,1.0,13.0,56.0,11.0,143.0,91.0,357.0,256.0,144.0,12.0,24.0,27.0,5.0,10.0,11,10,95.0,131.0,30.0,9.0,48.0,14.0,67.0,226.0,-3,90.0,9.0,7.0,5565.0,54.0,234.0,32,8,40,25,70,37,70,67,36.0,L,70,67,17.0,18.0,42.0,29.0,67.0,13.0,42.0,70.0,206.0
2024,Round 15,15,False,2024-06-23,2024-06-23,CD_M20240141505,Marvel Stadium,Essendon,West Coast,True,6.0,14,8,17.0,16.0,47.0,16.0,124.0,123.0,400.0,314.0,175.0,16.0,13.0,8.0,15.0,19.0,13,19,75.0,160.0,40.0,14.0,54.0,17.0,53.0,240.0,30,126.0,18.0,17.0,6084.0,40.0,247.0,27,26,41,64,76,89,92,122,42.0,W,92,122,27.0,31.0,24.0,19.0,54.0,10.0,35.0,54.0,271.0
2024,Round 15,15,False,2024-06-23,2024-06-23,CD_M20240141505,Marvel Stadium,West Coast,Essendon,False,11.0,8,14,6.0,15.0,33.0,16.0,124.0,140.0,292.0,215.0,127.0,19.0,8.0,13.0,10.0,13.0,19,13,77.0,110.0,41.0,11.0,56.0,20.0,55.0,182.0,-30,77.0,11.0,4.0,5810.0,41.0,312.0,26,27,64,41,89,76,122,92,35.0,L,122,92,27.0,25.0,23.0,29.0,60.0,16.0,44.0,51.0,168.0
2024,Round 15,15,False,2024-06-23,2024-06-23,CD_M20240141506,Optus Stadium,Fremantle,Gold Coast,True,12.0,5,13,12.0,13.0,36.0,9.0,126.0,141.0,330.0,249.0,128.0,16.0,15.0,16.0,9.0,12.0,10,12,81.0,143.0,49.0,15.0,55.0,12.0,54.0,187.0,20,86.0,15.0,10.0,5630.0,36.0,290.0,12,15,20,43,38,72,65,85,33.0,W,65,85,25.0,26.0,23.0,31.0,70.0,15.0,44.0,58.0,207.0
2024,Round 15,15,False,2024-06-23,2024-06-23,CD_M20240141506,Optus Stadium,Gold Coast,Fremantle,False,4.0,13,5,2.0,9.0,40.0,15.0,130.0,147.0,343.0,254.0,139.0,17.0,16.0,15.0,7.0,10.0,12,10,88.0,150.0,34.0,9.0,46.0,17.0,58.0,193.0,-20,96.0,10.0,11.0,5446.0,34.0,292.0,15,12,43,20,72,38,85,65,42.0,L,85,65,15.0,18.0,26.0,23.0,70.0,17.0,32.0,54.0,208.0
2024,Round 16,16,False,2024-06-28,2024-06-28,CD_M20240141602,Gabba,Brisbane Lions,Melbourne,True,14.0,15,20,3.0,7.0,41.0,13.0,130.0,118.0,368.0,250.0,150.0,20.0,10.0,15.0,6.0,11.0,11,11,96.0,130.0,34.0,4.0,53.0,17.0,72.0,238.0,5,115.0,14.0,10.0,6276.0,48.0,303.0,11,25,61,38,77,62,81,86,39.0,W,81,86,30.0,30.0,37.0,27.0,53.0,7.0,34.0,59.0,221.0
2024,Round 16,16,False,2024-06-28,2024-06-28,CD_M20240141602,Gabba,Melbourne,Brisbane Lions,False,15.0,20,15,2.0,14.0,55.0,14.0,154.0,136.0,339.0,219.0,110.0,15.0,15.0,10.0,6.0,11.0,11,11,107.0,140.0,48.0,11.0,51.0,5.0,59.0,199.0,-5,60.0,10.0,7.0,6270.0,60.0,293.0,25,11,38,61,62,77,86,81,42.0,L,86,81,26.0,29.0,43.0,26.0,71.0,14.0,40.0,72.0,174.0
2024,Round 16,16,False,2024-06-29,2024-06-29,CD_M20240141605,Marvel Stadium,North Melbourne,Western Bulldogs,True,4.0,11,6,4.0,10.0,51.0,13.0,139.0,150.0,363.0,280.0,141.0,17.0,19.0,17.0,6.0,9.0,11,9,96.0,164.0,39.0,8.0,42.0,15.0,67.0,199.0,-17,81.0,10.0,4.0,5531.0,38.0,288.0,28,19,38,19,70,39,77,60,45.0,L,77,60,15.0,16.0,28.0,18.0,59.0,8.0,28.0,62.0,219.0
2024,Round 16,16,False,2024-06-29,2024-06-29,CD_M20240141605,Marvel Stadium,Western Bulldogs,North Melbourne,False,9.0,6,11,6.0,12.0,52.0,10.0,132.0,126.0,382.0,283.0,154.0,22.0,17.0,19.0,7.0,11.0,9,11,89.0,156.0,27.0,5.0,57.0,15.0,62.0,226.0,17,112.0,10.0,8.0,5888.0,46.0,289.0,19,28,19,38,39,70,60,77,32.0,W,60,77,21.0,27.0,30.0,28.0,55.0,17.0,40.0,67.0,251.0
2024,Round 16,16,False,2024-06-29,2024-06-29,CD_M20240141608,SCG,Sydney,Fremantle,True,11.0,9,14,10.0,15.0,43.0,11.0,133.0,125.0,324.0,228.0,127.0,14.0,9.0,17.0,9.0,14.0,15,14,93.0,122.0,36.0,9.0,54.0,17.0,68.0,202.0,-1,79.0,12.0,4.0,5564.0,58.0,290.0,44,17,59,32,89,77,99,98,39.0,L,99,98,28.0,28.0,47.0,17.0,56.0,12.0,32.0,56.0,189.0
2024,Round 16,16,False,2024-06-29,2024-06-29,CD_M20240141608,SCG,Fremantle,Sydney,False,7.0,14,9,5.0,14.0,44.0,11.0,128.0,141.0,357.0,267.0,152.0,14.0,17.0,9.0,10.0,15.0,14,15,91.0,132.0,40.0,12.0,54.0,14.0,56.0,225.0,1,105.0,14.0,6.0,5698.0,32.0,279.0,17,44,32,59,77,89,98,99,38.0,W,98,99,24.0,24.0,25.0,28.0,46.0,7.0,42.0,68.0,220.0
2024,Round 16,16,False,2024-06-29,2024-06-29,CD_M20240141604,People First Stadium,Gold Coast,Collingwood,True,13.0,12,17,5.0,12.0,58.0,5.0,137.0,140.0,400.0,290.0,135.0,15.0,18.0,17.0,9.0,14.0,13,14,97.0,187.0,35.0,9.0,68.0,19.0,72.0,213.0,11,89.0,11.0,7.0,6637.0,52.0,276.0,27,26,34,54,57,83,90,101,36.0,W,90,101,30.0,33.0,34.0,20.0,51.0,12.0,32.0,59.0,258.0
2024,Round 16,16,False,2024-06-29,2024-06-29,CD_M20240141604,People First Stadium,Collingwood,Gold Coast,False,9.0,17,12,6.0,11.0,63.0,2.0,121.0,171.0,328.0,220.0,122.0,21.0,17.0,18.0,10.0,13.0,14,13,87.0,132.0,37.0,8.0,50.0,12.0,60.0,196.0,-11,67.0,11.0,7.0,6471.0,39.0,334.0,26,27,54,34,83,57,101,90,54.0,L,101,90,25.0,28.0,23.0,28.0,72.0,7.0,39.0,71.0,187.0
2024,Round 16,16,False,2024-06-29,2024-06-29,CD_M20240141601,Adelaide Oval,Adelaide,Greater Western Sydney,True,13.0,6,16,1.0,13.0,56.0,13.0,144.0,157.0,349.0,254.0,142.0,23.0,17.0,16.0,11.0,13.0,12,13,101.0,132.0,37.0,11.0,55.0,19.0,65.0,217.0,16,96.0,12.0,6.0,6028.0,47.0,321.0,24,18,30,63,51,74,78,94,39.0,W,78,94,29.0,31.0,31.0,31.0,58.0,13.0,44.0,61.0,204.0
2024,Round 16,16,False,2024-06-29,2024-06-29,CD_M20240141601,Adelaide Oval,Greater Western Sydney,Adelaide,False,5.0,16,6,3.0,12.0,52.0,9.0,125.0,147.0,387.0,296.0,152.0,15.0,16.0,17.0,11.0,12.0,13,12,80.0,170.0,42.0,11.0,52.0,13.0,61.0,217.0,-16,96.0,11.0,6.0,6113.0,50.0,280.0,18,24,63,30,74,51,94,78,41.0,L,94,78,18.0,23.0,35.0,24.0,61.0,8.0,36.0,64.0,244.0
2024,Round 16,16,False,2024-06-29,2024-06-29,CD_M20240141603,MCG,Geelong,Essendon,True,7.0,6,9,8.0,11.0,64.0,10.0,142.0,168.0,371.0,249.0,145.0,15.0,18.0,15.0,11.0,16.0,9,16,106.0,127.0,27.0,5.0,56.0,21.0,80.0,244.0,45,103.0,14.0,7.0,6760.0,42.0,303.0,26,20,45,40,51,72,60,105,50.0,W,60,105,25.0,26.0,28.0,27.0,78.0,11.0,38.0,71.0,220.0
2024,Round 16,16,False,2024-06-29,2024-06-29,CD_M20240141603,MCG,Essendon,Geelong,False,5.0,9,6,5.0,12.0,78.0,5.0,133.0,133.0,343.0,210.0,109.0,19.0,15.0,18.0,8.0,9.0,16,9,89.0,132.0,59.0,19.0,60.0,19.0,72.0,211.0,-45,79.0,9.0,3.0,5821.0,46.0,314.0,20,26,40,45,72,51,105,60,39.0,L,105,60,15.0,19.0,34.0,34.0,76.0,13.0,46.0,80.0,191.0
2024,Round 16,16,False,2024-06-30,2024-06-30,CD_M20240141607,Marvel Stadium,St Kilda,Port Adelaide,True,10.0,14,12,3.0,5.0,53.0,14.0,125.0,126.0,346.0,262.0,162.0,15.0,15.0,15.0,7.0,8.0,8,8,88.0,114.0,18.0,6.0,43.0,16.0,65.0,232.0,-2,110.0,12.0,12.0,6057.0,43.0,230.0,25,21,42,42,59,46,62,60,44.0,L,62,60,19.0,22.0,31.0,17.0,41.0,8.0,22.0,59.0,214.0
2024,Round 16,16,False,2024-06-30,2024-06-30,CD_M20240141607,Marvel Stadium,Port Adelaide,St Kilda,False,11.0,12,14,11.0,13.0,47.0,14.0,113.0,104.0,339.0,271.0,175.0,16.0,15.0,15.0,7.0,8.0,8,8,73.0,105.0,31.0,11.0,55.0,16.0,59.0,234.0,2,123.0,17.0,12.0,6145.0,40.0,242.0,21,25,42,42,46,59,60,62,35.0,W,60,62,22.0,26.0,26.0,19.0,52.0,5.0,32.0,64.0,220.0
2024,Round 16,16,False,2024-06-30,2024-06-30,CD_M20240141606,MCG,Richmond,Carlton,True,6.0,11,10,11.0,15.0,60.0,8.0,125.0,150.0,335.0,230.0,116.0,12.0,17.0,22.0,5.0,10.0,20,10,79.0,142.0,48.0,13.0,47.0,15.0,65.0,193.0,-61,78.0,8.0,2.0,5200.0,44.0,297.0,16,13,50,38,93,48,131,70,37.0,L,131,70,19.0,20.0,36.0,26.0,44.0,12.0,41.0,74.0,200.0
2024,Round 16,16,False,2024-06-30,2024-06-30,CD_M20240141606,MCG,Carlton,Richmond,False,7.0,10,11,9.0,15.0,59.0,12.0,131.0,127.0,389.0,288.0,155.0,17.0,22.0,17.0,18.0,20.0,10,20,88.0,155.0,25.0,7.0,58.0,22.0,74.0,234.0,61,102.0,16.0,4.0,6360.0,48.0,292.0,13,16,38,50,48,93,70,131,36.0,W,70,131,30.0,29.0,32.0,26.0,59.0,14.0,41.0,65.0,246.0
2024,Round 16,16,False,2024-06-30,2024-06-30,CD_M20240141609,Optus Stadium,West Coast,Hawthorn,True,8.0,10,9,2.0,4.0,55.0,7.0,102.0,190.0,278.0,200.0,118.0,7.0,21.0,18.0,2.0,4.0,14,4,70.0,101.0,27.0,7.0,33.0,16.0,64.0,177.0,-61,94.0,4.0,7.0,5025.0,38.0,332.0,20,3,35,18,63,24,94,33,44.0,L,94,33,13.0,14.0,34.0,17.0,60.0,6.0,21.0,60.0,174.0
2024,Round 16,16,False,2024-06-30,2024-06-30,CD_M20240141609,Optus Stadium,Hawthorn,West Coast,False,9.0,9,10,11.0,14.0,53.0,9.0,126.0,78.0,426.0,329.0,170.0,17.0,18.0,21.0,13.0,14.0,4,14,81.0,188.0,39.0,15.0,60.0,18.0,60.0,238.0,61,129.0,22.0,14.0,6134.0,30.0,212.0,3,20,18,35,24,63,33,94,29.0,W,33,94,24.0,32.0,22.0,24.0,58.0,12.0,38.0,63.0,289.0
2024,Round 17,17,False,2024-07-05,2024-07-05,CD_M20240141702,MCG,Collingwood,Essendon,True,6.0,14,8,11.0,11.0,51.0,4.0,105.0,144.0,340.0,247.0,134.0,10.0,15.0,12.0,10.0,12.0,13,12,74.0,131.0,33.0,11.0,45.0,13.0,56.0,209.0,-12,89.0,10.0,6.0,5500.0,41.0,295.0,17,32,44,52,72,55,92,80,33.0,L,92,80,20.0,21.0,28.0,22.0,43.0,4.0,33.0,61.0,218.0
2024,Round 17,17,False,2024-07-05,2024-07-05,CD_M20240141702,MCG,Essendon,Collingwood,False,11.0,8,14,2.0,12.0,49.0,10.0,115.0,115.0,404.0,320.0,185.0,11.0,12.0,15.0,11.0,13.0,12,13,71.0,152.0,40.0,10.0,48.0,20.0,61.0,252.0,12,139.0,18.0,7.0,5637.0,35.0,282.0,32,17,52,44,55,72,80,92,33.0,W,80,92,27.0,28.0,28.0,24.0,56.0,12.0,36.0,55.0,279.0
2024,Round 17,17,False,2024-07-06,2024-07-06,CD_M20240141707,Marvel Stadium,North Melbourne,Gold Coast,True,6.0,11,9,13.0,12.0,41.0,7.0,127.0,153.0,372.0,293.0,158.0,12.0,13.0,20.0,9.0,13.0,12,13,91.0,155.0,40.0,13.0,46.0,11.0,66.0,217.0,4,90.0,13.0,13.0,5889.0,38.0,274.0,31,19,45,51,60,73,83,87,49.0,W,83,87,22.0,22.0,29.0,33.0,63.0,12.0,45.0,71.0,236.0
2024,Round 17,17,False,2024-07-06,2024-07-06,CD_M20240141707,Marvel Stadium,Gold Coast,North Melbourne,False,8.0,9,11,6.0,15.0,46.0,15.0,131.0,115.0,319.0,217.0,103.0,15.0,20.0,13.0,8.0,12.0,13,12,86.0,148.0,35.0,8.0,62.0,19.0,71.0,171.0,-4,75.0,14.0,8.0,5645.0,55.0,294.0,19,31,51,45,73,60,87,83,33.0,L,87,83,22.0,27.0,41.0,14.0,55.0,11.0,29.0,66.0,186.0
2024,Round 17,17,False,2024-07-06,2024-07-06,CD_M20240141708,Adelaide Oval,Port Adelaide,Western Bulldogs,True,12.0,6,12,10.0,13.0,50.0,7.0,120.0,128.0,374.0,277.0,161.0,11.0,19.0,17.0,11.0,15.0,8,15,81.0,142.0,47.0,11.0,53.0,18.0,63.0,232.0,48,122.0,18.0,4.0,6036.0,32.0,259.0,2,32,21,65,28,80,54,102,33.0,W,54,102,27.0,32.0,25.0,20.0,44.0,10.0,33.0,51.0,247.0
2024,Round 17,17,False,2024-07-06,2024-07-06,CD_M20240141708,Adelaide Oval,Western Bulldogs,Port Adelaide,False,6.0,12,6,9.0,11.0,46.0,9.0,106.0,124.0,331.0,250.0,123.0,12.0,17.0,19.0,4.0,8.0,15,8,69.0,143.0,33.0,8.0,42.0,13.0,51.0,188.0,-48,79.0,7.0,5.0,5330.0,31.0,275.0,32,2,65,21,80,28,102,54,38.0,L,102,54,14.0,15.0,24.0,24.0,60.0,9.0,35.0,63.0,214.0
2024,Round 17,17,False,2024-07-06,2024-07-06,CD_M20240141704,GMHBA Stadium,Geelong,Hawthorn,True,13.0,5,14,6.0,13.0,49.0,9.0,141.0,118.0,377.0,268.0,154.0,22.0,15.0,19.0,10.0,16.0,9,16,101.0,147.0,29.0,9.0,63.0,24.0,76.0,230.0,51,112.0,22.0,9.0,6058.0,35.0,285.0,7,29,27,61,47,89,59,110,30.0,W,59,110,30.0,36.0,28.0,21.0,70.0,14.0,34.0,61.0,224.0
2024,Round 17,17,False,2024-07-06,2024-07-06,CD_M20240141704,GMHBA Stadium,Hawthorn,Geelong,False,4.0,14,5,9.0,12.0,62.0,8.0,123.0,193.0,322.0,222.0,113.0,9.0,19.0,15.0,9.0,9.0,16,9,79.0,131.0,52.0,12.0,40.0,18.0,61.0,191.0,-51,79.0,8.0,3.0,5423.0,39.0,312.0,29,7,61,27,89,47,110,59,46.0,L,110,59,14.0,17.0,29.0,25.0,67.0,9.0,37.0,76.0,192.0
2024,Round 17,17,False,2024-07-06,2024-07-06,CD_M20240141705,ENGIE Stadium,Greater Western Sydney,Carlton,True,8.0,8,8,3.0,17.0,61.0,9.0,147.0,136.0,411.0,310.0,146.0,23.0,19.0,11.0,12.0,18.0,16,18,107.0,202.0,45.0,12.0,60.0,10.0,61.0,209.0,12,92.0,15.0,4.0,5837.0,51.0,315.0,52,19,64,62,72,108,104,116,33.0,W,104,116,26.0,27.0,39.0,26.0,77.0,26.0,43.0,53.0,262.0
2024,Round 17,17,False,2024-07-06,2024-07-06,CD_M20240141705,ENGIE Stadium,Carlton,Greater Western Sydney,False,6.0,8,8,1.0,17.0,47.0,5.0,138.0,176.0,325.0,231.0,119.0,9.0,11.0,19.0,12.0,16.0,18,16,94.0,142.0,22.0,10.0,50.0,13.0,53.0,183.0,-12,57.0,8.0,4.0,5654.0,40.0,351.0,19,52,62,64,108,72,116,104,42.0,L,116,104,24.0,23.0,29.0,29.0,60.0,4.0,46.0,61.0,180.0
2024,Round 17,17,False,2024-07-06,2024-07-06,CD_M20240141703,Optus Stadium,Fremantle,Richmond,True,9.0,12,9,12.0,13.0,47.0,6.0,133.0,113.0,374.0,269.0,140.0,15.0,15.0,16.0,10.0,16.0,7,16,98.0,145.0,34.0,9.0,61.0,14.0,67.0,229.0,51,91.0,12.0,2.0,6699.0,36.0,301.0,12,27,23,47,38,84,54,105,39.0,W,54,105,25.0,28.0,26.0,24.0,63.0,13.0,37.0,67.0,228.0
2024,Round 17,17,False,2024-07-06,2024-07-06,CD_M20240141703,Optus Stadium,Richmond,Fremantle,False,9.0,9,12,3.0,11.0,64.0,9.0,135.0,150.0,354.0,253.0,126.0,11.0,16.0,15.0,6.0,7.0,16,7,88.0,154.0,44.0,11.0,47.0,11.0,67.0,200.0,-51,78.0,12.0,5.0,5631.0,41.0,306.0,27,12,47,23,84,38,105,54,45.0,L,105,54,18.0,21.0,30.0,32.0,57.0,15.0,43.0,67.0,211.0
2024,Round 17,17,False,2024-07-07,2024-07-07,CD_M20240141706,MCG,Melbourne,West Coast,True,9.0,10,10,9.0,8.0,54.0,14.0,129.0,126.0,356.0,262.0,175.0,16.0,12.0,12.0,10.0,17.0,8,17,88.0,119.0,28.0,10.0,49.0,15.0,64.0,237.0,54,131.0,21.0,13.0,6149.0,36.0,245.0,8,45,22,71,44,93,58,112,41.0,W,58,112,27.0,28.0,26.0,22.0,56.0,6.0,30.0,55.0,221.0
2024,Round 17,17,False,2024-07-07,2024-07-07,CD_M20240141706,MCG,West Coast,Melbourne,False,8.0,10,10,6.0,18.0,43.0,10.0,104.0,103.0,280.0,204.0,115.0,13.0,12.0,12.0,6.0,8.0,17,8,68.0,111.0,34.0,12.0,49.0,20.0,54.0,169.0,-54,82.0,15.0,6.0,5037.0,39.0,244.0,45,8,71,22,93,44,112,58,30.0,L,112,58,18.0,20.0,24.0,17.0,54.0,19.0,35.0,64.0,174.0
2024,Round 17,17,False,2024-07-07,2024-07-07,CD_M20240141709,Marvel Stadium,St Kilda,Sydney,True,3.0,16,6,2.0,11.0,55.0,15.0,124.0,159.0,375.0,274.0,163.0,10.0,19.0,11.0,9.0,13.0,11,13,93.0,139.0,21.0,3.0,41.0,15.0,66.0,236.0,2,126.0,11.0,6.0,5826.0,39.0,304.0,14,14,53,28,77,58,82,84,41.0,W,82,84,19.0,22.0,28.0,18.0,63.0,11.0,29.0,68.0,234.0
2024,Round 17,17,False,2024-07-07,2024-07-07,CD_M20240141709,Marvel Stadium,Sydney,St Kilda,False,13.0,6,16,9.0,11.0,49.0,7.0,132.0,104.0,361.0,263.0,154.0,22.0,11.0,19.0,8.0,11.0,13,11,94.0,137.0,40.0,9.0,54.0,12.0,69.0,224.0,-2,97.0,12.0,6.0,5812.0,46.0,263.0,14,14,28,53,58,77,84,82,28.0,L,84,82,26.0,30.0,38.0,19.0,41.0,4.0,30.0,66.0,221.0
2024,Round 17,17,False,2024-07-07,2024-07-07,CD_M20240141701,Gabba,Brisbane Lions,Adelaide,True,11.0,8,13,5.0,14.0,57.0,6.0,124.0,102.0,347.0,253.0,162.0,22.0,15.0,26.0,8.0,14.0,13,14,78.0,114.0,40.0,11.0,55.0,17.0,62.0,233.0,11,105.0,12.0,11.0,5825.0,46.0,270.0,14,26,39,54,59,79,86,97,35.0,W,86,97,26.0,30.0,36.0,28.0,40.0,13.0,42.0,57.0,212.0
2024,Round 17,17,False,2024-07-07,2024-07-07,CD_M20240141701,Gabba,Adelaide,Brisbane Lions,False,6.0,13,8,4.0,13.0,64.0,15.0,130.0,148.0,344.0,257.0,135.0,14.0,26.0,15.0,7.0,13.0,14,13,88.0,139.0,49.0,13.0,48.0,12.0,57.0,205.0,-11,86.0,13.0,5.0,5759.0,41.0,272.0,26,14,54,39,79,59,97,86,41.0,L,97,86,21.0,20.0,35.0,24.0,60.0,10.0,37.0,61.0,200.0
2024,Round 18,18,False,2024-07-12,2024-07-12,CD_M20240141802,MCG,Collingwood,Geelong,True,7.0,13,11,1.0,6.0,57.0,7.0,120.0,176.0,337.0,224.0,115.0,12.0,15.0,14.0,6.0,10.0,13,10,85.0,137.0,64.0,14.0,40.0,12.0,61.0,200.0,-20,75.0,13.0,4.0,5825.0,47.0,292.0,23,29,48,44,69,58,91,71,47.0,L,91,71,21.0,23.0,39.0,29.0,58.0,6.0,35.0,54.0,192.0
2024,Round 18,18,False,2024-07-12,2024-07-12,CD_M20240141802,MCG,Geelong,Collingwood,False,11.0,11,13,7.0,16.0,55.0,6.0,117.0,119.0,393.0,289.0,203.0,18.0,14.0,15.0,7.0,13.0,10,13,89.0,117.0,22.0,6.0,62.0,10.0,54.0,276.0,20,145.0,14.0,3.0,6186.0,33.0,288.0,29,23,44,48,58,69,71,91,30.0,W,71,91,26.0,28.0,25.0,26.0,53.0,13.0,42.0,61.0,252.0
2024,Round 18,18,False,2024-07-13,2024-07-13,CD_M20240141804,UTAS Stadium,Hawthorn,Fremantle,True,8.0,14,9,8.0,10.0,46.0,10.0,118.0,116.0,313.0,237.0,124.0,15.0,17.0,18.0,9.0,13.0,10,13,74.0,132.0,52.0,12.0,42.0,11.0,44.0,181.0,13,80.0,14.0,5.0,5545.0,40.0,249.0,20,15,35,42,65,56,74,87,34.0,W,74,87,22.0,24.0,25.0,26.0,51.0,8.0,36.0,48.0,193.0
2024,Round 18,18,False,2024-07-13,2024-07-13,CD_M20240141804,UTAS Stadium,Fremantle,Hawthorn,False,12.0,9,14,7.0,8.0,46.0,14.0,111.0,128.0,332.0,266.0,156.0,17.0,18.0,17.0,7.0,10.0,13,10,70.0,134.0,35.0,9.0,45.0,15.0,49.0,198.0,-13,107.0,15.0,3.0,5446.0,27.0,279.0,15,20,42,35,56,65,87,74,29.0,L,87,74,24.0,24.0,17.0,23.0,67.0,13.0,31.0,44.0,215.0
2024,Round 18,18,False,2024-07-13,2024-07-13,CD_M20240141807,SCG,Sydney,North Melbourne,True,16.0,5,18,7.0,14.0,53.0,6.0,126.0,119.0,391.0,287.0,156.0,13.0,16.0,16.0,16.0,20.0,9,20,83.0,160.0,45.0,12.0,64.0,20.0,72.0,231.0,79,109.0,18.0,11.0,5827.0,56.0,262.0,20,22,28,70,47,110,59,138,29.0,W,59,138,36.0,40.0,39.0,24.0,51.0,6.0,38.0,64.0,262.0
2024,Round 18,18,False,2024-07-13,2024-07-13,CD_M20240141807,SCG,North Melbourne,Sydney,False,4.0,18,5,8.0,14.0,59.0,9.0,129.0,157.0,339.0,249.0,131.0,13.0,16.0,16.0,9.0,9.0,20,9,93.0,147.0,26.0,7.0,39.0,10.0,64.0,192.0,-79,82.0,10.0,5.0,4758.0,21.0,295.0,22,20,70,28,110,47,138,59,42.0,L,138,59,14.0,16.0,14.0,20.0,45.0,6.0,34.0,72.0,201.0
2024,Round 18,18,False,2024-07-13,2024-07-13,CD_M20240141809,Marvel Stadium,Western Bulldogs,Carlton,True,13.0,14,16,2.0,12.0,51.0,15.0,139.0,133.0,336.0,231.0,122.0,23.0,19.0,17.0,6.0,14.0,12,14,95.0,141.0,37.0,3.0,56.0,21.0,72.0,195.0,14,84.0,9.0,5.0,5674.0,47.0,319.0,22,7,48,51,70,80,86,100,34.0,W,86,100,29.0,31.0,30.0,30.0,64.0,8.0,42.0,67.0,190.0
2024,Round 18,18,False,2024-07-13,2024-07-13,CD_M20240141809,Marvel Stadium,Carlton,Western Bulldogs,False,14.0,16,14,6.0,13.0,53.0,20.0,145.0,182.0,361.0,249.0,133.0,6.0,17.0,19.0,8.0,12.0,14,12,87.0,143.0,49.0,17.0,47.0,22.0,67.0,218.0,-14,98.0,15.0,5.0,5748.0,42.0,303.0,7,22,51,48,80,70,100,86,42.0,L,100,86,26.0,28.0,31.0,30.0,70.0,5.0,43.0,72.0,208.0
2024,Round 18,18,False,2024-07-13,2024-07-13,CD_M20240141801,Adelaide Oval,Adelaide,St Kilda,True,10.0,9,11,2.0,6.0,71.0,4.0,162.0,146.0,339.0,216.0,117.0,19.0,29.0,23.0,6.0,10.0,5,10,125.0,128.0,62.0,10.0,52.0,8.0,83.0,211.0,32,33.0,5.0,1.0,5727.0,61.0,314.0,21,13,31,35,38,46,39,71,33.0,W,39,71,20.0,21.0,51.0,48.0,109.0,12.0,54.0,85.0,146.0
2024,Round 18,18,False,2024-07-13,2024-07-13,CD_M20240141801,Adelaide Oval,St Kilda,Adelaide,False,5.0,11,9,4.0,5.0,75.0,9.0,175.0,179.0,329.0,197.0,120.0,16.0,23.0,29.0,2.0,5.0,10,5,125.0,105.0,50.0,12.0,39.0,12.0,85.0,224.0,-32,57.0,6.0,1.0,5257.0,63.0,354.0,13,21,35,31,46,38,71,39,41.0,L,71,39,14.0,18.0,49.0,41.0,99.0,14.0,46.0,83.0,135.0
2024,Round 18,18,False,2024-07-13,2024-07-13,CD_M20240141805,MCG,Melbourne,Essendon,True,4.0,7,6,3.0,14.0,57.0,4.0,142.0,151.0,366.0,247.0,143.0,15.0,19.0,14.0,12.0,13.0,10,13,109.0,131.0,27.0,9.0,49.0,19.0,87.0,235.0,17,83.0,8.0,5.0,6008.0,53.0,316.0,21,20,29,42,37,54,67,84,45.0,W,67,84,19.0,21.0,38.0,30.0,56.0,10.0,44.0,89.0,201.0
2024,Round 18,18,False,2024-07-13,2024-07-13,CD_M20240141805,MCG,Essendon,Melbourne,False,7.0,6,7,3.0,11.0,67.0,7.0,135.0,175.0,411.0,294.0,162.0,12.0,14.0,19.0,6.0,10.0,13,10,94.0,161.0,43.0,13.0,56.0,17.0,89.0,250.0,-17,101.0,13.0,6.0,5555.0,46.0,309.0,20,21,42,29,54,37,84,67,35.0,L,84,67,17.0,22.0,31.0,21.0,70.0,7.0,32.0,86.0,258.0
2024,Round 18,18,False,2024-07-14,2024-07-14,CD_M20240141803,People First Stadium,Gold Coast,Port Adelaide,True,11.0,10,12,10.0,14.0,57.0,10.0,120.0,126.0,317.0,240.0,137.0,16.0,17.0,23.0,8.0,14.0,12,14,72.0,123.0,30.0,11.0,60.0,21.0,69.0,194.0,14,88.0,12.0,12.0,6181.0,44.0,281.0,20,16,35,52,67,84,82,96,41.0,W,82,96,26.0,26.0,32.0,22.0,66.0,16.0,36.0,70.0,199.0
2024,Round 18,18,False,2024-07-14,2024-07-14,CD_M20240141803,People First Stadium,Port Adelaide,Gold Coast,False,8.0,12,10,7.0,10.0,55.0,14.0,125.0,135.0,383.0,293.0,176.0,19.0,22.0,17.0,10.0,12.0,14,12,75.0,148.0,38.0,13.0,54.0,24.0,70.0,235.0,-14,134.0,11.0,10.0,6399.0,34.0,265.0,16,20,52,35,84,67,96,82,45.0,L,96,82,22.0,21.0,19.0,16.0,61.0,11.0,26.0,68.0,255.0
2024,Round 18,18,False,2024-07-14,2024-07-14,CD_M20240141806,MCG,Richmond,Greater Western Sydney,True,8.0,6,12,7.0,17.0,46.0,7.0,126.0,120.0,353.0,255.0,131.0,18.0,13.0,15.0,9.0,12.0,17,12,91.0,147.0,41.0,9.0,53.0,11.0,68.0,206.0,-24,72.0,14.0,3.0,5271.0,32.0,306.0,27,22,58,43,89,58,108,84,19.0,L,108,84,24.0,27.0,25.0,22.0,49.0,13.0,39.0,67.0,211.0
2024,Round 18,18,False,2024-07-14,2024-07-14,CD_M20240141806,MCG,Greater Western Sydney,Richmond,False,4.0,12,6,6.0,11.0,53.0,9.0,118.0,179.0,380.0,285.0,137.0,10.0,15.0,13.0,12.0,17.0,12,17,85.0,181.0,36.0,7.0,36.0,10.0,67.0,199.0,24,84.0,18.0,5.0,5333.0,37.0,339.0,22,27,43,58,58,89,84,108,40.0,W,84,108,23.0,24.0,24.0,20.0,89.0,7.0,31.0,68.0,249.0
2024,Round 18,18,False,2024-07-14,2024-07-14,CD_M20240141808,Optus Stadium,West Coast,Brisbane Lions,True,8.0,10,9,7.0,13.0,43.0,10.0,126.0,154.0,336.0,254.0,135.0,11.0,9.0,18.0,9.0,14.0,16,14,84.0,146.0,38.0,10.0,46.0,13.0,57.0,190.0,-13,79.0,13.0,12.0,5677.0,35.0,270.0,28,20,49,39,80,58,106,93,37.0,L,106,93,23.0,26.0,24.0,25.0,54.0,5.0,38.0,57.0,202.0
2024,Round 18,18,False,2024-07-14,2024-07-14,CD_M20240141808,Optus Stadium,Brisbane Lions,West Coast,False,8.0,9,10,1.0,15.0,49.0,13.0,139.0,121.0,340.0,245.0,142.0,16.0,18.0,9.0,12.0,16.0,14,16,94.0,125.0,45.0,9.0,56.0,13.0,57.0,215.0,13,95.0,14.0,11.0,5937.0,43.0,289.0,20,28,39,49,58,80,93,106,32.0,W,93,106,26.0,31.0,30.0,32.0,66.0,18.0,47.0,57.0,199.0
2024,Round 19,19,False,2024-07-19,2024-07-19,CD_M20240141903,Marvel Stadium,Essendon,Adelaide,True,4.0,13,11,16.0,18.0,54.0,13.0,146.0,143.0,376.0,277.0,147.0,16.0,15.0,20.0,11.0,17.0,17,17,99.0,161.0,40.0,11.0,60.0,12.0,62.0,215.0,-2,89.0,13.0,14.0,6314.0,49.0,299.0,15,20,70,47,88,98,115,113,36.0,L,115,113,27.0,27.0,33.0,24.0,66.0,6.0,42.0,62.0,218.0
2024,Round 19,19,False,2024-07-19,2024-07-19,CD_M20240141903,Marvel Stadium,Adelaide,Essendon,False,8.0,11,13,3.0,17.0,51.0,7.0,132.0,127.0,347.0,263.0,137.0,16.0,20.0,15.0,10.0,17.0,17,17,96.0,155.0,49.0,14.0,53.0,14.0,62.0,192.0,2,71.0,9.0,6.0,6102.0,40.0,299.0,20,15,47,70,98,88,113,115,42.0,W,113,115,30.0,28.0,27.0,23.0,58.0,9.0,40.0,62.0,207.0
2024,Round 19,19,False,2024-07-20,2024-07-20,CD_M20240141906,ENGIE Stadium,Greater Western Sydney,Gold Coast,True,5.0,14,5,20.0,7.0,61.0,7.0,127.0,149.0,405.0,316.0,155.0,13.0,20.0,10.0,11.0,14.0,6,14,98.0,194.0,32.0,5.0,47.0,8.0,73.0,211.0,39,88.0,13.0,7.0,6869.0,41.0,313.0,16,30,33,49,35,63,50,89,57.0,W,50,89,19.0,19.0,27.0,23.0,73.0,12.0,30.0,73.0,264.0
2024,Round 19,19,False,2024-07-20,2024-07-20,CD_M20240141906,ENGIE Stadium,Gold Coast,Greater Western Sydney,False,12.0,5,14,3.0,12.0,61.0,9.0,131.0,116.0,345.0,236.0,95.0,16.0,10.0,20.0,3.0,6.0,14,6,90.0,163.0,40.0,10.0,66.0,19.0,73.0,182.0,-39,70.0,14.0,9.0,6171.0,57.0,350.0,30,16,49,33,63,35,89,50,33.0,L,89,50,20.0,26.0,36.0,31.0,52.0,13.0,43.0,73.0,214.0
2024,Round 19,19,False,2024-07-20,2024-07-20,CD_M20240141909,Marvel Stadium,St Kilda,West Coast,True,8.0,5,11,6.0,15.0,58.0,9.0,137.0,83.0,408.0,303.0,176.0,22.0,13.0,22.0,11.0,17.0,6,17,89.0,154.0,24.0,6.0,67.0,12.0,77.0,254.0,72,123.0,19.0,14.0,6320.0,37.0,291.0,12,21,28,47,35,69,41,113,29.0,W,41,113,28.0,33.0,23.0,16.0,65.0,23.0,31.0,69.0,267.0
2024,Round 19,19,False,2024-07-20,2024-07-20,CD_M20240141909,Marvel Stadium,West Coast,St Kilda,False,5.0,11,5,11.0,7.0,54.0,9.0,108.0,159.0,355.0,278.0,148.0,3.0,22.0,13.0,5.0,6.0,17,6,81.0,147.0,23.0,3.0,36.0,17.0,69.0,208.0,-72,111.0,7.0,7.0,5036.0,33.0,292.0,21,12,47,28,69,35,113,41,50.0,L,113,41,11.0,12.0,26.0,16.0,44.0,0.0,23.0,77.0,239.0
2024,Round 19,19,False,2024-07-20,2024-07-20,CD_M20240141907,MCG,Hawthorn,Collingwood,True,12.0,13,13,7.0,13.0,57.0,6.0,156.0,123.0,434.0,314.0,147.0,18.0,22.0,18.0,12.0,20.0,9,20,110.0,203.0,46.0,15.0,69.0,15.0,76.0,231.0,66,61.0,5.0,3.0,6472.0,35.0,274.0,10,21,17,50,36,81,67,133,28.0,W,67,133,33.0,34.0,22.0,36.0,63.0,10.0,49.0,65.0,251.0
2024,Round 19,19,False,2024-07-20,2024-07-20,CD_M20240141907,MCG,Collingwood,Hawthorn,False,10.0,13,13,2.0,13.0,66.0,9.0,127.0,240.0,288.0,172.0,93.0,7.0,18.0,22.0,7.0,9.0,20,9,77.0,109.0,41.0,13.0,37.0,11.0,65.0,179.0,-66,51.0,13.0,3.0,5285.0,47.0,439.0,21,10,50,17,81,36,133,67,48.0,L,133,67,22.0,24.0,37.0,30.0,75.0,8.0,43.0,76.0,135.0
2024,Round 19,19,False,2024-07-20,2024-07-20,CD_M20240141905,GMHBA Stadium,Geelong,Western Bulldogs,True,5.0,17,6,1.0,8.0,61.0,11.0,142.0,186.0,320.0,176.0,113.0,15.0,12.0,14.0,5.0,7.0,13,7,101.0,91.0,44.0,10.0,39.0,21.0,78.0,229.0,-47,72.0,4.0,3.0,5998.0,48.0,341.0,15,2,34,15,63,46,95,48,47.0,L,95,48,13.0,17.0,34.0,38.0,78.0,12.0,46.0,88.0,146.0
2024,Round 19,19,False,2024-07-20,2024-07-20,CD_M20240141905,GMHBA Stadium,Western Bulldogs,Geelong,False,12.0,6,17,3.0,13.0,52.0,11.0,159.0,117.0,380.0,247.0,140.0,27.0,12.0,12.0,12.0,13.0,7,13,113.0,138.0,49.0,11.0,61.0,26.0,90.0,242.0,47,92.0,15.0,0.0,6861.0,50.0,285.0,2,15,15,34,46,63,48,95,32.0,W,48,95,29.0,33.0,32.0,33.0,86.0,22.0,46.0,76.0,215.0
2024,Round 19,19,False,2024-07-20,2024-07-20,CD_M20240141908,Adelaide Oval,Port Adelaide,Richmond,True,15.0,9,20,4.0,19.0,49.0,16.0,149.0,130.0,374.0,260.0,156.0,17.0,9.0,13.0,13.0,16.0,11,16,105.0,125.0,52.0,12.0,65.0,21.0,76.0,249.0,41,102.0,18.0,1.0,6683.0,46.0,291.0,21,26,42,50,74,84,75,116,34.0,W,75,116,34.0,35.0,30.0,28.0,70.0,16.0,47.0,68.0,205.0
2024,Round 19,19,False,2024-07-20,2024-07-20,CD_M20240141908,Adelaide Oval,Richmond,Port Adelaide,False,5.0,20,9,2.0,10.0,63.0,6.0,126.0,160.0,346.0,233.0,119.0,14.0,13.0,9.0,8.0,11.0,16,11,100.0,149.0,33.0,3.0,45.0,15.0,68.0,197.0,-41,70.0,6.0,8.0,5587.0,61.0,269.0,26,21,50,42,84,74,116,75,45.0,L,116,75,20.0,21.0,44.0,21.0,47.0,4.0,31.0,75.0,199.0
2024,Round 19,19,False,2024-07-21,2024-07-21,CD_M20240141901,Gabba,Brisbane Lions,Sydney,True,11.0,11,13,1.0,13.0,53.0,9.0,121.0,109.0,343.0,229.0,142.0,18.0,11.0,16.0,6.0,11.0,11,11,84.0,110.0,32.0,5.0,56.0,22.0,60.0,233.0,2,116.0,9.0,9.0,5897.0,34.0,258.0,9,31,46,39,64,49,77,79,36.0,W,77,79,24.0,31.0,27.0,31.0,45.0,9.0,44.0,58.0,214.0
2024,Round 19,19,False,2024-07-21,2024-07-21,CD_M20240141901,Gabba,Sydney,Brisbane Lions,False,10.0,13,11,7.0,8.0,57.0,12.0,119.0,141.0,346.0,259.0,146.0,10.0,16.0,11.0,10.0,11.0,11,11,81.0,134.0,39.0,7.0,48.0,20.0,58.0,212.0,-2,98.0,10.0,6.0,6036.0,37.0,254.0,31,9,39,46,49,64,79,77,44.0,L,79,77,22.0,23.0,28.0,26.0,48.0,7.0,34.0,59.0,216.0
2024,Round 19,19,False,2024-07-21,2024-07-21,CD_M20240141904,Optus Stadium,Fremantle,Melbourne,True,12.0,6,14,6.0,17.0,54.0,11.0,141.0,108.0,395.0,299.0,134.0,15.0,14.0,22.0,16.0,17.0,10,17,88.0,187.0,47.0,17.0,60.0,16.0,66.0,208.0,50,88.0,21.0,6.0,6458.0,40.0,237.0,2,23,21,51,41,77,66,116,35.0,W,66,116,31.0,35.0,26.0,30.0,32.0,4.0,47.0,74.0,252.0
2024,Round 19,19,False,2024-07-21,2024-07-21,CD_M20240141904,Optus Stadium,Melbourne,Fremantle,False,5.0,14,6,5.0,8.0,52.0,8.0,105.0,138.0,338.0,249.0,144.0,8.0,21.0,14.0,8.0,10.0,17,10,84.0,127.0,9.0,0.0,47.0,15.0,74.0,211.0,-50,105.0,13.0,8.0,5801.0,36.0,333.0,23,2,51,21,77,41,116,66,43.0,L,116,66,16.0,18.0,27.0,8.0,50.0,14.0,16.0,64.0,223.0
2024,Round 19,19,False,2024-07-21,2024-07-21,CD_M20240141902,Marvel Stadium,Carlton,North Melbourne,True,6.0,4,11,10.0,16.0,53.0,6.0,137.0,124.0,335.0,252.0,131.0,16.0,22.0,27.0,10.0,16.0,14,16,92.0,139.0,21.0,5.0,53.0,14.0,74.0,196.0,19,69.0,11.0,8.0,5733.0,31.0,271.0,19,25,55,44,74,91,88,107,41.0,W,88,107,27.0,27.0,26.0,24.0,64.0,9.0,40.0,64.0,199.0
2024,Round 19,19,False,2024-07-21,2024-07-21,CD_M20240141902,Marvel Stadium,North Melbourne,Carlton,False,4.0,11,4,5.0,13.0,64.0,16.0,133.0,146.0,348.0,268.0,156.0,16.0,27.0,22.0,9.0,14.0,16,14,83.0,134.0,47.0,10.0,56.0,17.0,64.0,214.0,-19,102.0,12.0,9.0,5587.0,37.0,288.0,25,19,44,55,91,74,107,88,36.0,L,107,88,18.0,21.0,32.0,28.0,56.0,13.0,41.0,73.0,213.0
2024,Round 20,20,False,2024-07-26,2024-07-26,CD_M20240142002,Marvel Stadium,Carlton,Port Adelaide,True,9.0,13,11,7.0,6.0,61.0,12.0,153.0,177.0,326.0,218.0,124.0,8.0,22.0,24.0,8.0,9.0,11,9,98.0,128.0,38.0,12.0,45.0,9.0,73.0,198.0,-14,75.0,9.0,5.0,5401.0,38.0,313.0,14,10,29,54,52,62,79,65,43.0,L,79,65,20.0,19.0,24.0,27.0,73.0,7.0,33.0,65.0,172.0
2024,Round 20,20,False,2024-07-26,2024-07-26,CD_M20240142002,Marvel Stadium,Port Adelaide,Carlton,False,11.0,11,13,7.0,13.0,62.0,13.0,138.0,122.0,351.0,254.0,145.0,27.0,24.0,22.0,7.0,11.0,9,11,90.0,137.0,50.0,15.0,56.0,16.0,65.0,214.0,14,86.0,13.0,5.0,5776.0,43.0,309.0,10,14,54,29,62,52,65,79,36.0,W,65,79,24.0,29.0,26.0,30.0,91.0,17.0,43.0,73.0,194.0
2024,Round 20,20,False,2024-07-27,2024-07-27,CD_M20240142007,Ninja Stadium,North Melbourne,Geelong,True,3.0,10,6,1.0,13.0,60.0,10.0,157.0,162.0,404.0,298.0,143.0,16.0,17.0,14.0,9.0,10.0,16,10,110.0,195.0,59.0,17.0,49.0,9.0,69.0,209.0,-40,82.0,11.0,8.0,5462.0,40.0,301.0,22,19,41,27,74,46,106,66,41.0,L,106,66,16.0,19.0,29.0,25.0,77.0,12.0,38.0,78.0,249.0
2024,Round 20,20,False,2024-07-27,2024-07-27,CD_M20240142007,Ninja Stadium,Geelong,North Melbourne,False,7.0,6,10,5.0,13.0,50.0,10.0,146.0,136.0,351.0,253.0,163.0,30.0,14.0,17.0,7.0,16.0,10,16,110.0,121.0,34.0,9.0,57.0,27.0,79.0,230.0,40,105.0,12.0,11.0,6127.0,34.0,353.0,19,22,27,41,46,74,66,106,38.0,W,66,106,26.0,28.0,25.0,23.0,74.0,19.0,36.0,69.0,204.0
2024,Round 20,20,False,2024-07-27,2024-07-27,CD_M20240142005,People First Stadium,Gold Coast,Brisbane Lions,True,9.0,15,11,6.0,9.0,62.0,15.0,120.0,160.0,320.0,226.0,114.0,13.0,20.0,12.0,5.0,9.0,13,9,75.0,134.0,51.0,13.0,50.0,19.0,67.0,186.0,-28,81.0,11.0,6.0,5977.0,53.0,306.0,20,18,55,38,70,51,93,65,45.0,L,93,65,20.0,24.0,39.0,22.0,57.0,7.0,31.0,66.0,190.0
2024,Round 20,20,False,2024-07-27,2024-07-27,CD_M20240142005,People First Stadium,Brisbane Lions,Gold Coast,False,13.0,11,15,7.0,11.0,51.0,7.0,143.0,114.0,409.0,304.0,183.0,19.0,12.0,20.0,9.0,13.0,9,13,94.0,145.0,29.0,10.0,60.0,16.0,66.0,264.0,28,128.0,9.0,10.0,6470.0,44.0,256.0,18,20,38,55,51,70,65,93,42.0,W,65,93,28.0,30.0,25.0,32.0,51.0,4.0,43.0,67.0,265.0
2024,Round 20,20,False,2024-07-27,2024-07-27,CD_M20240142008,Marvel Stadium,St Kilda,Essendon,True,3.0,7,6,10.0,10.0,52.0,16.0,123.0,115.0,402.0,314.0,192.0,21.0,14.0,17.0,13.0,17.0,8,17,75.0,142.0,31.0,6.0,43.0,14.0,62.0,260.0,53,149.0,20.0,14.0,5774.0,38.0,250.0,15,31,35,44,43,88,55,108,37.0,W,55,108,23.0,28.0,24.0,19.0,42.0,12.0,29.0,56.0,274.0
2024,Round 20,20,False,2024-07-27,2024-07-27,CD_M20240142008,Marvel Stadium,Essendon,St Kilda,False,4.0,6,7,8.0,15.0,46.0,5.0,106.0,128.0,335.0,244.0,140.0,9.0,17.0,14.0,7.0,8.0,17,8,72.0,130.0,34.0,14.0,46.0,15.0,57.0,205.0,-53,100.0,7.0,8.0,5124.0,35.0,272.0,31,15,44,35,88,43,108,55,26.0,L,108,55,14.0,17.0,23.0,17.0,48.0,11.0,32.0,61.0,217.0
2024,Round 20,20,False,2024-07-27,2024-07-27,CD_M20240142006,MCG,Melbourne,Greater Western Sydney,True,7.0,7,11,1.0,12.0,53.0,7.0,137.0,141.0,330.0,219.0,131.0,15.0,15.0,13.0,9.0,12.0,13,12,105.0,118.0,28.0,6.0,49.0,20.0,78.0,212.0,-2,89.0,9.0,6.0,5199.0,43.0,346.0,8,35,40,43,60,57,85,83,39.0,L,85,83,21.0,19.0,33.0,24.0,57.0,9.0,36.0,72.0,190.0
2024,Round 20,20,False,2024-07-27,2024-07-27,CD_M20240142006,MCG,Greater Western Sydney,Melbourne,False,5.0,11,7,2.0,14.0,58.0,8.0,141.0,143.0,396.0,294.0,156.0,14.0,13.0,15.0,9.0,13.0,12,13,100.0,160.0,38.0,12.0,53.0,9.0,72.0,236.0,2,93.0,11.0,0.0,5530.0,60.0,302.0,35,8,43,40,57,60,83,85,37.0,W,83,85,20.0,21.0,36.0,24.0,63.0,5.0,38.0,77.0,246.0
2024,Round 20,20,False,2024-07-27,2024-07-27,CD_M20240142004,Optus Stadium,Fremantle,West Coast,True,8.0,9,8,10.0,12.0,44.0,8.0,138.0,128.0,365.0,271.0,109.0,15.0,14.0,19.0,13.0,17.0,11,17,88.0,192.0,65.0,20.0,53.0,12.0,60.0,173.0,35,61.0,17.0,3.0,5327.0,40.0,269.0,31,18,58,45,59,80,75,110,33.0,W,75,110,25.0,32.0,28.0,33.0,64.0,14.0,45.0,57.0,224.0
2024,Round 20,20,False,2024-07-27,2024-07-27,CD_M20240142004,Optus Stadium,West Coast,Fremantle,False,6.0,8,9,11.0,12.0,49.0,6.0,117.0,167.0,316.0,218.0,120.0,17.0,19.0,14.0,8.0,11.0,17,11,92.0,123.0,37.0,7.0,45.0,16.0,57.0,193.0,-35,82.0,7.0,8.0,4926.0,29.0,301.0,18,31,45,58,80,59,110,75,35.0,L,110,75,19.0,21.0,23.0,25.0,60.0,10.0,37.0,59.0,190.0
2024,Round 20,20,False,2024-07-28,2024-07-28,CD_M20240142003,MCG,Collingwood,Richmond,True,8.0,13,9,6.0,12.0,66.0,14.0,128.0,117.0,348.0,256.0,135.0,10.0,19.0,13.0,12.0,14.0,9,14,75.0,149.0,46.0,17.0,51.0,11.0,63.0,199.0,26,83.0,20.0,7.0,5720.0,45.0,268.0,14,38,34,59,45,86,67,93,42.0,W,67,93,23.0,26.0,30.0,27.0,55.0,6.0,39.0,70.0,204.0
2024,Round 20,20,False,2024-07-28,2024-07-28,CD_M20240142003,MCG,Richmond,Collingwood,False,9.0,9,13,6.0,11.0,54.0,12.0,116.0,144.0,362.0,269.0,150.0,12.0,13.0,19.0,4.0,9.0,14,9,76.0,151.0,18.0,6.0,52.0,23.0,70.0,211.0,-26,110.0,11.0,7.0,5678.0,32.0,269.0,38,14,59,34,86,45,93,67,36.0,L,93,67,21.0,29.0,20.0,18.0,34.0,2.0,29.0,63.0,238.0
2024,Round 20,20,False,2024-07-28,2024-07-28,CD_M20240142009,SCG,Sydney,Western Bulldogs,True,6.0,15,6,5.0,9.0,47.0,7.0,135.0,162.0,382.0,271.0,136.0,14.0,16.0,20.0,6.0,7.0,12,7,96.0,166.0,47.0,9.0,47.0,16.0,71.0,216.0,-39,96.0,7.0,3.0,5587.0,44.0,317.0,35,1,49,13,72,28,87,48,48.0,L,87,48,13.0,17.0,34.0,20.0,69.0,13.0,29.0,82.0,237.0
2024,Round 20,20,False,2024-07-28,2024-07-28,CD_M20240142009,SCG,Western Bulldogs,Sydney,False,12.0,6,15,7.0,10.0,54.0,11.0,162.0,126.0,382.0,259.0,131.0,19.0,20.0,16.0,9.0,12.0,7,12,120.0,153.0,25.0,4.0,60.0,17.0,82.0,229.0,39,95.0,12.0,5.0,6098.0,43.0,301.0,1,35,13,49,28,72,48,87,39.0,W,48,87,27.0,33.0,23.0,31.0,50.0,12.0,41.0,71.0,226.0
2024,Round 20,20,False,2024-07-28,2024-07-28,CD_M20240142001,Adelaide Oval,Adelaide,Hawthorn,True,6.0,10,10,4.0,9.0,61.0,6.0,142.0,191.0,307.0,211.0,116.0,12.0,18.0,25.0,6.0,8.0,19,8,94.0,122.0,51.0,16.0,41.0,11.0,62.0,185.0,-66,71.0,8.0,4.0,4971.0,37.0,313.0,30,36,57,42,86,44,124,58,39.0,L,124,58,18.0,18.0,30.0,31.0,78.0,5.0,40.0,66.0,165.0
2024,Round 20,20,False,2024-07-28,2024-07-28,CD_M20240142001,Adelaide Oval,Hawthorn,Adelaide,False,9.0,10,10,13.0,15.0,55.0,8.0,134.0,104.0,363.0,277.0,142.0,22.0,25.0,18.0,13.0,19.0,8,19,98.0,164.0,42.0,12.0,58.0,18.0,66.0,199.0,66,81.0,10.0,6.0,6264.0,39.0,265.0,36,30,42,57,44,86,58,124,31.0,W,58,124,29.0,31.0,28.0,20.0,69.0,16.0,35.0,62.0,222.0
2024,Round 21,21,False,2024-08-02,2024-08-02,CD_M20240142109,Marvel Stadium,Western Bulldogs,Melbourne,True,18.0,5,20,7.0,13.0,44.0,12.0,135.0,85.0,369.0,273.0,135.0,18.0,15.0,19.0,12.0,15.0,9,15,87.0,159.0,40.0,11.0,65.0,16.0,70.0,210.0,51,95.0,19.0,5.0,6474.0,47.0,251.0,7,31,31,49,45,83,59,110,28.0,W,59,110,35.0,41.0,30.0,28.0,57.0,14.0,41.0,56.0,232.0
2024,Round 21,21,False,2024-08-02,2024-08-02,CD_M20240142109,Marvel Stadium,Melbourne,Western Bulldogs,False,3.0,20,5,2.0,11.0,71.0,11.0,135.0,168.0,314.0,211.0,119.0,8.0,19.0,15.0,8.0,9.0,15,9,89.0,128.0,47.0,16.0,39.0,12.0,55.0,186.0,-51,77.0,12.0,5.0,5647.0,35.0,305.0,31,7,49,31,83,45,110,59,49.0,L,110,59,14.0,20.0,29.0,26.0,63.0,5.0,37.0,71.0,173.0
2024,Round 21,21,False,2024-08-02,2024-08-02,CD_M20240142108,Optus Stadium,West Coast,Gold Coast,True,1.0,9,7,9.0,14.0,73.0,11.0,140.0,135.0,373.0,280.0,138.0,22.0,21.0,18.0,10.0,15.0,13,15,101.0,163.0,29.0,2.0,46.0,16.0,67.0,210.0,10,83.0,12.0,8.0,5834.0,34.0,278.0,21,14,55,38,79,70,87,97,39.0,W,87,97,22.0,24.0,23.0,27.0,66.0,12.0,41.0,63.0,231.0
2024,Round 21,21,False,2024-08-02,2024-08-02,CD_M20240142108,Optus Stadium,Gold Coast,West Coast,False,9.0,7,9,7.0,8.0,60.0,7.0,122.0,134.0,321.0,225.0,112.0,13.0,18.0,21.0,10.0,13.0,15,13,79.0,143.0,59.0,12.0,52.0,15.0,64.0,178.0,-10,63.0,12.0,8.0,5645.0,51.0,291.0,14,21,38,55,70,79,97,87,31.0,L,97,87,22.0,25.0,41.0,28.0,56.0,7.0,36.0,64.0,187.0
2024,Round 21,21,False,2024-08-03,2024-08-03,CD_M20240142105,Marvel Stadium,North Melbourne,Richmond,True,4.0,17,6,11.0,10.0,41.0,13.0,124.0,175.0,407.0,328.0,183.0,7.0,11.0,16.0,12.0,14.0,10,14,79.0,168.0,50.0,12.0,44.0,17.0,65.0,239.0,13,128.0,13.0,6.0,5859.0,37.0,326.0,22,14,46,45,60,78,77,90,50.0,W,77,90,20.0,21.0,29.0,23.0,61.0,9.0,33.0,65.0,277.0
2024,Round 21,21,False,2024-08-03,2024-08-03,CD_M20240142105,Marvel Stadium,Richmond,North Melbourne,False,14.0,6,17,7.0,11.0,47.0,4.0,118.0,110.0,354.0,248.0,98.0,19.0,16.0,11.0,7.0,10.0,14,10,83.0,177.0,43.0,17.0,60.0,16.0,65.0,177.0,-13,67.0,8.0,9.0,5457.0,47.0,315.0,14,22,45,46,78,60,90,77,30.0,L,90,77,27.0,28.0,34.0,28.0,55.0,10.0,39.0,65.0,234.0
2024,Round 21,21,False,2024-08-03,2024-08-03,CD_M20240142103,GMHBA Stadium,Geelong,Adelaide,True,8.0,7,12,3.0,13.0,52.0,10.0,155.0,131.0,350.0,233.0,127.0,25.0,16.0,19.0,9.0,13.0,13,13,117.0,134.0,38.0,4.0,58.0,14.0,67.0,216.0,5,74.0,14.0,3.0,5822.0,54.0,339.0,14,22,39,47,71,68,85,90,28.0,W,85,90,24.0,29.0,37.0,40.0,66.0,12.0,53.0,61.0,184.0
2024,Round 21,21,False,2024-08-03,2024-08-03,CD_M20240142103,GMHBA Stadium,Adelaide,Geelong,False,5.0,12,7,1.0,11.0,51.0,16.0,132.0,188.0,370.0,289.0,148.0,14.0,19.0,16.0,10.0,13.0,13,13,80.0,167.0,64.0,15.0,41.0,18.0,62.0,203.0,-5,100.0,10.0,6.0,5662.0,42.0,315.0,22,14,47,39,68,71,90,85,45.0,L,90,85,19.0,20.0,30.0,22.0,74.0,14.0,33.0,67.0,236.0
2024,Round 21,21,False,2024-08-03,2024-08-03,CD_M20240142101,MCG,Collingwood,Carlton,True,11.0,15,12,6.0,12.0,71.0,11.0,130.0,146.0,316.0,213.0,115.0,16.0,21.0,16.0,9.0,12.0,11,12,83.0,124.0,52.0,11.0,51.0,16.0,61.0,192.0,3,63.0,11.0,4.0,5334.0,67.0,274.0,14,14,29,42,50,75,81,84,45.0,W,81,84,24.0,27.0,51.0,23.0,62.0,5.0,35.0,63.0,163.0
2024,Round 21,21,False,2024-08-03,2024-08-03,CD_M20240142101,MCG,Carlton,Collingwood,False,9.0,12,15,3.0,11.0,50.0,8.0,126.0,135.0,364.0,268.0,165.0,21.0,16.0,21.0,7.0,11.0,12,11,85.0,123.0,26.0,10.0,58.0,22.0,64.0,241.0,-3,115.0,11.0,6.0,5916.0,40.0,277.0,14,14,42,29,75,50,84,81,39.0,L,84,81,26.0,26.0,27.0,31.0,51.0,7.0,42.0,61.0,237.0
2024,Round 21,21,False,2024-08-03,2024-08-03,CD_M20240142106,Adelaide Oval,Port Adelaide,Sydney,True,14.0,6,16,4.0,12.0,45.0,12.0,135.0,90.0,390.0,289.0,178.0,15.0,22.0,18.0,19.0,22.0,5,22,86.0,128.0,30.0,14.0,69.0,23.0,69.0,262.0,112,126.0,22.0,14.0,6274.0,56.0,238.0,0,45,9,86,22,111,36,148,29.0,W,36,148,38.0,40.0,36.0,29.0,55.0,10.0,41.0,60.0,248.0
2024,Round 21,21,False,2024-08-03,2024-08-03,CD_M20240142106,Adelaide Oval,Sydney,Port Adelaide,False,4.0,16,6,2.0,11.0,63.0,6.0,108.0,194.0,295.0,198.0,108.0,5.0,18.0,22.0,3.0,5.0,22,5,62.0,114.0,42.0,12.0,34.0,16.0,60.0,181.0,-112,69.0,4.0,5.0,4731.0,38.0,301.0,45,0,86,9,111,22,148,36,46.0,L,148,36,11.0,12.0,27.0,20.0,63.0,2.0,31.0,69.0,167.0
2024,Round 21,21,False,2024-08-04,2024-08-04,CD_M20240142104,Corroboree Group Oval Manuka,Greater Western Sydney,Hawthorn,True,9.0,10,12,11.0,8.0,52.0,15.0,127.0,118.0,348.0,258.0,145.0,17.0,17.0,15.0,9.0,12.0,12,12,88.0,140.0,27.0,7.0,48.0,11.0,62.0,208.0,2,95.0,15.0,9.0,5989.0,35.0,303.0,27,12,47,27,69,41,82,84,39.0,W,82,84,24.0,27.0,28.0,28.0,67.0,18.0,36.0,58.0,206.0
2024,Round 21,21,False,2024-08-04,2024-08-04,CD_M20240142104,Corroboree Group Oval Manuka,Hawthorn,Greater Western Sydney,False,10.0,12,10,12.0,16.0,48.0,5.0,121.0,127.0,344.0,255.0,132.0,12.0,15.0,17.0,11.0,12.0,12,12,83.0,154.0,46.0,14.0,52.0,9.0,59.0,190.0,-2,78.0,12.0,5.0,5711.0,24.0,277.0,12,27,27,47,41,69,84,82,35.0,L,84,82,22.0,26.0,16.0,19.0,54.0,14.0,35.0,62.0,215.0
2024,Round 21,21,False,2024-08-04,2024-08-04,CD_M20240142102,MCG,Essendon,Fremantle,True,7.0,5,12,8.0,15.0,52.0,13.0,123.0,112.0,372.0,289.0,151.0,16.0,17.0,19.0,10.0,13.0,14,13,76.0,157.0,40.0,11.0,59.0,12.0,61.0,215.0,1,102.0,11.0,16.0,5711.0,31.0,302.0,25,34,55,42,76,57,89,90,30.0,W,89,90,24.0,24.0,18.0,17.0,64.0,18.0,32.0,53.0,246.0
2024,Round 21,21,False,2024-08-04,2024-08-04,CD_M20240142102,MCG,Fremantle,Essendon,False,5.0,12,5,15.0,11.0,48.0,8.0,126.0,143.0,361.0,273.0,124.0,7.0,19.0,17.0,11.0,14.0,13,14,87.0,177.0,36.0,9.0,44.0,7.0,54.0,184.0,-1,83.0,11.0,9.0,5408.0,49.0,294.0,34,25,42,55,57,76,90,89,45.0,L,90,89,19.0,19.0,34.0,24.0,52.0,8.0,35.0,61.0,238.0
2024,Round 21,21,False,2024-08-04,2024-08-04,CD_M20240142107,Marvel Stadium,St Kilda,Brisbane Lions,True,7.0,10,9,4.0,7.0,53.0,5.0,96.0,173.0,342.0,266.0,158.0,8.0,15.0,9.0,5.0,5.0,19,5,71.0,133.0,23.0,6.0,39.0,15.0,55.0,209.0,-85,122.0,15.0,12.0,5011.0,35.0,307.0,24,9,57,10,84,25,124,39,36.0,L,124,39,14.0,15.0,28.0,20.0,66.0,10.0,27.0,60.0,239.0
2024,Round 21,21,False,2024-08-04,2024-08-04,CD_M20240142107,Marvel Stadium,Brisbane Lions,St Kilda,False,7.0,9,10,2.0,15.0,46.0,12.0,139.0,98.0,376.0,278.0,167.0,18.0,9.0,15.0,16.0,19.0,5,19,90.0,140.0,47.0,15.0,55.0,17.0,60.0,236.0,85,107.0,12.0,7.0,5766.0,42.0,265.0,9,24,10,57,25,84,39,124,34.0,W,39,124,28.0,33.0,30.0,33.0,43.0,9.0,48.0,55.0,226.0
2024,Round 22,22,False,2024-08-09,2024-08-09,CD_M20240142209,SCG,Sydney,Collingwood,True,9.0,14,11,7.0,15.0,55.0,10.0,129.0,150.0,321.0,220.0,121.0,14.0,15.0,26.0,7.0,13.0,12,13,84.0,128.0,47.0,11.0,49.0,16.0,56.0,193.0,3,69.0,6.0,2.0,5598.0,65.0,295.0,34,21,44,41,78,57,86,89,36.0,W,86,89,24.0,25.0,54.0,31.0,63.0,10.0,46.0,65.0,175.0
2024,Round 22,22,False,2024-08-09,2024-08-09,CD_M20240142209,SCG,Collingwood,Sydney,False,10.0,11,14,2.0,11.0,69.0,14.0,134.0,118.0,337.0,223.0,134.0,19.0,26.0,15.0,7.0,12.0,13,12,86.0,120.0,47.0,14.0,49.0,13.0,66.0,217.0,-3,76.0,10.0,6.0,5196.0,45.0,286.0,21,34,41,44,57,78,89,86,36.0,L,89,86,26.0,29.0,33.0,32.0,62.0,21.0,43.0,56.0,176.0
2024,Round 22,22,False,2024-08-10,2024-08-10,CD_M20240142202,Gabba,Brisbane Lions,Greater Western Sydney,True,13.0,4,16,3.0,12.0,44.0,10.0,131.0,105.0,342.0,241.0,144.0,22.0,19.0,19.0,4.0,8.0,13,8,91.0,122.0,48.0,8.0,52.0,17.0,63.0,220.0,-18,104.0,12.0,11.0,5189.0,32.0,253.0,1,31,33,44,46,54,82,64,31.0,L,82,64,24.0,28.0,23.0,25.0,36.0,10.0,37.0,50.0,208.0
2024,Round 22,22,False,2024-08-10,2024-08-10,CD_M20240142202,Gabba,Greater Western Sydney,Brisbane Lions,False,4.0,16,4,6.0,10.0,47.0,9.0,112.0,134.0,339.0,269.0,137.0,8.0,19.0,19.0,9.0,13.0,8,13,72.0,152.0,32.0,8.0,46.0,9.0,50.0,187.0,18,77.0,9.0,6.0,5420.0,41.0,248.0,31,1,44,33,54,46,64,82,44.0,W,64,82,17.0,18.0,28.0,29.0,60.0,7.0,39.0,63.0,220.0
2024,Round 22,22,False,2024-08-10,2024-08-10,CD_M20240142207,Ninja Stadium,North Melbourne,West Coast,True,10.0,12,13,11.0,19.0,45.0,16.0,145.0,114.0,379.0,286.0,152.0,19.0,16.0,17.0,8.0,14.0,15,14,95.0,159.0,43.0,8.0,59.0,17.0,51.0,220.0,-5,91.0,9.0,6.0,5668.0,41.0,259.0,21,26,26,48,57,70,102,97,27.0,L,102,97,27.0,27.0,26.0,26.0,56.0,9.0,45.0,52.0,225.0
2024,Round 22,22,False,2024-08-10,2024-08-10,CD_M20240142207,Ninja Stadium,West Coast,North Melbourne,False,10.0,13,12,5.0,8.0,42.0,12.0,123.0,147.0,300.0,218.0,121.0,16.0,17.0,16.0,8.0,15.0,14,15,91.0,115.0,33.0,4.0,42.0,14.0,52.0,185.0,5,73.0,13.0,7.0,5537.0,41.0,305.0,26,21,48,26,70,57,97,102,43.0,W,97,102,27.0,31.0,32.0,31.0,57.0,8.0,39.0,50.0,168.0
2024,Round 22,22,False,2024-08-10,2024-08-10,CD_M20240142205,Optus Stadium,Fremantle,Geelong,True,8.0,13,8,8.0,10.0,41.0,9.0,114.0,117.0,397.0,322.0,177.0,14.0,14.0,19.0,8.0,9.0,10,9,74.0,166.0,27.0,11.0,50.0,11.0,63.0,231.0,-11,120.0,11.0,7.0,5759.0,34.0,233.0,26,13,40,34,51,55,73,62,38.0,L,73,62,17.0,19.0,22.0,22.0,36.0,8.0,32.0,67.0,276.0
2024,Round 22,22,False,2024-08-10,2024-08-10,CD_M20240142205,Optus Stadium,Geelong,Fremantle,False,9.0,8,13,18.0,11.0,49.0,10.0,126.0,130.0,307.0,210.0,128.0,14.0,19.0,14.0,3.0,10.0,9,10,78.0,107.0,48.0,19.0,49.0,10.0,67.0,200.0,11,87.0,9.0,3.0,5654.0,39.0,304.0,13,26,34,40,55,51,62,73,39.0,W,62,73,23.0,22.0,30.0,24.0,58.0,14.0,35.0,62.0,175.0
2024,Round 22,22,False,2024-08-10,2024-08-10,CD_M20240142204,Marvel Stadium,Essendon,Gold Coast,True,11.0,9,14,15.0,17.0,46.0,13.0,132.0,148.0,389.0,287.0,149.0,13.0,11.0,19.0,9.0,12.0,13,12,88.0,163.0,32.0,8.0,62.0,23.0,72.0,226.0,-1,104.0,10.0,10.0,6277.0,46.0,300.0,27,26,47,58,75,71,87,86,38.0,L,87,86,26.0,26.0,26.0,20.0,60.0,17.0,37.0,69.0,251.0
2024,Round 22,22,False,2024-08-10,2024-08-10,CD_M20240142204,Marvel Stadium,Gold Coast,Essendon,False,6.0,14,9,7.0,10.0,60.0,15.0,146.0,140.0,358.0,261.0,146.0,23.0,19.0,11.0,8.0,13.0,12,13,106.0,149.0,45.0,14.0,51.0,18.0,69.0,209.0,1,92.0,8.0,7.0,6276.0,46.0,304.0,26,27,58,47,71,75,86,87,50.0,W,86,87,21.0,26.0,33.0,27.0,48.0,6.0,37.0,72.0,201.0
2024,Round 22,22,False,2024-08-10,2024-08-10,CD_M20240142206,MCG,Melbourne,Port Adelaide,True,7.0,11,9,3.0,8.0,60.0,13.0,160.0,119.0,358.0,234.0,131.0,23.0,15.0,24.0,5.0,7.0,7,7,102.0,145.0,32.0,15.0,48.0,14.0,80.0,213.0,-2,86.0,7.0,6.0,6033.0,54.0,286.0,16,15,26,29,38,41,53,51,47.0,L,53,51,16.0,19.0,39.0,23.0,60.0,18.0,31.0,78.0,189.0
2024,Round 22,22,False,2024-08-10,2024-08-10,CD_M20240142206,MCG,Port Adelaide,Melbourne,False,6.0,9,11,5.0,9.0,56.0,6.0,130.0,142.0,370.0,273.0,171.0,14.0,24.0,15.0,6.0,7.0,7,7,92.0,124.0,29.0,9.0,56.0,17.0,78.0,246.0,2,108.0,13.0,8.0,6176.0,69.0,285.0,15,16,29,26,41,38,51,53,41.0,W,51,53,18.0,26.0,50.0,26.0,62.0,6.0,35.0,80.0,225.0
2024,Round 22,22,False,2024-08-11,2024-08-11,CD_M20240142203,MCG,Carlton,Hawthorn,True,8.0,16,8,5.0,9.0,63.0,9.0,112.0,166.0,358.0,270.0,148.0,13.0,19.0,17.0,4.0,5.0,16,5,71.0,139.0,29.0,11.0,43.0,12.0,53.0,219.0,-74,111.0,6.0,11.0,5458.0,38.0,304.0,23,21,57,24,86,31,112,38,47.0,L,112,38,13.0,15.0,22.0,22.0,47.0,2.0,31.0,65.0,238.0
2024,Round 22,22,False,2024-08-11,2024-08-11,CD_M20240142203,MCG,Hawthorn,Carlton,False,11.0,8,16,7.0,11.0,53.0,10.0,120.0,101.0,435.0,347.0,191.0,11.0,17.0,19.0,11.0,16.0,5,16,81.0,178.0,28.0,8.0,64.0,14.0,65.0,257.0,74,141.0,20.0,5.0,6598.0,38.0,268.0,21,23,24,57,31,86,38,112,37.0,W,38,112,30.0,29.0,24.0,22.0,51.0,13.0,33.0,53.0,309.0
2024,Round 22,22,False,2024-08-11,2024-08-11,CD_M20240142208,Marvel Stadium,Richmond,St Kilda,True,9.0,9,9,9.0,12.0,53.0,8.0,107.0,114.0,365.0,285.0,136.0,12.0,20.0,9.0,6.0,7.0,15,7,80.0,169.0,29.0,11.0,43.0,16.0,63.0,196.0,-48,96.0,9.0,6.0,5272.0,34.0,267.0,25,19,46,32,71,47,99,51,35.0,L,99,51,16.0,20.0,28.0,16.0,27.0,2.0,28.0,66.0,249.0
2024,Round 22,22,False,2024-08-11,2024-08-11,CD_M20240142208,Marvel Stadium,St Kilda,Richmond,False,5.0,9,9,5.0,11.0,43.0,8.0,112.0,139.0,402.0,325.0,193.0,12.0,9.0,20.0,12.0,15.0,7,15,77.0,151.0,26.0,8.0,51.0,14.0,66.0,251.0,48,144.0,16.0,9.0,6034.0,45.0,294.0,19,25,32,46,47,71,51,99,34.0,W,51,99,24.0,29.0,34.0,17.0,34.0,2.0,28.0,63.0,280.0
2024,Round 22,22,False,2024-08-11,2024-08-11,CD_M20240142201,Adelaide Oval,Adelaide,Western Bulldogs,True,8.0,18,9,7.0,14.0,62.0,18.0,144.0,186.0,376.0,276.0,165.0,15.0,19.0,11.0,15.0,17.0,9,17,97.0,144.0,59.0,20.0,43.0,17.0,67.0,232.0,39,112.0,18.0,11.0,6298.0,45.0,289.0,10,32,34,60,50,91,72,111,50.0,W,72,111,26.0,26.0,34.0,17.0,56.0,7.0,31.0,68.0,220.0
2024,Round 22,22,False,2024-08-11,2024-08-11,CD_M20240142201,Adelaide Oval,Western Bulldogs,Adelaide,False,11.0,9,18,10.0,11.0,44.0,11.0,137.0,118.0,339.0,235.0,124.0,26.0,11.0,19.0,5.0,9.0,17,9,105.0,142.0,22.0,4.0,59.0,17.0,68.0,197.0,-39,80.0,12.0,8.0,5785.0,39.0,309.0,32,10,60,34,91,50,111,72,25.0,L,111,72,25.0,27.0,30.0,23.0,66.0,15.0,34.0,67.0,192.0
2024,Round 23,23,False,2024-08-16,2024-08-16,CD_M20240142302,Marvel Stadium,Essendon,Sydney,True,10.0,8,11,7.0,13.0,47.0,12.0,139.0,105.0,389.0,298.0,152.0,20.0,10.0,17.0,8.0,8.0,15,8,90.0,172.0,30.0,13.0,54.0,16.0,73.0,217.0,-39,100.0,12.0,4.0,5505.0,40.0,253.0,14,19,22,29,61,40,98,59,31.0,L,98,59,19.0,21.0,19.0,18.0,47.0,13.0,31.0,65.0,255.0
2024,Round 23,23,False,2024-08-16,2024-08-16,CD_M20240142302,Marvel Stadium,Sydney,Essendon,False,6.0,11,8,4.0,13.0,58.0,8.0,119.0,169.0,354.0,266.0,163.0,17.0,17.0,10.0,11.0,15.0,8,15,88.0,126.0,26.0,11.0,48.0,13.0,66.0,228.0,39,115.0,10.0,7.0,5878.0,38.0,303.0,19,14,29,22,40,61,59,98,45.0,W,59,98,22.0,25.0,29.0,19.0,41.0,7.0,32.0,71.0,222.0
2024,Round 23,23,False,2024-08-17,2024-08-17,CD_M20240142303,People First Stadium,Gold Coast,Melbourne,True,8.0,9,9,13.0,7.0,46.0,5.0,111.0,130.0,327.0,233.0,114.0,14.0,11.0,15.0,7.0,9.0,18,9,74.0,147.0,34.0,11.0,49.0,17.0,63.0,180.0,-54,81.0,8.0,5.0,5576.0,34.0,296.0,20,20,53,47,71,54,117,63,35.0,L,117,63,18.0,18.0,22.0,29.0,47.0,9.0,36.0,67.0,212.0
2024,Round 23,23,False,2024-08-17,2024-08-17,CD_M20240142303,People First Stadium,Melbourne,Gold Coast,False,9.0,9,9,10.0,18.0,43.0,11.0,121.0,115.0,390.0,303.0,170.0,11.0,15.0,11.0,13.0,18.0,9,18,82.0,155.0,40.0,10.0,54.0,16.0,67.0,235.0,54,111.0,16.0,6.0,6274.0,41.0,270.0,20,20,47,53,54,71,63,117,40.0,W,63,117,27.0,29.0,28.0,27.0,50.0,9.0,45.0,63.0,260.0
2024,Round 23,23,False,2024-08-17,2024-08-17,CD_M20240142304,ENGIE Stadium,Greater Western Sydney,Fremantle,True,10.0,8,11,4.0,13.0,58.0,7.0,136.0,144.0,375.0,278.0,143.0,8.0,16.0,18.0,11.0,15.0,14,15,89.0,176.0,56.0,18.0,51.0,12.0,64.0,199.0,9,92.0,13.0,7.0,5402.0,50.0,300.0,20,28,52,43,67,75,92,101,39.0,W,92,101,26.0,26.0,41.0,31.0,77.0,15.0,44.0,55.0,229.0
2024,Round 23,23,False,2024-08-17,2024-08-17,CD_M20240142304,ENGIE Stadium,Fremantle,Greater Western Sydney,False,7.0,11,8,5.0,13.0,49.0,5.0,127.0,134.0,321.0,232.0,109.0,13.0,18.0,16.0,10.0,14.0,15,14,91.0,153.0,45.0,9.0,55.0,12.0,55.0,168.0,-9,56.0,8.0,4.0,5750.0,49.0,313.0,28,20,43,52,75,67,101,92,35.0,L,101,92,22.0,27.0,33.0,32.0,56.0,12.0,45.0,63.0,191.0
2024,Round 23,23,False,2024-08-17,2024-08-17,CD_M20240142301,MCG,Collingwood,Brisbane Lions,True,9.0,12,13,7.0,12.0,62.0,9.0,118.0,152.0,330.0,230.0,138.0,12.0,20.0,23.0,8.0,11.0,11,11,68.0,126.0,45.0,15.0,47.0,19.0,62.0,204.0,1,93.0,14.0,6.0,5585.0,39.0,290.0,40,16,41,36,64,50,78,79,32.0,W,78,79,24.0,29.0,25.0,23.0,70.0,16.0,35.0,55.0,193.0
2024,Round 23,23,False,2024-08-17,2024-08-17,CD_M20240142301,MCG,Brisbane Lions,Collingwood,False,9.0,13,12,8.0,9.0,68.0,4.0,138.0,120.0,352.0,245.0,130.0,15.0,23.0,20.0,7.0,11.0,11,11,100.0,144.0,35.0,8.0,44.0,10.0,56.0,208.0,-1,86.0,11.0,5.0,5454.0,47.0,226.0,16,40,36,41,50,64,79,78,34.0,L,79,78,23.0,26.0,32.0,29.0,40.0,7.0,38.0,61.0,213.0
2024,Round 23,23,False,2024-08-17,2024-08-17,CD_M20240142306,Adelaide Oval,Port Adelaide,Adelaide,True,10.0,10,14,0.0,10.0,67.0,11.0,147.0,135.0,332.0,213.0,123.0,22.0,29.0,26.0,6.0,11.0,8,11,97.0,110.0,56.0,15.0,52.0,19.0,73.0,222.0,22,69.0,6.0,6.0,6252.0,53.0,306.0,17,15,42,33,46,48,58,80,39.0,W,58,80,25.0,32.0,42.0,42.0,87.0,19.0,52.0,78.0,163.0
2024,Round 23,23,False,2024-08-17,2024-08-17,CD_M20240142306,Adelaide Oval,Adelaide,Port Adelaide,False,6.0,14,10,2.0,11.0,65.0,8.0,150.0,139.0,339.0,220.0,118.0,13.0,26.0,29.0,6.0,8.0,11,8,100.0,132.0,43.0,9.0,47.0,12.0,79.0,207.0,-22,60.0,5.0,4.0,6129.0,52.0,285.0,15,17,33,42,48,46,80,58,39.0,L,80,58,18.0,18.0,35.0,27.0,71.0,8.0,38.0,71.0,171.0
2024,Round 23,23,False,2024-08-17,2024-08-17,CD_M20240142307,Marvel Stadium,St Kilda,Geelong,True,8.0,5,11,3.0,11.0,53.0,14.0,138.0,151.0,385.0,280.0,176.0,15.0,17.0,16.0,13.0,16.0,14,16,93.0,130.0,25.0,7.0,54.0,20.0,68.0,255.0,18,128.0,20.0,7.0,6042.0,43.0,273.0,20,3,57,24,64,70,89,107,33.0,W,89,107,26.0,29.0,28.0,21.0,64.0,8.0,32.0,57.0,241.0
2024,Round 23,23,False,2024-08-17,2024-08-17,CD_M20240142307,Marvel Stadium,Geelong,St Kilda,False,4.0,11,5,20.0,17.0,57.0,12.0,127.0,112.0,331.0,235.0,133.0,21.0,16.0,17.0,10.0,14.0,16,14,84.0,134.0,39.0,10.0,48.0,15.0,59.0,197.0,-18,85.0,13.0,3.0,5616.0,40.0,274.0,3,20,24,57,70,64,107,89,37.0,L,107,89,19.0,22.0,24.0,20.0,50.0,10.0,37.0,67.0,192.0
2024,Round 23,23,False,2024-08-18,2024-08-18,CD_M20240142309,Marvel Stadium,Western Bulldogs,North Melbourne,True,14.0,6,18,10.0,17.0,43.0,9.0,128.0,101.0,406.0,320.0,183.0,22.0,15.0,21.0,15.0,20.0,6,20,95.0,160.0,19.0,0.0,69.0,20.0,64.0,246.0,96,129.0,18.0,10.0,6132.0,45.0,285.0,22,33,23,64,29,111,42,138,28.0,W,42,138,38.0,40.0,27.0,23.0,63.0,12.0,40.0,49.0,272.0
2024,Round 23,23,False,2024-08-18,2024-08-18,CD_M20240142309,Marvel Stadium,North Melbourne,Western Bulldogs,False,4.0,18,6,6.0,8.0,62.0,8.0,121.0,180.0,342.0,251.0,121.0,8.0,21.0,15.0,3.0,6.0,20,6,76.0,152.0,48.0,15.0,34.0,9.0,49.0,190.0,-96,77.0,6.0,4.0,4751.0,31.0,283.0,33,22,64,23,111,29,138,42,48.0,L,138,42,11.0,11.0,23.0,23.0,49.0,2.0,31.0,64.0,212.0
2024,Round 23,23,False,2024-08-18,2024-08-18,CD_M20240142305,MCG,Hawthorn,Richmond,True,11.0,8,17,13.0,14.0,62.0,12.0,123.0,115.0,390.0,307.0,166.0,14.0,19.0,11.0,13.0,19.0,10,19,80.0,158.0,31.0,10.0,65.0,19.0,72.0,232.0,63,123.0,21.0,17.0,6262.0,42.0,272.0,7,57,41,78,54,101,68,131,30.0,W,68,131,36.0,38.0,22.0,19.0,56.0,9.0,33.0,56.0,276.0
2024,Round 23,23,False,2024-08-18,2024-08-18,CD_M20240142305,MCG,Richmond,Hawthorn,False,7.0,17,8,6.0,11.0,55.0,14.0,117.0,142.0,349.0,256.0,148.0,11.0,11.0,19.0,5.0,10.0,19,10,71.0,134.0,36.0,14.0,41.0,12.0,57.0,215.0,-63,99.0,6.0,5.0,5345.0,39.0,300.0,57,7,78,41,101,54,131,68,45.0,L,131,68,18.0,18.0,31.0,22.0,47.0,8.0,33.0,72.0,211.0
2024,Round 23,23,False,2024-08-18,2024-08-18,CD_M20240142308,Optus Stadium,West Coast,Carlton,True,9.0,15,10,9.0,6.0,63.0,10.0,124.0,161.0,319.0,219.0,110.0,16.0,19.0,16.0,3.0,4.0,14,4,81.0,134.0,43.0,11.0,44.0,22.0,69.0,185.0,-65,82.0,6.0,2.0,5350.0,33.0,345.0,16,14,45,14,78,23,99,34,38.0,L,99,34,14.0,17.0,23.0,26.0,74.0,17.0,32.0,73.0,186.0
2024,Round 23,23,False,2024-08-18,2024-08-18,CD_M20240142308,Optus Stadium,Carlton,West Coast,False,11.0,10,15,8.0,11.0,52.0,11.0,152.0,126.0,407.0,287.0,135.0,24.0,16.0,19.0,9.0,14.0,4,14,103.0,178.0,38.0,10.0,52.0,16.0,73.0,229.0,65,87.0,15.0,10.0,6105.0,41.0,276.0,14,16,14,45,23,78,34,99,40.0,W,34,99,27.0,28.0,29.0,33.0,75.0,20.0,44.0,69.0,245.0
2024,Round 24,24,False,2024-08-23,2024-08-23,CD_M20240142406,MCG,Melbourne,Collingwood,True,8.0,13,9,4.0,10.0,57.0,10.0,111.0,157.0,303.0,213.0,129.0,10.0,16.0,11.0,5.0,8.0,15,8,80.0,105.0,27.0,5.0,43.0,19.0,71.0,198.0,-46,88.0,8.0,6.0,5545.0,35.0,292.0,34,7,53,28,80,47,103,57,39.0,L,103,57,17.0,19.0,27.0,17.0,42.0,4.0,27.0,78.0,180.0
2024,Round 24,24,False,2024-08-23,2024-08-23,CD_M20240142406,MCG,Collingwood,Melbourne,False,10.0,9,13,6.0,13.0,61.0,6.0,118.0,87.0,401.0,305.0,163.0,12.0,11.0,17.0,12.0,15.0,8,15,84.0,163.0,25.0,8.0,55.0,12.0,79.0,238.0,46,116.0,21.0,9.0,6434.0,40.0,230.0,7,34,28,53,47,80,57,103,35.0,W,57,103,28.0,36.0,23.0,18.0,41.0,11.0,31.0,70.0,275.0
2024,Round 24,24,False,2024-08-24,2024-08-24,CD_M20240142405,UTAS Stadium,Hawthorn,North Melbourne,True,11.0,4,14,9.0,21.0,56.0,6.0,151.0,112.0,379.0,280.0,145.0,19.0,22.0,26.0,19.0,26.0,7,26,99.0,166.0,45.0,17.0,66.0,14.0,71.0,213.0,124,64.0,14.0,10.0,7069.0,54.0,258.0,7,28,26,81,40,106,46,170,37.0,W,46,170,39.0,40.0,29.0,37.0,60.0,14.0,58.0,61.0,219.0
2024,Round 24,24,False,2024-08-24,2024-08-24,CD_M20240142405,UTAS Stadium,North Melbourne,Hawthorn,False,4.0,14,4,1.0,10.0,61.0,10.0,133.0,164.0,291.0,199.0,118.0,6.0,26.0,22.0,6.0,7.0,26,7,85.0,107.0,41.0,6.0,45.0,9.0,64.0,184.0,-124,59.0,5.0,4.0,5322.0,36.0,330.0,28,7,81,26,106,40,170,46,40.0,L,170,46,11.0,14.0,22.0,24.0,63.0,9.0,34.0,69.0,144.0
2024,Round 24,24,False,2024-08-24,2024-08-24,CD_M20240142404,GMHBA Stadium,Geelong,West Coast,True,11.0,9,12,16.0,21.0,39.0,11.0,118.0,85.0,397.0,313.0,171.0,9.0,9.0,27.0,20.0,26.0,11,26,65.0,163.0,42.0,17.0,60.0,14.0,55.0,234.0,93,117.0,27.0,16.0,7167.0,42.0,232.0,7,51,14,114,50,134,75,168,42.0,W,75,168,38.0,39.0,29.0,23.0,51.0,12.0,44.0,45.0,263.0
2024,Round 24,24,False,2024-08-24,2024-08-24,CD_M20240142404,GMHBA Stadium,West Coast,Geelong,False,6.0,12,9,7.0,18.0,49.0,11.0,118.0,137.0,296.0,220.0,129.0,9.0,27.0,9.0,9.0,11.0,26,11,76.0,113.0,38.0,13.0,54.0,12.0,45.0,183.0,-93,78.0,11.0,4.0,6018.0,29.0,286.0,51,7,114,14,134,50,168,75,33.0,L,168,75,20.0,21.0,21.0,22.0,49.0,7.0,40.0,55.0,174.0
2024,Round 24,24,False,2024-08-24,2024-08-24,CD_M20240142407,MCG,Richmond,Gold Coast,True,4.0,10,6,9.0,16.0,66.0,8.0,137.0,129.0,372.0,270.0,144.0,17.0,23.0,15.0,7.0,10.0,14,10,100.0,161.0,27.0,11.0,60.0,11.0,63.0,211.0,-28,98.0,8.0,7.0,5700.0,34.0,289.0,25,22,66,34,74,53,94,66,35.0,L,94,66,16.0,19.0,26.0,27.0,65.0,14.0,43.0,69.0,234.0
2024,Round 24,24,False,2024-08-24,2024-08-24,CD_M20240142407,MCG,Gold Coast,Richmond,False,9.0,6,10,6.0,9.0,52.0,7.0,130.0,147.0,353.0,259.0,128.0,13.0,15.0,23.0,13.0,14.0,10,14,87.0,158.0,58.0,19.0,49.0,16.0,69.0,195.0,28,83.0,14.0,1.0,5741.0,38.0,319.0,22,25,34,66,53,74,66,94,47.0,W,66,94,24.0,26.0,32.0,29.0,69.0,11.0,38.0,62.0,220.0
2024,Round 24,24,False,2024-08-24,2024-08-24,CD_M20240142401,Gabba,Brisbane Lions,Essendon,True,13.0,7,21,4.0,14.0,53.0,7.0,144.0,127.0,414.0,315.0,171.0,23.0,11.0,16.0,10.0,11.0,10,11,103.0,165.0,35.0,11.0,62.0,12.0,71.0,249.0,20,110.0,12.0,4.0,6613.0,42.0,312.0,10,22,23,51,37,83,67,87,36.0,W,67,87,30.0,31.0,30.0,31.0,40.0,6.0,45.0,73.0,265.0
2024,Round 24,24,False,2024-08-24,2024-08-24,CD_M20240142401,Gabba,Essendon,Brisbane Lions,False,6.0,21,7,8.0,10.0,60.0,6.0,111.0,172.0,438.0,335.0,163.0,15.0,16.0,11.0,6.0,10.0,11,10,83.0,204.0,38.0,7.0,46.0,15.0,73.0,234.0,-20,112.0,10.0,8.0,6154.0,39.0,326.0,22,10,51,23,83,37,87,67,50.0,L,87,67,17.0,19.0,29.0,15.0,45.0,6.0,25.0,71.0,295.0
2024,Round 24,24,False,2024-08-24,2024-08-24,CD_M20240142408,SCG,Sydney,Adelaide,True,8.0,12,13,11.0,14.0,42.0,7.0,118.0,129.0,396.0,308.0,179.0,13.0,19.0,13.0,15.0,18.0,13,18,89.0,154.0,32.0,8.0,47.0,16.0,54.0,242.0,31,122.0,12.0,6.0,5519.0,42.0,301.0,39,46,47,84,63,112,90,121,37.0,W,90,121,30.0,28.0,31.0,20.0,48.0,5.0,34.0,49.0,263.0
2024,Round 24,24,False,2024-08-24,2024-08-24,CD_M20240142408,SCG,Adelaide,Sydney,False,12.0,13,12,2.0,12.0,60.0,7.0,133.0,128.0,357.0,255.0,105.0,10.0,12.0,19.0,13.0,13.0,18,13,92.0,174.0,44.0,14.0,50.0,4.0,49.0,183.0,-31,71.0,18.0,7.0,5053.0,37.0,281.0,46,39,84,47,112,63,121,90,29.0,L,121,90,25.0,28.0,28.0,26.0,51.0,6.0,38.0,53.0,218.0
2024,Round 24,24,False,2024-08-25,2024-08-25,CD_M20240142409,Mars Stadium,Western Bulldogs,Greater Western Sydney,True,10.0,7,14,2.0,11.0,78.0,11.0,170.0,110.0,371.0,247.0,111.0,22.0,23.0,19.0,5.0,14.0,9,14,122.0,168.0,25.0,8.0,69.0,17.0,81.0,203.0,37,59.0,6.0,3.0,6575.0,54.0,311.0,19,8,32,49,53,64,61,98,36.0,W,61,98,28.0,29.0,34.0,39.0,75.0,9.0,50.0,86.0,200.0
2024,Round 24,24,False,2024-08-25,2024-08-25,CD_M20240142409,Mars Stadium,Greater Western Sydney,Western Bulldogs,False,6.0,14,7,3.0,11.0,77.0,9.0,157.0,182.0,367.0,246.0,120.0,13.0,19.0,23.0,6.0,9.0,14,9,102.0,179.0,53.0,20.0,45.0,19.0,86.0,188.0,-37,68.0,8.0,4.0,6111.0,43.0,335.0,8,19,49,32,64,53,98,61,53.0,L,98,61,16.0,16.0,30.0,24.0,64.0,11.0,35.0,81.0,199.0
2024,Round 24,24,False,2024-08-25,2024-08-25,CD_M20240142402,Marvel Stadium,Carlton,St Kilda,True,8.0,10,8,9.0,13.0,53.0,5.0,125.0,112.0,373.0,287.0,161.0,20.0,17.0,15.0,8.0,11.0,11,11,87.0,147.0,23.0,11.0,50.0,18.0,61.0,226.0,-2,104.0,8.0,4.0,5359.0,47.0,303.0,14,9,37,27,68,59,76,74,31.0,L,76,74,19.0,22.0,35.0,26.0,69.0,15.0,39.0,61.0,239.0
2024,Round 24,24,False,2024-08-25,2024-08-25,CD_M20240142402,Marvel Stadium,St Kilda,Carlton,False,9.0,8,10,8.0,12.0,51.0,9.0,134.0,158.0,358.0,250.0,154.0,12.0,15.0,17.0,8.0,11.0,11,11,88.0,134.0,41.0,14.0,43.0,20.0,61.0,224.0,2,111.0,12.0,5.0,5185.0,50.0,304.0,9,14,27,37,59,68,74,76,38.0,W,74,76,21.0,23.0,36.0,22.0,54.0,8.0,34.0,61.0,218.0
2024,Round 24,24,False,2024-08-25,2024-08-25,CD_M20240142403,Optus Stadium,Fremantle,Port Adelaide,True,11.0,9,13,14.0,11.0,63.0,10.0,147.0,170.0,350.0,253.0,119.0,15.0,22.0,25.0,8.0,9.0,13,9,106.0,164.0,24.0,4.0,48.0,11.0,71.0,186.0,-20,73.0,6.0,3.0,5898.0,43.0,303.0,18,26,45,44,68,59,87,67,41.0,L,87,67,22.0,23.0,31.0,27.0,73.0,9.0,38.0,73.0,210.0
2024,Round 24,24,False,2024-08-25,2024-08-25,CD_M20240142403,Optus Stadium,Port Adelaide,Fremantle,False,9.0,13,9,8.0,8.0,53.0,10.0,143.0,139.0,333.0,232.0,143.0,15.0,25.0,22.0,8.0,13.0,9,13,103.0,114.0,50.0,6.0,55.0,11.0,75.0,219.0,20,78.0,8.0,2.0,6243.0,44.0,327.0,26,18,44,45,59,68,67,87,39.0,W,67,87,22.0,22.0,31.0,28.0,72.0,17.0,36.0,70.0,179.0
2024,Finals Week 1,25,True,2024-09-05,2024-09-05,CD_M20240142501,Adelaide Oval,Port Adelaide,Geelong,True,9.0,18,12,5.0,17.0,60.0,14.0,119.0,163.0,288.0,193.0,118.0,12.0,18.0,8.0,5.0,7.0,20,7,77.0,94.0,58.0,18.0,53.0,21.0,60.0,194.0,-84,81.0,7.0,7.0,5868.0,29.0,303.0,25,22,63,43,100,45,138,54,36.0,L,138,54,17.0,20.0,20.0,19.0,54.0,17.0,36.0,70.0,154.0
2024,Finals Week 1,25,True,2024-09-05,2024-09-05,CD_M20240142501,Adelaide Oval,Geelong,Port Adelaide,False,16.0,12,18,10.0,12.0,44.0,10.0,125.0,109.0,368.0,279.0,163.0,23.0,8.0,18.0,13.0,20.0,7,20,91.0,133.0,32.0,5.0,57.0,18.0,70.0,235.0,84,108.0,22.0,14.0,6926.0,36.0,245.0,22,25,43,63,45,100,54,138,45.0,W,54,138,38.0,39.0,28.0,28.0,47.0,7.0,40.0,60.0,229.0
2024,Finals Week 1,25,True,2024-09-06,2024-09-06,CD_M20240142502,MCG,Western Bulldogs,Hawthorn,True,7.0,15,8,11.0,13.0,67.0,11.0,125.0,149.0,326.0,227.0,119.0,11.0,22.0,13.0,4.0,9.0,14,9,88.0,135.0,35.0,9.0,39.0,20.0,59.0,191.0,-37,86.0,7.0,4.0,5289.0,44.0,296.0,13,25,45,34,77,41,99,62,43.0,L,99,62,17.0,17.0,32.0,33.0,54.0,6.0,46.0,77.0,194.0
2024,Finals Week 1,25,True,2024-09-06,2024-09-06,CD_M20240142502,MCG,Hawthorn,Western Bulldogs,False,11.0,8,15,6.0,10.0,57.0,15.0,150.0,127.0,410.0,311.0,179.0,17.0,13.0,22.0,9.0,14.0,9,14,101.0,153.0,51.0,10.0,59.0,18.0,77.0,257.0,37,117.0,16.0,7.0,6415.0,49.0,296.0,25,13,34,45,41,77,62,99,30.0,W,62,99,29.0,29.0,34.0,29.0,65.0,9.0,39.0,59.0,254.0
2024,Finals Week 1,25,True,2024-09-07,2024-09-07,CD_M20240142503,SCG,Sydney,Greater Western Sydney,True,7.0,10,10,10.0,11.0,47.0,6.0,142.0,122.0,348.0,245.0,151.0,21.0,18.0,21.0,7.0,13.0,12,13,111.0,129.0,44.0,8.0,54.0,9.0,62.0,219.0,6,85.0,5.0,4.0,5908.0,51.0,299.0,17,10,50,29,69,48,82,88,39.0,W,82,88,23.0,24.0,41.0,37.0,69.0,12.0,48.0,56.0,189.0
2024,Finals Week 1,25,True,2024-09-07,2024-09-07,CD_M20240142503,SCG,Greater Western Sydney,Sydney,False,8.0,10,10,10.0,16.0,58.0,12.0,146.0,149.0,360.0,251.0,132.0,17.0,21.0,18.0,5.0,12.0,13,12,98.0,150.0,42.0,10.0,52.0,9.0,56.0,210.0,-6,82.0,9.0,5.0,5793.0,53.0,306.0,10,17,29,50,48,69,88,82,39.0,L,88,82,22.0,25.0,35.0,30.0,83.0,18.0,46.0,62.0,208.0
2024,Finals Week 1,25,True,2024-09-07,2024-09-07,CD_M20240142504,Gabba,Brisbane Lions,Carlton,True,12.0,5,15,6.0,14.0,56.0,18.0,124.0,143.0,330.0,239.0,144.0,13.0,13.0,15.0,9.0,14.0,11,14,85.0,117.0,32.0,8.0,56.0,17.0,68.0,213.0,28,100.0,20.0,3.0,6405.0,39.0,300.0,0,35,13,61,32,72,71,99,44.0,W,71,99,29.0,33.0,31.0,23.0,65.0,11.0,37.0,63.0,200.0
2024,Finals Week 1,25,True,2024-09-07,2024-09-07,CD_M20240142504,Gabba,Carlton,Brisbane Lions,False,5.0,15,5,5.0,10.0,61.0,13.0,130.0,108.0,354.0,261.0,133.0,17.0,15.0,14.0,10.0,11.0,14,11,84.0,154.0,30.0,9.0,56.0,18.0,64.0,200.0,-28,85.0,10.0,9.0,6182.0,24.0,243.0,35,0,61,13,72,32,99,71,41.0,L,99,71,16.0,20.0,19.0,25.0,42.0,8.0,35.0,66.0,217.0
2024,Semi Finals,26,True,2024-09-13,2024-09-13,CD_M20240142601,Adelaide Oval,Port Adelaide,Hawthorn,True,6.0,6,9,7.0,9.0,63.0,9.0,158.0,119.0,323.0,223.0,135.0,14.0,23.0,25.0,6.0,11.0,11,11,104.0,117.0,55.0,12.0,51.0,11.0,68.0,206.0,3,69.0,10.0,4.0,5677.0,48.0,315.0,2,15,27,36,45,50,72,75,30.0,W,72,75,19.0,21.0,37.0,33.0,75.0,10.0,42.0,62.0,160.0
2024,Semi Finals,26,True,2024-09-13,2024-09-13,CD_M20240142601,Adelaide Oval,Hawthorn,Port Adelaide,False,5.0,9,6,10.0,10.0,54.0,11.0,142.0,148.0,338.0,234.0,108.0,16.0,25.0,23.0,7.0,11.0,11,11,96.0,153.0,39.0,11.0,42.0,16.0,64.0,185.0,-3,71.0,8.0,9.0,5780.0,48.0,298.0,15,2,36,27,50,45,75,72,40.0,L,75,72,17.0,19.0,32.0,30.0,81.0,11.0,40.0,68.0,199.0
2024,Semi Finals,26,True,2024-09-14,2024-09-14,CD_M20240142602,ENGIE Stadium,Greater Western Sydney,Brisbane Lions,True,8.0,15,10,8.0,13.0,64.0,15.0,146.0,176.0,338.0,234.0,133.0,18.0,16.0,19.0,11.0,15.0,15,15,97.0,143.0,69.0,13.0,49.0,15.0,58.0,195.0,-5,76.0,16.0,12.0,5818.0,51.0,311.0,23,33,34,55,67,92,105,100,40.0,L,105,100,25.0,29.0,35.0,34.0,85.0,18.0,47.0,56.0,180.0
2024,Semi Finals,26,True,2024-09-14,2024-09-14,CD_M20240142602,ENGIE Stadium,Brisbane Lions,Greater Western Sydney,False,10.0,10,15,4.0,15.0,55.0,12.0,140.0,132.0,316.0,214.0,123.0,14.0,19.0,16.0,7.0,15.0,15,15,96.0,123.0,38.0,7.0,56.0,18.0,56.0,193.0,5,72.0,9.0,11.0,6190.0,47.0,301.0,33,23,55,34,92,67,100,105,34.0,W,100,105,30.0,29.0,29.0,36.0,65.0,12.0,51.0,57.0,159.0
2024,Preliminary Finals,27,True,2024-09-20,2024-09-20,CD_M20240142701,SCG,Sydney,Port Adelaide,True,10.0,11,11,8.0,10.0,55.0,14.0,119.0,104.0,356.0,273.0,181.0,9.0,24.0,26.0,11.0,14.0,8,14,67.0,112.0,30.0,8.0,54.0,20.0,68.0,244.0,36,131.0,14.0,16.0,6206.0,49.0,211.0,15,24,30,55,45,85,59,95,39.0,W,59,95,25.0,27.0,41.0,18.0,52.0,10.0,28.0,59.0,229.0
2024,Preliminary Finals,27,True,2024-09-20,2024-09-20,CD_M20240142701,SCG,Port Adelaide,Sydney,False,8.0,11,11,4.0,13.0,63.0,7.0,115.0,93.0,281.0,201.0,112.0,13.0,26.0,24.0,6.0,8.0,14,8,72.0,106.0,31.0,6.0,49.0,13.0,60.0,175.0,-36,70.0,8.0,5.0,5819.0,37.0,230.0,24,15,55,30,85,45,95,59,39.0,L,95,59,19.0,26.0,25.0,21.0,47.0,17.0,34.0,67.0,165.0
2024,Preliminary Finals,27,True,2024-09-21,2024-09-21,CD_M20240142702,MCG,Geelong,Brisbane Lions,True,12.0,11,13,12.0,13.0,78.0,8.0,148.0,159.0,319.0,215.0,131.0,16.0,20.0,19.0,8.0,12.0,14,12,98.0,114.0,57.0,10.0,59.0,18.0,77.0,205.0,-10,64.0,7.0,3.0,6481.0,51.0,294.0,20,11,36,55,70,68,95,85,36.0,L,95,85,25.0,29.0,33.0,20.0,57.0,9.0,33.0,73.0,170.0
2024,Preliminary Finals,27,True,2024-09-21,2024-09-21,CD_M20240142702,MCG,Brisbane Lions,Geelong,False,9.0,13,11,4.0,13.0,70.0,11.0,144.0,145.0,391.0,266.0,154.0,22.0,19.0,20.0,9.0,14.0,12,14,103.0,142.0,27.0,7.0,52.0,19.0,73.0,249.0,10,111.0,12.0,6.0,6898.0,48.0,273.0,11,20,55,36,68,70,85,95,46.0,W,85,95,24.0,28.0,36.0,30.0,57.0,21.0,43.0,77.0,230.0
2024,Grand Final,28,True,2024-09-28,2024-09-28,CD_M20240142801,MCG,Sydney,Brisbane Lions,True,5.0,12,6,11.0,13.0,62.0,7.0,115.0,127.0,305.0,214.0,131.0,9.0,16.0,13.0,7.0,9.0,18,9,73.0,110.0,42.0,15.0,49.0,8.0,53.0,195.0,-60,88.0,9.0,5.0,5272.0,51.0,241.0,27,19,73,27,107,34,120,60,33.0,L,120,60,15.0,19.0,32.0,21.0,45.0,5.0,34.0,62.0,189.0
2024,Grand Final,28,True,2024-09-28,2024-09-28,CD_M20240142801,MCG,Brisbane Lions,Sydney,False,9.0,6,12,12.0,15.0,37.0,13.0,117.0,129.0,385.0,312.0,210.0,12.0,13.0,16.0,15.0,18.0,9,18,72.0,115.0,20.0,6.0,51.0,20.0,62.0,270.0,60,158.0,22.0,13.0,6146.0,46.0,251.0,19,27,27,73,34,107,60,120,38.0,W,60,120,30.0,34.0,22.0,18.0,64.0,10.0,33.0,53.0,267.0
2025,Opening Round,0,False,2025-03-07,2025-03-07,CD_M20250140002,SCG,Sydney,Hawthorn,True,7.0,12,10,9.0,12.0,60.0,5.0,121.0,154.0,321.0,234.0,135.0,12.0,23.0,21.0,7.0,11.0,14,11,86.0,118.0,41.0,13.0,40.0,6.0,62.0,203.0,-20,71.0,5.0,7.0,5497.0,49.0,269.0,33,27,60,40,76,71,96,76,44.0,L,96,76,21.0,20.0,40.0,21.0,54.0,10.0,33.0,62.0,180.0
2025,Opening Round,0,False,2025-03-07,2025-03-07,CD_M20250140002,SCG,Hawthorn,Sydney,False,8.0,10,12,8.0,16.0,51.0,13.0,133.0,103.0,331.0,237.0,137.0,17.0,21.0,23.0,9.0,14.0,11,14,85.0,123.0,33.0,10.0,58.0,22.0,62.0,208.0,20,89.0,12.0,4.0,5677.0,44.0,275.0,27,33,40,60,71,76,76,96,28.0,W,76,96,26.0,29.0,30.0,31.0,59.0,12.0,47.0,63.0,191.0
2025,Opening Round,0,False,2025-03-09,2025-03-09,CD_M20250140004,ENGIE Stadium,Greater Western Sydney,Collingwood,True,11.0,16,14,11.0,8.0,50.0,6.0,118.0,146.0,364.0,279.0,155.0,11.0,15.0,24.0,7.0,15.0,6,15,86.0,150.0,23.0,5.0,54.0,16.0,64.0,214.0,52,93.0,8.0,2.0,6592.0,43.0,259.0,12,33,32,55,37,63,52,104,48.0,W,52,104,28.0,32.0,33.0,28.0,59.0,6.0,36.0,56.0,229.0
2025,Opening Round,0,False,2025-03-09,2025-03-09,CD_M20250140004,ENGIE Stadium,Collingwood,Greater Western Sydney,False,14.0,14,16,4.0,12.0,67.0,9.0,139.0,111.0,352.0,235.0,130.0,29.0,24.0,15.0,3.0,6.0,15,6,90.0,143.0,47.0,17.0,55.0,14.0,56.0,209.0,-52,87.0,9.0,6.0,6019.0,34.0,235.0,33,12,55,32,63,37,104,52,38.0,L,104,52,22.0,27.0,26.0,28.0,39.0,8.0,40.0,64.0,200.0
2025,Round 1,1,False,2025-03-13,2025-03-13,CD_M20250140101,MCG,Richmond,Carlton,True,2.0,15,4,2.0,9.0,68.0,11.0,143.0,157.0,351.0,257.0,132.0,9.0,17.0,16.0,6.0,13.0,9,13,106.0,157.0,36.0,5.0,40.0,19.0,71.0,194.0,13,66.0,7.0,2.0,6208.0,45.0,305.0,34,7,50,25,57,57,69,82,55.0,W,69,82,17.0,17.0,30.0,34.0,76.0,6.0,43.0,82.0,189.0
2025,Round 1,1,False,2025-03-13,2025-03-13,CD_M20250140101,MCG,Carlton,Richmond,False,12.0,4,15,10.0,11.0,65.0,11.0,164.0,118.0,404.0,263.0,130.0,25.0,16.0,18.0,6.0,9.0,13,9,115.0,173.0,35.0,11.0,65.0,20.0,83.0,231.0,-13,88.0,10.0,8.0,6255.0,45.0,267.0,7,34,25,50,57,57,82,69,27.0,L,82,69,23.0,25.0,32.0,28.0,70.0,10.0,39.0,71.0,228.0
2025,Round 1,1,False,2025-03-14,2025-03-14,CD_M20250140102,MCG,Hawthorn,Essendon,True,8.0,13,9,5.0,15.0,46.0,10.0,126.0,155.0,357.0,276.0,176.0,19.0,17.0,23.0,10.0,17.0,12,17,84.0,127.0,34.0,13.0,48.0,10.0,64.0,230.0,26,103.0,16.0,8.0,6034.0,41.0,276.0,10,37,29,64,53,85,85,111,46.0,W,85,111,26.0,28.0,32.0,16.0,58.0,8.0,31.0,59.0,215.0
2025,Round 1,1,False,2025-03-14,2025-03-14,CD_M20250140102,MCG,Essendon,Hawthorn,False,11.0,9,13,10.0,11.0,64.0,9.0,150.0,115.0,392.0,279.0,143.0,24.0,23.0,17.0,10.0,12.0,17,12,98.0,160.0,54.0,16.0,58.0,10.0,59.0,232.0,-26,93.0,6.0,7.0,5670.0,40.0,246.0,37,10,64,29,85,53,111,85,30.0,L,111,85,25.0,29.0,26.0,39.0,78.0,18.0,50.0,64.0,236.0
2025,Round 1,1,False,2025-03-15,2025-03-15,CD_M20250140103,GMHBA Stadium,Geelong,Fremantle,True,8.0,9,9,8.0,14.0,56.0,11.0,143.0,119.0,360.0,265.0,184.0,25.0,18.0,24.0,14.0,23.0,10,23,97.0,113.0,35.0,9.0,55.0,15.0,65.0,247.0,78,110.0,17.0,5.0,6586.0,36.0,325.0,7,34,22,76,63,84,69,147,32.0,W,69,147,32.0,34.0,29.0,25.0,89.0,23.0,39.0,54.0,202.0
2025,Round 1,1,False,2025-03-15,2025-03-15,CD_M20250140103,GMHBA Stadium,Fremantle,Geelong,False,4.0,9,9,5.0,18.0,69.0,5.0,129.0,153.0,361.0,269.0,120.0,16.0,24.0,19.0,8.0,10.0,23,10,87.0,178.0,57.0,16.0,43.0,12.0,56.0,183.0,-78,55.0,8.0,6.0,5578.0,45.0,255.0,34,7,76,22,84,63,147,69,32.0,L,147,69,19.0,22.0,35.0,23.0,59.0,5.0,41.0,65.0,219.0
2025,Round 1,1,False,2025-03-15,2025-03-15,CD_M20250140104,SCG,Sydney,Brisbane Lions,True,7.0,14,10,10.0,10.0,71.0,8.0,130.0,109.0,351.0,249.0,132.0,16.0,28.0,31.0,5.0,12.0,12,12,80.0,141.0,44.0,11.0,59.0,19.0,68.0,210.0,-4,80.0,9.0,10.0,6387.0,46.0,253.0,9,24,32,45,70,60,86,82,39.0,L,86,82,22.0,28.0,30.0,26.0,60.0,6.0,36.0,73.0,208.0
2025,Round 1,1,False,2025-03-15,2025-03-15,CD_M20250140104,SCG,Brisbane Lions,Sydney,False,13.0,10,14,2.0,15.0,68.0,8.0,156.0,122.0,344.0,234.0,122.0,17.0,31.0,28.0,4.0,12.0,12,12,105.0,130.0,29.0,10.0,52.0,19.0,73.0,214.0,4,66.0,9.0,4.0,6121.0,40.0,243.0,24,9,45,32,60,70,82,86,47.0,W,82,86,26.0,27.0,30.0,27.0,46.0,5.0,42.0,67.0,185.0
2025,Round 1,1,False,2025-03-15,2025-03-15,CD_M20250140105,Marvel Stadium,Western Bulldogs,North Melbourne,True,9.0,13,11,7.0,11.0,52.0,9.0,130.0,122.0,360.0,263.0,124.0,21.0,16.0,15.0,16.0,17.0,14,17,93.0,165.0,31.0,8.0,57.0,13.0,54.0,195.0,16,84.0,12.0,6.0,5770.0,45.0,277.0,10,33,43,53,72,79,97,113,34.0,W,97,113,28.0,31.0,23.0,25.0,52.0,15.0,36.0,50.0,232.0
2025,Round 1,1,False,2025-03-15,2025-03-15,CD_M20250140105,Marvel Stadium,North Melbourne,Western Bulldogs,False,10.0,11,13,10.0,17.0,46.0,9.0,132.0,170.0,378.0,280.0,141.0,20.0,15.0,16.0,10.0,14.0,17,14,86.0,169.0,52.0,13.0,48.0,15.0,51.0,209.0,-16,85.0,17.0,6.0,5377.0,40.0,278.0,33,10,53,43,79,72,113,97,40.0,L,113,97,25.0,26.0,27.0,25.0,75.0,10.0,42.0,54.0,235.0
2025,Round 1,1,False,2025-03-15,2025-03-15,CD_M20250140106,MCG,Collingwood,Port Adelaide,True,9.0,9,10,6.0,14.0,52.0,11.0,130.0,144.0,388.0,293.0,155.0,16.0,18.0,19.0,18.0,21.0,6,21,88.0,165.0,34.0,5.0,65.0,13.0,79.0,223.0,91,91.0,17.0,8.0,6367.0,48.0,298.0,20,41,27,61,35,105,45,136,42.0,W,45,136,30.0,35.0,34.0,22.0,69.0,15.0,36.0,66.0,247.0
2025,Round 1,1,False,2025-03-15,2025-03-15,CD_M20250140106,MCG,Port Adelaide,Collingwood,False,8.0,10,9,9.0,12.0,60.0,2.0,123.0,160.0,365.0,257.0,122.0,21.0,19.0,18.0,4.0,6.0,21,6,89.0,173.0,37.0,9.0,48.0,13.0,66.0,192.0,-91,84.0,12.0,3.0,5246.0,38.0,301.0,41,20,61,27,105,35,136,45,44.0,L,136,45,15.0,19.0,27.0,27.0,43.0,6.0,39.0,79.0,233.0
2025,Round 1,1,False,2025-03-16,2025-03-16,CD_M20250140107,Adelaide Oval,Adelaide,St Kilda,True,8.0,12,9,8.0,20.0,55.0,10.0,141.0,124.0,429.0,319.0,158.0,21.0,15.0,14.0,15.0,21.0,10,21,101.0,190.0,53.0,15.0,59.0,16.0,68.0,239.0,63,102.0,12.0,7.0,6507.0,40.0,250.0,14,44,27,64,49,109,72,135,40.0,W,72,135,30.0,34.0,29.0,26.0,60.0,11.0,46.0,73.0,274.0
2025,Round 1,1,False,2025-03-16,2025-03-16,CD_M20250140107,Adelaide Oval,St Kilda,Adelaide,False,10.0,9,12,11.0,11.0,52.0,4.0,138.0,149.0,350.0,233.0,116.0,23.0,14.0,15.0,7.0,10.0,21,10,106.0,148.0,36.0,8.0,52.0,13.0,74.0,202.0,-63,79.0,10.0,8.0,5722.0,45.0,311.0,44,14,64,27,109,49,135,72,37.0,L,135,72,22.0,24.0,33.0,31.0,52.0,11.0,42.0,68.0,214.0
2025,Round 1,1,False,2025-03-16,2025-03-16,CD_M20250140108,MCG,Melbourne,Greater Western Sydney,True,6.0,11,8,3.0,12.0,59.0,7.0,150.0,134.0,391.0,272.0,139.0,22.0,19.0,26.0,4.0,11.0,11,11,97.0,158.0,51.0,16.0,56.0,17.0,77.0,233.0,-3,84.0,5.0,5.0,6185.0,54.0,287.0,19,14,41,34,55,66,77,74,40.0,L,77,74,19.0,29.0,34.0,24.0,60.0,9.0,36.0,72.0,235.0
2025,Round 1,1,False,2025-03-16,2025-03-16,CD_M20250140108,MCG,Greater Western Sydney,Melbourne,False,8.0,8,11,6.0,12.0,65.0,5.0,133.0,167.0,363.0,254.0,115.0,20.0,26.0,19.0,8.0,11.0,11,11,97.0,170.0,26.0,7.0,52.0,10.0,72.0,193.0,3,56.0,7.0,1.0,5799.0,67.0,298.0,14,19,34,41,66,55,74,77,44.0,W,74,77,21.0,24.0,48.0,36.0,71.0,8.0,48.0,77.0,218.0
2025,Round 1,1,False,2025-03-16,2025-03-16,CD_M20250140109,Optus Stadium,West Coast,Gold Coast,True,6.0,16,7,7.0,8.0,55.0,6.0,102.0,151.0,296.0,204.0,99.0,12.0,20.0,10.0,5.0,7.0,20,7,78.0,133.0,19.0,5.0,34.0,14.0,55.0,163.0,-87,62.0,8.0,9.0,5330.0,47.0,255.0,29,13,61,16,95,35,136,49,47.0,L,136,49,14.0,15.0,33.0,25.0,65.0,3.0,33.0,56.0,179.0
2025,Round 1,1,False,2025-03-16,2025-03-16,CD_M20250140109,Optus Stadium,Gold Coast,West Coast,False,10.0,7,16,2.0,16.0,49.0,6.0,145.0,108.0,368.0,258.0,128.0,14.0,10.0,20.0,19.0,20.0,7,20,93.0,162.0,77.0,20.0,67.0,15.0,57.0,206.0,87,77.0,19.0,9.0,6364.0,38.0,238.0,13,29,16,61,35,95,49,136,27.0,W,49,136,35.0,38.0,25.0,34.0,64.0,7.0,50.0,54.0,224.0
2025,Round 2,2,False,2025-03-20,2025-03-20,CD_M20250140201,MCG,Carlton,Hawthorn,True,9.0,8,12,4.0,11.0,69.0,9.0,147.0,104.0,313.0,200.0,107.0,17.0,29.0,24.0,6.0,8.0,12,8,95.0,121.0,46.0,11.0,53.0,14.0,72.0,192.0,-20,49.0,5.0,4.0,5561.0,67.0,301.0,15,13,35,40,61,56,80,60,43.0,L,80,60,19.0,20.0,47.0,40.0,85.0,19.0,51.0,75.0,159.0
2025,Round 2,2,False,2025-03-20,2025-03-20,CD_M20250140201,MCG,Hawthorn,Carlton,False,7.0,12,8,0.0,10.0,56.0,8.0,143.0,163.0,368.0,270.0,140.0,7.0,23.0,29.0,9.0,12.0,8,12,91.0,162.0,47.0,14.0,55.0,15.0,75.0,206.0,20,74.0,13.0,4.0,6106.0,52.0,284.0,13,15,40,35,56,61,60,80,45.0,W,60,80,20.0,22.0,38.0,29.0,88.0,17.0,39.0,70.0,215.0
2025,Round 2,2,False,2025-03-21,2025-03-21,CD_M20250140202,MCG,Western Bulldogs,Collingwood,True,8.0,16,10,6.0,14.0,54.0,12.0,129.0,124.0,352.0,258.0,118.0,10.0,33.0,14.0,8.0,10.0,10,10,90.0,167.0,37.0,9.0,43.0,9.0,57.0,185.0,-6,69.0,11.0,6.0,5806.0,50.0,267.0,16,22,38,43,59,51,76,70,39.0,L,76,70,20.0,19.0,36.0,21.0,54.0,9.0,35.0,65.0,208.0
2025,Round 2,2,False,2025-03-21,2025-03-21,CD_M20250140202,MCG,Collingwood,Western Bulldogs,False,14.0,10,16,5.0,7.0,47.0,13.0,140.0,114.0,364.0,263.0,134.0,13.0,14.0,33.0,7.0,10.0,10,10,78.0,160.0,38.0,9.0,50.0,14.0,65.0,204.0,6,77.0,12.0,10.0,5875.0,46.0,274.0,22,16,43,38,51,59,70,76,32.0,W,70,76,26.0,27.0,33.0,29.0,64.0,12.0,36.0,57.0,215.0
2025,Round 2,2,False,2025-03-22,2025-03-22,CD_M20250140203,MCG,Essendon,Adelaide,True,9.0,11,10,13.0,22.0,62.0,7.0,126.0,129.0,351.0,252.0,107.0,12.0,17.0,21.0,12.0,15.0,25,15,84.0,172.0,38.0,11.0,48.0,14.0,63.0,179.0,-61,59.0,7.0,5.0,5339.0,32.0,241.0,35,20,74,34,118,61,161,100,37.0,L,161,100,25.0,25.0,24.0,17.0,48.0,7.0,39.0,69.0,217.0
2025,Round 2,2,False,2025-03-22,2025-03-22,CD_M20250140203,MCG,Adelaide,Essendon,False,10.0,10,11,9.0,16.0,62.0,14.0,127.0,110.0,392.0,308.0,196.0,14.0,21.0,17.0,22.0,25.0,15,25,82.0,138.0,34.0,14.0,63.0,17.0,69.0,254.0,61,129.0,20.0,18.0,6603.0,27.0,260.0,20,35,34,74,61,118,100,161,33.0,W,100,161,36.0,39.0,14.0,22.0,60.0,8.0,38.0,62.0,258.0
2025,Round 2,2,False,2025-03-22,2025-03-22,CD_M20250140204,Adelaide Oval,Port Adelaide,Richmond,True,12.0,14,14,12.0,10.0,51.0,6.0,114.0,119.0,478.0,389.0,182.0,13.0,20.0,14.0,20.0,21.0,9,21,81.0,239.0,40.0,14.0,56.0,14.0,57.0,239.0,72,133.0,19.0,11.0,6646.0,30.0,237.0,9,42,24,89,46,127,68,140,39.0,W,68,140,35.0,33.0,20.0,26.0,52.0,9.0,36.0,47.0,353.0
2025,Round 2,2,False,2025-03-22,2025-03-22,CD_M20250140204,Adelaide Oval,Richmond,Port Adelaide,False,11.0,14,14,3.0,18.0,49.0,5.0,120.0,165.0,297.0,206.0,111.0,14.0,14.0,20.0,6.0,9.0,21,9,80.0,123.0,42.0,9.0,50.0,12.0,47.0,174.0,-72,70.0,8.0,7.0,5513.0,42.0,334.0,42,9,89,24,127,46,140,68,35.0,L,140,68,23.0,25.0,31.0,22.0,39.0,4.0,40.0,54.0,174.0
2025,Round 2,2,False,2025-03-22,2025-03-22,CD_M20250140205,Marvel Stadium,St Kilda,Geelong,True,7.0,13,8,3.0,13.0,55.0,7.0,138.0,154.0,389.0,284.0,160.0,13.0,17.0,14.0,15.0,15.0,13,15,102.0,152.0,37.0,10.0,54.0,15.0,64.0,237.0,7,105.0,15.0,7.0,5673.0,32.0,289.0,10,37,36,65,63,90,91,98,38.0,W,91,98,23.0,25.0,18.0,31.0,88.0,19.0,44.0,69.0,245.0
2025,Round 2,2,False,2025-03-22,2025-03-22,CD_M20250140205,Marvel Stadium,Geelong,St Kilda,False,9.0,8,13,3.0,14.0,56.0,15.0,145.0,147.0,321.0,220.0,126.0,13.0,14.0,17.0,10.0,13.0,15,13,92.0,133.0,42.0,12.0,52.0,17.0,69.0,188.0,-7,81.0,10.0,1.0,5412.0,46.0,329.0,37,10,65,36,90,63,98,91,37.0,L,98,91,25.0,28.0,30.0,23.0,75.0,22.0,37.0,64.0,175.0
2025,Round 2,2,False,2025-03-23,2025-03-23,CD_M20250140206,Gabba,Brisbane Lions,West Coast,True,9.0,9,10,8.0,13.0,58.0,9.0,129.0,109.0,377.0,274.0,183.0,13.0,15.0,27.0,12.0,14.0,11,14,82.0,117.0,45.0,6.0,60.0,20.0,67.0,260.0,19,148.0,13.0,9.0,6489.0,45.0,244.0,32,8,51,27,63,60,75,94,37.0,W,75,94,24.0,28.0,29.0,35.0,58.0,19.0,48.0,69.0,245.0
2025,Round 2,2,False,2025-03-23,2025-03-23,CD_M20250140206,Gabba,West Coast,Brisbane Lions,False,8.0,10,9,12.0,13.0,83.0,9.0,128.0,111.0,323.0,208.0,100.0,17.0,27.0,15.0,7.0,11.0,14,11,90.0,135.0,37.0,8.0,48.0,12.0,69.0,188.0,-19,67.0,7.0,4.0,5744.0,43.0,219.0,8,32,27,51,60,63,94,75,44.0,L,94,75,20.0,24.0,29.0,23.0,57.0,12.0,36.0,67.0,195.0
2025,Round 2,2,False,2025-03-23,2025-03-23,CD_M20250140207,Marvel Stadium,North Melbourne,Melbourne,True,8.0,12,11,16.0,15.0,69.0,15.0,139.0,138.0,403.0,319.0,170.0,18.0,21.0,14.0,14.0,19.0,9,19,89.0,175.0,32.0,12.0,53.0,17.0,65.0,228.0,59,100.0,12.0,4.0,6349.0,28.0,253.0,29,23,45,57,58,76,66,125,45.0,W,66,125,30.0,29.0,22.0,27.0,49.0,7.0,42.0,70.0,258.0
2025,Round 2,2,False,2025-03-23,2025-03-23,CD_M20250140207,Marvel Stadium,Melbourne,North Melbourne,False,12.0,11,12,6.0,13.0,51.0,7.0,120.0,130.0,351.0,255.0,130.0,14.0,14.0,21.0,6.0,9.0,19,9,83.0,158.0,30.0,9.0,56.0,15.0,70.0,193.0,-59,82.0,11.0,3.0,5588.0,33.0,275.0,23,29,57,45,76,58,125,66,34.0,L,125,66,21.0,26.0,24.0,17.0,47.0,11.0,30.0,65.0,227.0
2025,Round 2,2,False,2025-03-23,2025-03-23,CD_M20250140208,Optus Stadium,Fremantle,Sydney,True,10.0,14,11,6.0,10.0,54.0,13.0,140.0,107.0,363.0,260.0,132.0,20.0,18.0,15.0,6.0,9.0,9,9,103.0,160.0,34.0,7.0,59.0,17.0,74.0,203.0,-3,83.0,12.0,7.0,6343.0,43.0,254.0,5,27,26,35,54,56,68,65,45.0,L,68,65,20.0,25.0,28.0,15.0,48.0,9.0,25.0,68.0,216.0
2025,Round 2,2,False,2025-03-23,2025-03-23,CD_M20250140208,Optus Stadium,Sydney,Fremantle,False,11.0,11,14,11.0,10.0,54.0,6.0,132.0,137.0,348.0,246.0,147.0,13.0,15.0,18.0,7.0,9.0,9,9,94.0,122.0,31.0,14.0,55.0,12.0,69.0,226.0,3,94.0,9.0,5.0,6540.0,37.0,299.0,27,5,35,26,56,54,65,68,49.0,W,65,68,23.0,25.0,31.0,27.0,57.0,9.0,37.0,73.0,207.0
2025,Round 3,3,False,2025-03-27,2025-03-27,CD_M20250140301,Marvel Stadium,Essendon,Port Adelaide,True,10.0,12,18,15.0,8.0,53.0,6.0,121.0,117.0,399.0,299.0,155.0,15.0,14.0,22.0,8.0,9.0,8,9,82.0,168.0,31.0,8.0,59.0,10.0,56.0,231.0,12,93.0,12.0,5.0,6216.0,34.0,261.0,23,17,30,27,50,44,60,72,35.0,W,60,72,27.0,27.0,23.0,24.0,57.0,10.0,32.0,52.0,264.0
2025,Round 3,3,False,2025-03-27,2025-03-27,CD_M20250140301,Marvel Stadium,Port Adelaide,Essendon,False,9.0,18,12,13.0,9.0,60.0,5.0,92.0,172.0,382.0,288.0,157.0,12.0,22.0,14.0,6.0,8.0,9,8,63.0,158.0,36.0,13.0,44.0,16.0,52.0,224.0,-12,116.0,11.0,12.0,6009.0,44.0,279.0,17,23,27,30,44,50,72,60,50.0,L,72,60,20.0,23.0,33.0,20.0,41.0,6.0,29.0,56.0,265.0
2025,Round 3,3,False,2025-03-28,2025-03-28,CD_M20250140302,Marvel Stadium,Carlton,Western Bulldogs,True,7.0,11,9,8.0,13.0,60.0,11.0,134.0,144.0,346.0,239.0,137.0,16.0,24.0,21.0,9.0,11.0,12,11,84.0,132.0,36.0,8.0,56.0,21.0,61.0,214.0,-8,100.0,13.0,8.0,6107.0,43.0,274.0,4,27,29,47,61,63,83,75,39.0,L,83,75,20.0,19.0,34.0,30.0,77.0,16.0,43.0,64.0,203.0
2025,Round 3,3,False,2025-03-28,2025-03-28,CD_M20250140302,Marvel Stadium,Western Bulldogs,Carlton,False,9.0,9,11,5.0,11.0,55.0,7.0,141.0,139.0,368.0,267.0,146.0,17.0,21.0,24.0,7.0,12.0,11,12,93.0,152.0,39.0,13.0,51.0,18.0,64.0,216.0,8,99.0,9.0,10.0,6156.0,47.0,262.0,27,4,47,29,63,61,75,83,45.0,W,75,83,23.0,24.0,33.0,29.0,65.0,8.0,40.0,61.0,231.0
2025,Round 3,3,False,2025-03-29,2025-03-29,CD_M20250140303,MCG,Melbourne,Gold Coast,True,10.0,12,14,2.0,8.0,64.0,10.0,126.0,146.0,369.0,277.0,141.0,5.0,21.0,13.0,7.0,8.0,18,8,83.0,170.0,35.0,13.0,40.0,15.0,69.0,199.0,-58,93.0,9.0,8.0,5886.0,31.0,268.0,29,10,38,21,82,48,120,62,46.0,L,120,62,22.0,24.0,21.0,16.0,52.0,4.0,24.0,61.0,240.0
2025,Round 3,3,False,2025-03-29,2025-03-29,CD_M20250140303,MCG,Gold Coast,Melbourne,False,12.0,14,12,9.0,16.0,60.0,10.0,144.0,126.0,388.0,288.0,146.0,20.0,13.0,21.0,10.0,18.0,8,18,95.0,176.0,29.0,14.0,65.0,14.0,61.0,212.0,58,91.0,17.0,12.0,6477.0,48.0,264.0,10,29,21,38,48,82,62,120,31.0,W,62,120,30.0,33.0,32.0,24.0,52.0,12.0,40.0,69.0,237.0
2025,Round 3,3,False,2025-03-29,2025-03-29,CD_M20250140304,Marvel Stadium,St Kilda,Richmond,True,14.0,11,15,7.0,11.0,52.0,3.0,124.0,85.0,409.0,308.0,172.0,23.0,17.0,15.0,19.0,20.0,7,20,94.0,162.0,28.0,9.0,56.0,12.0,57.0,247.0,82,113.0,21.0,7.0,6127.0,46.0,197.0,9,21,34,42,43,83,53,135,35.0,W,53,135,35.0,36.0,32.0,27.0,44.0,10.0,38.0,47.0,272.0
2025,Round 3,3,False,2025-03-29,2025-03-29,CD_M20250140304,Marvel Stadium,Richmond,St Kilda,False,10.0,15,11,5.0,13.0,46.0,13.0,113.0,132.0,330.0,245.0,155.0,10.0,15.0,17.0,4.0,7.0,20,7,66.0,112.0,42.0,9.0,42.0,17.0,47.0,218.0,-82,119.0,7.0,13.0,4733.0,36.0,262.0,21,9,42,34,83,43,135,53,36.0,L,135,53,18.0,20.0,31.0,20.0,41.0,7.0,33.0,57.0,212.0
2025,Round 3,3,False,2025-03-29,2025-03-29,CD_M20250140305,UTAS Stadium,Hawthorn,Greater Western Sydney,True,12.0,10,16,10.0,11.0,61.0,13.0,139.0,127.0,378.0,283.0,135.0,20.0,16.0,17.0,9.0,10.0,9,10,89.0,170.0,34.0,12.0,61.0,23.0,74.0,208.0,12,82.0,14.0,4.0,6320.0,37.0,326.0,37,2,39,46,52,72,64,76,36.0,W,64,76,25.0,27.0,24.0,22.0,51.0,13.0,33.0,70.0,238.0
2025,Round 3,3,False,2025-03-29,2025-03-29,CD_M20250140305,UTAS Stadium,Greater Western Sydney,Hawthorn,False,7.0,16,10,9.0,9.0,78.0,13.0,137.0,174.0,375.0,263.0,123.0,18.0,17.0,16.0,8.0,9.0,10,9,91.0,181.0,33.0,10.0,47.0,19.0,70.0,194.0,-12,82.0,6.0,3.0,6148.0,43.0,316.0,2,37,46,39,72,52,76,64,51.0,L,76,64,17.0,21.0,31.0,24.0,63.0,12.0,33.0,73.0,225.0
2025,Round 3,3,False,2025-03-29,2025-03-29,CD_M20250140308,Gabba,Brisbane Lions,Geelong,True,7.0,7,10,8.0,11.0,69.0,4.0,151.0,113.0,347.0,220.0,129.0,16.0,16.0,24.0,7.0,10.0,9,10,108.0,115.0,48.0,10.0,67.0,18.0,68.0,232.0,9,93.0,7.0,6.0,6087.0,54.0,266.0,22,14,48,22,48,49,61,70,38.0,W,61,70,19.0,24.0,36.0,34.0,69.0,16.0,45.0,65.0,194.0
2025,Round 3,3,False,2025-03-29,2025-03-29,CD_M20250140308,Gabba,Geelong,Brisbane Lions,False,5.0,10,7,5.0,11.0,77.0,7.0,147.0,129.0,320.0,198.0,124.0,17.0,24.0,16.0,8.0,9.0,10,9,112.0,101.0,39.0,6.0,48.0,12.0,65.0,219.0,-9,77.0,10.0,5.0,6088.0,52.0,272.0,14,22,22,48,49,48,70,61,56.0,L,70,61,16.0,15.0,35.0,32.0,77.0,21.0,43.0,68.0,164.0
2025,Round 3,3,False,2025-03-30,2025-03-30,CD_M20250140306,Adelaide Oval,Adelaide,North Melbourne,True,9.0,6,12,8.0,12.0,58.0,8.0,138.0,106.0,354.0,255.0,144.0,13.0,19.0,21.0,13.0,17.0,12,17,93.0,137.0,44.0,10.0,55.0,14.0,70.0,217.0,36,95.0,12.0,8.0,6108.0,49.0,274.0,21,25,35,53,59,86,78,114,34.0,W,78,114,27.0,32.0,33.0,31.0,58.0,13.0,43.0,66.0,216.0
2025,Round 3,3,False,2025-03-30,2025-03-30,CD_M20250140306,Adelaide Oval,North Melbourne,Adelaide,False,4.0,12,6,15.0,16.0,64.0,7.0,127.0,125.0,364.0,280.0,163.0,10.0,21.0,19.0,9.0,12.0,17,12,81.0,144.0,35.0,14.0,47.0,15.0,66.0,220.0,-36,100.0,9.0,11.0,5697.0,38.0,248.0,25,21,53,35,86,59,114,78,38.0,L,114,78,17.0,16.0,24.0,24.0,47.0,7.0,40.0,70.0,229.0
2025,Round 3,3,False,2025-03-30,2025-03-30,CD_M20250140307,Optus Stadium,West Coast,Fremantle,True,7.0,16,8,11.0,9.0,58.0,11.0,108.0,143.0,291.0,200.0,115.0,10.0,21.0,16.0,9.0,10.0,15,10,67.0,105.0,29.0,8.0,37.0,14.0,65.0,186.0,-38,79.0,10.0,9.0,5291.0,37.0,250.0,34,19,54,28,83,47,106,68,48.0,L,106,68,18.0,21.0,25.0,16.0,46.0,10.0,25.0,63.0,172.0
2025,Round 3,3,False,2025-03-30,2025-03-30,CD_M20250140307,Optus Stadium,Fremantle,West Coast,False,13.0,8,16,6.0,16.0,55.0,13.0,122.0,80.0,344.0,259.0,145.0,11.0,16.0,21.0,14.0,15.0,10,15,71.0,134.0,38.0,18.0,65.0,17.0,64.0,210.0,38,89.0,21.0,11.0,6205.0,36.0,209.0,19,34,28,54,47,83,68,106,27.0,W,68,106,31.0,34.0,23.0,24.0,39.0,10.0,40.0,65.0,215.0
2025,Round 4,4,False,2025-04-03,2025-04-03,CD_M20250140401,MCG,Collingwood,Carlton,True,13.0,10,15,6.0,8.0,60.0,5.0,142.0,119.0,360.0,235.0,112.0,17.0,24.0,15.0,8.0,8.0,6,8,104.0,167.0,43.0,7.0,57.0,16.0,73.0,193.0,17,68.0,10.0,6.0,5659.0,53.0,312.0,23,20,29,25,30,55,46,63,38.0,W,46,63,23.0,26.0,26.0,39.0,85.0,18.0,47.0,63.0,204.0
2025,Round 4,4,False,2025-04-03,2025-04-03,CD_M20250140401,MCG,Carlton,Collingwood,False,9.0,15,10,3.0,7.0,63.0,10.0,147.0,155.0,374.0,244.0,127.0,10.0,15.0,24.0,4.0,6.0,8,6,100.0,154.0,38.0,9.0,44.0,14.0,62.0,220.0,-17,93.0,4.0,3.0,5669.0,31.0,309.0,20,23,25,29,55,30,63,46,47.0,L,63,46,15.0,17.0,26.0,31.0,69.0,11.0,38.0,73.0,210.0
2025,Round 4,4,False,2025-04-04,2025-04-04,CD_M20250140402,GMHBA Stadium,Geelong,Melbourne,True,10.0,10,13,2.0,6.0,56.0,17.0,135.0,123.0,412.0,321.0,209.0,15.0,17.0,22.0,10.0,12.0,6,12,84.0,131.0,30.0,12.0,49.0,20.0,65.0,281.0,39,165.0,17.0,9.0,6434.0,33.0,238.0,8,23,29,44,43,59,46,85,44.0,W,46,85,25.0,30.0,25.0,26.0,57.0,7.0,32.0,61.0,266.0
2025,Round 4,4,False,2025-04-04,2025-04-04,CD_M20250140402,GMHBA Stadium,Melbourne,Geelong,False,10.0,13,10,4.0,10.0,55.0,12.0,123.0,135.0,319.0,223.0,125.0,11.0,22.0,17.0,3.0,6.0,12,6,75.0,129.0,37.0,13.0,50.0,22.0,61.0,190.0,-39,82.0,5.0,3.0,5821.0,47.0,253.0,23,8,44,29,59,43,85,46,36.0,L,85,46,16.0,16.0,39.0,22.0,46.0,7.0,32.0,65.0,187.0
2025,Round 4,4,False,2025-04-05,2025-04-05,CD_M20250140403,People First Stadium,Gold Coast,Adelaide,True,13.0,6,13,10.0,12.0,55.0,10.0,149.0,132.0,320.0,218.0,122.0,18.0,14.0,25.0,10.0,13.0,14,13,100.0,131.0,49.0,9.0,60.0,9.0,67.0,189.0,1,67.0,11.0,7.0,6200.0,58.0,313.0,16,23,40,39,65,71,90,91,39.0,W,90,91,26.0,28.0,44.0,23.0,69.0,12.0,35.0,58.0,164.0
2025,Round 4,4,False,2025-04-05,2025-04-05,CD_M20250140403,People First Stadium,Adelaide,Gold Coast,False,5.0,13,6,3.0,12.0,59.0,4.0,149.0,121.0,370.0,263.0,143.0,17.0,25.0,14.0,11.0,14.0,13,14,112.0,162.0,45.0,13.0,53.0,8.0,58.0,208.0,-1,70.0,13.0,8.0,5918.0,34.0,252.0,23,16,39,40,71,65,91,90,46.0,L,91,90,20.0,22.0,23.0,34.0,67.0,6.0,46.0,66.0,210.0
2025,Round 4,4,False,2025-04-05,2025-04-05,CD_M20250140404,MCG,Richmond,Brisbane Lions,True,8.0,10,12,5.0,8.0,66.0,10.0,128.0,131.0,364.0,262.0,136.0,7.0,18.0,14.0,11.0,13.0,18,13,89.0,161.0,42.0,12.0,40.0,12.0,52.0,203.0,-28,93.0,15.0,10.0,5496.0,36.0,251.0,29,19,66,40,104,62,118,90,42.0,L,118,90,24.0,23.0,29.0,27.0,53.0,2.0,35.0,53.0,224.0
2025,Round 4,4,False,2025-04-05,2025-04-05,CD_M20250140404,MCG,Brisbane Lions,Richmond,False,7.0,12,10,2.0,17.0,58.0,5.0,134.0,113.0,376.0,286.0,152.0,9.0,14.0,18.0,15.0,18.0,13,18,90.0,162.0,51.0,19.0,60.0,13.0,53.0,214.0,28,94.0,13.0,11.0,5433.0,39.0,260.0,19,29,40,66,62,104,90,118,25.0,W,90,118,28.0,28.0,31.0,30.0,73.0,13.0,47.0,52.0,243.0
2025,Round 4,4,False,2025-04-05,2025-04-05,CD_M20250140405,Marvel Stadium,North Melbourne,Sydney,True,3.0,9,4,9.0,11.0,56.0,5.0,112.0,121.0,393.0,311.0,159.0,10.0,21.0,15.0,6.0,8.0,18,8,77.0,179.0,24.0,5.0,37.0,12.0,52.0,214.0,-65,112.0,8.0,7.0,4739.0,26.0,220.0,33,12,53,31,98,39,117,52,36.0,L,117,52,12.0,15.0,20.0,19.0,48.0,12.0,30.0,58.0,278.0
2025,Round 4,4,False,2025-04-05,2025-04-05,CD_M20250140405,Marvel Stadium,Sydney,North Melbourne,False,9.0,4,9,9.0,13.0,52.0,7.0,115.0,86.0,341.0,253.0,163.0,15.0,15.0,21.0,14.0,18.0,8,18,72.0,111.0,31.0,9.0,56.0,17.0,59.0,230.0,65,120.0,18.0,7.0,5733.0,31.0,257.0,12,33,31,53,39,98,52,117,29.0,W,52,117,27.0,31.0,27.0,25.0,49.0,13.0,38.0,52.0,222.0
2025,Round 4,4,False,2025-04-06,2025-04-06,CD_M20250140406,ENGIE Stadium,Greater Western Sydney,West Coast,True,10.0,9,12,6.0,18.0,53.0,16.0,133.0,110.0,423.0,330.0,160.0,10.0,24.0,13.0,15.0,20.0,7,20,84.0,203.0,47.0,17.0,62.0,16.0,63.0,220.0,81,113.0,28.0,16.0,6871.0,38.0,242.0,7,36,22,73,43,95,51,132,48.0,W,51,132,32.0,35.0,30.0,25.0,53.0,7.0,43.0,59.0,285.0
2025,Round 4,4,False,2025-04-06,2025-04-06,CD_M20250140406,ENGIE Stadium,West Coast,Greater Western Sydney,False,8.0,12,9,9.0,10.0,50.0,7.0,126.0,127.0,304.0,209.0,104.0,15.0,13.0,24.0,5.0,7.0,20,7,91.0,128.0,31.0,3.0,55.0,8.0,59.0,176.0,-81,60.0,5.0,7.0,5891.0,40.0,308.0,36,7,73,22,95,43,132,51,41.0,L,132,51,16.0,20.0,32.0,24.0,39.0,6.0,34.0,63.0,167.0
2025,Round 4,4,False,2025-04-06,2025-04-06,CD_M20250140407,Adelaide Oval,Port Adelaide,St Kilda,True,11.0,11,12,7.0,13.0,71.0,17.0,134.0,107.0,346.0,246.0,119.0,10.0,22.0,24.0,9.0,10.0,13,10,75.0,152.0,43.0,10.0,58.0,21.0,76.0,194.0,-17,80.0,14.0,10.0,5610.0,46.0,239.0,40,16,60,37,74,58,89,72,31.0,L,89,72,22.0,26.0,38.0,19.0,68.0,18.0,32.0,77.0,202.0
2025,Round 4,4,False,2025-04-06,2025-04-06,CD_M20250140407,Adelaide Oval,St Kilda,Port Adelaide,False,9.0,12,11,5.0,12.0,59.0,8.0,133.0,137.0,320.0,224.0,135.0,18.0,24.0,22.0,11.0,13.0,10,13,97.0,111.0,22.0,5.0,44.0,20.0,79.0,209.0,17,70.0,6.0,6.0,5584.0,29.0,256.0,16,40,37,60,58,74,72,89,48.0,W,72,89,24.0,26.0,24.0,29.0,57.0,12.0,41.0,76.0,168.0
2025,Round 4,4,False,2025-04-06,2025-04-06,CD_M20250140408,Optus Stadium,Fremantle,Western Bulldogs,True,6.0,9,7,15.0,10.0,67.0,7.0,140.0,160.0,361.0,269.0,130.0,12.0,27.0,15.0,13.0,15.0,12,15,102.0,170.0,40.0,15.0,44.0,12.0,65.0,191.0,16,74.0,8.0,10.0,6126.0,60.0,276.0,24,26,39,71,66,90,81,97,50.0,W,81,97,22.0,24.0,45.0,29.0,67.0,8.0,39.0,62.0,220.0
2025,Round 4,4,False,2025-04-06,2025-04-06,CD_M20250140408,Optus Stadium,Western Bulldogs,Fremantle,False,4.0,7,9,4.0,15.0,54.0,11.0,157.0,116.0,375.0,253.0,135.0,21.0,15.0,27.0,10.0,12.0,15,12,100.0,154.0,46.0,11.0,63.0,15.0,62.0,221.0,-16,85.0,11.0,7.0,6180.0,36.0,281.0,26,24,71,39,90,66,97,81,29.0,L,97,81,21.0,23.0,23.0,27.0,57.0,11.0,42.0,64.0,218.0
2025,Round 5,5,False,2025-04-10,2025-04-10,CD_M20250140501,Adelaide Oval,Adelaide,Geelong,True,10.0,11,10,2.0,15.0,75.0,7.0,137.0,164.0,365.0,260.0,136.0,9.0,25.0,22.0,14.0,15.0,18,15,92.0,148.0,50.0,14.0,52.0,17.0,73.0,217.0,-19,89.0,16.0,5.0,6045.0,43.0,305.0,28,33,60,72,86,94,119,100,41.0,L,119,100,25.0,26.0,34.0,22.0,54.0,1.0,37.0,65.0,226.0
2025,Round 5,5,False,2025-04-10,2025-04-10,CD_M20250140501,Adelaide Oval,Geelong,Adelaide,False,8.0,10,11,5.0,15.0,62.0,8.0,135.0,147.0,356.0,253.0,131.0,22.0,22.0,25.0,13.0,18.0,15,18,93.0,141.0,29.0,7.0,58.0,14.0,65.0,215.0,19,73.0,13.0,6.0,6105.0,43.0,296.0,33,28,72,60,94,86,100,119,35.0,W,100,119,28.0,30.0,33.0,25.0,51.0,5.0,40.0,72.0,215.0
2025,Round 5,5,False,2025-04-11,2025-04-11,CD_M20250140502,Adelaide Oval,Collingwood,Sydney,True,11.0,6,13,5.0,18.0,50.0,11.0,144.0,171.0,363.0,269.0,142.0,19.0,11.0,17.0,11.0,16.0,12,16,98.0,157.0,26.0,7.0,55.0,16.0,71.0,206.0,31,85.0,13.0,11.0,6287.0,44.0,309.0,25,27,50,67,64,89,78,109,42.0,W,78,109,29.0,29.0,31.0,20.0,72.0,10.0,38.0,63.0,220.0
2025,Round 5,5,False,2025-04-11,2025-04-11,CD_M20250140502,Adelaide Oval,Sydney,Collingwood,False,6.0,13,6,15.0,10.0,62.0,1.0,134.0,143.0,377.0,276.0,138.0,17.0,17.0,11.0,8.0,12.0,16,12,104.0,171.0,50.0,13.0,56.0,9.0,63.0,206.0,-31,80.0,9.0,7.0,6062.0,50.0,288.0,27,25,67,50,89,64,109,78,38.0,L,109,78,18.0,25.0,36.0,27.0,61.0,8.0,37.0,70.0,231.0
2025,Round 5,5,False,2025-04-12,2025-04-12,CD_M20250140504,Barossa Park,North Melbourne,Gold Coast,True,10.0,15,11,7.0,13.0,56.0,5.0,125.0,138.0,372.0,284.0,132.0,18.0,30.0,20.0,9.0,13.0,21,13,88.0,176.0,38.0,8.0,47.0,11.0,51.0,196.0,-52,71.0,11.0,6.0,5704.0,34.0,245.0,37,25,59,51,94,75,141,89,44.0,L,141,89,23.0,25.0,30.0,29.0,58.0,9.0,42.0,54.0,232.0
2025,Round 5,5,False,2025-04-12,2025-04-12,CD_M20250140504,Barossa Park,Gold Coast,North Melbourne,False,12.0,11,15,9.0,15.0,51.0,8.0,141.0,98.0,359.0,273.0,137.0,20.0,20.0,30.0,18.0,21.0,13,21,93.0,159.0,46.0,8.0,65.0,13.0,54.0,200.0,52,69.0,11.0,9.0,6350.0,44.0,269.0,25,37,51,59,75,94,89,141,34.0,W,89,141,34.0,36.0,35.0,30.0,52.0,14.0,45.0,51.0,206.0
2025,Round 5,5,False,2025-04-12,2025-04-12,CD_M20250140503,Adelaide Oval,Carlton,West Coast,True,17.0,14,19,11.0,17.0,46.0,14.0,136.0,70.0,421.0,316.0,181.0,23.0,15.0,20.0,15.0,17.0,6,17,83.0,161.0,26.0,15.0,73.0,17.0,58.0,260.0,71,136.0,23.0,19.0,6966.0,33.0,208.0,9,24,24,53,36,81,50,121,28.0,W,50,121,36.0,37.0,20.0,23.0,35.0,12.0,40.0,49.0,275.0
2025,Round 5,5,False,2025-04-12,2025-04-12,CD_M20250140503,Adelaide Oval,West Coast,Carlton,False,13.0,19,14,14.0,5.0,50.0,3.0,77.0,172.0,281.0,224.0,133.0,5.0,20.0,15.0,5.0,6.0,17,6,55.0,104.0,32.0,6.0,35.0,13.0,49.0,177.0,-71,87.0,12.0,10.0,5687.0,34.0,289.0,24,9,53,24,81,36,121,50,54.0,L,121,50,20.0,20.0,27.0,13.0,46.0,5.0,18.0,58.0,187.0
2025,Round 5,5,False,2025-04-12,2025-04-12,CD_M20250140505,Norwood Oval,Western Bulldogs,Brisbane Lions,True,13.0,10,13,7.0,22.0,45.0,9.0,132.0,143.0,362.0,259.0,128.0,19.0,11.0,14.0,14.0,14.0,18,14,94.0,158.0,34.0,11.0,53.0,15.0,61.0,204.0,-21,78.0,9.0,10.0,5843.0,43.0,290.0,21,16,29,62,72,78,118,97,34.0,L,118,97,27.0,32.0,37.0,19.0,39.0,4.0,41.0,64.0,223.0
2025,Round 5,5,False,2025-04-12,2025-04-12,CD_M20250140505,Norwood Oval,Brisbane Lions,Western Bulldogs,False,9.0,13,10,5.0,13.0,49.0,14.0,129.0,165.0,396.0,296.0,167.0,16.0,14.0,11.0,14.0,18.0,14,18,86.0,150.0,53.0,13.0,54.0,19.0,64.0,246.0,21,102.0,15.0,11.0,6319.0,39.0,311.0,16,21,62,29,78,72,97,118,38.0,W,97,118,28.0,29.0,28.0,31.0,64.0,12.0,44.0,61.0,251.0
2025,Round 5,5,False,2025-04-12,2025-04-12,CD_M20250140506,Adelaide Oval,Melbourne,Essendon,True,7.0,6,9,3.0,16.0,50.0,4.0,132.0,129.0,354.0,250.0,138.0,18.0,13.0,17.0,5.0,8.0,15,8,84.0,153.0,58.0,15.0,51.0,17.0,59.0,201.0,-39,97.0,8.0,10.0,5398.0,46.0,314.0,22,10,46,17,65,49,96,57,28.0,L,96,57,17.0,17.0,34.0,29.0,54.0,14.0,45.0,62.0,218.0
2025,Round 5,5,False,2025-04-12,2025-04-12,CD_M20250140506,Adelaide Oval,Essendon,Melbourne,False,3.0,9,6,7.0,7.0,64.0,13.0,137.0,138.0,448.0,345.0,170.0,6.0,17.0,13.0,12.0,15.0,8,15,100.0,204.0,34.0,8.0,43.0,10.0,62.0,244.0,39,116.0,15.0,9.0,6063.0,41.0,254.0,10,22,17,46,49,65,57,96,41.0,W,57,96,20.0,22.0,33.0,34.0,57.0,4.0,41.0,59.0,297.0
2025,Round 5,5,False,2025-04-13,2025-04-13,CD_M20250140507,Barossa Park,Richmond,Fremantle,True,4.0,12,5,4.0,8.0,55.0,6.0,112.0,99.0,360.0,276.0,145.0,8.0,20.0,15.0,5.0,7.0,16,7,72.0,160.0,42.0,14.0,36.0,15.0,55.0,200.0,-61,104.0,4.0,7.0,5487.0,35.0,223.0,28,26,49,39,86,45,108,47,49.0,L,108,47,12.0,12.0,27.0,25.0,42.0,7.0,33.0,63.0,244.0
2025,Round 5,5,False,2025-04-13,2025-04-13,CD_M20250140507,Barossa Park,Fremantle,Richmond,False,9.0,5,12,19.0,15.0,51.0,11.0,129.0,80.0,362.0,279.0,148.0,9.0,15.0,20.0,12.0,16.0,7,16,81.0,154.0,35.0,13.0,65.0,17.0,63.0,208.0,61,98.0,17.0,7.0,6416.0,30.0,237.0,26,28,39,49,45,86,47,108,28.0,W,47,108,28.0,29.0,23.0,28.0,62.0,16.0,43.0,54.0,231.0
2025,Round 5,5,False,2025-04-13,2025-04-13,CD_M20250140508,Norwood Oval,St Kilda,Greater Western Sydney,True,8.0,14,10,14.0,16.0,57.0,5.0,112.0,105.0,350.0,248.0,117.0,11.0,15.0,19.0,8.0,12.0,16,12,82.0,152.0,22.0,1.0,62.0,12.0,63.0,198.0,-28,79.0,14.0,12.0,5877.0,27.0,256.0,27,25,54,34,105,55,110,82,34.0,L,110,82,21.0,25.0,17.0,19.0,51.0,6.0,35.0,67.0,225.0
2025,Round 5,5,False,2025-04-13,2025-04-13,CD_M20250140508,Norwood Oval,Greater Western Sydney,St Kilda,False,9.0,10,14,12.0,13.0,53.0,10.0,125.0,129.0,377.0,284.0,155.0,19.0,19.0,15.0,12.0,16.0,12,16,84.0,154.0,45.0,10.0,51.0,22.0,67.0,223.0,28,105.0,16.0,10.0,6091.0,36.0,256.0,25,27,34,54,55,105,82,110,50.0,W,82,110,28.0,27.0,24.0,25.0,57.0,12.0,38.0,62.0,246.0
2025,Round 5,5,False,2025-04-13,2025-04-13,CD_M20250140509,Adelaide Oval,Port Adelaide,Hawthorn,True,11.0,7,13,2.0,14.0,57.0,5.0,144.0,125.0,374.0,268.0,135.0,20.0,21.0,12.0,14.0,18.0,14,18,104.0,160.0,50.0,15.0,61.0,20.0,68.0,214.0,30,77.0,12.0,10.0,6513.0,43.0,290.0,8,39,20,79,47,94,91,121,33.0,W,91,121,30.0,33.0,28.0,34.0,56.0,15.0,48.0,63.0,226.0
2025,Round 5,5,False,2025-04-13,2025-04-13,CD_M20250140509,Adelaide Oval,Hawthorn,Port Adelaide,False,4.0,13,7,11.0,19.0,54.0,9.0,140.0,191.0,348.0,242.0,123.0,11.0,12.0,21.0,11.0,14.0,18,14,100.0,150.0,38.0,7.0,48.0,11.0,64.0,198.0,-30,67.0,12.0,4.0,6242.0,30.0,330.0,39,8,79,20,94,47,121,91,43.0,L,121,91,21.0,23.0,21.0,24.0,64.0,9.0,43.0,67.0,203.0
2025,Round 6,6,False,2025-04-17,2025-04-17,CD_M20250140601,Gabba,Brisbane Lions,Collingwood,True,9.0,9,11,4.0,9.0,57.0,12.0,99.0,112.0,327.0,250.0,158.0,7.0,24.0,22.0,6.0,7.0,16,7,64.0,107.0,18.0,4.0,37.0,14.0,45.0,220.0,-52,116.0,12.0,9.0,4959.0,42.0,227.0,26,16,51,32,80,38,105,53,35.0,L,105,53,18.0,21.0,35.0,17.0,28.0,5.0,26.0,44.0,217.0
2025,Round 6,6,False,2025-04-17,2025-04-17,CD_M20250140601,Gabba,Collingwood,Brisbane Lions,False,8.0,11,9,7.0,15.0,50.0,6.0,100.0,81.0,333.0,259.0,141.0,11.0,22.0,24.0,11.0,16.0,7,16,54.0,138.0,37.0,10.0,51.0,10.0,46.0,195.0,52,86.0,13.0,9.0,5549.0,40.0,218.0,16,26,32,51,38,80,53,105,29.0,W,53,105,25.0,27.0,22.0,21.0,33.0,4.0,36.0,44.0,219.0
2025,Round 6,6,False,2025-04-18,2025-04-18,CD_M20250140602,Marvel Stadium,North Melbourne,Carlton,True,3.0,9,5,3.0,10.0,68.0,4.0,132.0,174.0,350.0,257.0,114.0,9.0,28.0,17.0,7.0,11.0,24,11,82.0,177.0,48.0,18.0,39.0,10.0,52.0,173.0,-82,58.0,5.0,2.0,4953.0,48.0,268.0,45,14,59,39,96,46,153,71,39.0,L,153,71,15.0,16.0,36.0,28.0,56.0,8.0,38.0,62.0,217.0
2025,Round 6,6,False,2025-04-18,2025-04-18,CD_M20250140602,Marvel Stadium,Carlton,North Melbourne,False,9.0,5,9,8.0,20.0,46.0,12.0,151.0,104.0,369.0,268.0,151.0,27.0,17.0,29.0,12.0,24.0,11,24,95.0,143.0,32.0,12.0,64.0,14.0,63.0,226.0,82,85.0,15.0,8.0,5950.0,45.0,282.0,14,45,39,59,46,96,71,153,27.0,W,71,153,33.0,38.0,32.0,26.0,83.0,23.0,46.0,52.0,219.0
2025,Round 6,6,False,2025-04-18,2025-04-18,CD_M20250140603,Optus Stadium,West Coast,Essendon,True,9.0,11,9,6.0,7.0,65.0,9.0,119.0,106.0,326.0,230.0,115.0,12.0,26.0,21.0,7.0,11.0,11,11,78.0,142.0,39.0,7.0,47.0,15.0,69.0,184.0,-2,81.0,16.0,6.0,5562.0,43.0,234.0,8,30,27,45,61,61,77,75,31.0,L,77,75,20.0,26.0,34.0,15.0,57.0,10.0,22.0,63.0,199.0
2025,Round 6,6,False,2025-04-18,2025-04-18,CD_M20250140603,Optus Stadium,Essendon,West Coast,False,7.0,9,11,6.0,12.0,54.0,8.0,117.0,104.0,348.0,258.0,136.0,15.0,21.0,26.0,8.0,11.0,11,11,77.0,152.0,35.0,8.0,42.0,17.0,63.0,196.0,2,93.0,12.0,8.0,5334.0,32.0,230.0,30,8,45,27,61,61,75,77,35.0,W,75,77,21.0,23.0,18.0,25.0,51.0,4.0,37.0,69.0,222.0
2025,Round 6,6,False,2025-04-19,2025-04-19,CD_M20250140604,MCG,Melbourne,Fremantle,True,11.0,13,11,7.0,20.0,45.0,6.0,134.0,98.0,392.0,306.0,171.0,19.0,19.0,21.0,13.0,16.0,14,16,88.0,163.0,37.0,7.0,56.0,8.0,53.0,229.0,10,110.0,7.0,10.0,6112.0,32.0,245.0,26,37,53,74,76,95,97,107,35.0,W,97,107,27.0,30.0,25.0,18.0,59.0,27.0,38.0,58.0,252.0
2025,Round 6,6,False,2025-04-19,2025-04-19,CD_M20250140604,MCG,Fremantle,Melbourne,False,11.0,11,13,8.0,11.0,35.0,5.0,116.0,129.0,326.0,254.0,139.0,6.0,21.0,19.0,12.0,14.0,16,14,83.0,141.0,25.0,5.0,49.0,9.0,59.0,185.0,-10,80.0,12.0,10.0,5792.0,38.0,246.0,37,26,74,53,95,76,107,97,39.0,L,107,97,27.0,28.0,31.0,22.0,46.0,4.0,33.0,53.0,204.0
2025,Round 6,6,False,2025-04-19,2025-04-19,CD_M20250140605,Adelaide Oval,Adelaide,Greater Western Sydney,True,10.0,10,10,1.0,7.0,61.0,10.0,138.0,95.0,359.0,239.0,121.0,11.0,17.0,23.0,5.0,7.0,4,7,94.0,140.0,47.0,10.0,56.0,21.0,81.0,219.0,18,76.0,9.0,5.0,6152.0,41.0,258.0,3,20,10,23,20,43,34,52,38.0,W,34,52,17.0,23.0,28.0,30.0,53.0,9.0,37.0,85.0,201.0
2025,Round 6,6,False,2025-04-19,2025-04-19,CD_M20250140605,Adelaide Oval,Greater Western Sydney,Adelaide,False,8.0,10,10,6.0,3.0,72.0,6.0,122.0,134.0,382.0,272.0,154.0,14.0,23.0,17.0,2.0,4.0,7,4,91.0,153.0,18.0,4.0,43.0,18.0,86.0,229.0,-18,104.0,5.0,9.0,6297.0,40.0,258.0,20,3,23,10,43,20,52,34,49.0,L,52,34,14.0,15.0,31.0,21.0,61.0,8.0,24.0,81.0,241.0
2025,Round 6,6,False,2025-04-19,2025-04-19,CD_M20250140606,Marvel Stadium,Richmond,Gold Coast,True,7.0,15,8,4.0,10.0,53.0,15.0,133.0,126.0,338.0,240.0,133.0,16.0,21.0,23.0,6.0,12.0,9,12,85.0,136.0,33.0,9.0,42.0,21.0,67.0,202.0,11,85.0,7.0,3.0,6016.0,35.0,240.0,15,22,27,41,35,78,69,80,51.0,W,69,80,20.0,21.0,21.0,21.0,54.0,15.0,31.0,67.0,201.0
2025,Round 6,6,False,2025-04-19,2025-04-19,CD_M20250140606,Marvel Stadium,Gold Coast,Richmond,False,10.0,8,15,6.0,8.0,61.0,11.0,123.0,102.0,333.0,238.0,111.0,16.0,23.0,21.0,5.0,9.0,12,9,75.0,150.0,42.0,14.0,62.0,18.0,68.0,183.0,-11,78.0,13.0,6.0,5868.0,43.0,243.0,22,15,41,27,78,35,80,69,30.0,L,80,69,22.0,24.0,32.0,28.0,61.0,11.0,36.0,66.0,209.0
2025,Round 6,6,False,2025-04-20,2025-04-20,CD_M20250140607,SCG,Sydney,Port Adelaide,True,15.0,7,17,20.0,13.0,62.0,5.0,156.0,103.0,382.0,266.0,121.0,27.0,20.0,28.0,5.0,10.0,13,10,110.0,180.0,41.0,12.0,61.0,13.0,74.0,202.0,-8,61.0,9.0,3.0,6394.0,48.0,218.0,26,8,46,19,67,39,85,77,40.0,L,85,77,27.0,29.0,37.0,33.0,42.0,10.0,46.0,71.0,214.0
2025,Round 6,6,False,2025-04-20,2025-04-20,CD_M20250140607,SCG,Port Adelaide,Sydney,False,4.0,17,7,11.0,8.0,66.0,12.0,110.0,179.0,307.0,228.0,140.0,13.0,28.0,20.0,9.0,13.0,10,13,67.0,104.0,43.0,10.0,53.0,22.0,71.0,203.0,8,86.0,14.0,4.0,6327.0,28.0,333.0,8,26,19,46,39,67,77,85,49.0,W,77,85,19.0,22.0,18.0,25.0,57.0,10.0,33.0,74.0,172.0
2025,Round 6,6,False,2025-04-20,2025-04-20,CD_M20250140608,Marvel Stadium,Western Bulldogs,St Kilda,True,12.0,8,19,11.0,20.0,35.0,7.0,128.0,89.0,427.0,349.0,201.0,20.0,13.0,19.0,14.0,18.0,8,18,90.0,170.0,32.0,10.0,69.0,12.0,58.0,257.0,71,131.0,21.0,10.0,6386.0,30.0,251.0,25,23,28,56,44,91,56,127,22.0,W,56,127,36.0,33.0,17.0,24.0,56.0,14.0,44.0,56.0,292.0
2025,Round 6,6,False,2025-04-20,2025-04-20,CD_M20250140608,Marvel Stadium,St Kilda,Western Bulldogs,False,7.0,19,8,17.0,6.0,54.0,10.0,131.0,158.0,344.0,243.0,126.0,9.0,19.0,13.0,6.0,8.0,18,8,93.0,155.0,31.0,6.0,31.0,13.0,58.0,189.0,-71,85.0,9.0,9.0,5430.0,45.0,284.0,23,25,56,28,91,44,127,56,50.0,L,127,56,16.0,18.0,34.0,17.0,52.0,6.0,23.0,58.0,207.0
2025,Round 6,6,False,2025-04-21,2025-04-21,CD_M20250140609,MCG,Geelong,Hawthorn,True,11.0,13,14,12.0,9.0,58.0,11.0,118.0,119.0,310.0,216.0,121.0,12.0,24.0,15.0,10.0,12.0,11,12,82.0,119.0,36.0,7.0,46.0,11.0,58.0,191.0,7,78.0,15.0,9.0,5769.0,36.0,279.0,18,29,40,50,66,72,79,86,43.0,W,79,86,26.0,32.0,25.0,24.0,62.0,20.0,33.0,52.0,175.0
2025,Round 6,6,False,2025-04-21,2025-04-21,CD_M20250140609,MCG,Hawthorn,Geelong,False,11.0,14,13,16.0,13.0,58.0,11.0,119.0,124.0,374.0,286.0,143.0,14.0,15.0,24.0,8.0,11.0,12,11,73.0,171.0,52.0,9.0,55.0,12.0,53.0,203.0,-7,91.0,18.0,10.0,5812.0,30.0,253.0,29,18,50,40,72,66,86,79,33.0,L,86,79,23.0,28.0,18.0,21.0,83.0,16.0,34.0,58.0,245.0
2025,Round 7,7,False,2025-04-24,2025-04-24,CD_M20250140701,MCG,Melbourne,Richmond,True,8.0,9,11,6.0,9.0,56.0,11.0,132.0,122.0,423.0,322.0,169.0,11.0,19.0,26.0,7.0,12.0,9,12,82.0,178.0,44.0,14.0,46.0,15.0,70.0,245.0,20,126.0,12.0,10.0,5606.0,43.0,260.0,15,20,30,34,38,73,63,83,33.0,W,63,83,22.0,24.0,31.0,29.0,72.0,18.0,38.0,60.0,287.0
2025,Round 7,7,False,2025-04-24,2025-04-24,CD_M20250140701,MCG,Richmond,Melbourne,False,7.0,11,9,2.0,9.0,60.0,7.0,108.0,124.0,326.0,243.0,144.0,5.0,26.0,19.0,6.0,9.0,12,9,70.0,128.0,36.0,14.0,43.0,21.0,62.0,198.0,-20,94.0,9.0,5.0,5339.0,40.0,255.0,20,15,34,30,73,38,83,63,34.0,L,83,63,18.0,20.0,25.0,29.0,42.0,8.0,38.0,69.0,208.0
2025,Round 7,7,False,2025-04-25,2025-04-25,CD_M20250140702,MCG,Collingwood,Essendon,True,9.0,6,11,2.0,16.0,65.0,8.0,136.0,126.0,375.0,268.0,148.0,15.0,19.0,14.0,14.0,16.0,10,16,91.0,154.0,39.0,14.0,59.0,21.0,74.0,221.0,41,95.0,16.0,11.0,6257.0,64.0,273.0,7,22,33,41,51,75,66,107,33.0,W,66,107,27.0,31.0,38.0,32.0,62.0,11.0,48.0,76.0,233.0
2025,Round 7,7,False,2025-04-25,2025-04-25,CD_M20250140702,MCG,Essendon,Collingwood,False,5.0,11,6,1.0,13.0,69.0,15.0,131.0,140.0,349.0,228.0,116.0,12.0,14.0,19.0,6.0,10.0,16,10,82.0,133.0,50.0,12.0,43.0,18.0,76.0,216.0,-41,79.0,8.0,4.0,5420.0,48.0,279.0,22,7,41,33,75,51,107,66,43.0,L,107,66,15.0,20.0,32.0,21.0,49.0,5.0,34.0,75.0,196.0
2025,Round 7,7,False,2025-04-25,2025-04-25,CD_M20250140703,Optus Stadium,Fremantle,Adelaide,True,10.0,13,13,7.0,11.0,49.0,7.0,128.0,98.0,340.0,241.0,114.0,14.0,25.0,24.0,9.0,12.0,9,12,78.0,156.0,38.0,14.0,53.0,13.0,51.0,184.0,18,74.0,7.0,6.0,5620.0,49.0,251.0,13,38,34,54,38,80,67,85,33.0,W,67,85,25.0,24.0,32.0,27.0,53.0,8.0,38.0,54.0,206.0
2025,Round 7,7,False,2025-04-25,2025-04-25,CD_M20250140703,Optus Stadium,Adelaide,Fremantle,False,11.0,13,13,2.0,7.0,56.0,8.0,122.0,126.0,326.0,228.0,123.0,8.0,24.0,25.0,8.0,9.0,12,9,78.0,119.0,37.0,9.0,42.0,8.0,54.0,207.0,-18,81.0,14.0,10.0,5363.0,38.0,260.0,38,13,54,34,80,38,85,67,40.0,L,85,67,22.0,24.0,31.0,23.0,72.0,18.0,30.0,50.0,194.0
2025,Round 7,7,False,2025-04-26,2025-04-26,CD_M20250140705,Marvel Stadium,St Kilda,Brisbane Lions,True,5.0,16,7,7.0,12.0,67.0,5.0,134.0,177.0,388.0,283.0,133.0,7.0,19.0,15.0,9.0,11.0,17,11,96.0,179.0,47.0,13.0,43.0,8.0,59.0,209.0,-45,77.0,7.0,4.0,5516.0,49.0,321.0,30,12,56,22,85,47,118,73,47.0,L,118,73,18.0,17.0,34.0,22.0,57.0,10.0,34.0,59.0,241.0
2025,Round 7,7,False,2025-04-26,2025-04-26,CD_M20250140705,Marvel Stadium,Brisbane Lions,St Kilda,False,14.0,7,16,5.0,15.0,49.0,4.0,142.0,111.0,410.0,305.0,161.0,23.0,15.0,19.0,9.0,17.0,11,17,106.0,171.0,41.0,8.0,66.0,11.0,59.0,239.0,45,95.0,18.0,3.0,6051.0,43.0,311.0,12,30,22,56,47,85,73,118,31.0,W,73,118,33.0,39.0,35.0,37.0,57.0,17.0,52.0,59.0,255.0
2025,Round 7,7,False,2025-04-26,2025-04-26,CD_M20250140704,Adelaide Oval,Port Adelaide,North Melbourne,True,11.0,10,13,4.0,13.0,67.0,9.0,130.0,113.0,325.0,229.0,122.0,12.0,26.0,20.0,11.0,14.0,13,14,99.0,130.0,48.0,5.0,56.0,15.0,63.0,195.0,9,72.0,15.0,6.0,5808.0,33.0,279.0,16,45,47,59,67,80,88,97,35.0,W,88,97,27.0,29.0,28.0,32.0,83.0,15.0,45.0,58.0,181.0
2025,Round 7,7,False,2025-04-26,2025-04-26,CD_M20250140704,Adelaide Oval,North Melbourne,Port Adelaide,False,10.0,13,10,5.0,14.0,60.0,6.0,148.0,126.0,339.0,231.0,111.0,12.0,20.0,26.0,8.0,13.0,14,13,93.0,149.0,46.0,14.0,49.0,14.0,59.0,190.0,-9,48.0,11.0,3.0,5851.0,47.0,249.0,45,16,59,47,80,67,97,88,42.0,L,97,88,23.0,27.0,32.0,32.0,54.0,15.0,46.0,62.0,179.0
2025,Round 7,7,False,2025-04-26,2025-04-26,CD_M20250140706,Corroboree Group Oval Manuka,Greater Western Sydney,Western Bulldogs,True,9.0,11,9,10.0,12.0,66.0,11.0,143.0,136.0,394.0,297.0,166.0,28.0,22.0,17.0,10.0,12.0,17,12,100.0,161.0,39.0,6.0,45.0,13.0,63.0,233.0,-32,95.0,6.0,15.0,6226.0,50.0,262.0,15,21,53,48,86,49,113,81,42.0,L,113,81,21.0,29.0,37.0,21.0,52.0,12.0,33.0,55.0,244.0
2025,Round 7,7,False,2025-04-26,2025-04-26,CD_M20250140706,Corroboree Group Oval Manuka,Western Bulldogs,Greater Western Sydney,False,7.0,9,11,5.0,18.0,49.0,3.0,141.0,111.0,352.0,250.0,124.0,22.0,17.0,22.0,12.0,17.0,12,17,100.0,155.0,38.0,6.0,60.0,12.0,55.0,197.0,32,62.0,7.0,8.0,6077.0,45.0,274.0,21,15,48,53,49,86,81,113,32.0,W,81,113,28.0,26.0,28.0,37.0,45.0,11.0,55.0,63.0,202.0
2025,Round 7,7,False,2025-04-27,2025-04-27,CD_M20250140707,People First Stadium,Gold Coast,Sydney,True,13.0,7,15,10.0,14.0,58.0,9.0,131.0,109.0,342.0,251.0,132.0,15.0,23.0,21.0,9.0,17.0,12,17,85.0,152.0,35.0,13.0,56.0,17.0,65.0,190.0,38,83.0,13.0,9.0,6581.0,45.0,247.0,39,14,59,42,60,84,79,117,40.0,W,79,117,32.0,31.0,32.0,25.0,51.0,9.0,39.0,62.0,208.0
2025,Round 7,7,False,2025-04-27,2025-04-27,CD_M20250140707,People First Stadium,Sydney,Gold Coast,False,7.0,15,7,18.0,13.0,67.0,7.0,110.0,121.0,355.0,260.0,144.0,14.0,21.0,23.0,9.0,12.0,17,12,64.0,137.0,37.0,13.0,52.0,15.0,63.0,218.0,-38,96.0,9.0,5.0,5825.0,32.0,237.0,14,39,42,59,84,60,117,79,38.0,L,117,79,19.0,24.0,21.0,17.0,51.0,12.0,30.0,65.0,238.0
2025,Round 7,7,False,2025-04-27,2025-04-27,CD_M20250140708,MCG,Carlton,Geelong,True,6.0,4,10,3.0,10.0,45.0,18.0,145.0,114.0,395.0,302.0,163.0,10.0,11.0,20.0,12.0,14.0,12,14,84.0,165.0,43.0,16.0,63.0,22.0,74.0,230.0,18,117.0,14.0,3.0,6536.0,42.0,261.0,20,21,34,53,52,80,76,94,30.0,W,76,94,24.0,24.0,32.0,30.0,70.0,12.0,40.0,67.0,255.0
2025,Round 7,7,False,2025-04-27,2025-04-27,CD_M20250140708,MCG,Geelong,Carlton,False,4.0,10,4,4.0,11.0,65.0,8.0,136.0,145.0,328.0,222.0,119.0,15.0,20.0,11.0,7.0,12.0,14,12,105.0,130.0,38.0,9.0,44.0,20.0,67.0,198.0,-18,69.0,9.0,4.0,5993.0,54.0,272.0,21,20,53,34,80,52,94,76,49.0,L,94,76,16.0,21.0,42.0,23.0,67.0,4.0,34.0,73.0,180.0
2025,Round 7,7,False,2025-04-27,2025-04-27,CD_M20250140709,Marvel Stadium,Hawthorn,West Coast,True,15.0,8,16,10.0,15.0,42.0,9.0,142.0,154.0,393.0,272.0,127.0,9.0,11.0,24.0,14.0,18.0,11,18,90.0,178.0,60.0,22.0,56.0,12.0,71.0,215.0,50,86.0,23.0,11.0,6181.0,34.0,290.0,13,20,29,64,49,86,74,124,39.0,W,74,124,34.0,38.0,27.0,30.0,79.0,11.0,45.0,68.0,241.0
2025,Round 7,7,False,2025-04-27,2025-04-27,CD_M20250140709,Marvel Stadium,West Coast,Hawthorn,False,8.0,16,8,7.0,12.0,69.0,7.0,126.0,141.0,312.0,207.0,92.0,17.0,24.0,11.0,5.0,11.0,18,11,91.0,145.0,37.0,12.0,50.0,16.0,68.0,167.0,-50,62.0,6.0,4.0,5140.0,31.0,329.0,20,13,64,29,86,49,124,74,36.0,L,124,74,19.0,22.0,20.0,24.0,65.0,15.0,36.0,71.0,180.0
2025,Round 8,8,False,2025-05-01,2025-05-01,CD_M20250140801,Marvel Stadium,Essendon,North Melbourne,True,10.0,8,11,9.0,6.0,56.0,5.0,127.0,113.0,368.0,270.0,124.0,10.0,22.0,30.0,6.0,9.0,9,9,86.0,174.0,26.0,8.0,41.0,8.0,62.0,194.0,3,90.0,13.0,13.0,5057.0,40.0,270.0,15,37,22,47,54,55,62,65,36.0,W,62,65,20.0,24.0,29.0,24.0,68.0,4.0,30.0,55.0,238.0
2025,Round 8,8,False,2025-05-01,2025-05-01,CD_M20250140801,Marvel Stadium,North Melbourne,Essendon,False,5.0,11,8,4.0,8.0,62.0,7.0,122.0,124.0,338.0,253.0,125.0,13.0,30.0,22.0,5.0,9.0,9,9,75.0,153.0,41.0,14.0,46.0,10.0,56.0,185.0,-3,77.0,11.0,10.0,5178.0,35.0,261.0,37,15,47,22,55,54,65,62,31.0,L,65,62,17.0,21.0,22.0,26.0,61.0,13.0,34.0,62.0,211.0
2025,Round 8,8,False,2025-05-02,2025-05-02,CD_M20250140802,Marvel Stadium,St Kilda,Fremantle,True,9.0,3,10,3.0,13.0,67.0,4.0,151.0,87.0,378.0,270.0,149.0,22.0,21.0,30.0,12.0,14.0,5,14,101.0,147.0,38.0,11.0,61.0,11.0,60.0,231.0,61,95.0,15.0,10.0,5616.0,32.0,212.0,6,14,7,27,15,54,33,94,28.0,W,33,94,24.0,31.0,14.0,37.0,76.0,9.0,50.0,60.0,233.0
2025,Round 8,8,False,2025-05-02,2025-05-02,CD_M20250140802,Marvel Stadium,Fremantle,St Kilda,False,3.0,10,3,5.0,5.0,67.0,16.0,103.0,145.0,286.0,210.0,119.0,9.0,30.0,21.0,3.0,5.0,14,5,63.0,121.0,51.0,7.0,34.0,15.0,60.0,165.0,-61,82.0,4.0,6.0,4828.0,40.0,278.0,14,6,27,7,54,15,94,33,46.0,L,94,33,8.0,10.0,26.0,17.0,87.0,18.0,22.0,60.0,175.0
2025,Round 8,8,False,2025-05-03,2025-05-03,CD_M20250140803,Mars Stadium,Western Bulldogs,Port Adelaide,True,10.0,11,11,5.0,17.0,45.0,12.0,147.0,96.0,415.0,309.0,150.0,19.0,15.0,22.0,13.0,20.0,5,20,95.0,190.0,35.0,12.0,67.0,16.0,60.0,225.0,90,87.0,15.0,8.0,6412.0,41.0,248.0,16,13,25,51,38,96,41,131,35.0,W,41,131,31.0,35.0,24.0,32.0,57.0,13.0,49.0,55.0,259.0
2025,Round 8,8,False,2025-05-03,2025-05-03,CD_M20250140803,Mars Stadium,Port Adelaide,Western Bulldogs,False,9.0,11,11,8.0,8.0,61.0,10.0,131.0,177.0,305.0,205.0,96.0,12.0,22.0,15.0,2.0,5.0,20,5,94.0,143.0,55.0,12.0,41.0,13.0,55.0,162.0,-90,57.0,8.0,6.0,5205.0,39.0,305.0,13,16,51,25,96,38,131,41,47.0,L,131,41,15.0,19.0,31.0,27.0,65.0,18.0,35.0,60.0,168.0
2025,Round 8,8,False,2025-05-03,2025-05-03,CD_M20250140804,Adelaide Oval,Adelaide,Carlton,True,13.0,8,14,8.0,16.0,47.0,17.0,129.0,75.0,380.0,304.0,164.0,12.0,24.0,20.0,15.0,16.0,7,16,80.0,156.0,45.0,14.0,58.0,23.0,62.0,224.0,60,120.0,20.0,5.0,5986.0,40.0,210.0,14,33,22,55,36,88,50,110,29.0,W,50,110,30.0,31.0,28.0,22.0,36.0,8.0,38.0,58.0,255.0
2025,Round 8,8,False,2025-05-03,2025-05-03,CD_M20250140804,Adelaide Oval,Carlton,Adelaide,False,5.0,14,8,7.0,6.0,48.0,9.0,112.0,139.0,311.0,228.0,133.0,12.0,19.0,24.0,4.0,7.0,16,7,70.0,117.0,19.0,7.0,36.0,13.0,59.0,194.0,-60,94.0,6.0,9.0,4972.0,36.0,267.0,33,14,55,22,88,36,110,50,42.0,L,110,50,15.0,15.0,30.0,24.0,46.0,6.0,30.0,59.0,192.0
2025,Round 8,8,False,2025-05-03,2025-05-03,CD_M20250140805,MCG,Collingwood,Geelong,True,12.0,12,15,10.0,16.0,60.0,11.0,117.0,126.0,352.0,263.0,150.0,13.0,21.0,14.0,10.0,12.0,13,12,66.0,134.0,51.0,12.0,53.0,14.0,61.0,218.0,-3,108.0,18.0,13.0,5857.0,36.0,262.0,26,29,42,49,63,70,90,87,33.0,L,90,87,26.0,30.0,25.0,21.0,64.0,14.0,37.0,55.0,226.0
2025,Round 8,8,False,2025-05-03,2025-05-03,CD_M20250140805,MCG,Geelong,Collingwood,False,8.0,15,12,12.0,10.0,57.0,12.0,130.0,132.0,334.0,246.0,140.0,15.0,14.0,21.0,11.0,13.0,12,13,86.0,137.0,32.0,9.0,47.0,13.0,55.0,197.0,3,78.0,9.0,3.0,5824.0,44.0,256.0,29,26,49,42,70,63,87,90,40.0,W,87,90,24.0,23.0,30.0,26.0,56.0,13.0,36.0,60.0,196.0
2025,Round 8,8,False,2025-05-03,2025-05-03,CD_M20250140806,Optus Stadium,West Coast,Melbourne,True,10.0,12,10,6.0,10.0,61.0,14.0,133.0,150.0,317.0,222.0,123.0,10.0,23.0,22.0,8.0,11.0,16,11,86.0,134.0,27.0,6.0,43.0,13.0,70.0,183.0,-32,74.0,11.0,8.0,5775.0,38.0,274.0,14,5,25,31,72,43,108,76,42.0,L,108,76,21.0,22.0,25.0,16.0,58.0,5.0,26.0,58.0,177.0
2025,Round 8,8,False,2025-05-03,2025-05-03,CD_M20250140806,Optus Stadium,Melbourne,West Coast,False,11.0,10,12,7.0,18.0,62.0,10.0,150.0,86.0,364.0,263.0,146.0,16.0,22.0,23.0,8.0,16.0,11,16,92.0,154.0,49.0,14.0,59.0,13.0,58.0,210.0,32,87.0,16.0,9.0,5993.0,48.0,226.0,5,14,31,25,43,72,76,108,31.0,W,76,108,27.0,30.0,35.0,31.0,56.0,17.0,49.0,70.0,215.0
2025,Round 8,8,False,2025-05-04,2025-05-04,CD_M20250140807,SCG,Sydney,Greater Western Sydney,True,12.0,13,15,11.0,10.0,53.0,4.0,112.0,136.0,316.0,237.0,138.0,9.0,27.0,9.0,11.0,12.0,10,12,86.0,117.0,37.0,9.0,54.0,11.0,61.0,199.0,14,81.0,16.0,12.0,6011.0,44.0,297.0,13,34,35,41,44,58,73,87,44.0,W,73,87,27.0,27.0,32.0,25.0,56.0,10.0,35.0,60.0,193.0
2025,Round 8,8,False,2025-05-04,2025-05-04,CD_M20250140807,SCG,Greater Western Sydney,Sydney,False,11.0,15,13,7.0,12.0,45.0,7.0,143.0,119.0,369.0,267.0,127.0,21.0,9.0,27.0,4.0,10.0,12,10,95.0,167.0,38.0,13.0,54.0,9.0,61.0,202.0,-14,79.0,9.0,12.0,5977.0,35.0,258.0,34,13,41,35,58,44,87,73,41.0,L,87,73,23.0,26.0,26.0,26.0,49.0,8.0,38.0,61.0,213.0
2025,Round 8,8,False,2025-05-04,2025-05-04,CD_M20250140808,MCG,Hawthorn,Richmond,True,10.0,8,13,13.0,9.0,43.0,11.0,117.0,97.0,428.0,348.0,177.0,14.0,10.0,23.0,12.0,16.0,6,16,68.0,190.0,39.0,11.0,51.0,15.0,61.0,238.0,65,120.0,21.0,12.0,6430.0,26.0,201.0,3,17,16,50,28,77,44,109,36.0,W,44,109,29.0,30.0,19.0,20.0,46.0,5.0,29.0,50.0,306.0
2025,Round 8,8,False,2025-05-04,2025-05-04,CD_M20250140808,MCG,Richmond,Hawthorn,False,8.0,13,8,7.0,8.0,56.0,6.0,84.0,120.0,311.0,244.0,128.0,7.0,23.0,10.0,5.0,6.0,16,6,60.0,131.0,29.0,6.0,42.0,16.0,51.0,180.0,-65,94.0,13.0,4.0,5287.0,27.0,268.0,17,3,50,16,77,28,109,44,34.0,L,109,44,14.0,20.0,22.0,14.0,46.0,6.0,22.0,61.0,218.0
2025,Round 8,8,False,2025-05-04,2025-05-04,CD_M20250140809,Gabba,Brisbane Lions,Gold Coast,True,9.0,7,12,5.0,12.0,55.0,8.0,147.0,101.0,373.0,265.0,164.0,17.0,21.0,24.0,5.0,9.0,7,9,99.0,124.0,39.0,10.0,56.0,12.0,67.0,249.0,17,108.0,8.0,7.0,5869.0,55.0,259.0,7,10,21,32,29,63,49,66,33.0,W,49,66,21.0,25.0,39.0,35.0,67.0,17.0,47.0,64.0,217.0
2025,Round 8,8,False,2025-05-04,2025-05-04,CD_M20250140809,Gabba,Gold Coast,Brisbane Lions,False,5.0,12,7,3.0,5.0,55.0,9.0,125.0,148.0,329.0,255.0,126.0,18.0,24.0,21.0,2.0,7.0,9,7,85.0,152.0,51.0,7.0,40.0,18.0,64.0,177.0,-17,71.0,4.0,6.0,5565.0,58.0,243.0,10,7,32,21,63,29,66,49,47.0,L,66,49,14.0,14.0,48.0,23.0,52.0,7.0,28.0,66.0,201.0
2025,Round 9,9,False,2025-05-08,2025-05-08,CD_M20250140901,Optus Stadium,Fremantle,Collingwood,True,8.0,7,11,8.0,20.0,51.0,11.0,134.0,82.0,375.0,283.0,144.0,16.0,16.0,17.0,9.0,12.0,15,12,85.0,169.0,33.0,9.0,62.0,11.0,55.0,206.0,-14,102.0,6.0,4.0,5846.0,39.0,207.0,32,27,57,47,71,56,97,83,19.0,L,97,83,22.0,25.0,21.0,23.0,48.0,10.0,43.0,61.0,244.0
2025,Round 9,9,False,2025-05-08,2025-05-08,CD_M20250140901,Optus Stadium,Collingwood,Fremantle,False,7.0,11,7,2.0,8.0,46.0,10.0,122.0,141.0,300.0,210.0,135.0,15.0,17.0,16.0,11.0,15.0,12,15,84.0,110.0,35.0,8.0,34.0,23.0,61.0,190.0,14,94.0,14.0,11.0,5622.0,42.0,274.0,27,32,47,57,56,71,83,97,48.0,W,83,97,22.0,25.0,27.0,22.0,66.0,10.0,30.0,55.0,170.0
2025,Round 9,9,False,2025-05-09,2025-05-09,CD_M20250140902,MCG,St Kilda,Carlton,True,6.0,11,8,3.0,10.0,63.0,7.0,109.0,147.0,341.0,254.0,146.0,16.0,18.0,24.0,5.0,9.0,11,9,71.0,125.0,34.0,5.0,46.0,14.0,55.0,216.0,-15,108.0,8.0,6.0,5311.0,36.0,270.0,27,24,54,40,62,48,77,62,35.0,L,77,62,17.0,19.0,23.0,23.0,74.0,22.0,33.0,56.0,223.0
2025,Round 9,9,False,2025-05-09,2025-05-09,CD_M20250140902,MCG,Carlton,St Kilda,False,7.0,8,11,1.0,11.0,58.0,8.0,125.0,128.0,343.0,248.0,149.0,19.0,24.0,18.0,9.0,11.0,9,11,76.0,124.0,42.0,8.0,46.0,19.0,56.0,219.0,15,107.0,13.0,10.0,5106.0,43.0,256.0,24,27,40,54,48,62,62,77,36.0,W,62,77,21.0,24.0,32.0,32.0,69.0,18.0,43.0,54.0,216.0
2025,Round 9,9,False,2025-05-10,2025-05-10,CD_M20250140903,MCG,Melbourne,Hawthorn,True,13.0,13,14,9.0,11.0,59.0,7.0,129.0,157.0,364.0,279.0,151.0,10.0,22.0,22.0,5.0,7.0,13,7,78.0,146.0,42.0,13.0,48.0,14.0,66.0,218.0,-35,98.0,8.0,4.0,5725.0,49.0,299.0,21,15,35,34,50,49,91,56,37.0,L,91,56,21.0,23.0,34.0,27.0,61.0,5.0,38.0,73.0,241.0
2025,Round 9,9,False,2025-05-10,2025-05-10,CD_M20250140903,MCG,Hawthorn,Melbourne,False,12.0,14,13,10.0,8.0,51.0,10.0,117.0,123.0,372.0,294.0,148.0,14.0,22.0,22.0,12.0,13.0,7,13,77.0,167.0,27.0,8.0,50.0,19.0,73.0,205.0,35,98.0,14.0,6.0,6315.0,45.0,277.0,15,21,34,35,49,50,56,91,39.0,W,56,91,26.0,27.0,33.0,19.0,44.0,8.0,27.0,66.0,246.0
2025,Round 9,9,False,2025-05-10,2025-05-10,CD_M20250140904,Marvel Stadium,Essendon,Sydney,True,4.0,15,5,10.0,10.0,56.0,10.0,118.0,125.0,444.0,347.0,163.0,7.0,17.0,21.0,6.0,11.0,8,11,73.0,210.0,35.0,10.0,45.0,19.0,70.0,234.0,8,126.0,10.0,9.0,5885.0,43.0,265.0,7,19,16,55,40,70,63,71,53.0,W,63,71,16.0,15.0,36.0,22.0,60.0,7.0,32.0,72.0,320.0
2025,Round 9,9,False,2025-05-10,2025-05-10,CD_M20250140904,Marvel Stadium,Sydney,Essendon,False,14.0,5,15,13.0,5.0,66.0,8.0,140.0,111.0,348.0,248.0,134.0,16.0,21.0,17.0,7.0,8.0,11,8,99.0,140.0,32.0,9.0,61.0,22.0,72.0,208.0,-8,92.0,7.0,4.0,5936.0,31.0,264.0,19,7,55,16,70,40,71,63,33.0,L,71,63,22.0,24.0,24.0,27.0,46.0,6.0,32.0,70.0,210.0
2025,Round 9,9,False,2025-05-10,2025-05-10,CD_M20250140905,TIO Stadium,Gold Coast,Western Bulldogs,True,13.0,12,16,5.0,14.0,46.0,10.0,135.0,153.0,353.0,265.0,139.0,17.0,15.0,11.0,10.0,15.0,14,15,97.0,160.0,41.0,9.0,62.0,14.0,71.0,193.0,10,74.0,11.0,3.0,7439.0,54.0,298.0,21,29,37,44,63,85,96,106,34.0,W,96,106,30.0,31.0,40.0,23.0,48.0,9.0,37.0,67.0,211.0
2025,Round 9,9,False,2025-05-10,2025-05-10,CD_M20250140905,TIO Stadium,Western Bulldogs,Gold Coast,False,11.0,16,12,3.0,15.0,54.0,4.0,121.0,129.0,399.0,298.0,148.0,16.0,11.0,15.0,8.0,14.0,15,14,89.0,173.0,41.0,8.0,49.0,17.0,67.0,226.0,-10,100.0,9.0,8.0,7143.0,50.0,293.0,29,21,44,37,85,63,106,96,47.0,L,106,96,26.0,28.0,33.0,19.0,68.0,13.0,34.0,71.0,263.0
2025,Round 9,9,False,2025-05-10,2025-05-10,CD_M20250140906,Adelaide Oval,Port Adelaide,Adelaide,True,11.0,11,12,6.0,14.0,60.0,6.0,148.0,91.0,348.0,234.0,112.0,26.0,20.0,19.0,6.0,12.0,13,12,105.0,144.0,38.0,14.0,62.0,14.0,56.0,204.0,-5,74.0,13.0,7.0,6001.0,69.0,226.0,22,19,50,45,68,66,89,84,26.0,L,89,84,24.0,29.0,53.0,42.0,59.0,10.0,56.0,70.0,194.0
2025,Round 9,9,False,2025-05-10,2025-05-10,CD_M20250140906,Adelaide Oval,Adelaide,Port Adelaide,False,6.0,12,11,5.0,11.0,54.0,13.0,135.0,143.0,317.0,216.0,141.0,16.0,19.0,20.0,12.0,13.0,12,13,102.0,107.0,46.0,6.0,41.0,20.0,72.0,210.0,5,79.0,12.0,4.0,5987.0,31.0,262.0,19,22,45,50,66,68,84,89,50.0,W,84,89,24.0,23.0,23.0,18.0,77.0,7.0,29.0,56.0,162.0
2025,Round 9,9,False,2025-05-11,2025-05-11,CD_M20250140907,MCG,Richmond,West Coast,True,11.0,13,15,10.0,9.0,54.0,12.0,143.0,95.0,352.0,247.0,124.0,15.0,23.0,22.0,7.0,11.0,11,11,99.0,161.0,40.0,9.0,54.0,17.0,65.0,191.0,2,73.0,10.0,6.0,5868.0,39.0,272.0,15,22,48,49,65,69,79,81,38.0,W,79,81,24.0,25.0,26.0,25.0,56.0,17.0,34.0,55.0,201.0
2025,Round 9,9,False,2025-05-11,2025-05-11,CD_M20250140907,MCG,West Coast,Richmond,False,11.0,15,13,12.0,16.0,55.0,7.0,130.0,132.0,331.0,243.0,123.0,11.0,22.0,23.0,7.0,11.0,11,11,87.0,142.0,38.0,8.0,50.0,6.0,56.0,189.0,-2,72.0,11.0,4.0,5713.0,52.0,300.0,22,15,49,48,69,65,81,79,42.0,L,81,79,24.0,25.0,39.0,19.0,71.0,12.0,35.0,64.0,202.0
2025,Round 9,9,False,2025-05-11,2025-05-11,CD_M20250140908,GMHBA Stadium,Geelong,Greater Western Sydney,True,14.0,9,17,5.0,19.0,37.0,11.0,128.0,125.0,345.0,255.0,146.0,22.0,10.0,17.0,7.0,14.0,16,14,86.0,135.0,30.0,8.0,61.0,13.0,60.0,210.0,-4,98.0,16.0,9.0,6222.0,44.0,303.0,32,22,61,62,85,78,105,101,29.0,L,105,101,31.0,33.0,31.0,21.0,69.0,19.0,40.0,54.0,214.0
2025,Round 9,9,False,2025-05-11,2025-05-11,CD_M20250140908,GMHBA Stadium,Greater Western Sydney,Geelong,False,7.0,17,9,5.0,10.0,56.0,9.0,135.0,131.0,367.0,266.0,130.0,17.0,17.0,10.0,13.0,16.0,14,16,106.0,171.0,43.0,7.0,46.0,9.0,54.0,196.0,4,83.0,11.0,1.0,6121.0,57.0,267.0,22,32,62,61,78,85,101,105,45.0,W,101,105,24.0,30.0,41.0,20.0,62.0,14.0,30.0,60.0,221.0
2025,Round 9,9,False,2025-05-11,2025-05-11,CD_M20250140909,Ninja Stadium,North Melbourne,Brisbane Lions,True,9.0,11,11,8.0,10.0,50.0,11.0,139.0,126.0,336.0,227.0,107.0,12.0,15.0,18.0,7.0,10.0,10,10,92.0,141.0,38.0,14.0,51.0,20.0,64.0,195.0,0,71.0,13.0,4.0,5620.0,36.0,281.0,15,6,40,20,51,42,71,71,40.0,D,71,71,21.0,29.0,28.0,37.0,57.0,9.0,47.0,71.0,191.0
2025,Round 9,9,False,2025-05-11,2025-05-11,CD_M20250140909,Ninja Stadium,Brisbane Lions,North Melbourne,False,9.0,11,11,3.0,10.0,54.0,10.0,123.0,123.0,360.0,258.0,138.0,13.0,18.0,15.0,7.0,10.0,10,10,86.0,148.0,41.0,8.0,51.0,20.0,70.0,212.0,0,94.0,13.0,7.0,5529.0,54.0,288.0,6,15,20,40,42,51,71,71,41.0,D,71,71,21.0,22.0,43.0,22.0,66.0,11.0,32.0,65.0,223.0
2025,Round 10,10,False,2025-05-15,2025-05-15,CD_M20250141001,TIO Stadium,Gold Coast,Hawthorn,True,5.0,6,8,12.0,19.0,58.0,8.0,144.0,124.0,363.0,279.0,141.0,18.0,23.0,19.0,11.0,16.0,15,16,93.0,169.0,54.0,18.0,59.0,18.0,69.0,194.0,8,72.0,7.0,3.0,7391.0,55.0,264.0,12,32,44,58,75,72,96,104,43.0,W,96,104,24.0,23.0,35.0,31.0,68.0,12.0,50.0,72.0,219.0
2025,Round 10,10,False,2025-05-15,2025-05-15,CD_M20250141001,TIO Stadium,Hawthorn,Gold Coast,False,6.0,8,6,11.0,10.0,63.0,11.0,148.0,133.0,342.0,236.0,124.0,12.0,19.0,23.0,10.0,15.0,16,15,107.0,134.0,37.0,7.0,59.0,10.0,72.0,208.0,-8,70.0,10.0,10.0,7105.0,43.0,294.0,32,12,58,44,72,75,104,96,42.0,L,104,96,21.0,26.0,26.0,25.0,58.0,11.0,35.0,69.0,189.0
2025,Round 10,10,False,2025-05-16,2025-05-16,CD_M20250141002,SCG,Sydney,Carlton,True,12.0,8,12,4.0,11.0,66.0,4.0,158.0,133.0,371.0,247.0,120.0,21.0,22.0,22.0,6.0,11.0,9,11,114.0,159.0,52.0,13.0,53.0,6.0,73.0,212.0,16,54.0,6.0,1.0,6090.0,55.0,272.0,26,20,40,33,48,43,62,78,43.0,W,62,78,23.0,27.0,46.0,34.0,67.0,3.0,45.0,75.0,196.0
2025,Round 10,10,False,2025-05-16,2025-05-16,CD_M20250141002,SCG,Carlton,Sydney,False,4.0,12,8,5.0,8.0,70.0,6.0,147.0,179.0,358.0,233.0,121.0,17.0,22.0,22.0,7.0,9.0,11,9,104.0,140.0,28.0,4.0,54.0,15.0,75.0,218.0,-16,70.0,10.0,11.0,6188.0,57.0,312.0,20,26,33,40,43,48,78,62,42.0,L,78,62,17.0,22.0,36.0,28.0,71.0,9.0,36.0,73.0,198.0
2025,Round 10,10,False,2025-05-17,2025-05-17,CD_M20250141003,MCG,Collingwood,Adelaide,True,6.0,8,12,4.0,9.0,67.0,9.0,139.0,121.0,343.0,238.0,125.0,11.0,22.0,20.0,6.0,11.0,10,11,96.0,149.0,26.0,6.0,47.0,17.0,89.0,194.0,10,69.0,13.0,4.0,6438.0,46.0,242.0,20,27,38,43,47,63,68,78,42.0,W,68,78,23.0,25.0,28.0,20.0,59.0,7.0,29.0,74.0,197.0
2025,Round 10,10,False,2025-05-17,2025-05-17,CD_M20250141003,MCG,Adelaide,Collingwood,False,5.0,12,8,0.0,12.0,71.0,15.0,137.0,119.0,327.0,225.0,124.0,12.0,20.0,22.0,8.0,10.0,11,10,88.0,125.0,40.0,12.0,55.0,17.0,73.0,202.0,-10,72.0,11.0,4.0,6156.0,42.0,267.0,27,20,43,38,63,47,78,68,35.0,L,78,68,17.0,25.0,29.0,27.0,53.0,8.0,39.0,89.0,174.0
2025,Round 10,10,False,2025-05-17,2025-05-17,CD_M20250141004,Adelaide Oval,Port Adelaide,Geelong,True,8.0,13,9,3.0,8.0,53.0,7.0,115.0,126.0,365.0,265.0,119.0,9.0,21.0,24.0,2.0,5.0,17,5,75.0,169.0,37.0,7.0,43.0,16.0,57.0,196.0,-76,90.0,5.0,4.0,5283.0,42.0,281.0,19,16,33,24,69,33,115,39,39.0,L,115,39,14.0,14.0,31.0,22.0,47.0,7.0,30.0,60.0,242.0
2025,Round 10,10,False,2025-05-17,2025-05-17,CD_M20250141004,Adelaide Oval,Geelong,Port Adelaide,False,9.0,9,13,11.0,12.0,54.0,3.0,125.0,116.0,363.0,276.0,165.0,16.0,24.0,21.0,12.0,17.0,5,17,90.0,128.0,35.0,11.0,58.0,16.0,61.0,235.0,76,107.0,16.0,13.0,6354.0,39.0,287.0,16,19,24,33,33,69,39,115,37.0,W,39,115,28.0,29.0,30.0,31.0,52.0,15.0,43.0,57.0,226.0
2025,Round 10,10,False,2025-05-17,2025-05-17,CD_M20250141005,ENGIE Stadium,Greater Western Sydney,Fremantle,True,10.0,17,13,11.0,8.0,52.0,5.0,112.0,121.0,322.0,240.0,136.0,14.0,19.0,21.0,5.0,8.0,13,8,74.0,128.0,37.0,11.0,45.0,10.0,55.0,194.0,-34,87.0,12.0,9.0,5664.0,44.0,235.0,22,16,40,29,63,34,95,61,42.0,L,95,61,21.0,22.0,32.0,24.0,62.0,10.0,32.0,56.0,199.0
2025,Round 10,10,False,2025-05-17,2025-05-17,CD_M20250141005,ENGIE Stadium,Fremantle,Greater Western Sydney,False,15.0,13,17,2.0,15.0,47.0,7.0,131.0,91.0,336.0,240.0,128.0,19.0,21.0,19.0,8.0,13.0,8,13,90.0,146.0,37.0,11.0,56.0,14.0,56.0,190.0,34,72.0,11.0,8.0,6022.0,37.0,231.0,16,22,29,40,34,63,61,95,35.0,W,61,95,30.0,31.0,29.0,28.0,49.0,12.0,43.0,55.0,187.0
2025,Round 10,10,False,2025-05-17,2025-05-17,CD_M20250141006,Marvel Stadium,Western Bulldogs,Essendon,True,16.0,6,19,13.0,11.0,57.0,13.0,125.0,106.0,469.0,378.0,174.0,28.0,17.0,13.0,15.0,18.0,5,18,88.0,219.0,20.0,5.0,61.0,22.0,65.0,250.0,91,112.0,21.0,15.0,6220.0,38.0,247.0,3,45,9,68,28,103,36,127,32.0,W,36,127,36.0,40.0,18.0,23.0,44.0,16.0,34.0,55.0,341.0
2025,Round 10,10,False,2025-05-17,2025-05-17,CD_M20250141006,Marvel Stadium,Essendon,Western Bulldogs,False,6.0,19,6,11.0,12.0,56.0,12.0,109.0,206.0,385.0,295.0,137.0,10.0,13.0,17.0,3.0,5.0,18,5,68.0,182.0,44.0,12.0,37.0,15.0,55.0,203.0,-91,102.0,9.0,10.0,4827.0,34.0,375.0,45,3,68,9,103,28,127,36,41.0,L,127,36,11.0,16.0,28.0,14.0,46.0,5.0,26.0,64.0,258.0
2025,Round 10,10,False,2025-05-18,2025-05-18,CD_M20250141007,MCG,Richmond,North Melbourne,True,8.0,6,8,6.0,4.0,42.0,10.0,134.0,121.0,334.0,239.0,112.0,15.0,19.0,17.0,4.0,11.0,12,11,93.0,159.0,53.0,12.0,49.0,19.0,63.0,175.0,-4,72.0,9.0,2.0,5234.0,44.0,291.0,36,13,43,38,65,60,78,74,31.0,L,78,74,19.0,23.0,28.0,29.0,92.0,22.0,33.0,46.0,202.0
2025,Round 10,10,False,2025-05-18,2025-05-18,CD_M20250141007,MCG,North Melbourne,Richmond,False,4.0,8,6,6.0,14.0,48.0,9.0,142.0,146.0,319.0,224.0,123.0,16.0,17.0,19.0,9.0,12.0,11,12,102.0,127.0,54.0,11.0,45.0,7.0,47.0,192.0,4,64.0,11.0,5.0,5388.0,40.0,298.0,13,36,38,43,60,65,74,78,38.0,W,74,78,18.0,21.0,32.0,40.0,92.0,6.0,54.0,63.0,166.0
2025,Round 10,10,False,2025-05-18,2025-05-18,CD_M20250141008,Gabba,Brisbane Lions,Melbourne,True,9.0,15,10,2.0,11.0,51.0,5.0,117.0,136.0,383.0,288.0,140.0,15.0,13.0,12.0,10.0,13.0,14,13,97.0,168.0,17.0,2.0,53.0,16.0,60.0,215.0,-11,101.0,11.0,13.0,6248.0,47.0,263.0,22,39,42,55,67,81,99,88,43.0,L,99,88,23.0,29.0,38.0,28.0,39.0,4.0,39.0,64.0,255.0
2025,Round 10,10,False,2025-05-18,2025-05-18,CD_M20250141008,Gabba,Melbourne,Brisbane Lions,False,13.0,10,15,1.0,18.0,49.0,11.0,135.0,126.0,370.0,264.0,150.0,20.0,12.0,13.0,11.0,14.0,13,14,96.0,142.0,53.0,9.0,58.0,20.0,64.0,228.0,11,109.0,16.0,10.0,6165.0,39.0,288.0,39,22,55,42,81,67,88,99,38.0,W,88,99,29.0,33.0,34.0,26.0,41.0,9.0,44.0,60.0,222.0
2025,Round 10,10,False,2025-05-18,2025-05-18,CD_M20250141009,Optus Stadium,West Coast,St Kilda,True,10.0,8,12,15.0,12.0,42.0,9.0,133.0,135.0,321.0,239.0,135.0,14.0,18.0,22.0,10.0,16.0,12,16,90.0,127.0,45.0,8.0,59.0,13.0,70.0,194.0,28,73.0,12.0,10.0,6404.0,43.0,280.0,14,26,28,47,42,70,80,108,42.0,W,80,108,27.0,31.0,33.0,24.0,67.0,12.0,36.0,66.0,181.0
2025,Round 10,10,False,2025-05-18,2025-05-18,CD_M20250141009,Optus Stadium,St Kilda,West Coast,False,6.0,12,8,5.0,12.0,67.0,12.0,147.0,113.0,376.0,265.0,137.0,12.0,22.0,18.0,10.0,12.0,16,12,107.0,157.0,42.0,5.0,54.0,15.0,66.0,219.0,-28,91.0,12.0,5.0,6011.0,32.0,235.0,26,14,47,28,70,42,108,80,42.0,L,108,80,20.0,23.0,24.0,31.0,65.0,11.0,43.0,70.0,221.0
2025,Round 11,11,False,2025-05-22,2025-05-22,CD_M20250141101,GMHBA Stadium,Geelong,Western Bulldogs,True,5.0,17,7,5.0,10.0,49.0,7.0,135.0,184.0,356.0,253.0,170.0,12.0,12.0,26.0,13.0,20.0,16,20,88.0,108.0,50.0,11.0,51.0,13.0,54.0,248.0,14,106.0,15.0,12.0,6158.0,44.0,295.0,34,31,45,70,91,101,113,127,40.0,W,113,127,27.0,29.0,31.0,32.0,78.0,9.0,42.0,49.0,200.0
2025,Round 11,11,False,2025-05-22,2025-05-22,CD_M20250141101,GMHBA Stadium,Western Bulldogs,Geelong,False,15.0,7,17,6.0,20.0,64.0,12.0,148.0,101.0,344.0,245.0,120.0,21.0,26.0,12.0,12.0,16.0,20,16,101.0,153.0,53.0,14.0,56.0,20.0,49.0,191.0,-14,75.0,10.0,4.0,5969.0,55.0,243.0,31,34,70,45,101,91,127,113,31.0,L,127,113,32.0,32.0,33.0,31.0,76.0,16.0,51.0,54.0,202.0
2025,Round 11,11,False,2025-05-23,2025-05-23,CD_M20250141102,MCG,Essendon,Richmond,True,12.0,10,15,15.0,8.0,63.0,7.0,141.0,109.0,442.0,327.0,161.0,20.0,16.0,15.0,7.0,11.0,8,11,100.0,193.0,56.0,17.0,55.0,16.0,68.0,249.0,23,102.0,8.0,4.0,6530.0,44.0,283.0,8,13,31,40,50,62,58,81,39.0,W,58,81,25.0,26.0,28.0,37.0,74.0,15.0,45.0,76.0,283.0
2025,Round 11,11,False,2025-05-23,2025-05-23,CD_M20250141102,MCG,Richmond,Essendon,False,7.0,15,10,2.0,6.0,57.0,7.0,124.0,155.0,342.0,233.0,125.0,8.0,15.0,16.0,6.0,8.0,11,8,95.0,141.0,30.0,6.0,48.0,19.0,76.0,201.0,-23,94.0,6.0,11.0,5741.0,55.0,333.0,13,8,40,31,62,50,81,58,44.0,L,81,58,18.0,19.0,46.0,17.0,54.0,2.0,23.0,67.0,209.0
2025,Round 11,11,False,2025-05-24,2025-05-24,CD_M20250141103,Marvel Stadium,Carlton,Greater Western Sydney,True,10.0,8,10,5.0,13.0,52.0,13.0,154.0,112.0,358.0,254.0,128.0,13.0,14.0,26.0,11.0,12.0,17,12,98.0,157.0,31.0,9.0,58.0,12.0,64.0,201.0,-28,77.0,8.0,5.0,5875.0,35.0,257.0,32,31,52,42,77,63,110,82,30.0,L,110,82,22.0,23.0,29.0,29.0,53.0,12.0,42.0,61.0,206.0
2025,Round 11,11,False,2025-05-24,2025-05-24,CD_M20250141103,Marvel Stadium,Greater Western Sydney,Carlton,False,6.0,10,8,6.0,12.0,58.0,8.0,116.0,133.0,345.0,267.0,144.0,10.0,26.0,14.0,13.0,17.0,12,17,79.0,148.0,34.0,9.0,47.0,13.0,61.0,197.0,28,85.0,14.0,5.0,5761.0,57.0,277.0,31,32,42,52,63,77,82,110,46.0,W,82,110,25.0,27.0,40.0,26.0,64.0,10.0,38.0,64.0,224.0
2025,Round 11,11,False,2025-05-24,2025-05-24,CD_M20250141104,MCG,Hawthorn,Brisbane Lions,True,11.0,9,12,10.0,7.0,58.0,8.0,112.0,125.0,369.0,274.0,134.0,8.0,23.0,13.0,5.0,8.0,14,8,79.0,171.0,50.0,9.0,50.0,19.0,71.0,198.0,-33,110.0,16.0,12.0,5838.0,37.0,250.0,15,19,57,34,71,50,93,60,38.0,L,93,60,20.0,23.0,28.0,17.0,36.0,9.0,24.0,63.0,256.0
2025,Round 11,11,False,2025-05-24,2025-05-24,CD_M20250141104,MCG,Brisbane Lions,Hawthorn,False,9.0,12,9,4.0,14.0,47.0,6.0,130.0,134.0,366.0,282.0,173.0,18.0,13.0,23.0,9.0,14.0,8,14,92.0,124.0,29.0,7.0,53.0,12.0,64.0,242.0,33,110.0,11.0,7.0,6070.0,43.0,294.0,19,15,34,57,50,71,60,93,41.0,W,60,93,23.0,27.0,30.0,27.0,59.0,12.0,41.0,70.0,232.0
2025,Round 11,11,False,2025-05-24,2025-05-24,CD_M20250141105,Marvel Stadium,North Melbourne,Collingwood,True,7.0,18,9,5.0,11.0,57.0,15.0,145.0,121.0,371.0,257.0,156.0,18.0,17.0,15.0,7.0,9.0,15,9,91.0,130.0,34.0,9.0,48.0,14.0,48.0,241.0,-45,115.0,9.0,4.0,5745.0,52.0,234.0,17,9,33,42,59,56,108,63,41.0,L,108,63,18.0,20.0,43.0,33.0,48.0,10.0,44.0,61.0,220.0
2025,Round 11,11,False,2025-05-24,2025-05-24,CD_M20250141105,Marvel Stadium,Collingwood,North Melbourne,False,10.0,9,18,6.0,12.0,46.0,6.0,118.0,122.0,346.0,254.0,120.0,15.0,15.0,17.0,12.0,15.0,9,15,83.0,152.0,29.0,8.0,58.0,15.0,61.0,194.0,45,76.0,13.0,8.0,6341.0,54.0,271.0,9,17,42,33,56,59,63,108,38.0,W,63,108,33.0,32.0,44.0,25.0,90.0,20.0,37.0,49.0,227.0
2025,Round 11,11,False,2025-05-24,2025-05-24,CD_M20250141106,Optus Stadium,Fremantle,Port Adelaide,True,6.0,9,10,1.0,12.0,53.0,10.0,160.0,147.0,364.0,262.0,158.0,24.0,13.0,13.0,7.0,15.0,7,15,114.0,145.0,42.0,18.0,55.0,18.0,74.0,219.0,49,92.0,8.0,3.0,6262.0,36.0,288.0,19,21,34,42,36,68,51,100,48.0,W,51,100,25.0,26.0,21.0,36.0,62.0,8.0,48.0,65.0,199.0
2025,Round 11,11,False,2025-05-24,2025-05-24,CD_M20250141106,Optus Stadium,Port Adelaide,Fremantle,False,7.0,10,9,3.0,11.0,66.0,3.0,138.0,135.0,362.0,236.0,108.0,14.0,13.0,13.0,5.0,7.0,15,7,103.0,162.0,40.0,12.0,56.0,8.0,66.0,200.0,-49,68.0,6.0,5.0,5664.0,54.0,277.0,21,19,42,34,68,36,100,51,40.0,L,100,51,16.0,20.0,37.0,32.0,64.0,10.0,43.0,73.0,209.0
2025,Round 11,11,False,2025-05-25,2025-05-25,CD_M20250141107,Adelaide Oval,Adelaide,West Coast,True,13.0,14,14,2.0,14.0,64.0,10.0,147.0,114.0,386.0,271.0,152.0,17.0,16.0,26.0,14.0,19.0,8,19,95.0,142.0,56.0,17.0,64.0,21.0,65.0,244.0,66,107.0,10.0,7.0,6856.0,35.0,272.0,20,26,36,53,45,102,62,128,47.0,W,62,128,33.0,35.0,22.0,32.0,73.0,20.0,46.0,61.0,231.0
2025,Round 11,11,False,2025-05-25,2025-05-25,CD_M20250141107,Adelaide Oval,West Coast,Adelaide,False,11.0,14,14,8.0,12.0,68.0,8.0,121.0,154.0,282.0,190.0,99.0,13.0,26.0,16.0,6.0,8.0,19,8,86.0,116.0,28.0,7.0,55.0,15.0,62.0,166.0,-66,60.0,10.0,4.0,5685.0,44.0,296.0,26,20,53,36,102,45,128,62,45.0,L,128,62,22.0,23.0,29.0,24.0,57.0,8.0,36.0,65.0,162.0
2025,Round 11,11,False,2025-05-25,2025-05-25,CD_M20250141108,MCG,Melbourne,Sydney,True,14.0,6,17,10.0,13.0,63.0,9.0,157.0,123.0,402.0,294.0,150.0,25.0,14.0,22.0,12.0,19.0,12,19,107.0,176.0,36.0,9.0,64.0,15.0,73.0,226.0,53,83.0,16.0,8.0,6251.0,37.0,283.0,13,21,25,47,45,81,78,131,32.0,W,78,131,36.0,42.0,25.0,30.0,89.0,20.0,43.0,53.0,244.0
2025,Round 11,11,False,2025-05-25,2025-05-25,CD_M20250141108,MCG,Sydney,Melbourne,False,5.0,17,6,5.0,17.0,76.0,10.0,130.0,184.0,335.0,221.0,113.0,13.0,22.0,14.0,9.0,12.0,19,12,89.0,146.0,51.0,14.0,44.0,15.0,54.0,189.0,-53,72.0,7.0,5.0,5399.0,43.0,331.0,21,13,47,25,81,45,131,78,44.0,L,131,78,17.0,18.0,32.0,25.0,82.0,9.0,42.0,73.0,185.0
2025,Round 11,11,False,2025-05-25,2025-05-25,CD_M20250141109,Marvel Stadium,St Kilda,Gold Coast,True,12.0,8,13,7.0,7.0,52.0,7.0,129.0,147.0,391.0,281.0,143.0,5.0,11.0,20.0,7.0,8.0,12,8,88.0,166.0,32.0,7.0,45.0,12.0,64.0,225.0,-19,101.0,12.0,11.0,6051.0,51.0,300.0,26,8,57,28,59,40,80,61,43.0,L,80,61,21.0,22.0,38.0,31.0,72.0,6.0,38.0,56.0,259.0
2025,Round 11,11,False,2025-05-25,2025-05-25,CD_M20250141109,Marvel Stadium,Gold Coast,St Kilda,False,6.0,13,8,8.0,13.0,46.0,6.0,123.0,118.0,363.0,278.0,150.0,20.0,20.0,11.0,9.0,12.0,8,12,86.0,155.0,53.0,17.0,57.0,15.0,56.0,208.0,19,95.0,16.0,11.0,6308.0,44.0,311.0,8,26,28,57,40,59,61,80,34.0,W,61,80,19.0,23.0,30.0,27.0,72.0,16.0,40.0,64.0,230.0
2025,Round 12,12,False,2025-05-29,2025-05-29,CD_M20250141201,Gabba,Brisbane Lions,Essendon,True,10.0,6,12,5.0,12.0,50.0,11.0,131.0,112.0,398.0,300.0,182.0,15.0,14.0,17.0,11.0,13.0,11,13,91.0,146.0,33.0,8.0,62.0,13.0,64.0,252.0,18,136.0,15.0,10.0,5808.0,47.0,299.0,7,39,25,51,58,70,72,90,32.0,W,72,90,25.0,27.0,27.0,19.0,55.0,16.0,31.0,56.0,264.0
2025,Round 12,12,False,2025-05-29,2025-05-29,CD_M20250141201,Gabba,Essendon,Brisbane Lions,False,5.0,12,6,5.0,12.0,52.0,11.0,135.0,137.0,358.0,270.0,126.0,13.0,17.0,14.0,9.0,11.0,13,11,89.0,169.0,47.0,15.0,42.0,8.0,57.0,189.0,-18,77.0,13.0,9.0,5389.0,42.0,265.0,39,7,51,25,70,58,90,72,48.0,L,90,72,17.0,20.0,28.0,25.0,51.0,6.0,37.0,64.0,224.0
2025,Round 12,12,False,2025-05-30,2025-05-30,CD_M20250141202,MCG,Collingwood,Hawthorn,True,9.0,8,11,7.0,8.0,56.0,3.0,107.0,115.0,354.0,266.0,146.0,14.0,20.0,19.0,12.0,16.0,8,16,77.0,147.0,37.0,5.0,44.0,16.0,62.0,207.0,51,102.0,18.0,16.0,5675.0,32.0,273.0,21,25,39,63,53,93,56,107,36.0,W,56,107,27.0,28.0,26.0,22.0,82.0,13.0,30.0,48.0,230.0
2025,Round 12,12,False,2025-05-30,2025-05-30,CD_M20250141202,MCG,Hawthorn,Collingwood,False,5.0,11,8,4.0,13.0,62.0,9.0,119.0,118.0,343.0,248.0,131.0,9.0,19.0,20.0,6.0,8.0,16,8,74.0,140.0,42.0,11.0,45.0,15.0,48.0,203.0,-51,91.0,10.0,8.0,5162.0,31.0,237.0,25,21,63,39,93,53,107,56,27.0,L,107,56,16.0,19.0,27.0,27.0,38.0,4.0,40.0,62.0,212.0
2025,Round 12,12,False,2025-05-31,2025-05-31,CD_M20250141203,People First Stadium,Gold Coast,Fremantle,True,8.0,9,10,5.0,9.0,62.0,6.0,151.0,150.0,351.0,237.0,118.0,10.0,20.0,28.0,4.0,9.0,11,9,107.0,165.0,55.0,9.0,52.0,11.0,75.0,186.0,-11,57.0,9.0,4.0,5938.0,59.0,291.0,33,13,41,35,62,49,75,64,49.0,L,75,64,19.0,22.0,43.0,37.0,83.0,12.0,46.0,74.0,188.0
2025,Round 12,12,False,2025-05-31,2025-05-31,CD_M20250141203,People First Stadium,Fremantle,Gold Coast,False,6.0,10,9,5.0,11.0,55.0,6.0,144.0,117.0,339.0,236.0,110.0,19.0,28.0,20.0,8.0,11.0,9,11,113.0,146.0,50.0,8.0,61.0,10.0,75.0,193.0,11,53.0,5.0,4.0,6276.0,49.0,291.0,13,33,35,41,49,62,64,75,43.0,W,64,75,19.0,21.0,42.0,28.0,86.0,20.0,39.0,75.0,183.0
2025,Round 12,12,False,2025-05-31,2025-05-31,CD_M20250141204,ENGIE Stadium,Greater Western Sydney,Richmond,True,4.0,17,8,10.0,5.0,57.0,13.0,120.0,114.0,373.0,279.0,154.0,11.0,15.0,4.0,8.0,12.0,10,12,90.0,162.0,38.0,7.0,50.0,16.0,65.0,211.0,3,105.0,9.0,2.0,6443.0,50.0,243.0,41,13,53,27,76,48,77,80,50.0,W,77,80,19.0,17.0,39.0,24.0,63.0,16.0,29.0,69.0,237.0
2025,Round 12,12,False,2025-05-31,2025-05-31,CD_M20250141204,ENGIE Stadium,Richmond,Greater Western Sydney,False,12.0,8,17,4.0,16.0,42.0,14.0,149.0,104.0,358.0,253.0,138.0,19.0,4.0,15.0,6.0,10.0,12,10,98.0,142.0,40.0,16.0,61.0,17.0,69.0,216.0,-3,84.0,10.0,9.0,6405.0,49.0,254.0,13,41,27,53,48,76,80,77,38.0,L,80,77,26.0,26.0,38.0,26.0,43.0,9.0,42.0,65.0,194.0
2025,Round 12,12,False,2025-05-31,2025-05-31,CD_M20250141205,SCG,Sydney,Adelaide,True,9.0,5,11,8.0,13.0,84.0,6.0,159.0,172.0,322.0,196.0,109.0,27.0,22.0,24.0,3.0,5.0,21,5,115.0,119.0,40.0,9.0,45.0,11.0,69.0,203.0,-90,61.0,5.0,6.0,4990.0,52.0,297.0,33,8,75,10,112,37,131,41,49.0,L,131,41,16.0,20.0,42.0,42.0,83.0,7.0,55.0,80.0,152.0
2025,Round 12,12,False,2025-05-31,2025-05-31,CD_M20250141205,SCG,Adelaide,Sydney,False,2.0,11,5,4.0,13.0,68.0,11.0,148.0,147.0,348.0,232.0,144.0,26.0,24.0,22.0,13.0,21.0,5,21,102.0,119.0,45.0,9.0,70.0,25.0,80.0,229.0,90,83.0,5.0,7.0,6183.0,55.0,293.0,8,33,10,75,37,112,41,131,39.0,W,41,131,25.0,30.0,34.0,29.0,84.0,15.0,42.0,69.0,188.0
2025,Round 12,12,False,2025-06-01,2025-06-01,CD_M20250141206,TIO Traeger Park,Melbourne,St Kilda,True,16.0,7,21,8.0,9.0,46.0,14.0,117.0,102.0,299.0,218.0,142.0,12.0,20.0,24.0,4.0,7.0,14,7,67.0,101.0,32.0,7.0,57.0,16.0,57.0,198.0,-28,100.0,14.0,4.0,5852.0,34.0,235.0,38,14,58,45,72,55,91,63,25.0,L,91,63,27.0,27.0,28.0,23.0,56.0,8.0,32.0,51.0,177.0
2025,Round 12,12,False,2025-06-01,2025-06-01,CD_M20250141206,TIO Traeger Park,St Kilda,Melbourne,False,6.0,21,7,9.0,11.0,55.0,12.0,116.0,110.0,390.0,298.0,191.0,13.0,24.0,20.0,12.0,14.0,7,14,78.0,130.0,25.0,6.0,40.0,15.0,51.0,260.0,28,140.0,10.0,9.0,6358.0,24.0,175.0,14,38,45,58,55,72,63,91,50.0,W,63,91,21.0,22.0,23.0,19.0,52.0,8.0,30.0,56.0,249.0
2025,Round 12,12,False,2025-06-01,2025-06-01,CD_M20250141207,Optus Stadium,West Coast,Geelong,True,5.0,14,7,13.0,11.0,57.0,2.0,114.0,126.0,341.0,246.0,124.0,11.0,16.0,13.0,8.0,11.0,17,11,82.0,153.0,40.0,10.0,43.0,9.0,54.0,188.0,-43,78.0,9.0,5.0,5652.0,54.0,234.0,29,12,55,44,69,58,116,73,42.0,L,116,73,18.0,20.0,43.0,27.0,47.0,4.0,38.0,63.0,217.0
2025,Round 12,12,False,2025-06-01,2025-06-01,CD_M20250141207,Optus Stadium,Geelong,West Coast,False,11.0,7,14,17.0,17.0,50.0,7.0,123.0,100.0,345.0,253.0,159.0,18.0,13.0,16.0,11.0,17.0,11,17,86.0,115.0,39.0,9.0,59.0,19.0,63.0,230.0,43,111.0,17.0,13.0,6546.0,39.0,273.0,12,29,44,55,58,69,73,116,31.0,W,73,116,30.0,34.0,28.0,19.0,67.0,21.0,36.0,54.0,216.0
2025,Round 13,13,False,2025-06-05,2025-06-05,CD_M20250141301,Marvel Stadium,Western Bulldogs,Hawthorn,True,9.0,9,11,4.0,12.0,50.0,12.0,139.0,138.0,348.0,237.0,111.0,14.0,11.0,15.0,7.0,8.0,12,8,95.0,162.0,36.0,11.0,43.0,14.0,67.0,186.0,-22,69.0,10.0,5.0,5635.0,44.0,313.0,32,8,52,29,65,49,81,59,46.0,L,81,59,19.0,19.0,31.0,28.0,76.0,11.0,40.0,68.0,200.0
2025,Round 13,13,False,2025-06-05,2025-06-05,CD_M20250141301,Marvel Stadium,Hawthorn,Western Bulldogs,False,6.0,11,9,9.0,9.0,57.0,15.0,143.0,176.0,374.0,273.0,138.0,16.0,15.0,11.0,7.0,12.0,8,12,90.0,157.0,51.0,16.0,58.0,21.0,68.0,217.0,22,87.0,13.0,8.0,5954.0,58.0,327.0,8,32,29,52,49,65,59,81,35.0,W,59,81,21.0,25.0,42.0,25.0,82.0,13.0,34.0,68.0,224.0
2025,Round 13,13,False,2025-06-06,2025-06-06,CD_M20250141302,Adelaide Oval,Adelaide,Brisbane Lions,True,6.0,15,8,4.0,6.0,65.0,15.0,144.0,182.0,301.0,198.0,120.0,8.0,20.0,26.0,6.0,10.0,8,10,90.0,94.0,58.0,6.0,47.0,22.0,75.0,207.0,5,62.0,6.0,2.0,6541.0,74.0,323.0,15,6,33,25,55,38,63,68,52.0,W,63,68,18.0,20.0,50.0,30.0,89.0,9.0,36.0,72.0,143.0
2025,Round 13,13,False,2025-06-06,2025-06-06,CD_M20250141302,Adelaide Oval,Brisbane Lions,Adelaide,False,8.0,8,15,1.0,7.0,61.0,8.0,157.0,117.0,375.0,247.0,124.0,19.0,26.0,20.0,6.0,8.0,10,8,109.0,140.0,49.0,14.0,60.0,19.0,72.0,235.0,-5,73.0,7.0,4.0,6623.0,51.0,258.0,6,15,25,33,38,55,68,63,37.0,L,68,63,23.0,29.0,34.0,48.0,63.0,9.0,55.0,75.0,219.0
2025,Round 13,13,False,2025-06-07,2025-06-07,CD_M20250141303,MCG,Richmond,Sydney,True,10.0,14,12,13.0,7.0,47.0,8.0,109.0,146.0,306.0,213.0,116.0,11.0,21.0,20.0,2.0,4.0,11,4,73.0,125.0,28.0,6.0,38.0,20.0,63.0,181.0,-44,82.0,5.0,3.0,5230.0,30.0,258.0,16,22,39,25,66,26,80,36,50.0,L,80,36,16.0,19.0,22.0,23.0,59.0,8.0,30.0,56.0,183.0
2025,Round 13,13,False,2025-06-07,2025-06-07,CD_M20250141303,MCG,Sydney,Richmond,False,10.0,12,14,12.0,10.0,56.0,7.0,123.0,87.0,389.0,293.0,177.0,19.0,20.0,21.0,8.0,11.0,4,11,74.0,135.0,52.0,15.0,61.0,15.0,56.0,254.0,44,127.0,12.0,8.0,5924.0,37.0,240.0,22,16,25,39,26,66,36,80,31.0,W,36,80,24.0,26.0,33.0,29.0,75.0,20.0,39.0,62.0,256.0
2025,Round 13,13,False,2025-06-07,2025-06-07,CD_M20250141304,GMHBA Stadium,Geelong,Gold Coast,True,5.0,7,7,3.0,5.0,68.0,9.0,148.0,111.0,370.0,254.0,150.0,16.0,21.0,24.0,7.0,9.0,5,9,97.0,131.0,57.0,11.0,55.0,18.0,72.0,239.0,24,105.0,10.0,6.0,6115.0,46.0,258.0,2,14,21,28,27,43,37,61,44.0,W,37,61,16.0,18.0,33.0,45.0,81.0,26.0,50.0,66.0,219.0
2025,Round 13,13,False,2025-06-07,2025-06-07,CD_M20250141304,GMHBA Stadium,Gold Coast,Geelong,False,5.0,7,7,5.0,10.0,64.0,7.0,125.0,147.0,286.0,196.0,109.0,9.0,24.0,21.0,3.0,5.0,9,5,75.0,114.0,74.0,19.0,51.0,18.0,67.0,172.0,-24,55.0,4.0,1.0,5742.0,54.0,291.0,14,2,28,21,43,27,61,37,45.0,L,61,37,12.0,12.0,42.0,40.0,66.0,9.0,50.0,72.0,151.0
2025,Round 13,13,False,2025-06-07,2025-06-07,CD_M20250141305,Corroboree Group Oval Manuka,Greater Western Sydney,Port Adelaide,True,5.0,12,8,6.0,9.0,67.0,10.0,144.0,108.0,345.0,241.0,137.0,20.0,16.0,29.0,4.0,7.0,9,7,87.0,139.0,33.0,8.0,49.0,18.0,77.0,206.0,-16,88.0,8.0,6.0,5781.0,50.0,255.0,22,20,37,40,47,40,66,50,42.0,L,66,50,15.0,16.0,36.0,36.0,75.0,24.0,45.0,79.0,192.0
2025,Round 13,13,False,2025-06-07,2025-06-07,CD_M20250141305,Corroboree Group Oval Manuka,Port Adelaide,Greater Western Sydney,False,10.0,8,12,5.0,9.0,65.0,8.0,135.0,106.0,343.0,226.0,122.0,9.0,29.0,16.0,4.0,9.0,7,9,99.0,135.0,38.0,9.0,51.0,21.0,79.0,208.0,16,90.0,11.0,9.0,6130.0,37.0,245.0,20,22,40,37,40,47,50,66,41.0,W,50,66,21.0,24.0,30.0,36.0,64.0,14.0,45.0,77.0,200.0
2025,Round 13,13,False,2025-06-08,2025-06-08,CD_M20250141306,Hands Oval,North Melbourne,West Coast,True,8.0,16,8,8.0,8.0,63.0,11.0,144.0,130.0,377.0,282.0,128.0,18.0,26.0,16.0,6.0,9.0,6,9,102.0,179.0,37.0,12.0,41.0,8.0,59.0,198.0,10,69.0,7.0,2.0,6134.0,42.0,238.0,5,20,14,21,44,33,52,62,56.0,W,52,62,17.0,23.0,28.0,34.0,66.0,6.0,42.0,75.0,222.0
2025,Round 13,13,False,2025-06-08,2025-06-08,CD_M20250141306,Hands Oval,West Coast,North Melbourne,False,11.0,8,16,4.0,8.0,59.0,11.0,141.0,146.0,312.0,216.0,115.0,19.0,16.0,26.0,4.0,6.0,9,6,94.0,131.0,29.0,7.0,63.0,13.0,75.0,181.0,-10,66.0,12.0,5.0,5789.0,50.0,308.0,20,5,21,14,33,44,62,52,31.0,L,62,52,21.0,25.0,33.0,16.0,81.0,23.0,24.0,59.0,172.0
2025,Round 13,13,False,2025-06-08,2025-06-08,CD_M20250141307,MCG,Carlton,Essendon,True,11.0,4,12,7.0,11.0,66.0,16.0,155.0,138.0,371.0,250.0,157.0,8.0,25.0,25.0,9.0,11.0,11,11,94.0,132.0,37.0,16.0,56.0,22.0,86.0,239.0,8,115.0,14.0,10.0,5877.0,43.0,291.0,7,40,26,54,51,62,70,78,44.0,W,70,78,23.0,28.0,31.0,28.0,73.0,10.0,39.0,76.0,213.0
2025,Round 13,13,False,2025-06-08,2025-06-08,CD_M20250141307,MCG,Essendon,Carlton,False,3.0,12,4,3.0,9.0,74.0,7.0,144.0,133.0,362.0,255.0,125.0,16.0,25.0,25.0,8.0,11.0,11,11,100.0,174.0,32.0,9.0,55.0,10.0,76.0,188.0,-8,65.0,11.0,5.0,6032.0,51.0,282.0,40,7,54,26,62,51,78,70,44.0,L,78,70,15.0,19.0,39.0,29.0,78.0,10.0,38.0,85.0,204.0
2025,Round 13,13,False,2025-06-09,2025-06-09,CD_M20250141308,MCG,Melbourne,Collingwood,True,9.0,6,11,1.0,16.0,68.0,15.0,144.0,97.0,327.0,218.0,112.0,17.0,29.0,20.0,5.0,10.0,11,10,90.0,133.0,47.0,12.0,54.0,20.0,73.0,194.0,-1,73.0,6.0,4.0,6023.0,46.0,233.0,14,14,38,30,57,50,72,71,33.0,L,72,71,20.0,21.0,32.0,23.0,59.0,14.0,39.0,76.0,177.0
2025,Round 13,13,False,2025-06-09,2025-06-09,CD_M20250141308,MCG,Collingwood,Melbourne,False,4.0,11,6,8.0,7.0,55.0,9.0,115.0,140.0,367.0,282.0,166.0,6.0,20.0,29.0,8.0,11.0,10,11,70.0,140.0,21.0,8.0,45.0,20.0,76.0,227.0,1,116.0,9.0,7.0,6123.0,56.0,254.0,14,14,30,38,50,57,71,72,44.0,W,71,72,17.0,19.0,37.0,22.0,60.0,7.0,29.0,73.0,244.0
2025,Round 14,14,False,2025-06-12,2025-06-12,CD_M20250141401,Marvel Stadium,St Kilda,Western Bulldogs,True,8.0,12,12,12.0,15.0,57.0,9.0,110.0,172.0,341.0,242.0,132.0,10.0,22.0,16.0,7.0,8.0,20,8,70.0,133.0,37.0,6.0,41.0,18.0,59.0,208.0,-72,94.0,10.0,8.0,5338.0,37.0,287.0,26,10,64,36,105,51,132,60,47.0,L,132,60,20.0,19.0,26.0,24.0,61.0,5.0,39.0,58.0,221.0
2025,Round 14,14,False,2025-06-12,2025-06-12,CD_M20250141401,Marvel Stadium,Western Bulldogs,St Kilda,False,8.0,12,12,12.0,13.0,54.0,18.0,129.0,103.0,408.0,320.0,175.0,21.0,16.0,22.0,14.0,20.0,8,20,75.0,163.0,43.0,13.0,68.0,19.0,58.0,245.0,72,121.0,19.0,15.0,6498.0,53.0,264.0,10,26,36,64,51,105,60,132,32.0,W,60,132,31.0,34.0,42.0,27.0,58.0,17.0,40.0,58.0,272.0
2025,Round 14,14,False,2025-06-13,2025-06-13,CD_M20250141402,UTAS Stadium,Hawthorn,Adelaide,True,9.0,14,11,3.0,5.0,65.0,5.0,145.0,148.0,335.0,208.0,114.0,10.0,24.0,26.0,5.0,6.0,5,6,100.0,122.0,42.0,9.0,52.0,13.0,80.0,213.0,3,61.0,3.0,3.0,6625.0,61.0,270.0,15,2,31,16,35,31,44,47,53.0,W,44,47,17.0,20.0,47.0,34.0,79.0,17.0,39.0,83.0,169.0
2025,Round 14,14,False,2025-06-13,2025-06-13,CD_M20250141402,UTAS Stadium,Adelaide,Hawthorn,False,13.0,11,14,5.0,9.0,84.0,15.0,157.0,129.0,337.0,205.0,124.0,28.0,26.0,24.0,3.0,5.0,6,5,99.0,106.0,50.0,16.0,59.0,19.0,83.0,231.0,-3,72.0,3.0,6.0,6570.0,54.0,287.0,2,15,16,31,31,35,47,44,46.0,L,47,44,18.0,27.0,38.0,35.0,74.0,21.0,44.0,80.0,158.0
2025,Round 14,14,False,2025-06-14,2025-06-14,CD_M20250141403,Gabba,Brisbane Lions,Greater Western Sydney,True,14.0,5,18,10.0,10.0,36.0,11.0,118.0,93.0,339.0,239.0,126.0,21.0,11.0,18.0,9.0,13.0,17,13,72.0,127.0,42.0,13.0,55.0,23.0,58.0,212.0,-11,110.0,15.0,17.0,5948.0,39.0,218.0,30,35,48,64,75,73,107,96,35.0,L,107,96,31.0,32.0,29.0,25.0,28.0,5.0,35.0,52.0,220.0
2025,Round 14,14,False,2025-06-14,2025-06-14,CD_M20250141403,Gabba,Greater Western Sydney,Brisbane Lions,False,5.0,18,5,9.0,18.0,52.0,11.0,111.0,94.0,361.0,282.0,157.0,13.0,18.0,11.0,15.0,17.0,13,17,78.0,147.0,28.0,11.0,53.0,9.0,52.0,214.0,11,96.0,18.0,12.0,6344.0,37.0,203.0,35,30,64,48,73,75,96,107,41.0,W,96,107,22.0,25.0,32.0,11.0,42.0,7.0,29.0,58.0,228.0
2025,Round 14,14,False,2025-06-14,2025-06-14,CD_M20250141404,MCG,Essendon,Geelong,True,8.0,13,8,10.0,9.0,70.0,5.0,122.0,124.0,404.0,302.0,133.0,11.0,16.0,13.0,6.0,8.0,23,8,84.0,203.0,43.0,16.0,38.0,8.0,57.0,201.0,-95,98.0,7.0,4.0,4938.0,38.0,253.0,39,16,60,25,104,55,151,56,39.0,L,151,56,16.0,19.0,27.0,26.0,50.0,4.0,35.0,71.0,276.0
2025,Round 14,14,False,2025-06-14,2025-06-14,CD_M20250141404,MCG,Geelong,Essendon,False,10.0,8,13,14.0,19.0,49.0,8.0,117.0,110.0,392.0,304.0,184.0,14.0,13.0,16.0,21.0,23.0,8,23,81.0,139.0,34.0,8.0,63.0,23.0,71.0,253.0,95,141.0,21.0,10.0,6315.0,48.0,290.0,16,39,25,60,55,104,56,151,30.0,W,56,151,36.0,37.0,26.0,14.0,51.0,13.0,33.0,57.0,272.0
2025,Round 14,14,False,2025-06-14,2025-06-14,CD_M20250141405,Optus Stadium,North Melbourne,Fremantle,True,4.0,13,7,5.0,12.0,74.0,4.0,149.0,125.0,373.0,256.0,128.0,22.0,25.0,23.0,8.0,10.0,10,10,102.0,152.0,37.0,10.0,60.0,9.0,73.0,221.0,-6,72.0,6.0,6.0,6259.0,57.0,305.0,17,19,48,27,63,41,73,67,37.0,L,73,67,16.0,20.0,38.0,29.0,77.0,29.0,41.0,72.0,217.0
2025,Round 14,14,False,2025-06-14,2025-06-14,CD_M20250141405,Optus Stadium,Fremantle,North Melbourne,False,8.0,7,13,10.0,10.0,65.0,13.0,147.0,174.0,348.0,249.0,128.0,13.0,23.0,25.0,5.0,10.0,10,10,94.0,150.0,40.0,14.0,48.0,12.0,74.0,198.0,6,73.0,8.0,5.0,6065.0,69.0,298.0,19,17,27,48,41,63,67,73,49.0,W,67,73,21.0,24.0,55.0,27.0,66.0,7.0,37.0,72.0,199.0
2025,Round 14,14,False,2025-06-15,2025-06-15,CD_M20250141406,Adelaide Oval,Port Adelaide,Melbourne,True,8.0,14,9,10.0,9.0,51.0,14.0,112.0,139.0,374.0,287.0,164.0,5.0,21.0,13.0,11.0,14.0,9,14,77.0,146.0,35.0,6.0,48.0,18.0,63.0,228.0,25,123.0,16.0,16.0,6412.0,42.0,275.0,22,28,36,60,59,74,68,93,45.0,W,68,93,22.0,27.0,28.0,23.0,61.0,4.0,32.0,61.0,248.0
2025,Round 14,14,False,2025-06-15,2025-06-15,CD_M20250141406,Adelaide Oval,Melbourne,Port Adelaide,False,10.0,9,14,3.0,11.0,53.0,19.0,139.0,124.0,346.0,258.0,140.0,11.0,13.0,21.0,7.0,9.0,14,9,82.0,145.0,38.0,10.0,54.0,16.0,61.0,201.0,-25,89.0,10.0,5.0,6120.0,29.0,281.0,28,22,60,36,74,59,93,68,34.0,L,93,68,23.0,25.0,14.0,26.0,61.0,10.0,37.0,61.0,206.0
2025,Round 14,14,False,2025-06-15,2025-06-15,CD_M20250141407,Optus Stadium,West Coast,Carlton,True,9.0,14,10,5.0,13.0,56.0,8.0,127.0,127.0,323.0,219.0,121.0,9.0,18.0,19.0,7.0,7.0,12,7,81.0,126.0,20.0,7.0,46.0,16.0,65.0,197.0,-34,77.0,10.0,4.0,5805.0,58.0,250.0,46,7,68,22,77,37,86,52,47.0,L,86,52,17.0,19.0,41.0,22.0,41.0,9.0,35.0,69.0,189.0
2025,Round 14,14,False,2025-06-15,2025-06-15,CD_M20250141407,Optus Stadium,Carlton,West Coast,False,12.0,10,14,5.0,9.0,64.0,11.0,139.0,105.0,401.0,281.0,143.0,15.0,19.0,18.0,10.0,12.0,7,12,95.0,157.0,36.0,9.0,60.0,12.0,70.0,244.0,34,106.0,15.0,13.0,6454.0,56.0,227.0,7,46,22,68,37,77,52,86,38.0,W,52,86,26.0,32.0,39.0,24.0,58.0,10.0,33.0,66.0,248.0
2025,Round 15,15,False,2025-06-19,2025-06-19,CD_M20250141501,Optus Stadium,Fremantle,Essendon,True,8.0,9,8,4.0,17.0,48.0,11.0,134.0,90.0,392.0,310.0,163.0,20.0,16.0,23.0,10.0,16.0,9,16,79.0,167.0,53.0,20.0,57.0,12.0,55.0,225.0,41,99.0,6.0,7.0,5778.0,38.0,279.0,14,20,41,57,44,81,63,104,25.0,W,63,104,24.0,24.0,30.0,27.0,49.0,11.0,44.0,63.0,251.0
2025,Round 15,15,False,2025-06-19,2025-06-19,CD_M20250141501,Optus Stadium,Essendon,Fremantle,False,6.0,8,9,7.0,8.0,49.0,10.0,122.0,158.0,365.0,277.0,129.0,10.0,23.0,16.0,7.0,9.0,16,9,87.0,175.0,24.0,6.0,34.0,11.0,63.0,190.0,-41,85.0,13.0,12.0,4754.0,45.0,295.0,20,14,57,41,81,44,104,63,40.0,L,104,63,18.0,18.0,37.0,18.0,52.0,6.0,26.0,55.0,240.0
2025,Round 15,15,False,2025-06-20,2025-06-20,CD_M20250141502,GMHBA Stadium,Geelong,Brisbane Lions,True,13.0,8,15,7.0,10.0,67.0,12.0,129.0,129.0,314.0,211.0,126.0,12.0,21.0,21.0,6.0,6.0,14,6,84.0,111.0,36.0,8.0,51.0,22.0,74.0,203.0,-41,81.0,13.0,4.0,6180.0,43.0,260.0,26,9,46,23,72,40,92,51,42.0,L,92,51,21.0,28.0,29.0,26.0,50.0,3.0,36.0,74.0,168.0
2025,Round 15,15,False,2025-06-20,2025-06-20,CD_M20250141502,GMHBA Stadium,Brisbane Lions,Geelong,False,8.0,15,8,4.0,10.0,67.0,12.0,133.0,121.0,378.0,281.0,163.0,12.0,21.0,21.0,10.0,14.0,6,14,89.0,142.0,39.0,12.0,58.0,22.0,74.0,236.0,41,110.0,16.0,5.0,6732.0,46.0,243.0,9,26,23,46,40,72,51,92,44.0,W,51,92,22.0,25.0,36.0,27.0,61.0,12.0,37.0,74.0,234.0
2025,Round 15,15,False,2025-06-21,2025-06-21,CD_M20250141503,MCG,Carlton,North Melbourne,True,10.0,6,13,3.0,13.0,55.0,12.0,136.0,157.0,383.0,283.0,157.0,14.0,20.0,21.0,6.0,10.0,13,10,88.0,161.0,41.0,12.0,56.0,14.0,69.0,222.0,-11,113.0,12.0,8.0,5459.0,47.0,301.0,9,18,47,19,84,38,84,73,27.0,L,84,73,22.0,25.0,39.0,23.0,73.0,10.0,36.0,62.0,246.0
2025,Round 15,15,False,2025-06-21,2025-06-21,CD_M20250141503,MCG,North Melbourne,Carlton,False,6.0,13,6,7.0,10.0,49.0,7.0,127.0,137.0,377.0,295.0,151.0,12.0,21.0,20.0,10.0,13.0,10,13,92.0,170.0,31.0,5.0,42.0,11.0,63.0,207.0,11,87.0,10.0,4.0,5504.0,48.0,295.0,18,9,19,47,38,84,73,84,45.0,W,73,84,19.0,22.0,32.0,28.0,65.0,8.0,38.0,69.0,237.0
2025,Round 15,15,False,2025-06-21,2025-06-21,CD_M20250141504,Adelaide Oval,Port Adelaide,Sydney,True,8.0,17,10,5.0,6.0,52.0,7.0,102.0,120.0,334.0,235.0,125.0,9.0,13.0,13.0,5.0,7.0,9,7,72.0,137.0,30.0,6.0,35.0,15.0,43.0,197.0,-19,97.0,19.0,12.0,5355.0,34.0,227.0,12,2,34,16,46,30,71,52,41.0,L,71,52,17.0,18.0,24.0,25.0,52.0,10.0,31.0,57.0,214.0
2025,Round 15,15,False,2025-06-21,2025-06-21,CD_M20250141504,Adelaide Oval,Sydney,Port Adelaide,False,16.0,10,17,6.0,8.0,37.0,9.0,125.0,83.0,344.0,244.0,135.0,11.0,13.0,13.0,6.0,9.0,7,9,90.0,133.0,35.0,12.0,51.0,16.0,57.0,211.0,19,95.0,18.0,12.0,5445.0,40.0,221.0,2,12,16,34,30,46,52,71,27.0,W,52,71,26.0,31.0,34.0,28.0,49.0,10.0,36.0,43.0,213.0
2025,Round 15,15,False,2025-06-21,2025-06-21,CD_M20250141505,Marvel Stadium,Collingwood,St Kilda,True,9.0,8,12,8.0,13.0,53.0,12.0,107.0,143.0,319.0,227.0,150.0,16.0,16.0,20.0,11.0,16.0,11,16,64.0,110.0,34.0,12.0,56.0,24.0,63.0,209.0,34,108.0,18.0,8.0,5573.0,32.0,275.0,19,31,41,53,60,81,74,108,40.0,W,74,108,28.0,30.0,24.0,20.0,65.0,13.0,33.0,55.0,195.0
2025,Round 15,15,False,2025-06-21,2025-06-21,CD_M20250141505,Marvel Stadium,St Kilda,Collingwood,False,8.0,12,8,4.0,11.0,70.0,6.0,128.0,105.0,332.0,235.0,132.0,17.0,20.0,16.0,7.0,11.0,16,11,92.0,126.0,36.0,17.0,52.0,14.0,56.0,206.0,-34,80.0,10.0,6.0,5216.0,44.0,222.0,31,19,53,41,81,60,108,74,38.0,L,108,74,19.0,24.0,36.0,29.0,46.0,11.0,40.0,61.0,189.0
2025,Round 15,15,False,2025-06-22,2025-06-22,CD_M20250141506,ENGIE Stadium,Greater Western Sydney,Gold Coast,True,6.0,15,10,12.0,9.0,62.0,9.0,134.0,209.0,342.0,247.0,131.0,18.0,24.0,15.0,10.0,16.0,14,16,94.0,153.0,34.0,12.0,44.0,12.0,60.0,189.0,7,75.0,6.0,7.0,6036.0,48.0,349.0,48,25,56,43,79,57,99,106,53.0,W,99,106,26.0,28.0,35.0,28.0,89.0,14.0,37.0,64.0,193.0
2025,Round 15,15,False,2025-06-22,2025-06-22,CD_M20250141506,ENGIE Stadium,Gold Coast,Greater Western Sydney,False,13.0,10,15,7.0,18.0,47.0,10.0,155.0,86.0,398.0,284.0,120.0,19.0,15.0,24.0,10.0,14.0,16,14,95.0,207.0,56.0,18.0,68.0,12.0,64.0,191.0,-7,54.0,11.0,5.0,5986.0,38.0,291.0,25,48,43,56,57,79,106,99,28.0,L,106,99,29.0,30.0,27.0,24.0,64.0,21.0,42.0,60.0,230.0
2025,Round 15,15,False,2025-06-22,2025-06-22,CD_M20250141507,Marvel Stadium,Western Bulldogs,Richmond,True,8.0,8,9,6.0,15.0,56.0,9.0,125.0,66.0,416.0,325.0,175.0,22.0,22.0,23.0,18.0,21.0,8,21,82.0,177.0,32.0,10.0,59.0,17.0,67.0,239.0,79,128.0,17.0,7.0,6204.0,35.0,203.0,9,21,10,66,26,97,56,135,30.0,W,56,135,30.0,35.0,27.0,23.0,40.0,10.0,38.0,64.0,284.0
2025,Round 15,15,False,2025-06-22,2025-06-22,CD_M20250141507,Marvel Stadium,Richmond,Western Bulldogs,False,7.0,9,8,8.0,14.0,68.0,10.0,117.0,144.0,309.0,218.0,113.0,9.0,23.0,22.0,5.0,8.0,21,8,71.0,137.0,32.0,11.0,38.0,15.0,64.0,172.0,-79,74.0,14.0,5.0,5048.0,41.0,236.0,21,9,66,10,97,26,135,56,37.0,L,135,56,16.0,22.0,34.0,14.0,56.0,9.0,28.0,67.0,186.0
2025,Round 16,16,False,2025-06-26,2025-06-26,CD_M20250141601,Adelaide Oval,Port Adelaide,Carlton,True,13.0,12,14,12.0,9.0,53.0,10.0,106.0,109.0,347.0,262.0,141.0,15.0,28.0,21.0,11.0,16.0,8,16,68.0,141.0,45.0,6.0,55.0,19.0,58.0,206.0,50,104.0,16.0,3.0,6178.0,43.0,234.0,3,34,12,58,33,89,60,110,35.0,W,60,110,30.0,34.0,31.0,21.0,42.0,7.0,30.0,50.0,228.0
2025,Round 16,16,False,2025-06-26,2025-06-26,CD_M20250141601,Adelaide Oval,Carlton,Port Adelaide,False,11.0,14,12,3.0,14.0,52.0,5.0,117.0,132.0,293.0,205.0,102.0,11.0,21.0,28.0,5.0,8.0,16,8,80.0,120.0,24.0,3.0,43.0,6.0,50.0,173.0,-50,59.0,11.0,7.0,5237.0,43.0,263.0,34,3,58,12,89,33,110,60,37.0,L,110,60,20.0,25.0,33.0,21.0,58.0,13.0,35.0,58.0,165.0
2025,Round 16,16,False,2025-06-27,2025-06-27,CD_M20250141606,SCG,Sydney,Western Bulldogs,True,12.0,9,12,10.0,12.0,55.0,10.0,135.0,131.0,355.0,244.0,132.0,17.0,16.0,22.0,9.0,14.0,16,14,85.0,144.0,52.0,16.0,50.0,13.0,59.0,211.0,-9,91.0,13.0,13.0,5632.0,40.0,285.0,26,23,53,44,90,81,105,96,30.0,L,105,96,26.0,30.0,31.0,26.0,78.0,13.0,38.0,56.0,211.0
2025,Round 16,16,False,2025-06-27,2025-06-27,CD_M20250141606,SCG,Western Bulldogs,Sydney,False,6.0,12,9,4.0,16.0,53.0,7.0,112.0,134.0,336.0,240.0,118.0,13.0,22.0,16.0,12.0,16.0,14,16,81.0,151.0,24.0,9.0,46.0,19.0,56.0,185.0,9,84.0,18.0,11.0,5459.0,42.0,288.0,23,26,44,53,81,90,96,105,35.0,W,96,105,25.0,25.0,30.0,19.0,51.0,8.0,35.0,59.0,211.0
2025,Round 16,16,False,2025-06-28,2025-06-28,CD_M20250141604,People First Stadium,Gold Coast,Melbourne,True,11.0,13,14,3.0,15.0,53.0,16.0,131.0,123.0,331.0,248.0,154.0,20.0,19.0,20.0,11.0,15.0,12,15,84.0,123.0,40.0,5.0,52.0,11.0,46.0,208.0,19,108.0,19.0,13.0,5680.0,49.0,260.0,1,37,33,57,49,95,85,104,33.0,W,85,104,28.0,31.0,33.0,21.0,65.0,9.0,36.0,52.0,196.0
2025,Round 16,16,False,2025-06-28,2025-06-28,CD_M20250141604,People First Stadium,Melbourne,Gold Coast,False,13.0,14,13,2.0,11.0,54.0,5.0,129.0,123.0,351.0,253.0,130.0,17.0,20.0,19.0,8.0,12.0,15,12,96.0,156.0,37.0,9.0,45.0,7.0,52.0,195.0,-19,82.0,12.0,11.0,5299.0,28.0,224.0,37,1,57,33,95,49,104,85,36.0,L,104,85,25.0,30.0,21.0,20.0,62.0,7.0,31.0,45.0,214.0
2025,Round 16,16,False,2025-06-28,2025-06-28,CD_M20250141607,UTAS Stadium,Hawthorn,North Melbourne,True,11.0,11,12,8.0,18.0,50.0,13.0,135.0,91.0,360.0,283.0,154.0,18.0,20.0,24.0,17.0,23.0,9,23,81.0,151.0,45.0,13.0,63.0,14.0,65.0,209.0,85,84.0,18.0,4.0,6835.0,31.0,245.0,15,35,35,86,43,113,65,150,31.0,W,65,150,35.0,36.0,20.0,26.0,56.0,8.0,44.0,60.0,216.0
2025,Round 16,16,False,2025-06-28,2025-06-28,CD_M20250141607,UTAS Stadium,North Melbourne,Hawthorn,False,10.0,12,11,9.0,13.0,55.0,6.0,110.0,126.0,318.0,237.0,115.0,6.0,24.0,20.0,7.0,9.0,23,9,73.0,145.0,35.0,7.0,40.0,10.0,60.0,173.0,-85,67.0,9.0,9.0,5441.0,45.0,242.0,35,15,86,35,113,43,150,65,40.0,L,150,65,19.0,22.0,39.0,17.0,40.0,13.0,30.0,65.0,195.0
2025,Round 16,16,False,2025-06-28,2025-06-28,CD_M20250141602,Marvel Stadium,Collingwood,West Coast,True,10.0,11,10,4.0,14.0,63.0,16.0,136.0,125.0,353.0,263.0,154.0,19.0,18.0,17.0,7.0,13.0,8,13,85.0,143.0,43.0,11.0,55.0,21.0,61.0,210.0,29,97.0,13.0,10.0,6243.0,44.0,296.0,18,9,43,35,56,66,59,88,42.0,W,59,88,23.0,28.0,34.0,30.0,74.0,11.0,44.0,69.0,210.0
2025,Round 16,16,False,2025-06-28,2025-06-28,CD_M20250141602,Marvel Stadium,West Coast,Collingwood,False,8.0,10,11,4.0,8.0,63.0,8.0,119.0,126.0,368.0,278.0,128.0,8.0,17.0,18.0,5.0,8.0,13,8,80.0,177.0,43.0,10.0,50.0,15.0,69.0,191.0,-29,86.0,7.0,6.0,5663.0,32.0,251.0,9,18,35,43,66,56,88,59,40.0,L,88,59,19.0,21.0,23.0,24.0,63.0,14.0,32.0,61.0,244.0
2025,Round 16,16,False,2025-06-29,2025-06-29,CD_M20250141603,MCG,Richmond,Adelaide,True,4.0,14,6,1.0,15.0,67.0,3.0,114.0,130.0,307.0,214.0,114.0,4.0,20.0,20.0,6.0,8.0,18,8,74.0,124.0,34.0,14.0,40.0,12.0,52.0,183.0,-68,68.0,7.0,9.0,5159.0,46.0,241.0,17,1,55,14,85,32,122,54,41.0,L,122,54,14.0,15.0,36.0,27.0,51.0,5.0,42.0,70.0,176.0
2025,Round 16,16,False,2025-06-29,2025-06-29,CD_M20250141603,MCG,Adelaide,Richmond,False,11.0,6,14,5.0,10.0,47.0,12.0,142.0,82.0,397.0,297.0,173.0,20.0,20.0,20.0,16.0,18.0,8,18,98.0,148.0,47.0,10.0,59.0,14.0,70.0,249.0,68,127.0,17.0,6.0,6195.0,36.0,231.0,1,17,14,55,32,85,54,122,32.0,W,54,122,32.0,34.0,26.0,25.0,56.0,9.0,35.0,52.0,251.0
2025,Round 16,16,False,2025-06-29,2025-06-29,CD_M20250141605,Optus Stadium,Fremantle,St Kilda,True,12.0,15,15,6.0,7.0,39.0,13.0,117.0,140.0,312.0,223.0,123.0,11.0,17.0,21.0,8.0,11.0,9,11,64.0,119.0,57.0,11.0,49.0,17.0,63.0,193.0,12,86.0,15.0,8.0,5535.0,38.0,273.0,11,14,32,35,54,46,69,81,31.0,W,69,81,26.0,31.0,26.0,24.0,57.0,11.0,31.0,48.0,185.0
2025,Round 16,16,False,2025-06-29,2025-06-29,CD_M20250141605,Optus Stadium,St Kilda,Fremantle,False,11.0,15,15,12.0,13.0,60.0,11.0,125.0,121.0,350.0,256.0,140.0,16.0,21.0,17.0,7.0,9.0,11,9,82.0,137.0,26.0,9.0,41.0,11.0,48.0,213.0,-12,91.0,7.0,15.0,5404.0,51.0,253.0,14,11,35,32,46,54,81,69,36.0,L,81,69,24.0,23.0,40.0,33.0,59.0,13.0,46.0,63.0,214.0
2025,Round 17,17,False,2025-07-03,2025-07-03,CD_M20250141704,Marvel Stadium,North Melbourne,Western Bulldogs,True,5.0,14,7,8.0,16.0,61.0,10.0,127.0,152.0,329.0,241.0,137.0,15.0,20.0,19.0,11.0,13.0,20,13,78.0,136.0,38.0,9.0,43.0,14.0,53.0,193.0,-49,81.0,14.0,12.0,5022.0,59.0,279.0,26,32,64,51,100,78,134,85,44.0,L,134,85,20.0,23.0,46.0,25.0,63.0,12.0,41.0,65.0,189.0
2025,Round 17,17,False,2025-07-03,2025-07-03,CD_M20250141704,Marvel Stadium,Western Bulldogs,North Melbourne,False,11.0,7,14,3.0,14.0,48.0,19.0,128.0,95.0,356.0,280.0,148.0,17.0,19.0,20.0,18.0,20.0,13,20,76.0,153.0,33.0,8.0,65.0,20.0,65.0,203.0,49,88.0,19.0,6.0,5672.0,37.0,265.0,32,26,51,64,78,100,85,134,27.0,W,85,134,33.0,36.0,21.0,21.0,71.0,12.0,35.0,53.0,227.0
2025,Round 17,17,False,2025-07-04,2025-07-04,CD_M20250141706,MCG,Carlton,Collingwood,True,8.0,13,11,6.0,15.0,52.0,7.0,117.0,161.0,350.0,252.0,121.0,12.0,14.0,11.0,7.0,8.0,17,8,81.0,148.0,45.0,14.0,49.0,14.0,58.0,202.0,-56,89.0,13.0,9.0,6066.0,44.0,306.0,27,21,53,29,105,45,115,59,42.0,L,115,59,19.0,19.0,34.0,27.0,46.0,2.0,42.0,67.0,224.0
2025,Round 17,17,False,2025-07-04,2025-07-04,CD_M20250141706,MCG,Collingwood,Carlton,False,12.0,11,13,6.0,11.0,46.0,22.0,135.0,149.0,390.0,290.0,159.0,10.0,11.0,14.0,13.0,17.0,8,17,81.0,152.0,36.0,9.0,60.0,18.0,67.0,238.0,56,111.0,16.0,16.0,6953.0,43.0,312.0,21,27,29,53,45,105,59,115,41.0,W,59,115,29.0,31.0,32.0,22.0,60.0,13.0,33.0,58.0,242.0
2025,Round 17,17,False,2025-07-04,2025-07-04,CD_M20250141707,Optus Stadium,West Coast,Greater Western Sydney,True,3.0,15,4,6.0,10.0,68.0,6.0,122.0,138.0,326.0,230.0,132.0,17.0,20.0,13.0,4.0,8.0,16,8,93.0,120.0,35.0,9.0,47.0,15.0,80.0,206.0,-59,82.0,6.0,7.0,5981.0,51.0,274.0,33,6,54,19,87,32,111,52,51.0,L,111,52,12.0,19.0,41.0,21.0,56.0,13.0,31.0,93.0,187.0
2025,Round 17,17,False,2025-07-04,2025-07-04,CD_M20250141707,Optus Stadium,Greater Western Sydney,West Coast,False,14.0,4,15,16.0,16.0,55.0,8.0,156.0,107.0,399.0,275.0,144.0,19.0,13.0,20.0,12.0,16.0,8,16,112.0,156.0,41.0,19.0,68.0,20.0,93.0,243.0,59,99.0,12.0,7.0,6979.0,44.0,239.0,6,33,19,54,32,87,52,111,39.0,W,52,111,31.0,33.0,37.0,23.0,52.0,6.0,39.0,80.0,230.0
2025,Round 17,17,False,2025-07-05,2025-07-05,CD_M20250141705,Marvel Stadium,Essendon,Gold Coast,True,5.0,7,8,4.0,13.0,53.0,6.0,136.0,126.0,341.0,247.0,129.0,21.0,22.0,26.0,5.0,11.0,18,11,90.0,151.0,55.0,15.0,55.0,14.0,67.0,190.0,-41,74.0,8.0,12.0,5361.0,40.0,272.0,19,18,45,41,76,73,115,74,34.0,L,115,74,19.0,19.0,31.0,22.0,67.0,16.0,35.0,66.0,202.0
2025,Round 17,17,False,2025-07-05,2025-07-05,CD_M20250141705,Marvel Stadium,Gold Coast,Essendon,False,5.0,8,7,6.0,10.0,65.0,12.0,139.0,150.0,367.0,281.0,144.0,13.0,26.0,22.0,13.0,18.0,11,18,84.0,168.0,40.0,11.0,53.0,11.0,66.0,199.0,41,85.0,12.0,5.0,6177.0,45.0,272.0,18,19,41,45,73,76,74,115,44.0,W,74,115,25.0,29.0,27.0,28.0,78.0,4.0,38.0,67.0,232.0
2025,Round 17,17,False,2025-07-05,2025-07-05,CD_M20250141702,GMHBA Stadium,Geelong,Richmond,True,15.0,10,16,17.0,15.0,45.0,12.0,128.0,148.0,387.0,298.0,165.0,14.0,12.0,17.0,15.0,18.0,7,18,89.0,151.0,41.0,7.0,66.0,16.0,58.0,236.0,72,115.0,20.0,7.0,6784.0,25.0,277.0,8,21,16,75,30,103,52,124,38.0,W,52,124,34.0,38.0,17.0,27.0,61.0,12.0,42.0,52.0,251.0
2025,Round 17,17,False,2025-07-05,2025-07-05,CD_M20250141702,GMHBA Stadium,Richmond,Geelong,False,7.0,16,10,7.0,6.0,50.0,6.0,111.0,157.0,359.0,269.0,143.0,7.0,17.0,12.0,6.0,7.0,18,7,84.0,155.0,41.0,7.0,45.0,8.0,53.0,204.0,-72,92.0,11.0,6.0,5494.0,40.0,264.0,21,8,75,16,103,30,124,52,46.0,L,124,52,17.0,16.0,32.0,27.0,56.0,1.0,33.0,58.0,238.0
2025,Round 17,17,False,2025-07-05,2025-07-05,CD_M20250141709,Gabba,Brisbane Lions,Port Adelaide,True,9.0,8,12,2.0,17.0,45.0,4.0,112.0,120.0,339.0,247.0,137.0,19.0,24.0,26.0,13.0,18.0,14,18,74.0,128.0,33.0,11.0,55.0,18.0,56.0,211.0,28,97.0,15.0,7.0,6076.0,38.0,237.0,20,52,41,62,66,94,92,120,41.0,W,92,120,30.0,30.0,26.0,21.0,35.0,2.0,38.0,50.0,225.0
2025,Round 17,17,False,2025-07-05,2025-07-05,CD_M20250141709,Gabba,Port Adelaide,Brisbane Lions,False,7.0,12,8,3.0,14.0,70.0,5.0,115.0,114.0,346.0,260.0,129.0,7.0,26.0,24.0,10.0,14.0,18,14,71.0,154.0,45.0,10.0,55.0,8.0,50.0,192.0,-28,87.0,14.0,4.0,5589.0,45.0,233.0,52,20,62,41,94,66,120,92,33.0,L,120,92,22.0,23.0,34.0,22.0,51.0,8.0,36.0,56.0,227.0
2025,Round 17,17,False,2025-07-05,2025-07-05,CD_M20250141703,Marvel Stadium,St Kilda,Hawthorn,True,11.0,10,14,13.0,11.0,57.0,8.0,136.0,129.0,363.0,254.0,121.0,16.0,22.0,16.0,5.0,10.0,14,10,104.0,154.0,30.0,7.0,53.0,10.0,51.0,209.0,-20,81.0,9.0,6.0,5678.0,43.0,293.0,17,8,42,24,72,46,94,74,28.0,L,94,74,24.0,27.0,33.0,30.0,82.0,11.0,41.0,54.0,222.0
2025,Round 17,17,False,2025-07-05,2025-07-05,CD_M20250141703,Marvel Stadium,Hawthorn,St Kilda,False,8.0,14,10,5.0,9.0,49.0,11.0,118.0,134.0,345.0,257.0,155.0,8.0,16.0,22.0,8.0,14.0,10,14,67.0,132.0,64.0,15.0,42.0,18.0,54.0,213.0,20,103.0,14.0,9.0,5781.0,39.0,294.0,8,17,24,42,46,72,74,94,43.0,W,74,94,23.0,26.0,30.0,28.0,59.0,6.0,37.0,51.0,213.0
2025,Round 17,17,False,2025-07-06,2025-07-06,CD_M20250141708,SCG,Sydney,Fremantle,True,7.0,11,10,9.0,14.0,38.0,7.0,123.0,118.0,339.0,249.0,160.0,15.0,18.0,22.0,10.0,14.0,12,14,80.0,110.0,37.0,9.0,48.0,17.0,56.0,229.0,11,105.0,12.0,13.0,5485.0,41.0,267.0,15,21,36,53,66,74,83,94,39.0,W,83,94,23.0,22.0,32.0,27.0,81.0,23.0,41.0,61.0,207.0
2025,Round 17,17,False,2025-07-06,2025-07-06,CD_M20250141708,SCG,Fremantle,Sydney,False,8.0,10,11,8.0,10.0,51.0,7.0,127.0,106.0,317.0,230.0,113.0,13.0,22.0,18.0,8.0,12.0,14,12,83.0,141.0,35.0,11.0,51.0,10.0,61.0,176.0,-11,81.0,11.0,14.0,4977.0,37.0,238.0,21,15,53,36,74,66,94,83,34.0,L,94,83,23.0,26.0,29.0,22.0,53.0,8.0,32.0,56.0,197.0
2025,Round 17,17,False,2025-07-06,2025-07-06,CD_M20250141701,Adelaide Oval,Adelaide,Melbourne,True,9.0,11,12,3.0,14.0,65.0,11.0,129.0,115.0,325.0,236.0,133.0,12.0,17.0,15.0,11.0,13.0,11,13,91.0,126.0,41.0,10.0,55.0,17.0,79.0,199.0,13,82.0,17.0,7.0,5729.0,53.0,275.0,12,15,43,38,56,71,77,90,30.0,W,77,90,25.0,25.0,37.0,19.0,53.0,6.0,33.0,81.0,191.0
2025,Round 17,17,False,2025-07-06,2025-07-06,CD_M20250141701,Adelaide Oval,Melbourne,Adelaide,False,10.0,12,11,4.0,9.0,57.0,9.0,133.0,118.0,392.0,291.0,159.0,11.0,15.0,17.0,5.0,11.0,13,11,100.0,170.0,28.0,4.0,42.0,20.0,81.0,222.0,-13,110.0,8.0,10.0,5742.0,42.0,241.0,15,12,38,43,71,56,90,77,42.0,L,90,77,21.0,24.0,31.0,18.0,53.0,5.0,27.0,79.0,252.0
2025,Round 18,18,False,2025-07-10,2025-07-10,CD_M20250141805,Marvel Stadium,Carlton,Brisbane Lions,True,11.0,13,12,2.0,10.0,62.0,9.0,144.0,147.0,344.0,240.0,115.0,15.0,25.0,20.0,7.0,9.0,15,9,97.0,154.0,45.0,18.0,45.0,10.0,63.0,190.0,-37,69.0,18.0,9.0,5488.0,42.0,245.0,34,21,72,42,98,46,103,66,46.0,L,103,66,21.0,22.0,31.0,27.0,59.0,8.0,37.0,65.0,196.0
2025,Round 18,18,False,2025-07-10,2025-07-10,CD_M20250141805,Marvel Stadium,Brisbane Lions,Carlton,False,12.0,12,13,1.0,12.0,53.0,10.0,113.0,116.0,383.0,294.0,171.0,23.0,20.0,25.0,10.0,15.0,9,15,71.0,142.0,40.0,6.0,61.0,21.0,65.0,241.0,37,130.0,14.0,6.0,5951.0,46.0,279.0,21,34,42,72,46,98,66,103,35.0,W,66,103,28.0,32.0,30.0,17.0,69.0,20.0,29.0,63.0,260.0
2025,Round 18,18,False,2025-07-11,2025-07-11,CD_M20250141808,People First Stadium,Gold Coast,Collingwood,True,7.0,15,9,5.0,7.0,57.0,7.0,139.0,153.0,339.0,237.0,119.0,21.0,28.0,24.0,6.0,10.0,8,10,96.0,147.0,43.0,11.0,43.0,15.0,55.0,192.0,6,67.0,10.0,4.0,5905.0,57.0,277.0,4,17,8,43,29,57,63,69,44.0,W,63,69,19.0,21.0,48.0,39.0,66.0,9.0,46.0,65.0,191.0
2025,Round 18,18,False,2025-07-11,2025-07-11,CD_M20250141808,People First Stadium,Collingwood,Gold Coast,False,11.0,9,15,5.0,9.0,72.0,10.0,136.0,137.0,330.0,228.0,107.0,13.0,24.0,28.0,8.0,8.0,10,8,81.0,154.0,43.0,11.0,53.0,10.0,65.0,176.0,-6,59.0,15.0,4.0,5804.0,41.0,267.0,17,4,43,8,57,29,69,63,33.0,L,69,63,22.0,25.0,25.0,24.0,76.0,13.0,33.0,55.0,184.0
2025,Round 18,18,False,2025-07-12,2025-07-12,CD_M20250141803,Marvel Stadium,Western Bulldogs,Adelaide,True,6.0,13,8,7.0,18.0,62.0,10.0,142.0,110.0,353.0,256.0,143.0,21.0,25.0,18.0,10.0,15.0,16,15,103.0,139.0,33.0,7.0,55.0,13.0,64.0,214.0,-11,88.0,9.0,6.0,5853.0,45.0,238.0,26,19,64,45,93,66,109,98,36.0,L,109,98,23.0,29.0,34.0,25.0,51.0,11.0,43.0,68.0,205.0
2025,Round 18,18,False,2025-07-12,2025-07-12,CD_M20250141803,Marvel Stadium,Adelaide,Western Bulldogs,False,11.0,8,13,5.0,13.0,49.0,13.0,131.0,150.0,345.0,261.0,163.0,13.0,18.0,25.0,15.0,16.0,15,16,80.0,111.0,44.0,12.0,52.0,16.0,68.0,234.0,11,105.0,17.0,12.0,5996.0,48.0,264.0,19,26,45,64,66,93,98,109,39.0,W,98,109,29.0,32.0,33.0,22.0,61.0,3.0,35.0,64.0,203.0
2025,Round 18,18,False,2025-07-12,2025-07-12,CD_M20250141802,ENGIE Stadium,Greater Western Sydney,Geelong,True,9.0,7,9,15.0,20.0,72.0,12.0,142.0,123.0,350.0,257.0,152.0,17.0,26.0,23.0,8.0,17.0,13,17,88.0,127.0,30.0,11.0,56.0,16.0,72.0,223.0,26,93.0,10.0,6.0,6683.0,53.0,232.0,26,13,41,47,55,80,85,111,47.0,W,85,111,26.0,29.0,39.0,23.0,47.0,6.0,43.0,73.0,203.0
2025,Round 18,18,False,2025-07-12,2025-07-12,CD_M20250141802,ENGIE Stadium,Geelong,Greater Western Sydney,False,7.0,9,7,1.0,13.0,66.0,13.0,142.0,112.0,326.0,238.0,143.0,10.0,23.0,26.0,11.0,13.0,17,13,88.0,114.0,40.0,12.0,60.0,14.0,73.0,212.0,-26,87.0,13.0,8.0,6318.0,42.0,244.0,13,26,47,41,80,55,111,85,39.0,L,111,85,20.0,21.0,26.0,18.0,54.0,9.0,31.0,72.0,185.0
2025,Round 18,18,False,2025-07-12,2025-07-12,CD_M20250141807,MCG,Richmond,Essendon,True,8.0,13,10,8.0,3.0,59.0,8.0,129.0,124.0,381.0,273.0,139.0,10.0,22.0,16.0,5.0,6.0,4,6,85.0,169.0,28.0,11.0,46.0,19.0,66.0,212.0,9,113.0,10.0,3.0,5862.0,51.0,264.0,18,22,24,23,34,27,37,46,50.0,W,37,46,16.0,15.0,40.0,28.0,50.0,7.0,31.0,72.0,248.0
2025,Round 18,18,False,2025-07-12,2025-07-12,CD_M20250141807,MCG,Essendon,Richmond,False,7.0,10,13,20.0,9.0,52.0,7.0,117.0,107.0,349.0,251.0,123.0,12.0,16.0,22.0,0.0,4.0,6,4,75.0,143.0,40.0,9.0,55.0,18.0,72.0,206.0,-9,86.0,8.0,6.0,5990.0,30.0,291.0,22,18,23,24,27,34,46,37,40.0,L,46,37,16.0,16.0,26.0,24.0,56.0,12.0,33.0,66.0,220.0
2025,Round 18,18,False,2025-07-12,2025-07-12,CD_M20250141809,Optus Stadium,Fremantle,Hawthorn,True,3.0,10,5,2.0,11.0,63.0,8.0,135.0,157.0,339.0,236.0,120.0,16.0,18.0,23.0,11.0,12.0,9,12,95.0,139.0,56.0,8.0,51.0,12.0,70.0,200.0,13,67.0,10.0,10.0,5316.0,57.0,337.0,14,19,46,37,62,49,64,77,42.0,W,64,77,17.0,20.0,47.0,29.0,103.0,16.0,40.0,80.0,188.0
2025,Round 18,18,False,2025-07-12,2025-07-12,CD_M20250141809,Optus Stadium,Hawthorn,Fremantle,False,6.0,5,10,3.0,11.0,72.0,9.0,156.0,120.0,365.0,233.0,111.0,25.0,23.0,18.0,6.0,9.0,12,9,111.0,157.0,51.0,16.0,51.0,17.0,80.0,208.0,-13,64.0,8.0,2.0,5482.0,46.0,299.0,19,14,37,46,49,62,77,64,39.0,L,77,64,18.0,22.0,33.0,28.0,78.0,25.0,39.0,70.0,202.0
2025,Round 18,18,False,2025-07-13,2025-07-13,CD_M20250141806,MCG,Melbourne,North Melbourne,True,9.0,11,11,6.0,11.0,54.0,12.0,128.0,104.0,341.0,253.0,140.0,12.0,17.0,17.0,13.0,18.0,12,18,74.0,140.0,37.0,16.0,52.0,17.0,49.0,201.0,36,97.0,19.0,5.0,5687.0,35.0,254.0,26,21,36,41,59,75,83,119,30.0,W,83,119,29.0,32.0,20.0,29.0,52.0,10.0,40.0,44.0,213.0
2025,Round 18,18,False,2025-07-13,2025-07-13,CD_M20250141806,MCG,North Melbourne,Melbourne,False,9.0,11,11,6.0,17.0,48.0,8.0,108.0,138.0,344.0,254.0,124.0,8.0,17.0,17.0,10.0,12.0,18,12,69.0,153.0,26.0,6.0,44.0,13.0,44.0,191.0,-36,89.0,12.0,11.0,5147.0,40.0,250.0,21,26,41,36,75,59,119,83,33.0,L,119,83,23.0,25.0,33.0,24.0,56.0,5.0,41.0,49.0,223.0
2025,Round 18,18,False,2025-07-13,2025-07-13,CD_M20250141804,Marvel Stadium,St Kilda,Sydney,True,5.0,8,9,14.0,12.0,66.0,10.0,136.0,101.0,356.0,261.0,145.0,19.0,29.0,27.0,8.0,13.0,14,13,82.0,141.0,23.0,7.0,56.0,14.0,66.0,215.0,-5,89.0,9.0,6.0,5462.0,44.0,242.0,33,24,36,46,61,74,92,87,34.0,L,92,87,22.0,25.0,28.0,22.0,73.0,20.0,34.0,63.0,215.0
2025,Round 18,18,False,2025-07-13,2025-07-13,CD_M20250141804,Marvel Stadium,Sydney,St Kilda,False,7.0,9,8,11.0,13.0,64.0,6.0,125.0,141.0,314.0,232.0,128.0,8.0,27.0,30.0,11.0,14.0,13,14,72.0,123.0,52.0,15.0,48.0,17.0,64.0,191.0,5,78.0,14.0,8.0,5371.0,34.0,268.0,24,33,46,36,74,61,87,92,41.0,W,87,92,22.0,23.0,29.0,22.0,68.0,10.0,35.0,66.0,185.0
2025,Round 18,18,False,2025-07-13,2025-07-13,CD_M20250141801,Adelaide Oval,Port Adelaide,West Coast,True,13.0,7,15,8.0,10.0,58.0,9.0,129.0,125.0,329.0,220.0,113.0,14.0,21.0,23.0,9.0,12.0,9,12,81.0,132.0,48.0,18.0,52.0,16.0,57.0,197.0,26,70.0,13.0,7.0,5754.0,41.0,265.0,39,14,47,36,60,54,61,87,37.0,W,61,87,26.0,29.0,26.0,43.0,68.0,14.0,53.0,58.0,186.0
2025,Round 18,18,False,2025-07-13,2025-07-13,CD_M20250141801,Adelaide Oval,West Coast,Port Adelaide,False,6.0,15,7,4.0,7.0,65.0,7.0,110.0,129.0,312.0,218.0,124.0,14.0,23.0,21.0,8.0,9.0,12,9,66.0,112.0,43.0,8.0,46.0,18.0,58.0,200.0,-26,87.0,8.0,11.0,5243.0,42.0,274.0,14,39,36,47,54,60,87,61,38.0,L,87,61,16.0,20.0,24.0,19.0,61.0,10.0,26.0,55.0,189.0
2025,Round 19,19,False,2025-07-17,2025-07-17,CD_M20250141903,Marvel Stadium,Essendon,Greater Western Sydney,True,13.0,8,14,6.0,12.0,46.0,13.0,128.0,115.0,324.0,236.0,120.0,10.0,11.0,25.0,4.0,7.0,16,7,79.0,136.0,25.0,12.0,57.0,22.0,75.0,188.0,-48,76.0,14.0,4.0,5874.0,43.0,296.0,12,5,51,14,83,40,104,56,36.0,L,104,56,21.0,24.0,33.0,19.0,49.0,9.0,31.0,68.0,187.0
2025,Round 19,19,False,2025-07-17,2025-07-17,CD_M20250141903,Marvel Stadium,Greater Western Sydney,Essendon,False,7.0,14,8,5.0,13.0,77.0,18.0,136.0,115.0,378.0,275.0,166.0,14.0,25.0,11.0,13.0,16.0,7,16,84.0,133.0,42.0,19.0,53.0,22.0,69.0,245.0,48,115.0,16.0,12.0,6422.0,50.0,266.0,5,12,14,51,40,83,56,104,48.0,W,56,104,24.0,30.0,43.0,28.0,41.0,6.0,41.0,74.0,224.0
2025,Round 19,19,False,2025-07-18,2025-07-18,CD_M20250141908,Gabba,Brisbane Lions,Western Bulldogs,True,14.0,4,14,0.0,12.0,62.0,9.0,166.0,124.0,364.0,245.0,139.0,30.0,20.0,16.0,9.0,12.0,12,12,122.0,138.0,55.0,14.0,64.0,14.0,82.0,226.0,10,86.0,12.0,8.0,5862.0,60.0,281.0,13,14,33,46,52,71,76,86,30.0,W,76,86,26.0,34.0,39.0,24.0,73.0,23.0,36.0,68.0,200.0
2025,Round 19,19,False,2025-07-18,2025-07-18,CD_M20250141908,Gabba,Western Bulldogs,Brisbane Lions,False,2.0,14,4,4.0,12.0,54.0,11.0,150.0,173.0,339.0,234.0,131.0,22.0,16.0,20.0,5.0,12.0,12,12,105.0,133.0,39.0,9.0,44.0,15.0,68.0,206.0,-10,74.0,12.0,6.0,5926.0,42.0,313.0,14,13,46,33,71,52,86,76,52.0,L,86,76,16.0,22.0,24.0,34.0,82.0,15.0,46.0,82.0,182.0
2025,Round 19,19,False,2025-07-19,2025-07-19,CD_M20250141909,UTAS Stadium,Hawthorn,Port Adelaide,True,7.0,7,9,3.0,9.0,87.0,9.0,174.0,159.0,389.0,222.0,116.0,13.0,14.0,21.0,6.0,13.0,7,13,123.0,143.0,58.0,11.0,65.0,17.0,93.0,246.0,38,54.0,10.0,2.0,6799.0,55.0,328.0,20,20,27,40,42,54,49,87,36.0,W,49,87,22.0,25.0,30.0,41.0,99.0,8.0,50.0,84.0,181.0
2025,Round 19,19,False,2025-07-19,2025-07-19,CD_M20250141909,UTAS Stadium,Port Adelaide,Hawthorn,False,6.0,9,7,0.0,10.0,80.0,5.0,146.0,201.0,307.0,158.0,87.0,9.0,21.0,14.0,5.0,7.0,13,7,103.0,101.0,44.0,13.0,44.0,14.0,84.0,206.0,-38,30.0,7.0,0.0,5996.0,47.0,369.0,20,20,40,27,54,42,87,49,51.0,L,87,49,14.0,16.0,34.0,41.0,100.0,19.0,51.0,92.0,124.0
2025,Round 19,19,False,2025-07-19,2025-07-19,CD_M20250141907,SCG,Sydney,North Melbourne,True,12.0,11,12,11.0,12.0,46.0,11.0,126.0,106.0,371.0,280.0,161.0,12.0,16.0,23.0,11.0,12.0,7,12,63.0,149.0,80.0,19.0,50.0,13.0,45.0,222.0,31,114.0,18.0,5.0,5419.0,33.0,237.0,15,21,29,47,39,51,53,84,37.0,W,53,84,24.0,28.0,24.0,40.0,61.0,17.0,52.0,45.0,233.0
2025,Round 19,19,False,2025-07-19,2025-07-19,CD_M20250141907,SCG,North Melbourne,Sydney,False,6.0,12,11,9.0,10.0,57.0,7.0,105.0,122.0,325.0,244.0,118.0,13.0,23.0,16.0,5.0,7.0,12,7,80.0,145.0,10.0,4.0,46.0,13.0,46.0,180.0,-31,86.0,5.0,3.0,4957.0,34.0,259.0,21,15,47,29,51,39,84,53,38.0,L,84,53,18.0,14.0,27.0,27.0,69.0,20.0,37.0,45.0,212.0
2025,Round 19,19,False,2025-07-19,2025-07-19,CD_M20250141904,MCG,Carlton,Melbourne,True,4.0,10,6,2.0,12.0,59.0,5.0,124.0,141.0,305.0,213.0,127.0,6.0,21.0,29.0,8.0,12.0,10,12,81.0,101.0,26.0,8.0,50.0,22.0,79.0,204.0,8,77.0,10.0,3.0,5894.0,53.0,280.0,18,26,21,40,49,59,70,78,47.0,W,70,78,18.0,20.0,39.0,25.0,48.0,2.0,37.0,83.0,171.0
2025,Round 19,19,False,2025-07-19,2025-07-19,CD_M20250141904,MCG,Melbourne,Carlton,False,6.0,6,10,1.0,11.0,78.0,15.0,145.0,100.0,385.0,272.0,152.0,14.0,29.0,21.0,7.0,10.0,12,10,94.0,150.0,38.0,11.0,58.0,22.0,83.0,235.0,-8,104.0,9.0,5.0,5927.0,51.0,228.0,26,18,40,21,59,49,78,70,38.0,L,78,70,20.0,25.0,31.0,23.0,44.0,6.0,34.0,79.0,227.0
2025,Round 19,19,False,2025-07-19,2025-07-19,CD_M20250141906,Optus Stadium,West Coast,Richmond,True,7.0,9,8,12.0,11.0,51.0,10.0,113.0,122.0,347.0,260.0,130.0,11.0,18.0,20.0,7.0,8.0,16,8,70.0,150.0,45.0,15.0,48.0,17.0,50.0,197.0,-49,107.0,13.0,9.0,5238.0,35.0,248.0,20,15,39,30,91,38,105,56,31.0,L,105,56,16.0,20.0,28.0,25.0,48.0,8.0,36.0,57.0,233.0
2025,Round 19,19,False,2025-07-19,2025-07-19,CD_M20250141906,Optus Stadium,Richmond,West Coast,False,9.0,8,9,13.0,9.0,50.0,15.0,127.0,91.0,377.0,288.0,146.0,12.0,20.0,18.0,11.0,16.0,8,16,78.0,158.0,37.0,12.0,48.0,21.0,57.0,219.0,49,103.0,12.0,6.0,6306.0,36.0,238.0,15,20,30,39,38,91,56,105,40.0,W,56,105,25.0,30.0,31.0,27.0,50.0,10.0,36.0,50.0,245.0
2025,Round 19,19,False,2025-07-20,2025-07-20,CD_M20250141902,GMHBA Stadium,Geelong,St Kilda,True,9.0,10,11,8.0,18.0,61.0,10.0,123.0,120.0,359.0,279.0,154.0,15.0,24.0,17.0,13.0,17.0,12,17,86.0,154.0,48.0,7.0,55.0,19.0,64.0,205.0,31,96.0,15.0,8.0,5833.0,36.0,269.0,14,36,47,62,61,98,82,113,33.0,W,82,113,28.0,31.0,24.0,16.0,76.0,23.0,34.0,55.0,229.0
2025,Round 19,19,False,2025-07-20,2025-07-20,CD_M20250141902,GMHBA Stadium,St Kilda,Geelong,False,9.0,11,10,1.0,11.0,60.0,7.0,132.0,156.0,352.0,246.0,140.0,11.0,17.0,24.0,8.0,12.0,17,12,85.0,129.0,37.0,11.0,45.0,8.0,55.0,223.0,-31,87.0,16.0,9.0,5506.0,46.0,285.0,36,14,62,47,98,61,113,82,37.0,L,113,82,22.0,26.0,32.0,27.0,61.0,5.0,38.0,65.0,214.0
2025,Round 19,19,False,2025-07-20,2025-07-20,CD_M20250141905,MCG,Collingwood,Fremantle,True,9.0,7,12,6.0,12.0,66.0,7.0,151.0,96.0,350.0,222.0,100.0,16.0,20.0,24.0,7.0,11.0,12,11,94.0,158.0,49.0,18.0,63.0,15.0,76.0,192.0,-1,59.0,8.0,8.0,5591.0,41.0,299.0,26,20,47,54,53,62,79,78,28.0,L,79,78,23.0,23.0,24.0,31.0,86.0,35.0,43.0,62.0,191.0
2025,Round 19,19,False,2025-07-20,2025-07-20,CD_M20250141905,MCG,Fremantle,Collingwood,False,5.0,12,7,9.0,10.0,58.0,8.0,131.0,184.0,352.0,255.0,120.0,9.0,24.0,20.0,9.0,12.0,11,12,88.0,163.0,39.0,14.0,40.0,17.0,62.0,189.0,1,83.0,9.0,5.0,5381.0,44.0,291.0,20,26,54,47,62,53,78,79,51.0,W,78,79,18.0,21.0,32.0,29.0,65.0,9.0,39.0,75.0,215.0
2025,Round 19,19,False,2025-07-20,2025-07-20,CD_M20250141901,Adelaide Oval,Adelaide,Gold Coast,True,8.0,10,11,8.0,6.0,65.0,9.0,125.0,119.0,357.0,262.0,168.0,13.0,22.0,28.0,12.0,16.0,6,16,74.0,120.0,48.0,17.0,46.0,19.0,67.0,237.0,61,112.0,9.0,10.0,6140.0,47.0,252.0,2,21,4,59,39,87,46,107,43.0,W,46,107,26.0,25.0,29.0,31.0,55.0,10.0,37.0,62.0,224.0
2025,Round 19,19,False,2025-07-20,2025-07-20,CD_M20250141901,Adelaide Oval,Gold Coast,Adelaide,False,9.0,11,10,8.0,11.0,72.0,8.0,114.0,99.0,334.0,248.0,126.0,11.0,28.0,22.0,2.0,6.0,16,6,72.0,142.0,42.0,10.0,52.0,12.0,62.0,192.0,-61,83.0,8.0,12.0,5589.0,43.0,238.0,21,2,59,4,87,39,107,46,30.0,L,107,46,16.0,19.0,37.0,27.0,55.0,12.0,38.0,66.0,213.0
2025,Round 20,20,False,2025-07-24,2025-07-24,CD_M20250142007,MCG,Hawthorn,Carlton,True,6.0,7,7,12.0,7.0,57.0,15.0,121.0,125.0,386.0,296.0,155.0,15.0,23.0,14.0,8.0,13.0,9,13,75.0,171.0,40.0,11.0,44.0,26.0,69.0,215.0,24,116.0,16.0,5.0,5579.0,57.0,261.0,8,37,21,51,46,76,61,85,36.0,W,61,85,20.0,24.0,37.0,20.0,67.0,16.0,27.0,60.0,267.0
2025,Round 20,20,False,2025-07-24,2025-07-24,CD_M20250142007,MCG,Carlton,Hawthorn,False,6.0,7,7,4.0,15.0,57.0,9.0,129.0,161.0,330.0,235.0,136.0,21.0,14.0,23.0,5.0,9.0,13,9,83.0,123.0,26.0,4.0,45.0,13.0,60.0,207.0,-24,95.0,12.0,9.0,5141.0,34.0,316.0,37,8,51,21,76,46,85,61,30.0,L,85,61,16.0,19.0,20.0,24.0,60.0,10.0,39.0,69.0,203.0
2025,Round 20,20,False,2025-07-25,2025-07-25,CD_M20250142005,Marvel Stadium,Essendon,Western Bulldogs,True,6.0,11,8,6.0,15.0,67.0,7.0,123.0,145.0,336.0,248.0,106.0,15.0,18.0,20.0,7.0,7.0,22,7,79.0,169.0,40.0,10.0,46.0,13.0,61.0,167.0,-93,71.0,10.0,7.0,4880.0,38.0,268.0,41,14,65,17,109,30,143,50,31.0,L,143,50,15.0,20.0,25.0,19.0,55.0,13.0,34.0,64.0,211.0
2025,Round 20,20,False,2025-07-25,2025-07-25,CD_M20250142005,Marvel Stadium,Western Bulldogs,Essendon,False,9.0,8,11,8.0,12.0,55.0,17.0,130.0,112.0,402.0,324.0,190.0,12.0,20.0,18.0,18.0,22.0,7,22,81.0,156.0,29.0,7.0,56.0,13.0,64.0,246.0,93,126.0,18.0,14.0,6405.0,50.0,277.0,14,41,17,65,30,109,50,143,39.0,W,50,143,31.0,35.0,30.0,27.0,58.0,8.0,39.0,61.0,270.0
2025,Round 20,20,False,2025-07-25,2025-07-25,CD_M20250142002,ENGIE Stadium,Greater Western Sydney,Sydney,True,12.0,10,12,14.0,10.0,48.0,21.0,131.0,115.0,332.0,242.0,143.0,18.0,18.0,24.0,7.0,15.0,8,15,80.0,121.0,26.0,3.0,54.0,19.0,60.0,211.0,44,102.0,15.0,12.0,6024.0,44.0,280.0,23,8,50,22,56,79,58,102,35.0,W,58,102,27.0,32.0,33.0,17.0,58.0,10.0,27.0,42.0,193.0
2025,Round 20,20,False,2025-07-25,2025-07-25,CD_M20250142002,ENGIE Stadium,Sydney,Greater Western Sydney,False,10.0,12,10,10.0,15.0,58.0,7.0,123.0,110.0,334.0,244.0,116.0,11.0,24.0,18.0,6.0,8.0,15,8,84.0,150.0,36.0,6.0,44.0,9.0,45.0,184.0,-44,73.0,3.0,6.0,5325.0,48.0,233.0,8,23,22,50,79,56,102,58,37.0,L,102,58,18.0,19.0,30.0,26.0,64.0,7.0,41.0,60.0,212.0
2025,Round 20,20,False,2025-07-26,2025-07-26,CD_M20250142008,People First Stadium,Gold Coast,Brisbane Lions,True,8.0,10,10,4.0,19.0,53.0,10.0,161.0,144.0,436.0,336.0,155.0,15.0,19.0,18.0,16.0,20.0,9,20,113.0,224.0,52.0,11.0,64.0,11.0,76.0,212.0,66,75.0,11.0,6.0,6873.0,58.0,291.0,15,31,30,63,38,96,64,130,43.0,W,64,130,30.0,34.0,42.0,33.0,77.0,19.0,52.0,75.0,270.0
2025,Round 20,20,False,2025-07-26,2025-07-26,CD_M20250142008,People First Stadium,Brisbane Lions,Gold Coast,False,8.0,10,10,5.0,11.0,61.0,3.0,149.0,159.0,364.0,236.0,117.0,21.0,18.0,19.0,7.0,9.0,20,9,102.0,159.0,51.0,12.0,53.0,8.0,76.0,205.0,-66,63.0,6.0,3.0,5656.0,60.0,350.0,31,15,63,30,96,38,130,64,43.0,L,130,64,19.0,20.0,39.0,29.0,73.0,18.0,40.0,76.0,210.0
2025,Round 20,20,False,2025-07-26,2025-07-26,CD_M20250142009,Optus Stadium,Fremantle,West Coast,True,16.0,5,18,13.0,15.0,57.0,11.0,131.0,95.0,342.0,251.0,118.0,17.0,25.0,26.0,12.0,18.0,12,18,75.0,154.0,42.0,17.0,56.0,15.0,56.0,188.0,49,72.0,13.0,11.0,5924.0,43.0,203.0,12,40,30,52,46,76,77,126,30.0,W,77,126,36.0,40.0,30.0,31.0,45.0,11.0,46.0,50.0,210.0
2025,Round 20,20,False,2025-07-26,2025-07-26,CD_M20250142009,Optus Stadium,West Coast,Fremantle,False,5.0,18,5,16.0,14.0,62.0,8.0,108.0,116.0,289.0,211.0,122.0,10.0,26.0,25.0,7.0,12.0,18,12,70.0,113.0,33.0,6.0,42.0,9.0,51.0,176.0,-49,79.0,10.0,9.0,5094.0,42.0,240.0,40,12,52,30,76,46,126,77,37.0,L,126,77,17.0,20.0,32.0,13.0,45.0,13.0,27.0,55.0,178.0
2025,Round 20,20,False,2025-07-26,2025-07-26,CD_M20250142003,Marvel Stadium,North Melbourne,Geelong,True,5.0,18,7,8.0,9.0,63.0,11.0,116.0,171.0,358.0,260.0,133.0,7.0,23.0,19.0,4.0,7.0,22,7,77.0,154.0,31.0,9.0,36.0,13.0,48.0,204.0,-101,100.0,9.0,7.0,5200.0,30.0,289.0,30,14,76,22,129,23,150,49,54.0,L,150,49,14.0,17.0,25.0,25.0,57.0,6.0,34.0,58.0,229.0
2025,Round 20,20,False,2025-07-26,2025-07-26,CD_M20250142003,Marvel Stadium,Geelong,North Melbourne,False,16.0,7,18,3.0,16.0,52.0,15.0,132.0,83.0,375.0,286.0,160.0,17.0,19.0,23.0,17.0,22.0,7,22,77.0,149.0,50.0,11.0,77.0,17.0,58.0,226.0,101,105.0,27.0,10.0,6557.0,30.0,266.0,14,30,22,76,23,129,49,150,29.0,W,49,150,39.0,42.0,18.0,28.0,67.0,14.0,44.0,48.0,233.0
2025,Round 20,20,False,2025-07-26,2025-07-26,CD_M20250142001,Adelaide Oval,Adelaide,Port Adelaide,True,12.0,5,13,3.0,13.0,78.0,9.0,172.0,126.0,368.0,217.0,125.0,18.0,21.0,33.0,14.0,20.0,5,20,116.0,120.0,51.0,11.0,65.0,9.0,96.0,248.0,98,48.0,14.0,4.0,6700.0,49.0,289.0,19,24,21,50,33,83,35,133,36.0,W,35,133,32.0,39.0,34.0,39.0,103.0,22.0,52.0,77.0,174.0
2025,Round 20,20,False,2025-07-26,2025-07-26,CD_M20250142001,Adelaide Oval,Port Adelaide,Adelaide,False,3.0,13,5,1.0,11.0,82.0,4.0,149.0,169.0,300.0,158.0,93.0,14.0,33.0,21.0,2.0,5.0,20,5,107.0,94.0,46.0,15.0,43.0,14.0,78.0,206.0,-98,37.0,4.0,3.0,5523.0,39.0,321.0,24,19,50,21,83,33,133,35,45.0,L,133,35,10.0,15.0,28.0,34.0,73.0,10.0,45.0,95.0,108.0
2025,Round 20,20,False,2025-07-27,2025-07-27,CD_M20250142006,MCG,Richmond,Collingwood,True,8.0,15,9,4.0,9.0,53.0,10.0,133.0,159.0,365.0,266.0,134.0,6.0,13.0,19.0,6.0,8.0,13,8,93.0,166.0,38.0,10.0,43.0,9.0,69.0,199.0,-36,93.0,12.0,4.0,5747.0,54.0,291.0,21,13,48,28,82,47,93,57,43.0,L,93,57,17.0,18.0,42.0,18.0,39.0,5.0,27.0,76.0,226.0
2025,Round 20,20,False,2025-07-27,2025-07-27,CD_M20250142006,MCG,Collingwood,Richmond,False,10.0,9,15,2.0,11.0,53.0,9.0,139.0,118.0,423.0,316.0,161.0,24.0,19.0,13.0,8.0,13.0,8,13,93.0,190.0,30.0,8.0,56.0,13.0,76.0,233.0,36,97.0,11.0,9.0,6518.0,49.0,272.0,13,21,28,48,47,82,57,93,34.0,W,57,93,28.0,30.0,26.0,19.0,57.0,8.0,30.0,69.0,278.0
2025,Round 20,20,False,2025-07-27,2025-07-27,CD_M20250142004,Marvel Stadium,St Kilda,Melbourne,True,5.0,12,6,7.0,11.0,55.0,6.0,124.0,133.0,355.0,270.0,148.0,9.0,21.0,16.0,14.0,15.0,13,15,90.0,151.0,32.0,12.0,43.0,5.0,51.0,204.0,6,96.0,14.0,12.0,5229.0,39.0,230.0,38,13,58,28,86,40,90,96,38.0,W,90,96,20.0,24.0,30.0,30.0,60.0,7.0,41.0,57.0,228.0
2025,Round 20,20,False,2025-07-27,2025-07-27,CD_M20250142004,Marvel Stadium,Melbourne,St Kilda,False,10.0,6,12,4.0,13.0,43.0,13.0,124.0,91.0,318.0,243.0,150.0,22.0,15.0,21.0,10.0,13.0,15,13,71.0,113.0,58.0,18.0,52.0,18.0,57.0,205.0,-6,98.0,15.0,8.0,5240.0,40.0,265.0,13,38,28,58,40,86,96,90,28.0,L,96,90,24.0,28.0,26.0,27.0,76.0,15.0,40.0,49.0,196.0
2025,Round 21,21,False,2025-07-31,2025-07-31,CD_M20250142105,Marvel Stadium,Western Bulldogs,Greater Western Sydney,True,15.0,8,18,12.0,14.0,44.0,17.0,137.0,79.0,347.0,262.0,148.0,17.0,19.0,32.0,13.0,19.0,6,19,78.0,133.0,26.0,13.0,58.0,11.0,61.0,214.0,88,99.0,20.0,11.0,5810.0,42.0,188.0,8,41,20,81,42,109,44,132,28.0,W,44,132,37.0,38.0,34.0,27.0,34.0,11.0,41.0,48.0,208.0
2025,Round 21,21,False,2025-07-31,2025-07-31,CD_M20250142105,Marvel Stadium,Greater Western Sydney,Western Bulldogs,False,5.0,18,8,5.0,11.0,65.0,5.0,86.0,115.0,305.0,235.0,144.0,6.0,32.0,19.0,5.0,6.0,19,6,51.0,111.0,40.0,9.0,36.0,11.0,48.0,194.0,-88,102.0,6.0,10.0,4651.0,36.0,214.0,41,8,81,20,109,42,132,44,38.0,L,132,44,14.0,14.0,27.0,13.0,44.0,8.0,24.0,59.0,204.0
2025,Round 21,21,False,2025-08-01,2025-08-01,CD_M20250142101,Adelaide Oval,Adelaide,Hawthorn,True,8.0,9,11,8.0,11.0,67.0,12.0,146.0,153.0,319.0,214.0,130.0,13.0,21.0,22.0,12.0,15.0,13,15,93.0,104.0,45.0,17.0,55.0,12.0,69.0,215.0,14,78.0,11.0,8.0,5925.0,43.0,320.0,33,7,33,49,71,63,87,101,36.0,W,87,101,26.0,25.0,31.0,28.0,58.0,3.0,39.0,57.0,163.0
2025,Round 21,21,False,2025-08-01,2025-08-01,CD_M20250142101,Adelaide Oval,Hawthorn,Adelaide,False,9.0,11,9,3.0,15.0,53.0,9.0,135.0,138.0,355.0,264.0,122.0,16.0,22.0,21.0,9.0,13.0,15,13,95.0,169.0,48.0,11.0,49.0,19.0,58.0,186.0,-14,67.0,10.0,6.0,5793.0,43.0,281.0,7,33,49,33,63,71,101,87,40.0,L,101,87,22.0,25.0,33.0,33.0,64.0,10.0,48.0,69.0,213.0
2025,Round 21,21,False,2025-08-02,2025-08-02,CD_M20250142104,Marvel Stadium,Melbourne,West Coast,True,9.0,8,13,12.0,17.0,46.0,14.0,145.0,89.0,386.0,290.0,152.0,21.0,13.0,15.0,16.0,21.0,8,21,98.0,164.0,36.0,9.0,58.0,25.0,65.0,222.0,83,103.0,17.0,10.0,6314.0,43.0,236.0,8,23,21,43,42,105,56,139,36.0,W,56,139,34.0,36.0,31.0,23.0,57.0,22.0,40.0,55.0,239.0
2025,Round 21,21,False,2025-08-02,2025-08-02,CD_M20250142104,Marvel Stadium,West Coast,Melbourne,False,6.0,13,8,8.0,11.0,46.0,6.0,103.0,135.0,312.0,233.0,123.0,6.0,15.0,13.0,6.0,8.0,21,8,73.0,135.0,37.0,7.0,45.0,10.0,55.0,177.0,-83,84.0,13.0,10.0,5164.0,49.0,258.0,23,8,43,21,105,42,139,56,37.0,L,139,56,16.0,15.0,40.0,19.0,48.0,2.0,30.0,65.0,195.0
2025,Round 21,21,False,2025-08-02,2025-08-02,CD_M20250142107,People First Stadium,Gold Coast,Richmond,True,8.0,11,11,6.0,9.0,51.0,13.0,119.0,84.0,396.0,323.0,171.0,15.0,20.0,18.0,11.0,16.0,2,16,73.0,170.0,41.0,12.0,56.0,18.0,57.0,226.0,84,123.0,22.0,16.0,6517.0,33.0,247.0,1,25,5,41,14,75,23,107,32.0,W,23,107,27.0,28.0,23.0,28.0,59.0,12.0,37.0,57.0,274.0
2025,Round 21,21,False,2025-08-02,2025-08-02,CD_M20250142107,People First Stadium,Richmond,Gold Coast,False,9.0,11,11,7.0,5.0,50.0,7.0,95.0,132.0,311.0,233.0,116.0,3.0,18.0,20.0,2.0,2.0,16,2,64.0,143.0,35.0,7.0,34.0,15.0,57.0,168.0,-84,86.0,7.0,8.0,5195.0,34.0,264.0,25,1,41,5,75,14,107,23,40.0,L,107,23,12.0,15.0,26.0,19.0,44.0,3.0,24.0,57.0,213.0
2025,Round 21,21,False,2025-08-02,2025-08-02,CD_M20250142109,SCG,Sydney,Essendon,True,11.0,12,14,3.0,11.0,53.0,16.0,133.0,79.0,415.0,299.0,162.0,18.0,23.0,15.0,8.0,9.0,7,9,74.0,172.0,36.0,15.0,61.0,21.0,68.0,243.0,14,136.0,19.0,15.0,5699.0,34.0,214.0,16,27,18,45,34,60,54,68,38.0,W,54,68,21.0,29.0,22.0,22.0,44.0,12.0,33.0,57.0,273.0
2025,Round 21,21,False,2025-08-02,2025-08-02,CD_M20250142109,SCG,Essendon,Sydney,False,8.0,14,12,6.0,6.0,41.0,7.0,125.0,141.0,302.0,208.0,103.0,8.0,15.0,23.0,2.0,7.0,9,7,89.0,127.0,26.0,4.0,45.0,8.0,57.0,175.0,-14,42.0,4.0,5.0,5231.0,37.0,257.0,27,16,45,18,60,34,68,54,51.0,L,68,54,17.0,21.0,30.0,31.0,50.0,6.0,37.0,67.0,158.0
2025,Round 21,21,False,2025-08-02,2025-08-02,CD_M20250142106,MCG,Collingwood,Brisbane Lions,True,3.0,8,5,3.0,12.0,66.0,9.0,117.0,162.0,291.0,193.0,102.0,8.0,20.0,13.0,7.0,10.0,14,10,69.0,124.0,46.0,17.0,45.0,16.0,64.0,167.0,-27,67.0,12.0,8.0,4974.0,54.0,320.0,34,14,46,45,72,53,92,65,32.0,L,92,65,15.0,17.0,26.0,22.0,66.0,12.0,34.0,66.0,167.0
2025,Round 21,21,False,2025-08-02,2025-08-02,CD_M20250142106,MCG,Brisbane Lions,Collingwood,False,6.0,5,8,0.0,13.0,49.0,4.0,139.0,128.0,376.0,262.0,127.0,17.0,13.0,20.0,10.0,14.0,10,14,99.0,152.0,40.0,10.0,48.0,11.0,66.0,224.0,27,83.0,13.0,8.0,5371.0,63.0,261.0,14,34,45,46,53,72,65,92,34.0,W,65,92,20.0,24.0,47.0,38.0,65.0,13.0,51.0,64.0,235.0
2025,Round 21,21,False,2025-08-03,2025-08-03,CD_M20250142103,Marvel Stadium,St Kilda,North Melbourne,True,10.0,9,12,15.0,11.0,53.0,12.0,129.0,84.0,334.0,251.0,138.0,18.0,16.0,21.0,7.0,11.0,10,11,85.0,135.0,41.0,9.0,54.0,6.0,55.0,199.0,9,77.0,13.0,7.0,5358.0,46.0,226.0,22,8,29,30,48,71,69,78,28.0,W,69,78,22.0,25.0,36.0,19.0,41.0,10.0,30.0,54.0,191.0
2025,Round 21,21,False,2025-08-03,2025-08-03,CD_M20250142103,Marvel Stadium,North Melbourne,St Kilda,False,6.0,12,9,5.0,9.0,48.0,14.0,102.0,119.0,364.0,292.0,160.0,4.0,21.0,16.0,9.0,10.0,11,10,63.0,147.0,27.0,8.0,38.0,14.0,56.0,217.0,-9,119.0,15.0,14.0,5163.0,43.0,240.0,8,22,30,29,71,48,78,69,43.0,L,78,69,18.0,20.0,26.0,22.0,43.0,4.0,31.0,55.0,253.0
2025,Round 21,21,False,2025-08-03,2025-08-03,CD_M20250142102,GMHBA Stadium,Geelong,Port Adelaide,True,14.0,11,15,9.0,17.0,43.0,17.0,150.0,99.0,409.0,299.0,172.0,23.0,17.0,16.0,21.0,23.0,9,23,108.0,155.0,26.0,5.0,69.0,18.0,69.0,254.0,88,127.0,29.0,15.0,6582.0,37.0,248.0,23,23,29,59,37,116,65,153,24.0,W,65,153,38.0,40.0,24.0,20.0,59.0,15.0,37.0,56.0,253.0
2025,Round 21,21,False,2025-08-03,2025-08-03,CD_M20250142102,GMHBA Stadium,Port Adelaide,Geelong,False,9.0,15,11,2.0,15.0,53.0,2.0,130.0,184.0,317.0,221.0,109.0,8.0,16.0,17.0,7.0,9.0,23,9,90.0,142.0,58.0,16.0,33.0,8.0,56.0,175.0,-88,66.0,6.0,6.0,4964.0,40.0,295.0,23,23,59,29,116,37,153,65,43.0,L,153,65,20.0,18.0,27.0,19.0,73.0,12.0,34.0,69.0,186.0
2025,Round 21,21,False,2025-08-03,2025-08-03,CD_M20250142108,Optus Stadium,Fremantle,Carlton,True,3.0,7,4,8.0,7.0,69.0,11.0,164.0,171.0,315.0,203.0,104.0,12.0,21.0,27.0,11.0,15.0,10,15,102.0,136.0,42.0,15.0,44.0,17.0,75.0,179.0,27,53.0,6.0,4.0,5566.0,55.0,328.0,30,12,49,25,58,50,67,94,35.0,W,67,94,19.0,21.0,35.0,43.0,87.0,5.0,50.0,72.0,154.0
2025,Round 21,21,False,2025-08-03,2025-08-03,CD_M20250142108,Optus Stadium,Carlton,Fremantle,False,5.0,4,7,0.0,16.0,69.0,11.0,153.0,132.0,366.0,245.0,107.0,17.0,27.0,21.0,6.0,10.0,15,10,95.0,167.0,51.0,20.0,46.0,21.0,73.0,199.0,-27,66.0,10.0,4.0,5173.0,42.0,301.0,12,30,25,49,50,58,94,67,29.0,L,94,67,17.0,19.0,27.0,27.0,88.0,11.0,43.0,75.0,215.0
2025,Round 22,22,False,2025-08-07,2025-08-07,CD_M20250142207,MCG,Hawthorn,Collingwood,True,7.0,10,8,9.0,12.0,54.0,9.0,125.0,118.0,408.0,317.0,165.0,13.0,18.0,20.0,13.0,17.0,6,17,82.0,165.0,35.0,10.0,50.0,17.0,59.0,243.0,64,110.0,18.0,11.0,6063.0,37.0,243.0,15,21,24,63,33,89,46,110,37.0,W,46,110,25.0,29.0,24.0,23.0,37.0,6.0,35.0,59.0,278.0
2025,Round 22,22,False,2025-08-07,2025-08-07,CD_M20250142207,MCG,Collingwood,Hawthorn,False,10.0,8,10,5.0,13.0,58.0,4.0,107.0,116.0,332.0,241.0,115.0,8.0,20.0,18.0,6.0,6.0,17,6,71.0,158.0,25.0,9.0,44.0,17.0,59.0,174.0,-64,77.0,9.0,12.0,5332.0,39.0,277.0,21,15,63,24,89,33,110,46,32.0,L,110,46,16.0,17.0,24.0,17.0,42.0,3.0,30.0,59.0,222.0
2025,Round 22,22,False,2025-08-08,2025-08-08,CD_M20250142202,GMHBA Stadium,Geelong,Essendon,True,18.0,5,19,4.0,14.0,56.0,14.0,127.0,139.0,351.0,255.0,143.0,16.0,18.0,17.0,13.0,15.0,10,15,85.0,134.0,44.0,11.0,52.0,28.0,69.0,217.0,44,108.0,21.0,14.0,5977.0,27.0,275.0,8,29,15,52,47,79,65,109,35.0,W,65,109,34.0,36.0,23.0,21.0,58.0,16.0,35.0,56.0,228.0
2025,Round 22,22,False,2025-08-08,2025-08-08,CD_M20250142202,GMHBA Stadium,Essendon,Geelong,False,5.0,19,5,5.0,10.0,69.0,12.0,112.0,160.0,333.0,232.0,122.0,15.0,17.0,18.0,5.0,10.0,15,10,81.0,136.0,31.0,3.0,47.0,17.0,57.0,197.0,-44,92.0,11.0,6.0,5294.0,24.0,291.0,29,8,52,15,79,47,109,65,36.0,L,109,65,15.0,18.0,17.0,16.0,66.0,14.0,26.0,68.0,203.0
2025,Round 22,22,False,2025-08-09,2025-08-09,CD_M20250142205,MCG,Richmond,St Kilda,True,8.0,8,10,4.0,6.0,51.0,11.0,120.0,75.0,332.0,239.0,134.0,20.0,18.0,16.0,6.0,7.0,8,7,82.0,128.0,41.0,7.0,40.0,20.0,56.0,204.0,-4,100.0,7.0,6.0,5547.0,36.0,227.0,20,6,33,29,36,44,56,52,35.0,L,56,52,17.0,16.0,24.0,30.0,41.0,15.0,36.0,61.0,206.0
2025,Round 22,22,False,2025-08-09,2025-08-09,CD_M20250142205,MCG,St Kilda,Richmond,False,6.0,10,8,7.0,7.0,56.0,7.0,109.0,139.0,394.0,300.0,185.0,7.0,16.0,18.0,6.0,8.0,7,8,80.0,137.0,26.0,5.0,43.0,15.0,61.0,257.0,4,151.0,12.0,15.0,5524.0,40.0,254.0,6,20,29,33,44,36,52,56,34.0,W,52,56,16.0,16.0,32.0,24.0,80.0,7.0,31.0,56.0,273.0
2025,Round 22,22,False,2025-08-09,2025-08-09,CD_M20250142209,Gabba,Brisbane Lions,Sydney,True,12.0,14,12,4.0,20.0,57.0,7.0,104.0,122.0,377.0,278.0,159.0,9.0,17.0,16.0,10.0,13.0,13,13,74.0,133.0,29.0,12.0,65.0,21.0,63.0,244.0,-2,121.0,10.0,18.0,6721.0,45.0,290.0,33,21,55,46,81,61,92,90,39.0,L,92,90,25.0,31.0,33.0,20.0,42.0,4.0,40.0,71.0,254.0
2025,Round 22,22,False,2025-08-09,2025-08-09,CD_M20250142209,Gabba,Sydney,Brisbane Lions,False,12.0,12,14,15.0,9.0,62.0,10.0,119.0,125.0,387.0,291.0,138.0,12.0,16.0,17.0,9.0,13.0,13,13,85.0,173.0,35.0,8.0,52.0,14.0,72.0,214.0,2,92.0,18.0,9.0,6530.0,37.0,230.0,21,33,46,55,61,81,90,92,49.0,W,90,92,27.0,30.0,31.0,12.0,36.0,1.0,21.0,62.0,253.0
2025,Round 22,22,False,2025-08-09,2025-08-09,CD_M20250142204,Marvel Stadium,Carlton,Gold Coast,True,7.0,15,8,8.0,12.0,64.0,8.0,132.0,108.0,325.0,227.0,104.0,12.0,28.0,25.0,8.0,11.0,13,11,86.0,148.0,30.0,11.0,46.0,9.0,61.0,177.0,-19,60.0,10.0,4.0,5679.0,38.0,254.0,34,19,55,31,84,39,93,74,41.0,L,93,74,19.0,23.0,30.0,23.0,77.0,14.0,35.0,66.0,187.0
2025,Round 22,22,False,2025-08-09,2025-08-09,CD_M20250142204,Marvel Stadium,Gold Coast,Carlton,False,10.0,8,15,5.0,11.0,56.0,12.0,129.0,125.0,328.0,234.0,135.0,15.0,25.0,28.0,9.0,13.0,11,13,83.0,130.0,50.0,12.0,55.0,15.0,66.0,198.0,19,91.0,16.0,13.0,5914.0,32.0,274.0,19,34,31,55,39,84,74,93,35.0,W,74,93,26.0,26.0,25.0,25.0,68.0,15.0,36.0,60.0,191.0
2025,Round 22,22,False,2025-08-09,2025-08-09,CD_M20250142201,Adelaide Oval,Port Adelaide,Fremantle,True,7.0,14,8,5.0,10.0,60.0,13.0,126.0,147.0,351.0,252.0,146.0,20.0,12.0,29.0,6.0,13.0,13,13,73.0,133.0,34.0,10.0,46.0,16.0,69.0,218.0,-6,107.0,11.0,15.0,5553.0,48.0,274.0,29,4,51,53,66,74,92,86,39.0,L,92,86,21.0,24.0,41.0,15.0,56.0,11.0,25.0,64.0,214.0
2025,Round 22,22,False,2025-08-09,2025-08-09,CD_M20250142201,Adelaide Oval,Fremantle,Port Adelaide,False,11.0,8,14,3.0,19.0,59.0,11.0,127.0,119.0,342.0,258.0,124.0,20.0,29.0,12.0,7.0,13.0,13,13,93.0,152.0,23.0,8.0,54.0,15.0,64.0,190.0,6,76.0,11.0,7.0,5777.0,42.0,219.0,4,29,53,51,74,66,86,92,31.0,W,86,92,27.0,31.0,31.0,24.0,39.0,7.0,43.0,69.0,214.0
2025,Round 22,22,False,2025-08-10,2025-08-10,CD_M20250142203,Corroboree Group Oval Manuka,Greater Western Sydney,North Melbourne,True,12.0,7,13,14.0,14.0,55.0,13.0,133.0,135.0,358.0,274.0,147.0,10.0,21.0,22.0,16.0,20.0,12,20,88.0,158.0,35.0,6.0,56.0,15.0,53.0,200.0,54,102.0,21.0,12.0,6142.0,30.0,247.0,15,30,28,66,60,106,79,133,33.0,W,79,133,33.0,33.0,19.0,32.0,68.0,10.0,46.0,49.0,223.0
2025,Round 22,22,False,2025-08-10,2025-08-10,CD_M20250142203,Corroboree Group Oval Manuka,North Melbourne,Greater Western Sydney,False,7.0,13,7,9.0,18.0,47.0,4.0,115.0,110.0,297.0,226.0,133.0,11.0,22.0,21.0,10.0,12.0,20,12,73.0,110.0,45.0,12.0,46.0,9.0,50.0,187.0,-54,82.0,9.0,7.0,5215.0,28.0,286.0,30,15,66,28,106,60,133,79,35.0,L,133,79,19.0,21.0,20.0,21.0,68.0,16.0,39.0,53.0,182.0
2025,Round 22,22,False,2025-08-10,2025-08-10,CD_M20250142206,MCG,Melbourne,Western Bulldogs,True,8.0,15,9,5.0,10.0,53.0,12.0,139.0,167.0,380.0,281.0,143.0,10.0,16.0,13.0,11.0,15.0,15,15,86.0,165.0,52.0,15.0,47.0,16.0,59.0,215.0,-6,86.0,10.0,7.0,6079.0,48.0,302.0,24,22,40,30,65,75,105,99,47.0,L,105,99,24.0,25.0,34.0,21.0,50.0,10.0,31.0,58.0,235.0
2025,Round 22,22,False,2025-08-10,2025-08-10,CD_M20250142206,MCG,Western Bulldogs,Melbourne,False,12.0,9,15,5.0,19.0,46.0,11.0,137.0,142.0,388.0,292.0,154.0,29.0,13.0,16.0,12.0,15.0,15,15,98.0,163.0,30.0,8.0,62.0,14.0,58.0,225.0,6,104.0,14.0,18.0,6325.0,52.0,312.0,22,24,30,40,75,65,99,105,32.0,W,99,105,30.0,31.0,27.0,27.0,49.0,13.0,46.0,59.0,248.0
2025,Round 22,22,False,2025-08-10,2025-08-10,CD_M20250142208,Optus Stadium,West Coast,Adelaide,True,5.0,9,6,6.0,8.0,54.0,10.0,128.0,129.0,299.0,200.0,110.0,7.0,22.0,21.0,7.0,12.0,13,12,82.0,117.0,28.0,8.0,37.0,15.0,73.0,182.0,-9,80.0,10.0,14.0,5132.0,47.0,268.0,32,19,34,40,60,64,87,78,38.0,L,87,78,18.0,18.0,33.0,25.0,72.0,11.0,33.0,68.0,178.0
2025,Round 22,22,False,2025-08-10,2025-08-10,CD_M20250142208,Optus Stadium,Adelaide,West Coast,False,8.0,6,9,6.0,18.0,63.0,9.0,137.0,106.0,340.0,238.0,137.0,21.0,21.0,22.0,7.0,13.0,12,13,87.0,125.0,63.0,17.0,51.0,16.0,68.0,215.0,9,90.0,7.0,10.0,5352.0,46.0,254.0,19,32,40,34,64,60,78,87,24.0,W,78,87,22.0,25.0,29.0,26.0,68.0,10.0,44.0,73.0,202.0
2025,Round 23,23,False,2025-08-15,2025-08-15,CD_M20250142303,Marvel Stadium,Essendon,St Kilda,True,9.0,11,9,8.0,8.0,53.0,5.0,120.0,108.0,369.0,281.0,166.0,13.0,24.0,21.0,9.0,11.0,11,11,76.0,144.0,52.0,17.0,45.0,13.0,62.0,225.0,-2,115.0,13.0,11.0,5538.0,32.0,253.0,9,20,35,36,61,55,77,75,31.0,L,77,75,20.0,21.0,25.0,20.0,66.0,9.0,28.0,54.0,235.0
2025,Round 23,23,False,2025-08-15,2025-08-15,CD_M20250142303,Marvel Stadium,St Kilda,Essendon,False,10.0,9,11,6.0,10.0,50.0,4.0,118.0,128.0,331.0,244.0,129.0,16.0,21.0,25.0,8.0,11.0,11,11,80.0,140.0,32.0,8.0,43.0,9.0,56.0,191.0,2,82.0,14.0,8.0,5292.0,41.0,260.0,20,9,36,35,55,61,75,77,33.0,W,75,77,22.0,29.0,32.0,27.0,67.0,15.0,37.0,61.0,208.0
2025,Round 23,23,False,2025-08-15,2025-08-15,CD_M20250142308,Optus Stadium,Fremantle,Brisbane Lions,True,11.0,11,14,5.0,14.0,49.0,7.0,113.0,118.0,289.0,200.0,99.0,9.0,20.0,18.0,5.0,5.0,15,5,76.0,121.0,36.0,7.0,48.0,12.0,66.0,168.0,-57,61.0,10.0,5.0,5101.0,46.0,226.0,20,5,34,26,68,37,101,44,35.0,L,101,44,19.0,20.0,38.0,12.0,41.0,4.0,26.0,65.0,171.0
2025,Round 23,23,False,2025-08-15,2025-08-15,CD_M20250142308,Optus Stadium,Brisbane Lions,Fremantle,False,10.0,14,11,8.0,7.0,44.0,12.0,126.0,109.0,395.0,305.0,203.0,17.0,18.0,20.0,9.0,15.0,5,15,89.0,127.0,19.0,3.0,51.0,16.0,65.0,268.0,57,159.0,14.0,9.0,6144.0,39.0,223.0,5,20,26,34,37,68,44,101,42.0,W,44,101,26.0,28.0,28.0,25.0,37.0,9.0,32.0,66.0,261.0
2025,Round 23,23,False,2025-08-16,2025-08-16,CD_M20250142307,People First Stadium,Gold Coast,Greater Western Sydney,True,8.0,9,10,8.0,13.0,52.0,10.0,128.0,134.0,319.0,231.0,120.0,15.0,19.0,27.0,10.0,11.0,17,11,78.0,142.0,52.0,12.0,51.0,12.0,52.0,177.0,-35,72.0,11.0,11.0,5816.0,43.0,252.0,35,20,62,40,99,54,111,76,38.0,L,111,76,21.0,25.0,33.0,24.0,50.0,8.0,37.0,57.0,194.0
2025,Round 23,23,False,2025-08-16,2025-08-16,CD_M20250142307,People First Stadium,Greater Western Sydney,Gold Coast,False,8.0,10,9,11.0,13.0,55.0,7.0,136.0,128.0,363.0,264.0,150.0,24.0,27.0,19.0,13.0,17.0,11,17,105.0,145.0,24.0,5.0,56.0,12.0,57.0,218.0,35,88.0,11.0,14.0,6379.0,37.0,243.0,20,35,40,62,54,99,76,111,40.0,W,76,111,26.0,30.0,28.0,18.0,68.0,16.0,31.0,52.0,213.0
2025,Round 23,23,False,2025-08-16,2025-08-16,CD_M20250142305,Marvel Stadium,Carlton,Port Adelaide,True,9.0,10,10,3.0,19.0,48.0,17.0,143.0,97.0,375.0,285.0,154.0,25.0,16.0,14.0,14.0,18.0,9,18,94.0,154.0,31.0,9.0,65.0,14.0,51.0,221.0,54,93.0,18.0,14.0,5795.0,42.0,228.0,20,44,28,83,38,99,64,118,28.0,W,64,118,27.0,31.0,28.0,22.0,42.0,16.0,41.0,53.0,231.0
2025,Round 23,23,False,2025-08-16,2025-08-16,CD_M20250142305,Marvel Stadium,Port Adelaide,Carlton,False,10.0,10,10,4.0,7.0,43.0,7.0,107.0,180.0,306.0,217.0,114.0,8.0,14.0,16.0,8.0,9.0,18,9,72.0,133.0,39.0,7.0,38.0,10.0,53.0,173.0,-54,79.0,16.0,8.0,4992.0,31.0,276.0,44,20,83,28,99,38,118,64,47.0,L,118,64,19.0,22.0,25.0,23.0,53.0,3.0,30.0,51.0,192.0
2025,Round 23,23,False,2025-08-16,2025-08-16,CD_M20250142306,MCG,Hawthorn,Melbourne,True,13.0,8,14,7.0,7.0,65.0,8.0,143.0,145.0,406.0,278.0,144.0,22.0,20.0,14.0,13.0,13.0,8,13,105.0,173.0,31.0,5.0,49.0,21.0,83.0,233.0,36,102.0,20.0,14.0,6038.0,47.0,293.0,6,33,15,49,27,70,56,92,46.0,W,56,92,26.0,27.0,28.0,28.0,55.0,16.0,35.0,75.0,254.0
2025,Round 23,23,False,2025-08-16,2025-08-16,CD_M20250142306,MCG,Melbourne,Hawthorn,False,7.0,14,8,3.0,15.0,76.0,4.0,144.0,125.0,376.0,259.0,130.0,15.0,14.0,20.0,5.0,8.0,13,8,103.0,165.0,43.0,13.0,56.0,13.0,75.0,211.0,-36,68.0,8.0,3.0,5438.0,41.0,319.0,33,6,49,15,70,27,92,56,35.0,L,92,56,16.0,19.0,27.0,25.0,68.0,9.0,40.0,83.0,217.0
2025,Round 23,23,False,2025-08-16,2025-08-16,CD_M20250142301,Adelaide Oval,Adelaide,Collingwood,True,2.0,8,5,3.0,8.0,75.0,13.0,154.0,164.0,341.0,224.0,132.0,11.0,18.0,25.0,6.0,9.0,8,9,99.0,122.0,60.0,14.0,37.0,14.0,78.0,219.0,3,83.0,5.0,3.0,5571.0,51.0,280.0,33,8,34,39,44,46,56,59,63.0,W,56,59,14.0,15.0,37.0,30.0,63.0,6.0,38.0,75.0,181.0
2025,Round 23,23,False,2025-08-16,2025-08-16,CD_M20250142301,Adelaide Oval,Collingwood,Adelaide,False,8.0,5,8,1.0,9.0,61.0,9.0,137.0,107.0,339.0,227.0,129.0,19.0,25.0,18.0,6.0,8.0,9,8,94.0,128.0,36.0,9.0,71.0,24.0,76.0,211.0,-3,76.0,10.0,6.0,6261.0,46.0,282.0,8,33,39,34,46,44,59,56,28.0,L,59,56,16.0,22.0,29.0,43.0,85.0,32.0,52.0,78.0,189.0
2025,Round 23,23,False,2025-08-17,2025-08-17,CD_M20250142302,Ninja Stadium,North Melbourne,Richmond,True,14.0,9,15,11.0,16.0,54.0,11.0,159.0,120.0,431.0,314.0,127.0,19.0,16.0,13.0,15.0,20.0,13,20,115.0,220.0,42.0,11.0,62.0,14.0,68.0,211.0,48,81.0,16.0,1.0,5848.0,33.0,240.0,26,19,39,47,51,97,87,135,27.0,W,87,135,35.0,37.0,24.0,33.0,64.0,5.0,49.0,53.0,273.0
2025,Round 23,23,False,2025-08-17,2025-08-17,CD_M20250142302,Ninja Stadium,Richmond,North Melbourne,False,7.0,15,9,0.0,15.0,51.0,14.0,124.0,176.0,297.0,202.0,102.0,6.0,13.0,16.0,8.0,13.0,20,13,72.0,130.0,41.0,12.0,42.0,17.0,53.0,167.0,-48,57.0,10.0,2.0,4911.0,41.0,333.0,19,26,47,39,97,51,135,87,39.0,L,135,87,21.0,25.0,28.0,25.0,71.0,8.0,40.0,67.0,160.0
2025,Round 23,23,False,2025-08-17,2025-08-17,CD_M20250142309,SCG,Sydney,Geelong,True,6.0,15,8,3.0,15.0,53.0,5.0,125.0,139.0,349.0,237.0,117.0,12.0,14.0,13.0,6.0,10.0,16,10,95.0,156.0,43.0,7.0,47.0,11.0,51.0,193.0,-43,79.0,11.0,11.0,5386.0,32.0,250.0,27,27,55,46,80,54,111,68,36.0,L,111,68,18.0,21.0,28.0,28.0,62.0,5.0,43.0,67.0,204.0
2025,Round 23,23,False,2025-08-17,2025-08-17,CD_M20250142309,SCG,Geelong,Sydney,False,14.0,8,15,3.0,10.0,41.0,11.0,122.0,117.0,344.0,244.0,158.0,16.0,13.0,14.0,13.0,16.0,10,16,91.0,117.0,47.0,5.0,55.0,18.0,69.0,227.0,43,114.0,17.0,8.0,5912.0,32.0,267.0,27,27,46,55,54,80,68,111,37.0,W,68,111,31.0,36.0,27.0,23.0,63.0,5.0,33.0,51.0,212.0
2025,Round 23,23,False,2025-08-17,2025-08-17,CD_M20250142304,Marvel Stadium,Western Bulldogs,West Coast,True,12.0,8,12,14.0,13.0,48.0,14.0,136.0,120.0,379.0,295.0,150.0,14.0,17.0,14.0,17.0,19.0,4,19,89.0,165.0,39.0,13.0,58.0,22.0,62.0,214.0,94,98.0,19.0,10.0,6007.0,48.0,267.0,1,29,17,73,26,97,32,126,36.0,W,32,126,31.0,36.0,28.0,27.0,55.0,9.0,40.0,59.0,252.0
2025,Round 23,23,False,2025-08-17,2025-08-17,CD_M20250142304,Marvel Stadium,West Coast,Western Bulldogs,False,8.0,12,8,9.0,9.0,50.0,8.0,119.0,140.0,341.0,240.0,110.0,2.0,14.0,17.0,4.0,4.0,19,4,73.0,156.0,50.0,14.0,42.0,14.0,59.0,185.0,-94,79.0,11.0,12.0,4753.0,37.0,306.0,29,1,73,17,97,26,126,32,38.0,L,126,32,12.0,15.0,28.0,29.0,73.0,14.0,38.0,62.0,212.0
2025,Round 24,24,False,2025-08-21,2025-08-21,CD_M20250142407,MCG,Essendon,Carlton,True,7.0,12,8,10.0,7.0,66.0,8.0,117.0,136.0,382.0,295.0,140.0,13.0,19.0,19.0,7.0,8.0,13,8,83.0,181.0,28.0,6.0,39.0,13.0,51.0,201.0,-34,99.0,8.0,8.0,5856.0,29.0,256.0,22,10,48,18,74,36,90,56,45.0,L,90,56,16.0,18.0,18.0,20.0,49.0,10.0,27.0,54.0,259.0
2025,Round 24,24,False,2025-08-21,2025-08-21,CD_M20250142407,MCG,Carlton,Essendon,False,9.0,8,12,9.0,17.0,58.0,12.0,115.0,88.0,397.0,307.0,153.0,13.0,19.0,19.0,11.0,13.0,8,13,71.0,175.0,30.0,10.0,58.0,17.0,54.0,222.0,34,114.0,13.0,16.0,6145.0,33.0,256.0,10,22,18,48,36,74,56,90,30.0,W,56,90,24.0,25.0,28.0,21.0,42.0,15.0,38.0,51.0,277.0
2025,Round 24,24,False,2025-08-22,2025-08-22,CD_M20250142405,MCG,Collingwood,Melbourne,True,14.0,10,16,1.0,9.0,56.0,10.0,107.0,116.0,347.0,258.0,166.0,19.0,23.0,22.0,9.0,11.0,11,11,65.0,115.0,29.0,10.0,52.0,21.0,68.0,232.0,6,123.0,19.0,12.0,6329.0,36.0,251.0,18,19,33,46,65,55,76,82,43.0,W,76,82,26.0,28.0,25.0,17.0,49.0,8.0,26.0,58.0,222.0
2025,Round 24,24,False,2025-08-22,2025-08-22,CD_M20250142405,MCG,Melbourne,Collingwood,False,8.0,16,10,2.0,14.0,67.0,15.0,134.0,104.0,396.0,303.0,163.0,10.0,22.0,23.0,10.0,11.0,11,11,83.0,168.0,27.0,9.0,55.0,15.0,58.0,228.0,-6,110.0,10.0,8.0,6506.0,37.0,204.0,19,18,46,33,55,65,82,76,39.0,L,82,76,21.0,22.0,29.0,24.0,40.0,6.0,38.0,67.0,252.0
2025,Round 24,24,False,2025-08-22,2025-08-22,CD_M20250142401,Adelaide Oval,Port Adelaide,Gold Coast,True,9.0,13,11,6.0,10.0,60.0,7.0,124.0,143.0,337.0,228.0,126.0,13.0,16.0,33.0,7.0,10.0,9,10,75.0,127.0,34.0,9.0,48.0,18.0,70.0,210.0,4,81.0,8.0,7.0,5708.0,41.0,262.0,24,14,46,31,52,58,67,71,44.0,W,67,71,20.0,26.0,25.0,22.0,57.0,18.0,32.0,69.0,199.0
2025,Round 24,24,False,2025-08-22,2025-08-22,CD_M20250142401,Adelaide Oval,Gold Coast,Port Adelaide,False,9.0,11,13,11.0,8.0,74.0,12.0,122.0,123.0,325.0,228.0,112.0,13.0,33.0,16.0,8.0,9.0,10,9,79.0,144.0,43.0,16.0,53.0,14.0,70.0,181.0,-4,66.0,10.0,4.0,5806.0,39.0,264.0,14,24,31,46,58,52,71,67,37.0,L,71,67,22.0,24.0,31.0,21.0,61.0,12.0,29.0,70.0,190.0
2025,Round 24,24,False,2025-08-23,2025-08-23,CD_M20250142403,Marvel Stadium,North Melbourne,Adelaide,True,9.0,11,10,9.0,19.0,54.0,13.0,142.0,121.0,374.0,273.0,138.0,16.0,17.0,28.0,9.0,15.0,17,15,81.0,160.0,36.0,12.0,52.0,14.0,48.0,214.0,-13,94.0,9.0,7.0,5542.0,36.0,247.0,27,21,59,48,92,67,113,100,30.0,L,113,100,25.0,30.0,25.0,29.0,61.0,15.0,48.0,57.0,228.0
2025,Round 24,24,False,2025-08-23,2025-08-23,CD_M20250142403,Marvel Stadium,Adelaide,North Melbourne,False,9.0,10,11,4.0,12.0,59.0,7.0,113.0,121.0,311.0,240.0,134.0,9.0,28.0,17.0,15.0,17.0,15,17,78.0,138.0,33.0,10.0,48.0,20.0,57.0,173.0,13,81.0,13.0,6.0,5562.0,36.0,259.0,21,27,48,59,67,92,100,113,36.0,W,100,113,28.0,28.0,26.0,15.0,62.0,10.0,27.0,48.0,201.0
2025,Round 24,24,False,2025-08-23,2025-08-23,CD_M20250142406,MCG,Richmond,Geelong,True,7.0,19,10,1.0,12.0,65.0,7.0,128.0,133.0,383.0,274.0,144.0,15.0,23.0,12.0,7.0,9.0,14,9,98.0,165.0,31.0,5.0,54.0,11.0,55.0,218.0,-39,108.0,14.0,7.0,5851.0,41.0,262.0,43,14,78,15,95,30,103,64,41.0,L,103,64,19.0,22.0,31.0,18.0,40.0,2.0,30.0,65.0,246.0
2025,Round 24,24,False,2025-08-23,2025-08-23,CD_M20250142406,MCG,Geelong,Richmond,False,16.0,10,19,17.0,9.0,39.0,12.0,124.0,137.0,366.0,272.0,141.0,19.0,12.0,23.0,12.0,14.0,9,14,86.0,160.0,30.0,3.0,55.0,18.0,68.0,206.0,39,94.0,19.0,6.0,6349.0,34.0,270.0,14,43,15,78,30,95,64,103,44.0,W,64,103,33.0,34.0,24.0,21.0,57.0,12.0,30.0,55.0,232.0
2025,Round 24,24,False,2025-08-23,2025-08-23,CD_M20250142408,Optus Stadium,West Coast,Sydney,True,6.0,10,9,7.0,11.0,52.0,8.0,119.0,132.0,323.0,233.0,120.0,9.0,14.0,25.0,6.0,7.0,18,7,77.0,143.0,31.0,11.0,38.0,10.0,60.0,180.0,-67,87.0,8.0,5.0,4694.0,42.0,249.0,7,20,35,42,73,43,118,51,36.0,L,118,51,16.0,16.0,28.0,24.0,57.0,9.0,35.0,58.0,200.0
2025,Round 24,24,False,2025-08-23,2025-08-23,CD_M20250142408,Optus Stadium,Sydney,West Coast,False,9.0,9,10,9.0,13.0,65.0,10.0,126.0,77.0,387.0,299.0,162.0,16.0,25.0,14.0,17.0,18.0,7,18,79.0,170.0,54.0,17.0,54.0,15.0,59.0,217.0,67,111.0,19.0,6.0,5771.0,30.0,215.0,20,7,42,35,43,73,51,118,29.0,W,51,118,28.0,31.0,18.0,26.0,56.0,8.0,39.0,60.0,264.0
2025,Round 24,24,False,2025-08-24,2025-08-24,CD_M20250142402,ENGIE Stadium,Greater Western Sydney,St Kilda,True,11.0,9,14,9.0,17.0,41.0,14.0,138.0,124.0,362.0,268.0,133.0,18.0,14.0,19.0,12.0,15.0,14,15,72.0,169.0,56.0,19.0,46.0,14.0,52.0,193.0,11,87.0,15.0,15.0,5422.0,28.0,265.0,17,27,43,42,68,67,93,104,34.0,W,93,104,29.0,31.0,18.0,28.0,66.0,8.0,45.0,49.0,226.0
2025,Round 24,24,False,2025-08-24,2025-08-24,CD_M20250142402,ENGIE Stadium,St Kilda,Greater Western Sydney,False,8.0,14,9,5.0,11.0,47.0,14.0,125.0,114.0,321.0,241.0,131.0,17.0,19.0,14.0,12.0,14.0,15,14,83.0,136.0,35.0,8.0,50.0,13.0,49.0,185.0,-11,78.0,13.0,7.0,5264.0,40.0,271.0,27,17,42,43,67,68,104,93,31.0,L,104,93,23.0,25.0,34.0,29.0,61.0,17.0,40.0,52.0,184.0
2025,Round 24,24,False,2025-08-24,2025-08-24,CD_M20250142404,Marvel Stadium,Western Bulldogs,Fremantle,True,12.0,10,13,10.0,13.0,56.0,16.0,145.0,124.0,351.0,256.0,136.0,20.0,17.0,12.0,11.0,14.0,17,14,102.0,148.0,45.0,11.0,55.0,11.0,64.0,203.0,-15,81.0,12.0,6.0,6016.0,39.0,275.0,14,29,58,32,84,52,112,97,38.0,L,112,97,27.0,29.0,25.0,29.0,61.0,25.0,42.0,64.0,199.0
2025,Round 24,24,False,2025-08-24,2025-08-24,CD_M20250142404,Marvel Stadium,Fremantle,Western Bulldogs,False,9.0,13,10,7.0,18.0,37.0,10.0,129.0,149.0,325.0,246.0,131.0,14.0,12.0,17.0,13.0,17.0,14,17,89.0,137.0,39.0,8.0,58.0,14.0,65.0,188.0,15,66.0,14.0,9.0,5956.0,58.0,296.0,29,14,32,58,52,84,97,112,40.0,W,97,112,27.0,32.0,45.0,15.0,69.0,18.0,33.0,64.0,189.0
2025,Round 24,24,False,2025-08-24,2025-08-24,CD_M20250142409,Gabba,Brisbane Lions,Hawthorn,True,18.0,13,23,3.0,12.0,41.0,7.0,142.0,106.0,394.0,288.0,164.0,16.0,12.0,15.0,7.0,11.0,11,11,98.0,152.0,43.0,11.0,63.0,15.0,66.0,242.0,10,113.0,11.0,8.0,6560.0,40.0,260.0,21,8,41,46,56,67,79,89,43.0,W,79,89,34.0,34.0,31.0,30.0,57.0,12.0,42.0,55.0,240.0
2025,Round 24,24,False,2025-08-24,2025-08-24,CD_M20250142409,Gabba,Hawthorn,Brisbane Lions,False,10.0,23,13,12.0,11.0,50.0,9.0,129.0,159.0,342.0,242.0,113.0,11.0,15.0,12.0,10.0,11.0,11,11,95.0,159.0,39.0,7.0,55.0,9.0,56.0,183.0,-10,63.0,14.0,8.0,6278.0,58.0,258.0,8,21,46,41,67,56,89,79,51.0,L,89,79,24.0,24.0,41.0,23.0,54.0,7.0,34.0,66.0,198.0
2025,Round 24,24,False,2025-08-27,2025-08-27,CD_M20250142410,People First Stadium,Gold Coast,Essendon,True,12.0,10,15,13.0,18.0,59.0,11.0,125.0,97.0,404.0,327.0,155.0,13.0,20.0,14.0,17.0,23.0,8,23,82.0,195.0,42.0,15.0,67.0,9.0,61.0,209.0,95,86.0,26.0,15.0,7111.0,38.0,204.0,6,46,22,64,36,105,58,153,37.0,W,58,153,38.0,40.0,27.0,18.0,32.0,8.0,36.0,54.0,268.0
2025,Round 24,24,False,2025-08-27,2025-08-27,CD_M20250142410,People First Stadium,Essendon,Gold Coast,False,5.0,15,10,6.0,14.0,54.0,6.0,116.0,137.0,321.0,249.0,135.0,11.0,14.0,20.0,5.0,8.0,23,8,84.0,137.0,20.0,5.0,45.0,14.0,54.0,184.0,-95,80.0,9.0,9.0,5359.0,27.0,284.0,46,6,64,22,105,36,153,58,43.0,L,153,58,18.0,15.0,23.0,17.0,45.0,8.0,31.0,61.0,193.0
2025,Finals Week 1,25,True,2025-09-04,2025-09-04,CD_M20250142501,Adelaide Oval,Adelaide,Collingwood,True,6.0,13,7,3.0,10.0,45.0,11.0,135.0,143.0,303.0,199.0,120.0,12.0,15.0,15.0,6.0,8.0,11,8,100.0,105.0,41.0,8.0,50.0,11.0,64.0,198.0,-24,77.0,13.0,3.0,5838.0,47.0,289.0,15,13,37,31,71,52,79,55,37.0,L,79,55,15.0,19.0,37.0,25.0,56.0,6.0,35.0,78.0,158.0
2025,Finals Week 1,25,True,2025-09-04,2025-09-04,CD_M20250142501,Adelaide Oval,Collingwood,Adelaide,False,9.0,7,13,6.0,12.0,48.0,12.0,139.0,126.0,369.0,263.0,146.0,14.0,15.0,15.0,9.0,11.0,8,11,96.0,152.0,32.0,11.0,49.0,28.0,78.0,217.0,24,96.0,16.0,5.0,6302.0,41.0,243.0,13,15,31,37,52,71,55,79,41.0,W,55,79,24.0,26.0,35.0,21.0,65.0,8.0,33.0,64.0,220.0
2025,Finals Week 1,25,True,2025-09-05,2025-09-05,CD_M20250142502,MCG,Geelong,Brisbane Lions,True,9.0,8,16,9.0,12.0,57.0,15.0,136.0,162.0,336.0,237.0,153.0,19.0,19.0,19.0,14.0,16.0,11,16,96.0,111.0,39.0,5.0,60.0,18.0,67.0,225.0,38,100.0,21.0,12.0,5985.0,39.0,334.0,18,30,44,59,59,90,74,112,36.0,W,74,112,32.0,33.0,25.0,26.0,80.0,14.0,38.0,56.0,191.0
2025,Finals Week 1,25,True,2025-09-05,2025-09-05,CD_M20250142502,MCG,Brisbane Lions,Geelong,False,6.0,16,8,0.0,7.0,70.0,9.0,120.0,144.0,376.0,277.0,138.0,12.0,19.0,19.0,7.0,11.0,16,11,82.0,161.0,60.0,11.0,47.0,11.0,59.0,215.0,-38,90.0,6.0,7.0,5510.0,38.0,266.0,30,18,59,44,90,59,112,74,44.0,L,112,74,19.0,20.0,30.0,30.0,64.0,7.0,37.0,66.0,235.0
2025,Finals Week 1,25,True,2025-09-06,2025-09-06,CD_M20250142503,ENGIE Stadium,Greater Western Sydney,Hawthorn,True,8.0,11,10,27.0,11.0,70.0,5.0,150.0,153.0,359.0,245.0,115.0,17.0,21.0,17.0,8.0,13.0,16,13,98.0,163.0,50.0,21.0,72.0,13.0,62.0,196.0,-19,60.0,7.0,9.0,6796.0,38.0,313.0,44,20,69,41,85,79,107,88,38.0,L,107,88,23.0,27.0,29.0,44.0,76.0,16.0,55.0,76.0,203.0
2025,Finals Week 1,25,True,2025-09-06,2025-09-06,CD_M20250142503,ENGIE Stadium,Hawthorn,Greater Western Sydney,False,9.0,10,11,11.0,16.0,63.0,7.0,146.0,155.0,371.0,268.0,125.0,25.0,17.0,21.0,8.0,16.0,13,16,99.0,171.0,46.0,16.0,56.0,18.0,76.0,200.0,19,61.0,8.0,4.0,6947.0,36.0,298.0,20,44,41,69,79,85,88,107,57.0,W,88,107,27.0,28.0,30.0,33.0,71.0,16.0,49.0,62.0,217.0
2025,Finals Week 1,25,True,2025-09-06,2025-09-06,CD_M20250142504,Optus Stadium,Fremantle,Gold Coast,True,5.0,14,7,4.0,11.0,56.0,14.0,151.0,131.0,346.0,249.0,131.0,7.0,22.0,18.0,10.0,12.0,11,12,89.0,148.0,41.0,14.0,59.0,16.0,55.0,198.0,-1,71.0,11.0,8.0,6474.0,54.0,283.0,12,8,57,32,67,52,80,79,36.0,L,80,79,19.0,24.0,33.0,38.0,76.0,12.0,49.0,63.0,196.0
2025,Finals Week 1,25,True,2025-09-06,2025-09-06,CD_M20250142504,Optus Stadium,Gold Coast,Fremantle,False,10.0,7,14,13.0,11.0,53.0,8.0,141.0,105.0,350.0,259.0,120.0,16.0,18.0,22.0,5.0,11.0,12,11,102.0,166.0,49.0,8.0,49.0,11.0,64.0,184.0,1,60.0,6.0,7.0,6272.0,55.0,262.0,8,12,32,57,52,67,79,80,45.0,W,79,80,25.0,25.0,46.0,30.0,65.0,12.0,41.0,55.0,198.0
2025,Semi Finals,26,True,2025-09-12,2025-09-12,CD_M20250142601,Adelaide Oval,Adelaide,Hawthorn,True,3.0,17,7,5.0,10.0,54.0,12.0,105.0,152.0,340.0,253.0,147.0,13.0,18.0,24.0,6.0,10.0,14,10,65.0,120.0,36.0,5.0,43.0,18.0,63.0,220.0,-34,98.0,6.0,5.0,5935.0,40.0,286.0,28,20,43,24,79,49,101,67,48.0,L,101,67,16.0,22.0,31.0,20.0,56.0,5.0,30.0,77.0,216.0
2025,Semi Finals,26,True,2025-09-12,2025-09-12,CD_M20250142601,Adelaide Oval,Hawthorn,Adelaide,False,15.0,7,17,9.0,14.0,56.0,7.0,136.0,92.0,365.0,261.0,137.0,21.0,24.0,18.0,13.0,14.0,10,14,95.0,143.0,43.0,12.0,64.0,16.0,77.0,222.0,34,85.0,17.0,9.0,6599.0,60.0,240.0,20,28,24,43,49,79,67,101,33.0,W,67,101,31.0,33.0,43.0,22.0,51.0,15.0,36.0,63.0,222.0
2025,Semi Finals,26,True,2025-09-13,2025-09-13,CD_M20250142602,Gabba,Brisbane Lions,Gold Coast,True,13.0,11,16,8.0,12.0,55.0,10.0,130.0,106.0,374.0,272.0,154.0,21.0,19.0,13.0,10.0,14.0,6,14,94.0,139.0,39.0,9.0,60.0,15.0,64.0,235.0,53,115.0,12.0,12.0,6692.0,52.0,228.0,22,23,35,60,39,82,47,100,42.0,W,47,100,30.0,34.0,28.0,31.0,63.0,12.0,43.0,60.0,236.0
2025,Semi Finals,26,True,2025-09-13,2025-09-13,CD_M20250142602,Gabba,Gold Coast,Brisbane Lions,False,10.0,16,11,14.0,6.0,47.0,10.0,123.0,120.0,318.0,231.0,127.0,11.0,13.0,19.0,4.0,6.0,14,6,81.0,133.0,48.0,10.0,49.0,10.0,60.0,185.0,-53,86.0,9.0,5.0,5681.0,58.0,260.0,23,22,60,35,82,39,100,47,44.0,L,100,47,17.0,18.0,43.0,19.0,56.0,10.0,25.0,64.0,190.0
2025,Preliminary Finals,27,True,2025-09-19,2025-09-19,CD_M20250142701,MCG,Geelong,Hawthorn,True,10.0,7,13,8.0,20.0,66.0,10.0,147.0,116.0,347.0,245.0,134.0,25.0,16.0,19.0,15.0,17.0,13,17,103.0,136.0,39.0,7.0,66.0,14.0,66.0,211.0,30,67.0,10.0,8.0,6030.0,41.0,308.0,22,9,42,43,61,89,85,115,26.0,W,85,115,30.0,32.0,27.0,30.0,77.0,18.0,50.0,65.0,197.0
2025,Preliminary Finals,27,True,2025-09-19,2025-09-19,CD_M20250142701,MCG,Hawthorn,Geelong,False,3.0,13,7,11.0,5.0,67.0,9.0,137.0,179.0,333.0,222.0,122.0,8.0,19.0,16.0,9.0,13.0,17,13,90.0,139.0,52.0,12.0,40.0,21.0,65.0,194.0,-30,77.0,11.0,6.0,5516.0,45.0,315.0,9,22,43,42,89,61,115,85,48.0,L,115,85,20.0,20.0,27.0,28.0,79.0,18.0,33.0,66.0,191.0
2025,Preliminary Finals,27,True,2025-09-20,2025-09-20,CD_M20250142702,MCG,Collingwood,Brisbane Lions,True,5.0,10,5,8.0,15.0,79.0,6.0,120.0,132.0,312.0,213.0,122.0,12.0,21.0,19.0,7.0,11.0,15,11,82.0,126.0,44.0,12.0,51.0,21.0,72.0,186.0,-29,77.0,11.0,14.0,5913.0,53.0,278.0,27,7,30,43,75,58,100,71,40.0,L,100,71,16.0,19.0,36.0,21.0,65.0,20.0,36.0,76.0,179.0
2025,Preliminary Finals,27,True,2025-09-20,2025-09-20,CD_M20250142702,MCG,Brisbane Lions,Collingwood,False,7.0,5,10,4.0,11.0,69.0,10.0,134.0,121.0,381.0,275.0,165.0,13.0,19.0,21.0,6.0,15.0,11,15,86.0,134.0,43.0,11.0,56.0,24.0,76.0,247.0,29,113.0,12.0,5.0,6239.0,43.0,254.0,7,27,43,30,58,75,71,100,38.0,W,71,100,25.0,28.0,24.0,34.0,73.0,6.0,45.0,73.0,243.0
2025,Grand Final,28,True,2025-09-27,2025-09-27,CD_M20250142801,MCG,Geelong,Brisbane Lions,True,6.0,14,9,10.0,12.0,48.0,10.0,141.0,133.0,319.0,224.0,131.0,10.0,17.0,22.0,9.0,11.0,18,11,95.0,120.0,46.0,12.0,51.0,11.0,57.0,199.0,-47,70.0,9.0,4.0,6419.0,34.0,253.0,12,15,36,36,63,44,122,75,46.0,L,122,75,20.0,19.0,26.0,25.0,51.0,7.0,37.0,61.0,171.0
2025,Grand Final,28,True,2025-09-27,2025-09-27,CD_M20250142801,MCG,Brisbane Lions,Geelong,False,14.0,9,14,17.0,15.0,51.0,10.0,149.0,106.0,361.0,255.0,155.0,21.0,22.0,17.0,15.0,18.0,11,18,102.0,131.0,64.0,12.0,66.0,15.0,61.0,230.0,47,93.0,13.0,6.0,6669.0,45.0,253.0,15,12,36,36,44,63,75,122,39.0,W,75,122,32.0,35.0,30.0,37.0,76.0,17.0,52.0,57.0,198.0
2026,Opening Round,0,False,2026-03-05,2026-03-05,CD_M20260140001,SCG,Sydney,Carlton,True,12.0,9,12,21.0,16.0,73.0,5.0,134.0,137.0,384.0,278.0,122.0,13.0,23.0,19.0,14.0,20.0,10,20,89.0,181.0,48.0,15.0,67.0,11.0,77.0,203.0,63,64.0,12.0,7.0,6769.0,58.0,296.0,14,3,28,18,54,93,69,132,39.0,W,69,132,32.0,39.0,38.0,24.0,67.0,12.0,40.0,71.0,242.0
2026,Opening Round,0,False,2026-03-05,2026-03-05,CD_M20260140001,SCG,Carlton,Sydney,False,7.0,12,9,17.0,13.0,63.0,8.0,151.0,141.0,382.0,268.0,128.0,24.0,19.0,23.0,5.0,10.0,20,10,104.0,170.0,34.0,6.0,50.0,13.0,72.0,212.0,-63,69.0,5.0,8.0,6117.0,63.0,265.0,3,14,18,28,93,54,132,69,46.0,L,132,69,19.0,24.0,40.0,26.0,38.0,5.0,39.0,75.0,224.0
2026,Opening Round,0,False,2026-03-06,2026-03-06,CD_M20260140002,People First Stadium,Gold Coast,Geelong,True,11.0,9,11,13.0,10.0,75.0,5.0,145.0,115.0,412.0,312.0,142.0,18.0,29.0,17.0,14.0,19.0,10,19,106.0,202.0,58.0,12.0,71.0,9.0,88.0,210.0,56,74.0,13.0,8.0,7119.0,50.0,285.0,14,43,29,71,37,116,69,125,40.0,W,69,125,30.0,33.0,33.0,24.0,69.0,14.0,34.0,75.0,260.0
2026,Opening Round,0,False,2026-03-06,2026-03-06,CD_M20260140002,People First Stadium,Geelong,Gold Coast,False,8.0,11,9,4.0,18.0,61.0,6.0,136.0,167.0,381.0,263.0,125.0,12.0,17.0,29.0,7.0,10.0,19,10,88.0,173.0,25.0,4.0,50.0,6.0,75.0,208.0,-56,78.0,9.0,9.0,6132.0,48.0,304.0,43,14,71,29,116,37,125,69,51.0,L,125,69,19.0,25.0,32.0,23.0,61.0,7.0,41.0,87.0,228.0
2026,Opening Round,0,False,2026-03-07,2026-03-07,CD_M20260140003,ENGIE Stadium,Greater Western Sydney,Hawthorn,True,7.0,11,8,9.0,19.0,61.0,7.0,134.0,142.0,357.0,267.0,161.0,21.0,21.0,13.0,12.0,19.0,14,19,97.0,133.0,35.0,9.0,63.0,10.0,64.0,224.0,27,91.0,13.0,16.0,6866.0,52.0,267.0,32,51,47,82,73,114,95,122,44.0,W,95,122,27.0,29.0,36.0,25.0,50.0,8.0,44.0,74.0,209.0
2026,Opening Round,0,False,2026-03-07,2026-03-07,CD_M20260140003,ENGIE Stadium,Hawthorn,Greater Western Sydney,False,8.0,8,11,9.0,14.0,49.0,12.0,123.0,109.0,341.0,260.0,146.0,14.0,13.0,21.0,9.0,14.0,19,14,79.0,131.0,39.0,9.0,58.0,11.0,74.0,210.0,-27,78.0,9.0,9.0,6419.0,41.0,263.0,51,32,82,47,114,73,122,95,44.0,L,122,95,25.0,28.0,29.0,23.0,43.0,12.0,37.0,64.0,199.0
2026,Opening Round,0,False,2026-03-07,2026-03-07,CD_M20260140004,Gabba,Brisbane Lions,Western Bulldogs,True,14.0,15,16,5.0,17.0,48.0,10.0,133.0,125.0,408.0,296.0,166.0,15.0,17.0,16.0,9.0,15.0,16,15,89.0,154.0,42.0,12.0,63.0,14.0,63.0,254.0,-5,115.0,10.0,16.0,6338.0,41.0,281.0,19,19,40,43,68,81,111,106,31.0,L,111,106,31.0,37.0,31.0,28.0,51.0,18.0,45.0,63.0,258.0
2026,Opening Round,0,False,2026-03-07,2026-03-07,CD_M20260140004,Gabba,Western Bulldogs,Brisbane Lions,False,11.0,16,15,6.0,16.0,42.0,5.0,116.0,156.0,361.0,265.0,140.0,14.0,16.0,17.0,13.0,16.0,15,16,74.0,150.0,46.0,11.0,50.0,15.0,63.0,211.0,5,78.0,10.0,12.0,5967.0,53.0,288.0,19,19,43,40,81,68,106,111,47.0,W,106,111,31.0,28.0,35.0,23.0,60.0,10.0,39.0,63.0,227.0
2026,Opening Round,0,False,2026-03-08,2026-03-08,CD_M20260140005,MCG,St Kilda,Collingwood,True,11.0,12,12,13.0,15.0,56.0,6.0,128.0,103.0,387.0,283.0,141.0,17.0,16.0,27.0,4.0,9.0,11,9,76.0,162.0,28.0,7.0,63.0,13.0,71.0,225.0,-12,92.0,6.0,7.0,6253.0,47.0,267.0,27,16,35,37,70,52,78,66,29.0,L,78,66,21.0,24.0,29.0,16.0,57.0,25.0,31.0,74.0,249.0
2026,Opening Round,0,False,2026-03-08,2026-03-08,CD_M20260140005,MCG,Collingwood,St Kilda,False,9.0,12,12,5.0,8.0,59.0,7.0,113.0,144.0,434.0,331.0,192.0,15.0,27.0,16.0,9.0,11.0,9,11,76.0,170.0,21.0,4.0,40.0,14.0,74.0,264.0,12,147.0,10.0,14.0,6335.0,35.0,280.0,16,27,37,35,52,70,66,78,53.0,W,66,78,23.0,21.0,24.0,21.0,53.0,13.0,29.0,71.0,303.0
2026,Round 1,1,False,2026-03-12,2026-03-12,CD_M20260140101,MCG,Carlton,Richmond,True,13.0,17,15,3.0,11.0,63.0,10.0,138.0,111.0,367.0,265.0,127.0,13.0,21.0,18.0,6.0,10.0,9,10,92.0,166.0,39.0,13.0,43.0,12.0,70.0,201.0,4,75.0,7.0,8.0,6123.0,48.0,228.0,21,40,36,63,54,67,71,75,50.0,W,71,75,25.0,26.0,35.0,26.0,53.0,7.0,37.0,69.0,223.0
2026,Round 1,1,False,2026-03-12,2026-03-12,CD_M20260140101,MCG,Richmond,Carlton,False,12.0,15,17,5.0,12.0,60.0,10.0,127.0,116.0,355.0,263.0,149.0,14.0,18.0,21.0,5.0,9.0,10,9,85.0,138.0,24.0,7.0,60.0,14.0,69.0,217.0,-4,97.0,15.0,8.0,6467.0,47.0,256.0,40,21,63,36,67,54,75,71,34.0,L,75,71,26.0,26.0,34.0,17.0,49.0,12.0,29.0,70.0,216.0
2026,Round 1,1,False,2026-03-13,2026-03-13,CD_M20260140102,MCG,Essendon,Hawthorn,True,5.0,19,5,14.0,12.0,52.0,5.0,105.0,137.0,338.0,257.0,120.0,21.0,15.0,20.0,9.0,13.0,21,13,75.0,163.0,25.0,5.0,40.0,12.0,52.0,175.0,-62,75.0,7.0,12.0,5444.0,27.0,271.0,34,27,83,39,122,59,145,83,46.0,L,145,83,18.0,19.0,18.0,16.0,46.0,10.0,28.0,62.0,217.0
2026,Round 1,1,False,2026-03-13,2026-03-13,CD_M20260140102,MCG,Hawthorn,Essendon,False,18.0,5,19,12.0,20.0,53.0,7.0,110.0,121.0,409.0,320.0,194.0,7.0,20.0,15.0,17.0,21.0,13,21,73.0,144.0,43.0,12.0,69.0,24.0,62.0,265.0,62,157.0,23.0,19.0,6383.0,26.0,279.0,27,34,39,83,59,122,83,145,27.0,W,83,145,40.0,41.0,16.0,21.0,52.0,5.0,41.0,52.0,295.0
2026,Round 1,1,False,2026-03-14,2026-03-14,CD_M20260140103,Marvel Stadium,Western Bulldogs,Greater Western Sydney,True,6.0,11,8,7.0,20.0,55.0,10.0,125.0,120.0,406.0,313.0,176.0,11.0,16.0,25.0,17.0,21.0,7,21,75.0,163.0,32.0,13.0,55.0,12.0,60.0,243.0,81,118.0,19.0,11.0,6543.0,42.0,247.0,15,31,29,67,44,102,53,134,43.0,W,53,134,29.0,33.0,27.0,25.0,43.0,11.0,45.0,64.0,270.0
2026,Round 1,1,False,2026-03-14,2026-03-14,CD_M20260140103,Marvel Stadium,Greater Western Sydney,Western Bulldogs,False,10.0,8,11,2.0,10.0,71.0,10.0,118.0,120.0,387.0,297.0,173.0,21.0,25.0,16.0,3.0,7.0,21,7,79.0,146.0,27.0,7.0,50.0,14.0,64.0,241.0,-81,127.0,9.0,10.0,5343.0,32.0,272.0,31,15,67,29,102,44,134,53,32.0,L,134,53,17.0,25.0,22.0,16.0,56.0,18.0,26.0,60.0,259.0
2026,Round 1,1,False,2026-03-14,2026-03-14,CD_M20260140104,GMHBA Stadium,Geelong,Fremantle,True,13.0,16,14,7.0,11.0,53.0,11.0,120.0,106.0,361.0,267.0,161.0,15.0,15.0,24.0,13.0,16.0,14,16,75.0,130.0,26.0,6.0,60.0,15.0,62.0,231.0,10,111.0,18.0,9.0,6479.0,56.0,234.0,52,19,74,52,96,86,100,110,32.0,W,100,110,30.0,34.0,40.0,17.0,58.0,9.0,28.0,60.0,223.0
2026,Round 1,1,False,2026-03-14,2026-03-14,CD_M20260140104,GMHBA Stadium,Fremantle,Geelong,False,13.0,14,16,7.0,17.0,60.0,6.0,132.0,136.0,329.0,231.0,112.0,23.0,24.0,15.0,9.0,14.0,16,14,88.0,148.0,45.0,13.0,46.0,15.0,60.0,181.0,-10,61.0,8.0,8.0,6112.0,36.0,228.0,19,52,52,74,86,96,110,100,43.0,L,110,100,30.0,34.0,29.0,25.0,63.0,11.0,42.0,62.0,187.0
2026,Round 1,1,False,2026-03-14,2026-03-14,CD_M20260140105,SCG,Sydney,Brisbane Lions,True,10.0,12,14,7.0,9.0,49.0,11.0,126.0,97.0,386.0,288.0,138.0,24.0,19.0,18.0,12.0,15.0,8,15,82.0,183.0,34.0,9.0,65.0,17.0,81.0,203.0,44,92.0,18.0,9.0,6721.0,55.0,206.0,9,43,18,66,34,75,60,104,38.0,W,60,104,29.0,32.0,37.0,14.0,52.0,10.0,23.0,62.0,244.0
2026,Round 1,1,False,2026-03-14,2026-03-14,CD_M20260140105,SCG,Brisbane Lions,Sydney,False,9.0,14,12,2.0,15.0,63.0,9.0,126.0,117.0,345.0,247.0,151.0,14.0,18.0,19.0,4.0,8.0,15,8,90.0,117.0,22.0,8.0,46.0,14.0,62.0,228.0,-44,99.0,12.0,12.0,5846.0,32.0,235.0,43,9,66,18,75,34,104,60,46.0,L,104,60,20.0,22.0,25.0,30.0,45.0,6.0,45.0,81.0,203.0
2026,Round 1,1,False,2026-03-14,2026-03-14,CD_M20260140106,MCG,Collingwood,Adelaide,True,10.0,15,13,7.0,9.0,55.0,9.0,115.0,125.0,365.0,260.0,135.0,7.0,15.0,14.0,10.0,11.0,13,11,84.0,152.0,19.0,3.0,59.0,13.0,71.0,213.0,-14,98.0,10.0,17.0,6749.0,47.0,280.0,15,1,35,32,76,46,93,79,40.0,L,93,79,24.0,26.0,35.0,20.0,52.0,11.0,29.0,79.0,231.0
2026,Round 1,1,False,2026-03-14,2026-03-14,CD_M20260140106,MCG,Adelaide,Collingwood,False,14.0,13,15,3.0,16.0,65.0,8.0,139.0,131.0,387.0,282.0,180.0,10.0,14.0,15.0,12.0,13.0,11,13,98.0,131.0,35.0,10.0,55.0,13.0,79.0,256.0,14,117.0,14.0,7.0,6697.0,35.0,269.0,1,15,32,35,46,76,79,93,48.0,W,79,93,28.0,30.0,24.0,13.0,48.0,8.0,29.0,71.0,239.0
2026,Round 1,1,False,2026-03-15,2026-03-15,CD_M20260140107,Marvel Stadium,North Melbourne,Port Adelaide,True,10.0,13,11,5.0,12.0,51.0,12.0,132.0,93.0,370.0,294.0,179.0,14.0,22.0,22.0,8.0,17.0,9,17,78.0,138.0,21.0,7.0,51.0,17.0,61.0,232.0,46,119.0,13.0,14.0,5740.0,33.0,205.0,14,22,28,53,50,88,67,113,36.0,W,67,113,28.0,29.0,21.0,28.0,58.0,12.0,40.0,59.0,239.0
2026,Round 1,1,False,2026-03-15,2026-03-15,CD_M20260140107,Marvel Stadium,Port Adelaide,North Melbourne,False,11.0,11,13,1.0,12.0,58.0,9.0,112.0,97.0,287.0,201.0,118.0,8.0,22.0,22.0,8.0,9.0,17,9,71.0,101.0,37.0,12.0,47.0,8.0,60.0,186.0,-46,74.0,9.0,14.0,5015.0,43.0,240.0,22,14,53,28,88,50,113,67,33.0,L,113,67,22.0,22.0,35.0,17.0,52.0,11.0,29.0,61.0,164.0
2026,Round 1,1,False,2026-03-15,2026-03-15,CD_M20260140108,MCG,Melbourne,St Kilda,True,11.0,17,12,15.0,17.0,46.0,10.0,119.0,130.0,341.0,254.0,142.0,14.0,18.0,11.0,12.0,18.0,15,18,79.0,129.0,44.0,10.0,56.0,13.0,53.0,212.0,13,82.0,19.0,8.0,6311.0,44.0,262.0,28,21,59,61,89,93,107,120,38.0,W,107,120,30.0,36.0,31.0,19.0,42.0,5.0,36.0,53.0,211.0
2026,Round 1,1,False,2026-03-15,2026-03-15,CD_M20260140108,MCG,St Kilda,Melbourne,False,13.0,12,17,6.0,15.0,44.0,11.0,129.0,124.0,411.0,320.0,173.0,13.0,11.0,18.0,14.0,15.0,18,15,87.0,170.0,25.0,8.0,53.0,13.0,55.0,241.0,-13,106.0,20.0,14.0,6335.0,52.0,252.0,21,28,61,59,93,89,120,107,38.0,L,120,107,32.0,33.0,31.0,26.0,41.0,2.0,41.0,52.0,268.0
2026,Round 1,1,False,2026-03-15,2026-03-15,CD_M20260140109,People First Stadium,Gold Coast,West Coast,True,10.0,12,11,15.0,14.0,59.0,8.0,138.0,95.0,369.0,274.0,132.0,15.0,21.0,19.0,14.0,20.0,10,20,96.0,179.0,53.0,14.0,60.0,14.0,61.0,190.0,59,80.0,15.0,11.0,6495.0,47.0,236.0,7,45,22,84,56,104,72,131,27.0,W,72,131,31.0,31.0,36.0,26.0,46.0,4.0,40.0,57.0,226.0
2026,Round 1,1,False,2026-03-15,2026-03-15,CD_M20260140109,People First Stadium,West Coast,Gold Coast,False,9.0,11,12,11.0,16.0,48.0,7.0,130.0,149.0,328.0,240.0,145.0,12.0,19.0,21.0,6.0,10.0,20,10,90.0,122.0,24.0,4.0,39.0,15.0,57.0,206.0,-59,98.0,8.0,12.0,5346.0,42.0,285.0,45,7,84,22,104,56,131,72,40.0,L,131,72,22.0,23.0,26.0,18.0,73.0,6.0,34.0,61.0,199.0
2026,Round 2,2,False,2026-03-19,2026-03-19,CD_M20260140201,MCG,Hawthorn,Sydney,True,15.0,4,15,11.0,10.0,52.0,11.0,161.0,136.0,417.0,311.0,164.0,27.0,16.0,27.0,11.0,14.0,13,14,104.0,182.0,46.0,17.0,55.0,17.0,83.0,235.0,17,101.0,13.0,17.0,6602.0,52.0,265.0,38,33,44,43,75,64,82,99,45.0,W,82,99,29.0,37.0,37.0,25.0,62.0,13.0,35.0,71.0,258.0
2026,Round 2,2,False,2026-03-19,2026-03-19,CD_M20260140201,MCG,Sydney,Hawthorn,False,4.0,15,4,13.0,12.0,75.0,7.0,135.0,161.0,348.0,248.0,124.0,20.0,27.0,16.0,9.0,13.0,14,13,92.0,153.0,30.0,12.0,58.0,16.0,73.0,195.0,-17,58.0,4.0,2.0,6236.0,52.0,297.0,33,38,43,44,64,75,99,82,40.0,L,99,82,17.0,21.0,31.0,25.0,66.0,14.0,37.0,82.0,193.0
2026,Round 2,2,False,2026-03-20,2026-03-20,CD_M20260140202,Adelaide Oval,Adelaide,Western Bulldogs,True,5.0,10,10,3.0,14.0,56.0,8.0,131.0,123.0,363.0,269.0,180.0,11.0,23.0,18.0,10.0,13.0,14,13,89.0,112.0,45.0,15.0,52.0,19.0,74.0,251.0,-6,119.0,8.0,18.0,6101.0,53.0,254.0,22,18,47,32,73,55,94,88,43.0,L,94,88,23.0,20.0,40.0,24.0,46.0,8.0,38.0,68.0,219.0
2026,Round 2,2,False,2026-03-20,2026-03-20,CD_M20260140202,Adelaide Oval,Western Bulldogs,Adelaide,False,7.0,10,10,12.0,15.0,56.0,5.0,143.0,94.0,367.0,269.0,128.0,14.0,18.0,23.0,9.0,14.0,13,14,94.0,165.0,45.0,14.0,58.0,6.0,68.0,202.0,6,61.0,7.0,9.0,6284.0,58.0,241.0,18,22,32,47,55,73,88,94,38.0,W,88,94,24.0,26.0,45.0,30.0,71.0,20.0,45.0,74.0,211.0
2026,Round 2,2,False,2026-03-21,2026-03-21,CD_M20260140203,MCG,Richmond,Gold Coast,True,5.0,14,6,10.0,14.0,63.0,5.0,113.0,146.0,330.0,238.0,118.0,11.0,15.0,17.0,8.0,9.0,19,9,76.0,144.0,24.0,9.0,36.0,12.0,57.0,186.0,-68,83.0,8.0,8.0,5124.0,28.0,260.0,14,14,65,34,93,53,128,60,41.0,L,128,60,15.0,15.0,20.0,24.0,59.0,5.0,38.0,72.0,204.0
2026,Round 2,2,False,2026-03-21,2026-03-21,CD_M20260140203,MCG,Gold Coast,Richmond,False,12.0,6,14,8.0,12.0,50.0,11.0,108.0,101.0,385.0,303.0,162.0,11.0,17.0,15.0,16.0,19.0,9,19,64.0,164.0,37.0,10.0,61.0,27.0,73.0,221.0,68,127.0,23.0,12.0,6207.0,50.0,246.0,14,14,34,65,53,93,60,128,27.0,W,60,128,32.0,35.0,38.0,15.0,57.0,17.0,27.0,57.0,282.0
2026,Round 2,2,False,2026-03-21,2026-03-21,CD_M20260140204,ENGIE Stadium,Greater Western Sydney,St Kilda,True,12.0,12,14,9.0,8.0,65.0,6.0,134.0,103.0,419.0,302.0,128.0,12.0,19.0,17.0,8.0,10.0,11,10,92.0,205.0,23.0,13.0,62.0,18.0,74.0,214.0,-4,86.0,7.0,7.0,6494.0,49.0,202.0,34,9,56,24,70,43,78,74,41.0,L,78,74,24.0,26.0,30.0,29.0,59.0,12.0,37.0,76.0,279.0
2026,Round 2,2,False,2026-03-21,2026-03-21,CD_M20260140204,ENGIE Stadium,St Kilda,Greater Western Sydney,False,12.0,14,12,12.0,15.0,65.0,7.0,135.0,124.0,367.0,257.0,152.0,19.0,17.0,19.0,8.0,11.0,10,11,89.0,131.0,35.0,5.0,53.0,12.0,76.0,236.0,4,81.0,6.0,6.0,6139.0,56.0,260.0,9,34,24,56,43,70,74,78,50.0,W,74,78,23.0,26.0,34.0,25.0,37.0,6.0,40.0,74.0,213.0
2026,Round 2,2,False,2026-03-21,2026-03-21,CD_M20260140205,Optus Stadium,Fremantle,Melbourne,True,13.0,10,16,20.0,12.0,62.0,9.0,143.0,109.0,417.0,306.0,148.0,22.0,14.0,13.0,12.0,17.0,10,17,101.0,193.0,24.0,10.0,58.0,13.0,77.0,224.0,48,93.0,12.0,11.0,6989.0,50.0,201.0,7,49,34,65,42,109,70,118,45.0,W,70,118,33.0,36.0,39.0,21.0,45.0,9.0,33.0,76.0,262.0
2026,Round 2,2,False,2026-03-21,2026-03-21,CD_M20260140205,Optus Stadium,Melbourne,Fremantle,False,9.0,16,10,4.0,15.0,59.0,10.0,124.0,129.0,333.0,229.0,142.0,17.0,13.0,14.0,7.0,10.0,17,10,82.0,111.0,34.0,9.0,56.0,24.0,76.0,222.0,-48,99.0,12.0,12.0,6335.0,41.0,264.0,49,7,65,34,109,42,118,70,40.0,L,118,70,20.0,25.0,28.0,15.0,55.0,8.0,30.0,77.0,193.0
2026,Round 2,2,False,2026-03-22,2026-03-22,CD_M20260140206,Adelaide Oval,Port Adelaide,Essendon,True,13.0,10,13,6.0,19.0,46.0,10.0,120.0,111.0,407.0,312.0,208.0,16.0,17.0,13.0,15.0,20.0,10,20,74.0,123.0,30.0,16.0,60.0,15.0,60.0,284.0,63,165.0,25.0,23.0,6345.0,35.0,254.0,9,41,18,67,38,100,70,133,32.0,W,70,133,33.0,41.0,26.0,23.0,47.0,11.0,42.0,62.0,279.0
2026,Round 2,2,False,2026-03-22,2026-03-22,CD_M20260140206,Adelaide Oval,Essendon,Port Adelaide,False,7.0,13,10,7.0,12.0,44.0,5.0,120.0,125.0,337.0,252.0,114.0,13.0,13.0,17.0,8.0,10.0,20,10,78.0,165.0,35.0,17.0,43.0,7.0,62.0,172.0,-63,58.0,7.0,7.0,5102.0,30.0,222.0,41,9,67,18,100,38,133,70,38.0,L,133,70,19.0,20.0,20.0,14.0,41.0,6.0,26.0,60.0,203.0
2026,Round 2,2,False,2026-03-22,2026-03-22,CD_M20260140207,Optus Stadium,West Coast,North Melbourne,True,8.0,4,9,6.0,14.0,65.0,8.0,159.0,119.0,356.0,258.0,133.0,27.0,25.0,24.0,14.0,17.0,15,17,117.0,151.0,27.0,9.0,59.0,10.0,77.0,205.0,17,67.0,9.0,15.0,6083.0,47.0,284.0,43,19,55,48,67,97,94,111,32.0,W,94,111,25.0,29.0,35.0,23.0,68.0,12.0,37.0,64.0,200.0
2026,Round 2,2,False,2026-03-22,2026-03-22,CD_M20260140207,Optus Stadium,North Melbourne,West Coast,False,4.0,9,4,14.0,17.0,57.0,7.0,139.0,155.0,368.0,277.0,134.0,13.0,24.0,25.0,10.0,15.0,17,15,81.0,177.0,54.0,19.0,48.0,13.0,64.0,191.0,-17,67.0,11.0,12.0,5897.0,53.0,277.0,19,43,48,55,97,67,111,94,40.0,L,111,94,19.0,24.0,37.0,29.0,71.0,10.0,46.0,77.0,221.0
2026,Round 3,3,False,2026-03-26,2026-03-26,CD_M20260140301,GMHBA Stadium,Geelong,Adelaide,True,9.0,6,14,1.0,12.0,57.0,11.0,159.0,91.0,409.0,269.0,153.0,31.0,13.0,25.0,4.0,9.0,9,9,104.0,148.0,38.0,9.0,67.0,20.0,82.0,261.0,8,98.0,8.0,10.0,6885.0,50.0,274.0,14,28,33,41,47,51,60,68,36.0,W,60,68,23.0,37.0,39.0,30.0,76.0,25.0,42.0,73.0,228.0
2026,Round 3,3,False,2026-03-26,2026-03-26,CD_M20260140301,GMHBA Stadium,Adelaide,Geelong,False,4.0,14,6,3.0,8.0,66.0,6.0,127.0,203.0,329.0,228.0,129.0,12.0,25.0,13.0,8.0,9.0,9,9,96.0,121.0,51.0,10.0,45.0,14.0,73.0,208.0,-8,65.0,7.0,3.0,6523.0,43.0,298.0,28,14,41,33,51,47,68,60,57.0,L,68,60,15.0,16.0,30.0,27.0,72.0,4.0,35.0,82.0,177.0
2026,Round 3,3,False,2026-03-27,2026-03-27,CD_M20260140302,Marvel Stadium,Collingwood,Greater Western Sydney,True,6.0,12,9,11.0,12.0,48.0,14.0,119.0,137.0,363.0,277.0,146.0,10.0,12.0,16.0,10.0,13.0,7,13,71.0,152.0,37.0,11.0,50.0,18.0,67.0,211.0,33,104.0,15.0,14.0,6073.0,43.0,270.0,17,31,30,39,40,59,54,87,50.0,W,54,87,22.0,23.0,26.0,18.0,45.0,9.0,30.0,64.0,232.0
2026,Round 3,3,False,2026-03-27,2026-03-27,CD_M20260140302,Marvel Stadium,Greater Western Sydney,Collingwood,False,9.0,9,12,8.0,12.0,49.0,7.0,114.0,94.0,425.0,338.0,163.0,16.0,16.0,12.0,4.0,7.0,13,7,84.0,200.0,23.0,13.0,58.0,14.0,64.0,225.0,-33,124.0,15.0,10.0,5889.0,40.0,227.0,31,17,39,30,59,40,87,54,36.0,L,87,54,18.0,24.0,35.0,20.0,39.0,13.0,32.0,66.0,306.0
2026,Round 3,3,False,2026-03-28,2026-03-28,CD_M20260140303,Marvel Stadium,St Kilda,Brisbane Lions,True,12.0,11,14,4.0,12.0,56.0,10.0,133.0,152.0,336.0,230.0,135.0,14.0,20.0,23.0,7.0,11.0,17,11,75.0,129.0,44.0,13.0,56.0,16.0,79.0,207.0,-33,93.0,12.0,11.0,5555.0,49.0,288.0,5,13,31,39,68,66,113,80,35.0,L,113,80,25.0,26.0,29.0,16.0,64.0,12.0,28.0,69.0,202.0
2026,Round 3,3,False,2026-03-28,2026-03-28,CD_M20260140303,Marvel Stadium,Brisbane Lions,St Kilda,False,10.0,14,11,2.0,14.0,61.0,7.0,139.0,118.0,399.0,290.0,168.0,20.0,23.0,20.0,14.0,17.0,11,17,95.0,146.0,24.0,10.0,52.0,17.0,70.0,253.0,33,107.0,14.0,16.0,6138.0,46.0,232.0,13,5,39,31,66,68,80,113,43.0,W,80,113,28.0,32.0,26.0,28.0,56.0,10.0,42.0,79.0,253.0
2026,Round 3,3,False,2026-03-28,2026-03-28,CD_M20260140304,Optus Stadium,Fremantle,Richmond,True,22.0,7,25,8.0,11.0,58.0,7.0,151.0,103.0,406.0,303.0,160.0,23.0,19.0,27.0,11.0,13.0,6,13,95.0,176.0,57.0,18.0,65.0,10.0,63.0,230.0,60,95.0,17.0,10.0,5918.0,43.0,230.0,3,11,33,39,34,78,43,103,30.0,W,43,103,37.0,40.0,30.0,30.0,61.0,11.0,41.0,57.0,245.0
2026,Round 3,3,False,2026-03-28,2026-03-28,CD_M20260140304,Optus Stadium,Richmond,Fremantle,False,7.0,25,7,9.0,7.0,67.0,4.0,118.0,140.0,314.0,219.0,106.0,15.0,27.0,19.0,6.0,6.0,13,6,89.0,144.0,9.0,1.0,36.0,6.0,57.0,170.0,-60,64.0,7.0,6.0,4799.0,41.0,262.0,11,3,39,33,78,34,103,43,50.0,L,103,43,13.0,15.0,30.0,19.0,53.0,7.0,26.0,63.0,178.0
2026,Round 3,3,False,2026-03-28,2026-03-28,CD_M20260140305,Marvel Stadium,Essendon,North Melbourne,True,13.0,9,15,9.0,11.0,50.0,4.0,105.0,104.0,328.0,247.0,124.0,13.0,23.0,24.0,9.0,9.0,12,9,73.0,150.0,25.0,7.0,52.0,18.0,67.0,178.0,-12,85.0,15.0,10.0,5126.0,27.0,259.0,20,17,44,32,78,42,81,69,36.0,L,81,69,24.0,24.0,23.0,10.0,54.0,6.0,21.0,57.0,217.0
2026,Round 3,3,False,2026-03-28,2026-03-28,CD_M20260140305,Marvel Stadium,North Melbourne,Essendon,False,7.0,15,9,6.0,13.0,67.0,5.0,116.0,114.0,405.0,324.0,191.0,9.0,24.0,23.0,10.0,12.0,9,12,77.0,151.0,13.0,4.0,49.0,9.0,57.0,254.0,12,138.0,20.0,12.0,5578.0,40.0,218.0,17,20,32,44,42,78,69,81,42.0,W,69,81,20.0,21.0,27.0,18.0,39.0,9.0,31.0,67.0,278.0
2026,Round 3,3,False,2026-03-29,2026-03-29,CD_M20260140306,Adelaide Oval,Port Adelaide,West Coast,True,10.0,14,12,7.0,12.0,53.0,7.0,122.0,104.0,340.0,244.0,139.0,13.0,17.0,22.0,12.0,13.0,13,13,78.0,134.0,45.0,13.0,54.0,12.0,65.0,206.0,-2,91.0,16.0,15.0,5855.0,34.0,232.0,13,35,46,54,76,65,92,90,28.0,L,92,90,24.0,25.0,25.0,15.0,60.0,10.0,27.0,58.0,208.0
2026,Round 3,3,False,2026-03-29,2026-03-29,CD_M20260140306,Adelaide Oval,West Coast,Port Adelaide,False,14.0,12,14,7.0,11.0,61.0,10.0,126.0,157.0,303.0,215.0,116.0,8.0,22.0,17.0,11.0,13.0,13,13,85.0,119.0,40.0,12.0,42.0,16.0,58.0,184.0,2,70.0,13.0,8.0,5716.0,40.0,250.0,35,13,54,46,65,76,90,92,41.0,W,90,92,27.0,27.0,30.0,31.0,58.0,2.0,42.0,64.0,172.0
2026,Round 3,3,False,2026-03-29,2026-03-29,CD_M20260140307,MCG,Carlton,Melbourne,True,10.0,10,11,4.0,11.0,62.0,11.0,138.0,153.0,365.0,254.0,129.0,20.0,16.0,11.0,8.0,11.0,15,11,101.0,156.0,26.0,10.0,51.0,16.0,66.0,209.0,-23,92.0,12.0,13.0,5972.0,42.0,268.0,1,38,12,46,50,62,100,77,49.0,L,100,77,22.0,26.0,29.0,27.0,54.0,8.0,38.0,70.0,219.0
2026,Round 3,3,False,2026-03-29,2026-03-29,CD_M20260140307,MCG,Melbourne,Carlton,False,8.0,11,10,7.0,11.0,61.0,6.0,133.0,140.0,372.0,254.0,133.0,16.0,11.0,16.0,10.0,15.0,11,15,87.0,158.0,68.0,18.0,64.0,16.0,70.0,214.0,23,95.0,11.0,11.0,6315.0,38.0,294.0,38,1,46,12,62,50,77,100,40.0,W,77,100,25.0,27.0,24.0,29.0,82.0,10.0,40.0,66.0,223.0
2026,Round 4,4,False,2026-04-02,2026-04-02,CD_M20260140401,Gabba,Brisbane Lions,Collingwood,True,14.0,5,17,2.0,19.0,54.0,14.0,131.0,95.0,425.0,324.0,207.0,12.0,17.0,17.0,13.0,17.0,10,17,89.0,134.0,23.0,7.0,64.0,14.0,66.0,291.0,54,150.0,20.0,12.0,6426.0,36.0,225.0,19,40,33,62,52,79,65,119,35.0,W,65,119,34.0,35.0,21.0,23.0,33.0,6.0,42.0,54.0,277.0
2026,Round 4,4,False,2026-04-02,2026-04-02,CD_M20260140401,Gabba,Collingwood,Brisbane Lions,False,4.0,17,5,6.0,12.0,58.0,7.0,92.0,149.0,310.0,235.0,114.0,6.0,17.0,17.0,8.0,10.0,17,10,59.0,148.0,29.0,7.0,45.0,11.0,54.0,162.0,-54,71.0,5.0,12.0,5333.0,49.0,284.0,40,19,62,33,79,52,119,65,45.0,L,119,65,15.0,15.0,38.0,12.0,46.0,5.0,24.0,66.0,201.0
2026,Round 4,4,False,2026-04-03,2026-04-03,CD_M20260140402,Marvel Stadium,North Melbourne,Carlton,True,9.0,8,12,14.0,15.0,60.0,7.0,125.0,106.0,352.0,267.0,141.0,22.0,23.0,25.0,10.0,14.0,13,14,85.0,141.0,22.0,7.0,56.0,10.0,55.0,211.0,10,90.0,14.0,5.0,5545.0,41.0,238.0,22,21,40,37,73,51,86,96,35.0,W,86,96,26.0,29.0,31.0,16.0,66.0,13.0,31.0,53.0,219.0
2026,Round 4,4,False,2026-04-03,2026-04-03,CD_M20260140402,Marvel Stadium,Carlton,North Melbourne,False,7.0,12,8,6.0,11.0,56.0,8.0,115.0,136.0,339.0,252.0,155.0,16.0,25.0,23.0,3.0,13.0,14,13,64.0,120.0,41.0,18.0,48.0,17.0,53.0,219.0,-10,114.0,7.0,19.0,5138.0,38.0,260.0,21,22,37,40,51,73,96,86,42.0,L,96,86,21.0,25.0,31.0,24.0,59.0,17.0,35.0,55.0,220.0
2026,Round 4,4,False,2026-04-03,2026-04-03,CD_M20260140403,Adelaide Oval,Adelaide,Fremantle,True,9.0,12,10,6.0,9.0,47.0,13.0,134.0,126.0,306.0,218.0,122.0,20.0,15.0,21.0,10.0,11.0,11,11,92.0,122.0,46.0,9.0,48.0,22.0,68.0,184.0,-2,66.0,16.0,5.0,5880.0,57.0,296.0,27,21,54,29,63,59,78,76,43.0,L,78,76,21.0,25.0,47.0,30.0,83.0,17.0,39.0,66.0,160.0
2026,Round 4,4,False,2026-04-03,2026-04-03,CD_M20260140403,Adelaide Oval,Fremantle,Adelaide,False,12.0,10,12,6.0,11.0,51.0,13.0,149.0,128.0,364.0,273.0,126.0,14.0,21.0,15.0,10.0,11.0,11,11,100.0,165.0,48.0,14.0,55.0,16.0,67.0,199.0,2,64.0,12.0,13.0,6046.0,44.0,249.0,21,27,29,54,59,63,76,78,37.0,W,76,78,23.0,26.0,39.0,28.0,70.0,9.0,39.0,68.0,205.0
2026,Round 4,4,False,2026-04-04,2026-04-04,CD_M20260140404,MCG,Richmond,Port Adelaide,True,9.0,12,12,8.0,11.0,61.0,11.0,115.0,119.0,328.0,240.0,132.0,15.0,14.0,27.0,4.0,6.0,13,6,68.0,128.0,27.0,8.0,50.0,21.0,72.0,200.0,-42,90.0,13.0,9.0,5633.0,41.0,265.0,12,1,37,22,59,32,90,48,33.0,L,90,48,17.0,24.0,31.0,19.0,54.0,17.0,30.0,79.0,203.0
2026,Round 4,4,False,2026-04-04,2026-04-04,CD_M20260140404,MCG,Port Adelaide,Richmond,False,9.0,12,12,12.0,11.0,68.0,10.0,111.0,119.0,340.0,245.0,136.0,7.0,27.0,14.0,8.0,13.0,6,13,66.0,133.0,29.0,13.0,46.0,18.0,79.0,207.0,42,97.0,11.0,6.0,6172.0,37.0,215.0,1,12,22,37,32,59,48,90,42.0,W,48,90,24.0,23.0,25.0,16.0,40.0,8.0,27.0,72.0,219.0
2026,Round 4,4,False,2026-04-04,2026-04-04,CD_M20260140405,Optus Stadium,West Coast,Sydney,True,7.0,19,11,7.0,17.0,59.0,4.0,92.0,144.0,289.0,211.0,107.0,4.0,27.0,17.0,3.0,4.0,24,4,56.0,123.0,18.0,8.0,45.0,9.0,54.0,166.0,-128,76.0,7.0,8.0,5009.0,28.0,276.0,38,5,83,20,130,29,163,35,37.0,L,163,35,15.0,16.0,16.0,11.0,34.0,4.0,28.0,64.0,186.0
2026,Round 4,4,False,2026-04-04,2026-04-04,CD_M20260140405,Optus Stadium,Sydney,West Coast,False,17.0,11,19,17.0,14.0,61.0,16.0,135.0,97.0,427.0,326.0,175.0,6.0,17.0,27.0,20.0,24.0,4,24,66.0,182.0,35.0,15.0,61.0,13.0,65.0,245.0,128,123.0,24.0,18.0,6954.0,38.0,209.0,5,38,20,83,29,130,35,163,41.0,W,35,163,43.0,45.0,22.0,27.0,46.0,8.0,41.0,52.0,283.0
2026,Round 4,4,False,2026-04-05,2026-04-05,CD_M20260140406,MCG,Melbourne,Gold Coast,True,11.0,5,13,15.0,18.0,52.0,11.0,138.0,119.0,341.0,234.0,137.0,13.0,17.0,19.0,11.0,16.0,14,16,87.0,131.0,42.0,14.0,59.0,12.0,64.0,210.0,20,89.0,19.0,10.0,5862.0,34.0,243.0,25,18,50,56,76,90,89,109,30.0,W,89,109,29.0,30.0,19.0,21.0,59.0,13.0,39.0,59.0,193.0
2026,Round 4,4,False,2026-04-05,2026-04-05,CD_M20260140406,MCG,Gold Coast,Melbourne,False,4.0,13,5,10.0,9.0,52.0,9.0,116.0,129.0,351.0,276.0,141.0,16.0,19.0,17.0,14.0,14.0,16,14,86.0,163.0,27.0,4.0,45.0,9.0,59.0,188.0,-20,90.0,14.0,8.0,5851.0,34.0,227.0,18,25,56,50,90,76,109,89,42.0,L,109,89,19.0,22.0,29.0,19.0,54.0,6.0,28.0,64.0,226.0
2026,Round 4,4,False,2026-04-05,2026-04-05,CD_M20260140407,Marvel Stadium,Western Bulldogs,Essendon,True,13.0,11,15,10.0,15.0,59.0,7.0,129.0,85.0,402.0,314.0,156.0,22.0,19.0,21.0,11.0,14.0,9,14,88.0,191.0,28.0,6.0,54.0,9.0,53.0,211.0,34,107.0,14.0,19.0,5375.0,54.0,196.0,9,44,13,67,39,74,65,99,26.0,W,65,99,28.0,34.0,36.0,23.0,42.0,7.0,38.0,56.0,273.0
2026,Round 4,4,False,2026-04-05,2026-04-05,CD_M20260140407,Marvel Stadium,Essendon,Western Bulldogs,False,9.0,15,11,8.0,8.0,59.0,10.0,110.0,134.0,342.0,262.0,149.0,13.0,21.0,19.0,5.0,9.0,14,9,69.0,139.0,38.0,8.0,36.0,10.0,56.0,203.0,-34,103.0,9.0,9.0,4998.0,31.0,285.0,44,9,67,13,74,39,99,65,39.0,L,99,65,19.0,18.0,20.0,16.0,48.0,8.0,24.0,53.0,224.0
2026,Round 4,4,False,2026-04-06,2026-04-06,CD_M20260140408,MCG,Hawthorn,Geelong,True,12.0,7,14,11.0,11.0,72.0,9.0,129.0,129.0,387.0,275.0,148.0,18.0,24.0,13.0,10.0,13.0,14,13,86.0,155.0,44.0,15.0,53.0,14.0,71.0,232.0,1,90.0,18.0,17.0,6250.0,39.0,252.0,13,21,56,47,65,69,91,92,40.0,W,91,92,27.0,32.0,27.0,22.0,63.0,12.0,33.0,60.0,238.0
2026,Round 4,4,False,2026-04-06,2026-04-06,CD_M20260140408,MCG,Geelong,Hawthorn,False,6.0,14,7,8.0,12.0,53.0,7.0,112.0,136.0,342.0,242.0,140.0,11.0,13.0,24.0,10.0,14.0,13,14,76.0,125.0,26.0,5.0,54.0,16.0,61.0,217.0,-1,101.0,16.0,11.0,6193.0,39.0,293.0,21,13,47,56,69,65,92,91,40.0,L,92,91,20.0,29.0,28.0,16.0,55.0,15.0,28.0,71.0,216.0
2026,Round 5,5,False,2026-04-09,2026-04-09,CD_M20260140501,Adelaide Oval,Adelaide,Carlton,True,9.0,14,12,3.0,13.0,82.0,7.0,173.0,185.0,393.0,274.0,134.0,25.0,23.0,28.0,12.0,17.0,12,17,125.0,173.0,45.0,11.0,56.0,10.0,90.0,220.0,28,55.0,10.0,12.0,7108.0,69.0,334.0,46,39,54,78,62,92,86,114,47.0,W,86,114,29.0,29.0,51.0,27.0,71.0,15.0,40.0,88.0,200.0
2026,Round 5,5,False,2026-04-09,2026-04-09,CD_M20260140501,Adelaide Oval,Carlton,Adelaide,False,5.0,12,14,3.0,16.0,70.0,7.0,162.0,150.0,358.0,243.0,129.0,20.0,28.0,23.0,7.0,12.0,17,12,115.0,153.0,43.0,10.0,60.0,14.0,88.0,205.0,-28,50.0,6.0,5.0,6379.0,62.0,349.0,39,46,78,54,92,62,114,86,38.0,L,114,86,23.0,24.0,40.0,29.0,87.0,19.0,45.0,89.0,177.0
2026,Round 5,5,False,2026-04-10,2026-04-10,CD_M20260140502,Adelaide Oval,Collingwood,Fremantle,True,8.0,3,9,1.0,5.0,47.0,11.0,138.0,127.0,364.0,262.0,151.0,20.0,14.0,19.0,5.0,5.0,7,5,92.0,142.0,27.0,6.0,61.0,20.0,82.0,222.0,-6,101.0,10.0,3.0,5812.0,51.0,292.0,7,8,14,23,32,36,45,39,37.0,L,45,39,14.0,14.0,39.0,25.0,92.0,26.0,30.0,76.0,220.0
2026,Round 5,5,False,2026-04-10,2026-04-10,CD_M20260140502,Adelaide Oval,Fremantle,Collingwood,False,3.0,9,3,4.0,8.0,54.0,12.0,147.0,148.0,358.0,254.0,147.0,17.0,19.0,14.0,6.0,7.0,5,7,100.0,146.0,47.0,12.0,45.0,18.0,76.0,212.0,6,81.0,5.0,6.0,5795.0,52.0,273.0,8,7,23,14,36,32,39,45,55.0,W,39,45,10.0,11.0,39.0,26.0,63.0,7.0,34.0,82.0,204.0
2026,Round 5,5,False,2026-04-11,2026-04-11,CD_M20260140503,Barossa Park,North Melbourne,Brisbane Lions,True,11.0,14,12,8.0,9.0,53.0,13.0,135.0,118.0,350.0,256.0,133.0,14.0,20.0,15.0,6.0,9.0,13,9,92.0,150.0,31.0,7.0,44.0,16.0,55.0,200.0,-26,83.0,14.0,11.0,5750.0,36.0,210.0,15,27,32,36,66,50,92,66,45.0,L,92,66,21.0,23.0,22.0,29.0,59.0,7.0,38.0,59.0,214.0
2026,Round 5,5,False,2026-04-11,2026-04-11,CD_M20260140503,Barossa Park,Brisbane Lions,North Melbourne,False,11.0,12,14,5.0,12.0,46.0,8.0,131.0,96.0,309.0,208.0,126.0,20.0,15.0,20.0,8.0,13.0,9,13,86.0,108.0,49.0,10.0,58.0,14.0,59.0,201.0,26,80.0,9.0,7.0,5799.0,45.0,240.0,27,15,36,32,50,66,66,92,33.0,W,66,92,26.0,27.0,31.0,29.0,62.0,14.0,41.0,55.0,166.0
2026,Round 5,5,False,2026-04-11,2026-04-11,CD_M20260140504,Adelaide Oval,Essendon,Melbourne,True,8.0,8,11,8.0,14.0,50.0,11.0,142.0,113.0,441.0,337.0,195.0,14.0,15.0,15.0,12.0,17.0,10,17,99.0,169.0,21.0,8.0,54.0,21.0,72.0,272.0,45,139.0,11.0,14.0,6525.0,32.0,231.0,19,23,50,44,59,81,68,113,39.0,W,68,113,27.0,28.0,19.0,26.0,45.0,10.0,40.0,65.0,296.0
2026,Round 5,5,False,2026-04-11,2026-04-11,CD_M20260140504,Adelaide Oval,Melbourne,Essendon,False,6.0,11,8,7.0,13.0,67.0,7.0,115.0,134.0,332.0,236.0,128.0,11.0,15.0,15.0,8.0,10.0,17,10,72.0,135.0,39.0,11.0,52.0,12.0,66.0,197.0,-45,78.0,9.0,7.0,6042.0,40.0,281.0,23,19,44,50,81,59,113,68,37.0,L,113,68,17.0,20.0,31.0,19.0,54.0,6.0,32.0,71.0,197.0
2026,Round 5,5,False,2026-04-11,2026-04-11,CD_M20260140505,Norwood Oval,Sydney,Gold Coast,True,15.0,14,16,11.0,13.0,76.0,10.0,151.0,117.0,391.0,278.0,125.0,14.0,24.0,35.0,9.0,14.0,9,14,92.0,181.0,39.0,11.0,62.0,13.0,82.0,210.0,32,66.0,16.0,8.0,7008.0,51.0,275.0,13,36,35,51,56,73,68,100,47.0,W,68,100,30.0,32.0,39.0,30.0,97.0,15.0,43.0,77.0,225.0
2026,Round 5,5,False,2026-04-11,2026-04-11,CD_M20260140505,Norwood Oval,Gold Coast,Sydney,False,10.0,16,14,4.0,12.0,66.0,0.0,135.0,130.0,333.0,224.0,108.0,15.0,35.0,24.0,5.0,9.0,14,9,94.0,153.0,43.0,13.0,56.0,15.0,77.0,180.0,-32,50.0,4.0,4.0,6499.0,41.0,278.0,36,13,51,35,73,56,100,68,48.0,L,100,68,22.0,26.0,34.0,27.0,52.0,7.0,39.0,82.0,179.0
2026,Round 5,5,False,2026-04-11,2026-04-11,CD_M20260140506,Adelaide Oval,Hawthorn,Western Bulldogs,True,12.0,16,14,16.0,9.0,42.0,19.0,142.0,107.0,402.0,299.0,175.0,21.0,13.0,18.0,12.0,15.0,8,15,78.0,152.0,64.0,21.0,54.0,20.0,64.0,250.0,40,126.0,12.0,11.0,6163.0,31.0,270.0,15,26,19,47,49,70,64,104,43.0,W,64,104,29.0,32.0,23.0,34.0,61.0,25.0,43.0,63.0,247.0
2026,Round 5,5,False,2026-04-11,2026-04-11,CD_M20260140506,Adelaide Oval,Western Bulldogs,Hawthorn,False,15.0,14,16,4.0,15.0,46.0,8.0,121.0,153.0,337.0,244.0,127.0,19.0,18.0,13.0,7.0,8.0,15,8,97.0,136.0,17.0,3.0,53.0,15.0,63.0,201.0,-40,81.0,12.0,4.0,5823.0,43.0,277.0,26,15,47,19,70,49,104,64,38.0,L,104,64,24.0,27.0,35.0,16.0,58.0,6.0,31.0,64.0,202.0
2026,Round 5,5,False,2026-04-12,2026-04-12,CD_M20260140507,Norwood Oval,Geelong,West Coast,True,17.0,10,20,8.0,18.0,65.0,14.0,144.0,98.0,379.0,265.0,137.0,23.0,22.0,21.0,12.0,17.0,11,17,97.0,152.0,39.0,11.0,67.0,19.0,76.0,227.0,46,95.0,16.0,9.0,6802.0,39.0,259.0,22,29,38,68,62,97,76,122,29.0,W,76,122,37.0,36.0,31.0,24.0,71.0,15.0,42.0,66.0,223.0
2026,Round 5,5,False,2026-04-12,2026-04-12,CD_M20260140507,Norwood Oval,West Coast,Geelong,False,9.0,20,10,5.0,9.0,64.0,6.0,119.0,130.0,329.0,229.0,126.0,8.0,21.0,22.0,7.0,11.0,17,11,87.0,132.0,41.0,2.0,42.0,18.0,67.0,197.0,-46,72.0,9.0,11.0,6226.0,36.0,245.0,29,22,68,38,97,62,122,76,48.0,L,122,76,21.0,26.0,28.0,25.0,51.0,8.0,34.0,75.0,191.0
2026,Round 5,5,False,2026-04-12,2026-04-12,CD_M20260140508,Barossa Park,Greater Western Sydney,Richmond,True,10.0,9,11,10.0,11.0,57.0,13.0,152.0,125.0,425.0,315.0,139.0,19.0,19.0,24.0,13.0,20.0,11,20,105.0,211.0,53.0,12.0,54.0,19.0,73.0,214.0,56,90.0,13.0,10.0,7064.0,42.0,258.0,14,52,40,73,67,104,75,131,48.0,W,75,131,31.0,35.0,32.0,24.0,52.0,9.0,35.0,66.0,266.0
2026,Round 5,5,False,2026-04-12,2026-04-12,CD_M20260140508,Barossa Park,Richmond,Greater Western Sydney,False,8.0,11,9,1.0,17.0,68.0,8.0,135.0,149.0,333.0,246.0,132.0,20.0,24.0,19.0,9.0,11.0,20,11,96.0,144.0,19.0,5.0,59.0,17.0,66.0,189.0,-56,79.0,7.0,4.0,5895.0,44.0,343.0,52,14,73,40,104,67,131,75,31.0,L,131,75,20.0,23.0,26.0,22.0,54.0,13.0,39.0,73.0,195.0
2026,Round 5,5,False,2026-04-12,2026-04-12,CD_M20260140509,Adelaide Oval,Port Adelaide,St Kilda,True,11.0,9,13,2.0,11.0,79.0,11.0,139.0,112.0,364.0,241.0,149.0,16.0,23.0,16.0,8.0,9.0,12,9,92.0,123.0,34.0,13.0,60.0,21.0,82.0,241.0,-14,107.0,13.0,12.0,6276.0,49.0,282.0,28,8,56,29,68,59,81,67,27.0,L,81,67,22.0,28.0,36.0,23.0,70.0,15.0,34.0,78.0,209.0
2026,Round 5,5,False,2026-04-12,2026-04-12,CD_M20260140509,Adelaide Oval,St Kilda,Port Adelaide,False,7.0,13,9,4.0,13.0,62.0,9.0,135.0,159.0,342.0,242.0,141.0,10.0,16.0,23.0,6.0,12.0,9,12,83.0,118.0,35.0,8.0,39.0,19.0,78.0,224.0,14,90.0,4.0,5.0,5942.0,52.0,287.0,8,28,29,56,59,68,67,81,50.0,W,67,81,21.0,20.0,32.0,22.0,83.0,15.0,35.0,82.0,211.0
2026,Round 6,6,False,2026-04-16,2026-04-16,CD_M20260140601,MCG,Carlton,Collingwood,True,10.0,10,11,4.0,11.0,53.0,11.0,132.0,166.0,390.0,278.0,145.0,10.0,17.0,14.0,9.0,12.0,13,12,93.0,164.0,27.0,8.0,44.0,13.0,64.0,226.0,-5,101.0,13.0,14.0,5658.0,37.0,261.0,16,15,27,41,45,63,88,83,45.0,L,88,83,23.0,25.0,31.0,18.0,62.0,9.0,29.0,59.0,246.0
2026,Round 6,6,False,2026-04-16,2026-04-16,CD_M20260140601,MCG,Collingwood,Carlton,False,9.0,11,10,3.0,13.0,52.0,6.0,113.0,108.0,416.0,312.0,180.0,20.0,14.0,18.0,10.0,13.0,12,13,78.0,164.0,35.0,8.0,58.0,17.0,60.0,252.0,5,136.0,10.0,14.0,5824.0,36.0,285.0,15,16,41,27,63,45,83,88,30.0,W,83,88,23.0,25.0,31.0,18.0,62.0,14.0,31.0,64.0,281.0
2026,Round 6,6,False,2026-04-17,2026-04-17,CD_M20260140602,GMHBA Stadium,Geelong,Western Bulldogs,True,14.0,8,17,5.0,14.0,59.0,6.0,132.0,100.0,399.0,302.0,163.0,18.0,21.0,21.0,14.0,19.0,8,19,89.0,162.0,59.0,10.0,67.0,13.0,72.0,237.0,75,103.0,21.0,11.0,6485.0,40.0,249.0,8,40,21,78,47,89,56,131,31.0,W,56,131,36.0,36.0,28.0,21.0,73.0,14.0,35.0,58.0,257.0
2026,Round 6,6,False,2026-04-17,2026-04-17,CD_M20260140602,GMHBA Stadium,Western Bulldogs,Geelong,False,4.0,17,8,10.0,12.0,63.0,4.0,128.0,144.0,345.0,241.0,118.0,13.0,21.0,21.0,8.0,8.0,19,8,85.0,157.0,27.0,8.0,41.0,12.0,58.0,188.0,-75,74.0,13.0,3.0,5688.0,47.0,265.0,40,8,78,21,89,47,131,56,48.0,L,131,56,16.0,18.0,33.0,25.0,71.0,8.0,37.0,72.0,211.0
2026,Round 6,6,False,2026-04-17,2026-04-17,CD_M20260140603,SCG,Sydney,Greater Western Sydney,True,3.0,18,5,27.0,17.0,64.0,8.0,146.0,137.0,412.0,302.0,142.0,24.0,19.0,24.0,14.0,17.0,8,17,95.0,193.0,41.0,15.0,70.0,17.0,78.0,219.0,41,85.0,8.0,13.0,7226.0,51.0,311.0,17,25,26,45,46,63,66,107,50.0,W,66,107,22.0,29.0,33.0,29.0,60.0,13.0,46.0,102.0,254.0
2026,Round 6,6,False,2026-04-17,2026-04-17,CD_M20260140603,SCG,Greater Western Sydney,Sydney,False,14.0,5,18,4.0,10.0,70.0,9.0,159.0,128.0,406.0,284.0,125.0,13.0,24.0,19.0,5.0,8.0,17,8,115.0,196.0,32.0,10.0,59.0,15.0,102.0,210.0,-41,69.0,7.0,6.0,7006.0,51.0,285.0,25,17,45,26,63,46,107,66,52.0,L,107,66,25.0,23.0,37.0,15.0,65.0,14.0,25.0,78.0,240.0
2026,Round 6,6,False,2026-04-18,2026-04-18,CD_M20260140604,People First Stadium,Gold Coast,Essendon,True,14.0,8,17,9.0,15.0,63.0,10.0,133.0,108.0,381.0,282.0,134.0,19.0,20.0,15.0,13.0,17.0,17,17,93.0,182.0,44.0,11.0,60.0,18.0,73.0,199.0,9,86.0,17.0,10.0,6466.0,30.0,227.0,25,33,61,58,89,101,110,119,37.0,W,110,119,33.0,40.0,23.0,14.0,51.0,10.0,29.0,60.0,241.0
2026,Round 6,6,False,2026-04-18,2026-04-18,CD_M20260140604,People First Stadium,Essendon,Gold Coast,False,6.0,17,8,10.0,20.0,56.0,8.0,127.0,139.0,365.0,271.0,161.0,12.0,15.0,20.0,12.0,17.0,17,17,89.0,138.0,18.0,6.0,55.0,12.0,60.0,227.0,-9,98.0,11.0,13.0,6406.0,36.0,282.0,33,25,58,61,101,89,119,110,42.0,L,119,110,24.0,27.0,26.0,17.0,72.0,8.0,37.0,73.0,219.0
2026,Round 6,6,False,2026-04-18,2026-04-18,CD_M20260140605,Marvel Stadium,Hawthorn,Port Adelaide,True,11.0,8,11,4.0,11.0,53.0,11.0,120.0,106.0,349.0,261.0,147.0,16.0,17.0,19.0,9.0,13.0,13,13,67.0,132.0,49.0,16.0,52.0,21.0,60.0,217.0,3,106.0,12.0,9.0,5530.0,30.0,211.0,19,45,56,47,72,72,86,89,31.0,W,86,89,24.0,27.0,18.0,20.0,70.0,12.0,31.0,58.0,229.0
2026,Round 6,6,False,2026-04-18,2026-04-18,CD_M20260140605,Marvel Stadium,Port Adelaide,Hawthorn,False,7.0,11,8,9.0,13.0,53.0,8.0,105.0,115.0,325.0,243.0,138.0,10.0,19.0,17.0,11.0,13.0,13,13,67.0,122.0,35.0,12.0,45.0,12.0,59.0,203.0,-3,97.0,12.0,13.0,5527.0,41.0,241.0,45,19,47,56,72,72,89,86,38.0,L,89,86,21.0,26.0,26.0,22.0,59.0,18.0,35.0,60.0,215.0
2026,Round 6,6,False,2026-04-18,2026-04-18,CD_M20260140606,Adelaide Oval,Adelaide,St Kilda,True,13.0,12,13,10.0,18.0,48.0,8.0,126.0,115.0,368.0,273.0,158.0,20.0,13.0,18.0,9.0,15.0,15,15,78.0,127.0,35.0,13.0,56.0,14.0,66.0,241.0,1,100.0,15.0,15.0,6306.0,51.0,281.0,28,8,44,52,70,85,102,103,31.0,W,102,103,28.0,37.0,31.0,21.0,58.0,18.0,39.0,64.0,237.0
2026,Round 6,6,False,2026-04-18,2026-04-18,CD_M20260140606,Adelaide Oval,St Kilda,Adelaide,False,12.0,13,12,6.0,10.0,58.0,11.0,124.0,140.0,387.0,290.0,158.0,13.0,17.0,13.0,10.0,15.0,15,15,80.0,158.0,27.0,7.0,47.0,14.0,64.0,229.0,-1,102.0,16.0,18.0,6269.0,44.0,272.0,8,28,52,44,85,70,103,102,39.0,L,103,102,27.0,29.0,30.0,29.0,44.0,6.0,39.0,64.0,247.0
2026,Round 6,6,False,2026-04-19,2026-04-19,CD_M20260140607,Marvel Stadium,North Melbourne,Richmond,True,8.0,13,10,21.0,16.0,63.0,11.0,123.0,78.0,428.0,330.0,168.0,10.0,21.0,11.0,16.0,20.0,7,20,82.0,184.0,31.0,6.0,58.0,12.0,60.0,244.0,75,116.0,19.0,10.0,6471.0,38.0,188.0,13,33,24,63,36,92,55,130,42.0,W,55,130,30.0,34.0,21.0,22.0,50.0,11.0,38.0,51.0,290.0
2026,Round 6,6,False,2026-04-19,2026-04-19,CD_M20260140607,Marvel Stadium,Richmond,North Melbourne,False,11.0,10,13,9.0,12.0,42.0,8.0,99.0,121.0,280.0,206.0,116.0,5.0,11.0,21.0,6.0,7.0,20,7,60.0,115.0,31.0,6.0,49.0,15.0,51.0,165.0,-75,82.0,11.0,13.0,5067.0,46.0,275.0,33,13,63,24,92,36,130,55,34.0,L,130,55,20.0,20.0,34.0,18.0,50.0,5.0,30.0,59.0,174.0
2026,Round 6,6,False,2026-04-19,2026-04-19,CD_M20260140608,MCG,Melbourne,Brisbane Lions,True,4.0,12,8,14.0,13.0,48.0,9.0,117.0,81.0,345.0,266.0,150.0,5.0,12.0,19.0,13.0,16.0,15,16,76.0,145.0,34.0,9.0,54.0,12.0,62.0,200.0,2,80.0,16.0,12.0,6173.0,34.0,201.0,25,25,52,36,68,74,102,104,36.0,W,102,104,23.0,23.0,25.0,17.0,50.0,9.0,30.0,65.0,205.0
2026,Round 6,6,False,2026-04-19,2026-04-19,CD_M20260140608,MCG,Brisbane Lions,Melbourne,False,10.0,8,12,3.0,16.0,56.0,8.0,119.0,93.0,358.0,264.0,171.0,14.0,19.0,12.0,11.0,15.0,16,15,84.0,111.0,29.0,9.0,52.0,20.0,65.0,247.0,-2,137.0,18.0,17.0,5971.0,41.0,223.0,25,25,36,52,74,68,104,102,38.0,L,104,102,27.0,31.0,33.0,19.0,31.0,5.0,35.0,62.0,234.0
2026,Round 6,6,False,2026-04-19,2026-04-19,CD_M20260140609,Optus Stadium,West Coast,Fremantle,True,10.0,13,11,3.0,12.0,51.0,11.0,124.0,92.0,333.0,235.0,136.0,17.0,12.0,17.0,5.0,5.0,14,5,91.0,124.0,18.0,4.0,51.0,17.0,69.0,209.0,-56,98.0,7.0,17.0,5723.0,40.0,220.0,16,6,42,20,70,32,97,41,36.0,L,97,41,16.0,19.0,28.0,14.0,53.0,20.0,26.0,70.0,198.0
2026,Round 6,6,False,2026-04-19,2026-04-19,CD_M20260140609,Optus Stadium,Fremantle,West Coast,False,11.0,11,13,11.0,10.0,56.0,15.0,119.0,112.0,365.0,276.0,156.0,11.0,17.0,12.0,12.0,14.0,5,14,78.0,139.0,42.0,13.0,50.0,22.0,71.0,226.0,56,120.0,19.0,15.0,6295.0,44.0,224.0,6,16,20,42,32,70,41,97,43.0,W,41,97,26.0,27.0,34.0,18.0,56.0,7.0,28.0,69.0,240.0
2026,Round 7,7,False,2026-04-23,2026-04-23,CD_M20260140701,Marvel Stadium,Western Bulldogs,Sydney,True,6.0,18,6,5.0,14.0,66.0,4.0,126.0,149.0,362.0,258.0,130.0,13.0,27.0,15.0,8.0,9.0,18,9,100.0,154.0,22.0,3.0,46.0,10.0,60.0,208.0,-66,84.0,9.0,13.0,5740.0,60.0,307.0,22,26,52,39,87,53,126,60,49.0,L,126,60,15.0,19.0,45.0,20.0,60.0,6.0,34.0,83.0,229.0
2026,Round 7,7,False,2026-04-23,2026-04-23,CD_M20260140701,Marvel Stadium,Sydney,Western Bulldogs,False,12.0,6,18,15.0,10.0,61.0,18.0,145.0,112.0,399.0,294.0,144.0,18.0,15.0,27.0,13.0,18.0,9,18,79.0,184.0,42.0,17.0,69.0,23.0,84.0,215.0,66,91.0,23.0,10.0,6937.0,50.0,300.0,26,22,39,52,53,87,60,126,37.0,W,60,126,36.0,40.0,31.0,19.0,60.0,13.0,29.0,60.0,244.0
2026,Round 7,7,False,2026-04-24,2026-04-24,CD_M20260140702,MCG,Richmond,Melbourne,True,5.0,12,6,8.0,11.0,55.0,13.0,129.0,138.0,344.0,266.0,130.0,13.0,22.0,13.0,9.0,11.0,19,11,95.0,162.0,18.0,6.0,47.0,9.0,64.0,182.0,-54,71.0,11.0,11.0,5177.0,38.0,244.0,28,19,65,44,87,65,126,72,40.0,L,126,72,17.0,20.0,31.0,21.0,46.0,8.0,32.0,66.0,209.0
2026,Round 7,7,False,2026-04-24,2026-04-24,CD_M20260140702,MCG,Melbourne,Richmond,False,10.0,6,12,14.0,18.0,48.0,15.0,150.0,118.0,362.0,263.0,143.0,19.0,13.0,22.0,13.0,19.0,11,19,89.0,150.0,47.0,16.0,61.0,12.0,66.0,212.0,54,78.0,16.0,11.0,6323.0,45.0,245.0,19,28,44,65,65,87,72,126,35.0,W,72,126,31.0,37.0,29.0,20.0,44.0,9.0,38.0,63.0,207.0
2026,Round 7,7,False,2026-04-25,2026-04-25,CD_M20260140703,UTAS Stadium,Hawthorn,Gold Coast,True,13.0,9,16,18.0,8.0,68.0,6.0,141.0,124.0,437.0,331.0,160.0,20.0,22.0,13.0,12.0,16.0,9,16,108.0,210.0,42.0,9.0,54.0,12.0,78.0,227.0,49,99.0,12.0,16.0,7381.0,41.0,255.0,14,28,39,62,60,81,63,112,49.0,W,63,112,32.0,33.0,32.0,32.0,82.0,14.0,40.0,69.0,281.0
2026,Round 7,7,False,2026-04-25,2026-04-25,CD_M20260140703,UTAS Stadium,Gold Coast,Hawthorn,False,8.0,16,9,9.0,16.0,51.0,8.0,132.0,150.0,345.0,239.0,114.0,19.0,13.0,22.0,8.0,9.0,16,9,92.0,161.0,32.0,7.0,60.0,13.0,69.0,184.0,-49,67.0,10.0,11.0,6937.0,40.0,316.0,28,14,62,39,81,60,112,63,38.0,L,112,63,18.0,26.0,34.0,21.0,64.0,11.0,37.0,78.0,192.0
2026,Round 7,7,False,2026-04-25,2026-04-25,CD_M20260140704,MCG,Essendon,Collingwood,True,6.0,17,6,16.0,9.0,53.0,8.0,108.0,178.0,365.0,289.0,145.0,10.0,20.0,14.0,4.0,9.0,20,9,77.0,173.0,19.0,4.0,34.0,11.0,55.0,192.0,-77,89.0,10.0,7.0,5532.0,31.0,310.0,24,15,36,22,79,36,137,60,41.0,L,137,60,15.0,15.0,24.0,19.0,42.0,4.0,28.0,68.0,244.0
2026,Round 7,7,False,2026-04-25,2026-04-25,CD_M20260140704,MCG,Collingwood,Essendon,False,16.0,6,17,6.0,20.0,56.0,9.0,141.0,82.0,458.0,354.0,177.0,26.0,14.0,20.0,13.0,20.0,9,20,97.0,214.0,29.0,14.0,62.0,12.0,69.0,244.0,77,134.0,18.0,13.0,6595.0,27.0,273.0,15,24,22,36,36,79,60,137,25.0,W,60,137,37.0,39.0,16.0,9.0,38.0,6.0,29.0,54.0,311.0
2026,Round 7,7,False,2026-04-25,2026-04-25,CD_M20260140705,Adelaide Oval,Port Adelaide,Geelong,True,11.0,5,17,9.0,16.0,49.0,6.0,125.0,102.0,404.0,303.0,170.0,11.0,20.0,17.0,12.0,13.0,10,13,73.0,157.0,53.0,18.0,58.0,13.0,65.0,247.0,30,127.0,17.0,17.0,6253.0,43.0,219.0,24,30,37,50,45,69,65,95,25.0,W,65,95,30.0,36.0,25.0,30.0,66.0,14.0,46.0,56.0,280.0
2026,Round 7,7,False,2026-04-25,2026-04-25,CD_M20260140705,Adelaide Oval,Geelong,Port Adelaide,False,3.0,17,5,9.0,8.0,62.0,8.0,124.0,111.0,332.0,241.0,137.0,10.0,17.0,20.0,8.0,10.0,13,10,81.0,137.0,23.0,8.0,35.0,13.0,56.0,195.0,-30,89.0,8.0,9.0,5587.0,36.0,234.0,30,24,50,37,69,45,95,65,44.0,L,95,65,15.0,19.0,24.0,20.0,53.0,3.0,28.0,65.0,199.0
2026,Round 7,7,False,2026-04-25,2026-04-25,CD_M20260140706,Optus Stadium,Fremantle,Carlton,True,5.0,11,7,9.0,17.0,56.0,11.0,129.0,119.0,404.0,320.0,159.0,8.0,20.0,17.0,15.0,16.0,13,16,82.0,186.0,39.0,17.0,51.0,15.0,63.0,218.0,14,103.0,16.0,9.0,5843.0,42.0,268.0,13,21,41,52,55,73,89,103,40.0,W,89,103,23.0,28.0,26.0,17.0,61.0,3.0,34.0,67.0,273.0
2026,Round 7,7,False,2026-04-25,2026-04-25,CD_M20260140706,Optus Stadium,Carlton,Fremantle,False,8.0,7,11,7.0,12.0,54.0,10.0,132.0,116.0,356.0,266.0,128.0,14.0,17.0,20.0,6.0,13.0,16,13,92.0,166.0,23.0,12.0,53.0,17.0,67.0,190.0,-14,85.0,12.0,9.0,5557.0,46.0,286.0,21,13,52,41,73,55,103,89,32.0,L,103,89,24.0,28.0,35.0,17.0,60.0,13.0,29.0,63.0,221.0
2026,Round 7,7,False,2026-04-26,2026-04-26,CD_M20260140707,Marvel Stadium,St Kilda,West Coast,True,10.0,12,11,8.0,18.0,50.0,9.0,128.0,123.0,432.0,343.0,202.0,15.0,13.0,18.0,17.0,22.0,5,22,82.0,165.0,29.0,11.0,59.0,16.0,65.0,267.0,101,146.0,21.0,26.0,6952.0,33.0,245.0,3,22,12,52,40,95,42,143,43.0,W,42,143,33.0,35.0,26.0,18.0,45.0,6.0,36.0,66.0,296.0
2026,Round 7,7,False,2026-04-26,2026-04-26,CD_M20260140707,Marvel Stadium,West Coast,St Kilda,False,8.0,11,12,10.0,10.0,55.0,6.0,111.0,114.0,349.0,260.0,129.0,7.0,18.0,13.0,4.0,5.0,22,5,82.0,154.0,25.0,8.0,48.0,18.0,66.0,195.0,-101,97.0,9.0,15.0,5394.0,44.0,256.0,22,3,52,12,95,40,143,42,36.0,L,143,42,17.0,17.0,36.0,18.0,33.0,5.0,28.0,64.0,231.0
2026,Round 7,7,False,2026-04-26,2026-04-26,CD_M20260140708,Gabba,Brisbane Lions,Adelaide,True,11.0,9,13,7.0,16.0,50.0,12.0,143.0,90.0,397.0,297.0,184.0,16.0,18.0,18.0,16.0,19.0,11,19,97.0,136.0,30.0,9.0,64.0,12.0,65.0,261.0,52,131.0,16.0,14.0,6160.0,33.0,218.0,25,29,39,62,48,104,75,127,30.0,W,75,127,32.0,33.0,23.0,29.0,45.0,10.0,45.0,61.0,248.0
2026,Round 7,7,False,2026-04-26,2026-04-26,CD_M20260140708,Gabba,Adelaide,Brisbane Lions,False,8.0,13,9,4.0,14.0,53.0,8.0,121.0,116.0,353.0,269.0,146.0,8.0,18.0,18.0,8.0,11.0,19,11,81.0,145.0,38.0,9.0,43.0,14.0,61.0,208.0,-52,97.0,11.0,8.0,5409.0,37.0,226.0,29,25,62,39,104,48,127,75,44.0,L,127,75,19.0,23.0,28.0,16.0,54.0,4.0,30.0,65.0,230.0
2026,Round 7,7,False,2026-04-26,2026-04-26,CD_M20260140709,Corroboree Group Oval Manuka,Greater Western Sydney,North Melbourne,True,13.0,14,15,8.0,9.0,54.0,7.0,130.0,154.0,376.0,278.0,131.0,21.0,22.0,16.0,11.0,15.0,14,15,95.0,180.0,36.0,10.0,56.0,11.0,56.0,196.0,7,78.0,14.0,19.0,6500.0,47.0,308.0,27,20,49,49,64,70,98,105,39.0,W,98,105,30.0,33.0,32.0,25.0,59.0,11.0,34.0,55.0,234.0
2026,Round 7,7,False,2026-04-26,2026-04-26,CD_M20260140709,Corroboree Group Oval Manuka,North Melbourne,Greater Western Sydney,False,8.0,15,14,6.0,17.0,44.0,11.0,130.0,130.0,391.0,301.0,153.0,16.0,16.0,22.0,10.0,14.0,15,14,76.0,172.0,29.0,7.0,54.0,9.0,55.0,219.0,-7,94.0,8.0,11.0,6420.0,44.0,299.0,20,27,49,49,70,64,105,98,39.0,L,105,98,28.0,28.0,34.0,19.0,63.0,15.0,36.0,56.0,246.0
2026,Round 8,8,False,2026-04-30,2026-04-30,CD_M20260140801,MCG,Collingwood,Hawthorn,True,3.0,15,3,3.0,5.0,68.0,8.0,105.0,161.0,345.0,267.0,148.0,5.0,26.0,23.0,11.0,15.0,13,15,66.0,145.0,22.0,5.0,34.0,13.0,58.0,200.0,0,100.0,11.0,17.0,5900.0,44.0,323.0,13,30,40,45,77,75,93,93,49.0,D,93,93,18.0,19.0,33.0,18.0,53.0,3.0,23.0,60.0,218.0
2026,Round 8,8,False,2026-04-30,2026-04-30,CD_M20260140801,MCG,Hawthorn,Collingwood,False,11.0,3,15,5.0,19.0,61.0,12.0,134.0,82.0,420.0,323.0,163.0,28.0,23.0,26.0,7.0,13.0,15,13,90.0,184.0,41.0,9.0,62.0,15.0,60.0,236.0,0,109.0,12.0,6.0,5993.0,32.0,221.0,30,13,45,40,75,77,93,93,19.0,D,93,93,28.0,30.0,27.0,20.0,45.0,8.0,39.0,58.0,278.0
2026,Round 8,8,False,2026-05-01,2026-05-01,CD_M20260140802,Marvel Stadium,Western Bulldogs,Fremantle,True,8.0,12,12,6.0,16.0,43.0,3.0,135.0,150.0,371.0,272.0,136.0,19.0,17.0,27.0,12.0,15.0,17,15,93.0,164.0,23.0,6.0,52.0,11.0,62.0,207.0,-12,81.0,10.0,14.0,5959.0,51.0,288.0,13,39,46,60,79,75,114,102,44.0,L,114,102,27.0,26.0,33.0,21.0,58.0,18.0,37.0,57.0,231.0
2026,Round 8,8,False,2026-05-01,2026-05-01,CD_M20260140802,Marvel Stadium,Fremantle,Western Bulldogs,False,11.0,12,12,7.0,18.0,62.0,9.0,131.0,163.0,353.0,272.0,144.0,15.0,27.0,17.0,10.0,17.0,15,17,79.0,144.0,61.0,18.0,63.0,11.0,57.0,209.0,12,75.0,14.0,9.0,6526.0,42.0,319.0,39,13,60,46,75,79,102,114,37.0,W,102,114,29.0,30.0,28.0,27.0,78.0,14.0,45.0,62.0,212.0
2026,Round 8,8,False,2026-05-01,2026-05-01,CD_M20260140803,Adelaide Oval,Adelaide,Port Adelaide,True,9.0,9,10,10.0,11.0,52.0,10.0,150.0,116.0,339.0,252.0,136.0,17.0,21.0,20.0,10.0,11.0,11,11,107.0,141.0,38.0,11.0,59.0,16.0,76.0,198.0,1,78.0,8.0,13.0,6089.0,35.0,281.0,20,8,28,22,49,57,75,76,28.0,W,75,76,21.0,24.0,27.0,24.0,81.0,9.0,35.0,73.0,196.0
2026,Round 8,8,False,2026-05-01,2026-05-01,CD_M20260140803,Adelaide Oval,Port Adelaide,Adelaide,False,9.0,10,9,10.0,13.0,61.0,16.0,144.0,159.0,356.0,255.0,151.0,13.0,20.0,21.0,8.0,11.0,11,11,84.0,137.0,55.0,15.0,39.0,20.0,73.0,219.0,-1,103.0,12.0,9.0,6004.0,46.0,278.0,8,20,22,28,57,49,76,75,48.0,L,76,75,20.0,21.0,31.0,25.0,69.0,7.0,38.0,76.0,207.0
2026,Round 8,8,False,2026-05-02,2026-05-02,CD_M20260140804,Marvel Stadium,Essendon,Brisbane Lions,True,10.0,11,13,6.0,14.0,53.0,8.0,114.0,108.0,350.0,257.0,114.0,15.0,15.0,20.0,10.0,11.0,22,11,77.0,168.0,31.0,11.0,53.0,16.0,61.0,182.0,-64,78.0,15.0,15.0,5496.0,28.0,231.0,38,9,65,32,110,41,143,79,42.0,L,143,79,24.0,24.0,21.0,23.0,40.0,10.0,37.0,59.0,232.0
2026,Round 8,8,False,2026-05-02,2026-05-02,CD_M20260140804,Marvel Stadium,Brisbane Lions,Essendon,False,10.0,13,11,5.0,21.0,63.0,22.0,125.0,119.0,414.0,318.0,212.0,11.0,20.0,15.0,19.0,22.0,11,22,68.0,129.0,33.0,13.0,63.0,19.0,59.0,285.0,64,163.0,23.0,16.0,6729.0,34.0,260.0,9,38,32,65,41,110,79,143,40.0,W,79,143,32.0,35.0,19.0,12.0,48.0,5.0,33.0,61.0,276.0
2026,Round 8,8,False,2026-05-02,2026-05-02,CD_M20260140805,Optus Stadium,West Coast,Richmond,True,8.0,9,10,8.0,15.0,63.0,11.0,137.0,110.0,350.0,255.0,139.0,17.0,23.0,16.0,7.0,13.0,15,13,93.0,148.0,32.0,7.0,64.0,14.0,68.0,202.0,-11,95.0,10.0,9.0,5971.0,46.0,227.0,21,14,52,42,67,63,99,88,31.0,L,99,88,23.0,25.0,34.0,24.0,58.0,10.0,39.0,63.0,218.0
2026,Round 8,8,False,2026-05-02,2026-05-02,CD_M20260140805,Optus Stadium,Richmond,West Coast,False,8.0,10,9,12.0,12.0,59.0,16.0,141.0,118.0,348.0,253.0,145.0,14.0,16.0,23.0,10.0,15.0,13,15,90.0,138.0,35.0,9.0,48.0,12.0,63.0,210.0,11,90.0,15.0,7.0,5993.0,38.0,223.0,14,21,42,52,63,67,88,99,50.0,W,88,99,24.0,26.0,32.0,26.0,49.0,7.0,38.0,69.0,202.0
2026,Round 8,8,False,2026-05-02,2026-05-02,CD_M20260140806,GMHBA Stadium,Geelong,North Melbourne,True,8.0,8,9,8.0,18.0,63.0,6.0,133.0,123.0,371.0,284.0,138.0,17.0,26.0,27.0,12.0,21.0,13,21,96.0,168.0,40.0,11.0,60.0,13.0,71.0,203.0,49,81.0,13.0,9.0,6249.0,42.0,265.0,20,27,35,36,62,79,86,135,37.0,W,86,135,30.0,31.0,37.0,21.0,53.0,12.0,39.0,69.0,230.0
2026,Round 8,8,False,2026-05-02,2026-05-02,CD_M20260140806,GMHBA Stadium,North Melbourne,Geelong,False,6.0,9,8,8.0,13.0,63.0,8.0,138.0,130.0,367.0,273.0,124.0,16.0,26.0,26.0,10.0,13.0,21,13,86.0,184.0,28.0,8.0,50.0,13.0,69.0,183.0,-49,68.0,10.0,3.0,5662.0,31.0,256.0,27,20,36,35,79,62,135,86,37.0,L,135,86,21.0,23.0,24.0,28.0,55.0,12.0,41.0,70.0,232.0
2026,Round 8,8,False,2026-05-02,2026-05-02,CD_M20260140807,Marvel Stadium,Carlton,St Kilda,True,13.0,12,15,12.0,11.0,55.0,7.0,106.0,85.0,363.0,276.0,159.0,24.0,21.0,17.0,6.0,9.0,16,9,74.0,137.0,22.0,7.0,50.0,13.0,60.0,226.0,-39,118.0,15.0,17.0,5679.0,46.0,200.0,21,16,37,49,89,59,108,69,28.0,L,108,69,24.0,27.0,36.0,13.0,40.0,6.0,24.0,54.0,243.0
2026,Round 8,8,False,2026-05-02,2026-05-02,CD_M20260140807,Marvel Stadium,St Kilda,Carlton,False,10.0,15,12,12.0,16.0,57.0,7.0,112.0,128.0,372.0,282.0,171.0,14.0,17.0,21.0,13.0,16.0,9,16,75.0,138.0,30.0,9.0,46.0,15.0,55.0,234.0,39,118.0,23.0,18.0,6088.0,39.0,216.0,16,21,49,37,59,89,69,108,41.0,W,69,108,28.0,30.0,31.0,18.0,47.0,8.0,34.0,59.0,239.0
2026,Round 8,8,False,2026-05-03,2026-05-03,CD_M20260140808,SCG,Sydney,Melbourne,True,14.0,12,17,13.0,16.0,54.0,6.0,139.0,143.0,425.0,311.0,151.0,19.0,20.0,20.0,12.0,19.0,17,19,93.0,205.0,46.0,13.0,63.0,12.0,73.0,220.0,17,95.0,16.0,7.0,6576.0,47.0,287.0,34,32,46,68,68,93,114,131,41.0,W,114,131,36.0,38.0,27.0,28.0,61.0,12.0,44.0,66.0,269.0
2026,Round 8,8,False,2026-05-03,2026-05-03,CD_M20260140808,SCG,Melbourne,Sydney,False,11.0,17,12,9.0,21.0,58.0,7.0,145.0,160.0,338.0,231.0,119.0,17.0,20.0,20.0,10.0,17.0,19,17,90.0,153.0,38.0,16.0,59.0,7.0,66.0,185.0,-17,56.0,7.0,7.0,6206.0,39.0,325.0,32,34,68,46,93,68,131,114,43.0,L,131,114,28.0,31.0,24.0,24.0,62.0,10.0,45.0,73.0,185.0
2026,Round 8,8,False,2026-05-03,2026-05-03,CD_M20260140809,People First Stadium,Gold Coast,Greater Western Sydney,True,12.0,15,17,9.0,11.0,44.0,12.0,113.0,126.0,397.0,313.0,180.0,14.0,15.0,13.0,6.0,11.0,8,11,78.0,159.0,38.0,8.0,58.0,16.0,64.0,238.0,20,126.0,9.0,15.0,6508.0,32.0,297.0,13,22,28,32,43,61,63,83,40.0,W,63,83,28.0,26.0,26.0,18.0,56.0,15.0,29.0,54.0,266.0
2026,Round 8,8,False,2026-05-03,2026-05-03,CD_M20260140809,People First Stadium,Greater Western Sydney,Gold Coast,False,13.0,17,15,3.0,11.0,59.0,3.0,127.0,125.0,371.0,260.0,120.0,18.0,13.0,15.0,6.0,8.0,11,8,98.0,173.0,27.0,5.0,49.0,5.0,54.0,198.0,-20,71.0,11.0,16.0,5982.0,61.0,267.0,22,13,32,28,61,43,83,63,47.0,L,83,63,23.0,23.0,40.0,26.0,58.0,9.0,37.0,63.0,224.0
2026,Round 9,9,False,2026-05-07,2026-05-07,CD_M20260140901,Optus Stadium,Fremantle,Hawthorn,True,13.0,7,16,6.0,13.0,42.0,5.0,114.0,111.0,329.0,255.0,130.0,14.0,17.0,17.0,10.0,12.0,11,12,78.0,138.0,34.0,9.0,56.0,15.0,58.0,191.0,15,79.0,14.0,7.0,5649.0,44.0,240.0,26,28,59,44,67,52,73,88,29.0,W,73,88,28.0,29.0,25.0,28.0,58.0,11.0,41.0,54.0,212.0
2026,Round 9,9,False,2026-05-07,2026-05-07,CD_M20260140901,Optus Stadium,Hawthorn,Fremantle,False,6.0,16,7,1.0,9.0,60.0,9.0,124.0,118.0,351.0,267.0,145.0,15.0,17.0,17.0,9.0,11.0,12,11,85.0,142.0,41.0,11.0,41.0,12.0,54.0,209.0,-15,89.0,9.0,17.0,5661.0,47.0,220.0,28,26,44,59,52,67,88,73,43.0,L,88,73,18.0,20.0,36.0,20.0,42.0,5.0,29.0,57.0,214.0
2026,Round 9,9,False,2026-05-08,2026-05-08,CD_M20260140902,Gabba,Brisbane Lions,Carlton,True,14.0,11,16,12.0,17.0,50.0,9.0,108.0,179.0,347.0,261.0,145.0,13.0,13.0,19.0,11.0,14.0,13,14,64.0,129.0,53.0,17.0,54.0,17.0,56.0,218.0,11,99.0,10.0,17.0,5976.0,46.0,316.0,15,29,18,56,57,77,89,100,46.0,W,89,100,30.0,33.0,36.0,26.0,50.0,8.0,43.0,57.0,218.0
2026,Round 9,9,False,2026-05-08,2026-05-08,CD_M20260140902,Gabba,Carlton,Brisbane Lions,False,8.0,16,11,11.0,10.0,55.0,16.0,128.0,131.0,392.0,298.0,147.0,16.0,19.0,13.0,12.0,13.0,14,13,91.0,185.0,30.0,3.0,59.0,12.0,57.0,207.0,-11,95.0,20.0,17.0,6013.0,42.0,268.0,29,15,56,18,77,57,100,89,38.0,L,100,89,24.0,30.0,30.0,22.0,38.0,8.0,32.0,55.0,246.0
2026,Round 9,9,False,2026-05-08,2026-05-08,CD_M20260140903,Adelaide Oval,Port Adelaide,Western Bulldogs,True,9.0,14,12,4.0,8.0,68.0,7.0,109.0,171.0,361.0,268.0,154.0,2.0,22.0,28.0,9.0,10.0,10,10,62.0,136.0,43.0,11.0,35.0,18.0,61.0,225.0,-2,119.0,11.0,14.0,5394.0,29.0,271.0,38,25,59,41,60,55,74,72,47.0,L,74,72,21.0,21.0,21.0,22.0,59.0,2.0,30.0,58.0,243.0
2026,Round 9,9,False,2026-05-08,2026-05-08,CD_M20260140903,Adelaide Oval,Western Bulldogs,Port Adelaide,False,13.0,12,14,12.0,11.0,68.0,7.0,112.0,74.0,378.0,277.0,138.0,13.0,28.0,22.0,9.0,10.0,10,10,73.0,160.0,31.0,10.0,59.0,22.0,58.0,218.0,2,102.0,14.0,9.0,5656.0,41.0,234.0,25,38,41,59,55,60,72,74,25.0,W,72,74,23.0,25.0,26.0,30.0,64.0,19.0,41.0,59.0,250.0
2026,Round 9,9,False,2026-05-09,2026-05-09,CD_M20260140904,Marvel Stadium,North Melbourne,Sydney,True,11.0,9,13,6.0,13.0,54.0,11.0,133.0,117.0,403.0,309.0,161.0,18.0,20.0,23.0,7.0,14.0,16,14,84.0,173.0,26.0,10.0,67.0,15.0,75.0,230.0,-8,107.0,10.0,5.0,6238.0,32.0,267.0,31,38,55,56,94,81,105,97,34.0,L,105,97,27.0,30.0,20.0,20.0,52.0,9.0,33.0,73.0,264.0
2026,Round 9,9,False,2026-05-09,2026-05-09,CD_M20260140904,Marvel Stadium,Sydney,North Melbourne,False,7.0,13,9,22.0,14.0,62.0,6.0,132.0,138.0,347.0,242.0,99.0,12.0,22.0,20.0,12.0,16.0,14,16,82.0,185.0,33.0,15.0,51.0,13.0,73.0,162.0,8,59.0,13.0,6.0,6049.0,44.0,272.0,38,31,56,55,81,94,97,105,52.0,W,97,105,25.0,26.0,28.0,16.0,60.0,11.0,30.0,74.0,213.0
2026,Round 9,9,False,2026-05-09,2026-05-09,CD_M20260140905,ENGIE Stadium,Greater Western Sydney,Essendon,True,6.0,11,7,14.0,16.0,71.0,8.0,135.0,118.0,370.0,280.0,147.0,14.0,22.0,17.0,12.0,16.0,13,16,96.0,159.0,38.0,8.0,46.0,10.0,65.0,211.0,14,90.0,13.0,11.0,6025.0,60.0,256.0,20,24,47,32,73,71,89,103,48.0,W,89,103,23.0,24.0,42.0,25.0,49.0,11.0,41.0,70.0,230.0
2026,Round 9,9,False,2026-05-09,2026-05-09,CD_M20260140905,ENGIE Stadium,Essendon,Greater Western Sydney,False,10.0,7,11,3.0,12.0,50.0,12.0,139.0,87.0,379.0,279.0,159.0,10.0,17.0,22.0,10.0,13.0,16,13,87.0,143.0,41.0,12.0,61.0,14.0,70.0,236.0,-14,104.0,13.0,15.0,6083.0,30.0,268.0,24,20,32,47,71,73,103,89,30.0,L,103,89,24.0,24.0,19.0,25.0,52.0,10.0,37.0,63.0,240.0
2026,Round 9,9,False,2026-05-09,2026-05-09,CD_M20260140906,TIO Stadium,Gold Coast,St Kilda,True,10.0,12,11,14.0,7.0,55.0,7.0,112.0,102.0,375.0,290.0,167.0,17.0,24.0,26.0,10.0,13.0,8,13,70.0,146.0,24.0,7.0,48.0,19.0,70.0,229.0,29,112.0,10.0,10.0,6835.0,28.0,221.0,32,7,36,46,46,60,60,89,37.0,W,60,89,24.0,26.0,20.0,14.0,41.0,9.0,21.0,55.0,249.0
2026,Round 9,9,False,2026-05-09,2026-05-09,CD_M20260140906,TIO Stadium,St Kilda,Gold Coast,False,9.0,11,12,9.0,15.0,67.0,7.0,119.0,95.0,356.0,266.0,133.0,9.0,26.0,24.0,6.0,8.0,13,8,71.0,155.0,29.0,12.0,45.0,9.0,55.0,201.0,-29,97.0,13.0,17.0,6418.0,39.0,213.0,7,32,46,36,60,46,89,60,34.0,L,89,60,19.0,24.0,25.0,24.0,44.0,3.0,39.0,70.0,237.0
2026,Round 9,9,False,2026-05-09,2026-05-09,CD_M20260140907,MCG,Geelong,Collingwood,True,9.0,14,14,5.0,13.0,60.0,7.0,126.0,142.0,427.0,319.0,162.0,17.0,15.0,11.0,15.0,18.0,9,18,96.0,192.0,26.0,7.0,52.0,16.0,67.0,235.0,54,118.0,21.0,12.0,6687.0,45.0,271.0,22,33,38,48,44,76,68,122,48.0,W,68,122,31.0,30.0,35.0,22.0,46.0,9.0,35.0,69.0,286.0
2026,Round 9,9,False,2026-05-09,2026-05-09,CD_M20260140907,MCG,Collingwood,Geelong,False,11.0,14,14,4.0,13.0,50.0,4.0,123.0,132.0,413.0,294.0,146.0,13.0,11.0,15.0,6.0,9.0,18,9,93.0,191.0,37.0,9.0,59.0,16.0,69.0,222.0,-54,101.0,18.0,13.0,5969.0,43.0,295.0,33,22,48,38,76,44,122,68,34.0,L,122,68,23.0,29.0,28.0,22.0,56.0,13.0,35.0,67.0,263.0
2026,Round 9,9,False,2026-05-10,2026-05-10,CD_M20260140908,Marvel Stadium,Melbourne,West Coast,True,9.0,13,9,5.0,10.0,55.0,12.0,132.0,144.0,378.0,282.0,162.0,14.0,20.0,18.0,11.0,15.0,9,15,74.0,157.0,49.0,21.0,58.0,15.0,60.0,221.0,32,112.0,16.0,11.0,5976.0,33.0,301.0,8,33,23,54,39,85,67,99,37.0,W,67,99,24.0,30.0,23.0,29.0,68.0,10.0,39.0,59.0,229.0
2026,Round 9,9,False,2026-05-10,2026-05-10,CD_M20260140908,Marvel Stadium,West Coast,Melbourne,False,12.0,9,13,11.0,14.0,51.0,7.0,127.0,148.0,365.0,259.0,122.0,11.0,18.0,20.0,9.0,9.0,15,9,86.0,167.0,23.0,7.0,47.0,10.0,59.0,198.0,-32,78.0,11.0,5.0,5556.0,35.0,282.0,33,8,54,23,85,39,99,67,42.0,L,99,67,22.0,25.0,24.0,23.0,56.0,5.0,37.0,59.0,225.0
2026,Round 9,9,False,2026-05-10,2026-05-10,CD_M20260140909,MCG,Richmond,Adelaide,True,6.0,14,7,6.0,13.0,57.0,11.0,127.0,91.0,345.0,263.0,142.0,15.0,18.0,20.0,7.0,9.0,14,9,89.0,149.0,19.0,4.0,45.0,13.0,55.0,196.0,-37,92.0,7.0,11.0,5271.0,47.0,178.0,20,20,36,46,70,47,98,61,38.0,L,98,61,16.0,19.0,40.0,14.0,38.0,9.0,27.0,65.0,213.0
2026,Round 9,9,False,2026-05-10,2026-05-10,CD_M20260140909,MCG,Adelaide,Richmond,False,12.0,7,14,8.0,11.0,47.0,11.0,118.0,108.0,385.0,307.0,185.0,15.0,20.0,18.0,10.0,14.0,9,14,81.0,136.0,37.0,10.0,54.0,13.0,65.0,249.0,37,141.0,14.0,13.0,5900.0,29.0,227.0,20,20,46,36,47,70,61,98,36.0,W,61,98,28.0,27.0,22.0,18.0,62.0,15.0,29.0,55.0,262.0
2026,Round 10,10,False,2026-05-14,2026-05-14,CD_M20260141001,Gabba,Brisbane Lions,Geelong,True,9.0,15,10,8.0,15.0,60.0,3.0,143.0,153.0,381.0,265.0,133.0,16.0,19.0,23.0,7.0,11.0,17,11,100.0,155.0,43.0,11.0,56.0,11.0,63.0,226.0,-41,69.0,11.0,8.0,6396.0,56.0,282.0,35,13,57,45,95,66,117,76,48.0,L,117,76,21.0,30.0,36.0,30.0,45.0,6.0,45.0,76.0,219.0
2026,Round 10,10,False,2026-05-14,2026-05-14,CD_M20260141001,Gabba,Geelong,Brisbane Lions,False,12.0,10,15,4.0,14.0,59.0,6.0,138.0,131.0,404.0,301.0,153.0,16.0,23.0,19.0,12.0,17.0,11,17,101.0,181.0,36.0,8.0,66.0,13.0,77.0,223.0,41,80.0,9.0,9.0,7090.0,53.0,272.0,13,35,45,57,66,95,76,117,44.0,W,76,117,32.0,37.0,34.0,21.0,64.0,9.0,35.0,63.0,246.0
2026,Round 10,10,False,2026-05-15,2026-05-15,CD_M20260141002,SCG,Sydney,Collingwood,True,13.0,15,15,10.0,12.0,76.0,6.0,160.0,129.0,401.0,278.0,152.0,31.0,20.0,31.0,3.0,11.0,10,11,99.0,168.0,52.0,18.0,71.0,14.0,80.0,233.0,6,89.0,8.0,6.0,7162.0,55.0,305.0,32,10,45,24,60,66,75,81,45.0,W,75,81,26.0,30.0,45.0,29.0,56.0,12.0,41.0,79.0,221.0
2026,Round 10,10,False,2026-05-15,2026-05-15,CD_M20260141002,SCG,Collingwood,Sydney,False,11.0,15,15,0.0,11.0,71.0,8.0,145.0,180.0,373.0,256.0,125.0,12.0,31.0,21.0,4.0,10.0,11,10,109.0,170.0,10.0,1.0,56.0,16.0,81.0,203.0,-6,66.0,8.0,8.0,6876.0,51.0,336.0,10,32,24,45,66,60,81,75,59.0,L,81,75,25.0,27.0,36.0,27.0,74.0,8.0,38.0,80.0,203.0
2026,Round 10,10,False,2026-05-15,2026-05-15,CD_M20260141003,TIO Stadium,Gold Coast,Port Adelaide,True,6.0,13,8,10.0,14.0,54.0,7.0,143.0,110.0,389.0,302.0,181.0,22.0,22.0,14.0,8.0,15.0,10,15,112.0,154.0,39.0,12.0,62.0,17.0,81.0,235.0,25,94.0,11.0,7.0,7706.0,48.0,277.0,16,32,42,69,50,90,73,98,44.0,W,73,98,22.0,27.0,39.0,16.0,47.0,13.0,30.0,76.0,231.0
2026,Round 10,10,False,2026-05-15,2026-05-15,CD_M20260141003,TIO Stadium,Port Adelaide,Gold Coast,False,11.0,8,13,11.0,10.0,52.0,3.0,141.0,169.0,355.0,242.0,116.0,18.0,14.0,22.0,4.0,10.0,15,10,105.0,148.0,33.0,7.0,55.0,9.0,77.0,207.0,-25,57.0,6.0,5.0,7234.0,47.0,300.0,32,16,69,42,90,50,98,73,47.0,L,98,73,23.0,27.0,34.0,31.0,50.0,7.0,41.0,80.0,197.0
2026,Round 10,10,False,2026-05-16,2026-05-16,CD_M20260141004,Adelaide Oval,Adelaide,North Melbourne,True,13.0,11,13,6.0,14.0,56.0,9.0,129.0,122.0,387.0,296.0,155.0,15.0,24.0,19.0,13.0,20.0,9,20,86.0,164.0,32.0,8.0,49.0,13.0,53.0,223.0,68,105.0,16.0,20.0,5889.0,36.0,232.0,22,26,24,90,38,119,65,133,35.0,W,65,133,33.0,37.0,24.0,27.0,73.0,6.0,41.0,51.0,254.0
2026,Round 10,10,False,2026-05-16,2026-05-16,CD_M20260141004,Adelaide Oval,North Melbourne,Adelaide,False,10.0,13,11,7.0,13.0,54.0,4.0,103.0,113.0,320.0,233.0,118.0,10.0,19.0,24.0,7.0,9.0,20,9,65.0,139.0,45.0,9.0,44.0,15.0,51.0,181.0,-68,77.0,11.0,11.0,4759.0,39.0,219.0,26,22,90,24,119,38,133,65,29.0,L,133,65,20.0,21.0,30.0,19.0,42.0,12.0,32.0,53.0,203.0
2026,Round 10,10,False,2026-05-16,2026-05-16,CD_M20260141005,MCG,Melbourne,Hawthorn,True,9.0,9,12,19.0,17.0,60.0,8.0,144.0,146.0,365.0,276.0,157.0,20.0,19.0,21.0,11.0,18.0,12,18,102.0,144.0,25.0,9.0,56.0,15.0,72.0,221.0,39,94.0,9.0,7.0,6572.0,41.0,322.0,21,21,36,42,60,80,81,120,44.0,W,81,120,29.0,29.0,23.0,21.0,54.0,8.0,38.0,70.0,220.0
2026,Round 10,10,False,2026-05-16,2026-05-16,CD_M20260141005,MCG,Hawthorn,Melbourne,False,6.0,12,9,10.0,12.0,63.0,9.0,133.0,124.0,395.0,296.0,155.0,15.0,21.0,19.0,9.0,12.0,18,12,88.0,170.0,42.0,13.0,57.0,16.0,70.0,225.0,-39,109.0,15.0,14.0,6087.0,32.0,275.0,21,21,42,36,80,60,120,81,37.0,L,120,81,21.0,25.0,25.0,22.0,46.0,7.0,34.0,73.0,254.0
2026,Round 10,10,False,2026-05-16,2026-05-16,CD_M20260141006,Marvel Stadium,Carlton,Western Bulldogs,True,10.0,8,14,1.0,13.0,61.0,8.0,140.0,84.0,399.0,297.0,172.0,24.0,23.0,25.0,4.0,10.0,9,10,84.0,152.0,22.0,10.0,55.0,15.0,59.0,247.0,12,124.0,5.0,16.0,5816.0,40.0,229.0,25,17,34,24,49,41,62,74,28.0,W,62,74,23.0,24.0,34.0,23.0,56.0,14.0,36.0,57.0,247.0
2026,Round 10,10,False,2026-05-16,2026-05-16,CD_M20260141006,Marvel Stadium,Western Bulldogs,Carlton,False,6.0,14,8,11.0,8.0,64.0,5.0,109.0,150.0,330.0,240.0,129.0,12.0,25.0,23.0,7.0,9.0,10,9,71.0,141.0,27.0,7.0,38.0,13.0,57.0,189.0,-12,90.0,9.0,10.0,5251.0,47.0,250.0,17,25,24,34,41,49,74,62,43.0,L,74,62,17.0,16.0,37.0,19.0,58.0,6.0,27.0,59.0,209.0
2026,Round 10,10,False,2026-05-17,2026-05-17,CD_M20260141007,MCG,Essendon,Fremantle,True,9.0,8,13,0.0,15.0,51.0,7.0,127.0,143.0,350.0,260.0,129.0,16.0,21.0,19.0,5.0,8.0,16,8,97.0,161.0,28.0,6.0,47.0,10.0,64.0,189.0,-43,79.0,11.0,7.0,5038.0,37.0,281.0,34,9,66,14,84,30,104,61,36.0,L,104,61,21.0,21.0,29.0,18.0,64.0,16.0,33.0,64.0,217.0
2026,Round 10,10,False,2026-05-17,2026-05-17,CD_M20260141007,MCG,Fremantle,Essendon,False,6.0,13,8,1.0,11.0,57.0,9.0,127.0,117.0,384.0,293.0,158.0,12.0,19.0,21.0,11.0,16.0,8,16,86.0,160.0,35.0,7.0,52.0,7.0,64.0,224.0,43,88.0,9.0,11.0,5561.0,53.0,247.0,9,34,14,66,30,84,61,104,39.0,W,61,104,24.0,26.0,37.0,18.0,65.0,12.0,29.0,64.0,239.0
2026,Round 10,10,False,2026-05-17,2026-05-17,CD_M20260141008,Marvel Stadium,St Kilda,Richmond,True,11.0,7,13,14.0,17.0,57.0,7.0,126.0,62.0,408.0,306.0,170.0,18.0,19.0,24.0,14.0,16.0,11,16,74.0,165.0,42.0,17.0,63.0,11.0,58.0,243.0,36,115.0,15.0,13.0,5841.0,42.0,197.0,12,33,39,65,54,87,73,109,25.0,W,73,109,29.0,35.0,29.0,24.0,50.0,12.0,41.0,55.0,269.0
2026,Round 10,10,False,2026-05-17,2026-05-17,CD_M20260141008,Marvel Stadium,Richmond,St Kilda,False,5.0,13,7,8.0,11.0,58.0,7.0,103.0,136.0,327.0,254.0,154.0,4.0,23.0,19.0,9.0,11.0,16,11,60.0,134.0,19.0,7.0,37.0,16.0,55.0,193.0,-36,103.0,9.0,4.0,5430.0,37.0,227.0,33,12,65,39,87,54,109,73,46.0,L,109,73,17.0,18.0,23.0,16.0,40.0,7.0,27.0,58.0,220.0
2026,Round 10,10,False,2026-05-17,2026-05-17,CD_M20260141009,Optus Stadium,West Coast,Greater Western Sydney,True,8.0,11,10,4.0,13.0,51.0,10.0,136.0,135.0,324.0,242.0,147.0,13.0,10.0,26.0,10.0,13.0,10,13,87.0,116.0,50.0,8.0,50.0,14.0,63.0,208.0,17,89.0,11.0,11.0,5454.0,48.0,293.0,18,8,32,46,64,60,71,88,35.0,W,71,88,22.0,31.0,36.0,24.0,82.0,23.0,37.0,64.0,189.0
2026,Round 10,10,False,2026-05-17,2026-05-17,CD_M20260141009,Optus Stadium,Greater Western Sydney,West Coast,False,9.0,10,11,8.0,12.0,65.0,7.0,142.0,128.0,355.0,232.0,98.0,22.0,26.0,10.0,6.0,10.0,13,10,108.0,182.0,35.0,15.0,45.0,12.0,65.0,173.0,-17,57.0,12.0,13.0,5065.0,44.0,235.0,8,18,46,32,60,64,88,71,35.0,L,88,71,21.0,23.0,34.0,27.0,78.0,18.0,39.0,63.0,198.0
2026,Round 11,11,False,2026-05-21,2026-05-21,CD_M20260141101,UTAS Stadium,Hawthorn,Adelaide,True,11.0,12,15,7.0,10.0,73.0,9.0,134.0,135.0,334.0,223.0,112.0,14.0,24.0,23.0,3.0,10.0,9,10,85.0,135.0,55.0,14.0,50.0,15.0,74.0,199.0,9,60.0,8.0,8.0,6467.0,47.0,304.0,26,14,34,47,43,63,66,75,48.0,W,66,75,25.0,27.0,36.0,37.0,78.0,19.0,47.0,76.0,178.0
2026,Round 11,11,False,2026-05-21,2026-05-21,CD_M20260141101,UTAS Stadium,Adelaide,Hawthorn,False,9.0,15,12,5.0,11.0,84.0,7.0,141.0,120.0,388.0,264.0,121.0,20.0,23.0,24.0,9.0,9.0,10,9,107.0,175.0,29.0,4.0,57.0,16.0,77.0,213.0,-9,69.0,7.0,10.0,6364.0,44.0,282.0,14,26,47,34,63,43,75,66,39.0,L,75,66,20.0,23.0,36.0,22.0,81.0,13.0,33.0,74.0,222.0
2026,Round 11,11,False,2026-05-22,2026-05-22,CD_M20260141102,MCG,Richmond,Essendon,True,11.0,14,14,9.0,8.0,48.0,5.0,109.0,115.0,361.0,273.0,144.0,12.0,20.0,26.0,7.0,10.0,7,10,68.0,153.0,8.0,2.0,41.0,13.0,59.0,208.0,18,102.0,8.0,10.0,5540.0,42.0,259.0,14,29,34,49,46,58,56,74,36.0,W,56,74,24.0,22.0,31.0,24.0,52.0,14.0,32.0,58.0,241.0
2026,Round 11,11,False,2026-05-22,2026-05-22,CD_M20260141102,MCG,Essendon,Richmond,False,12.0,14,14,2.0,12.0,59.0,9.0,110.0,102.0,392.0,299.0,170.0,11.0,26.0,20.0,6.0,7.0,10,7,71.0,161.0,35.0,14.0,45.0,11.0,59.0,231.0,-18,125.0,10.0,18.0,5498.0,39.0,246.0,29,14,49,34,58,46,74,56,31.0,L,74,56,20.0,22.0,31.0,14.0,44.0,9.0,26.0,59.0,263.0
2026,Round 11,11,False,2026-05-22,2026-05-22,CD_M20260141103,Optus Stadium,Fremantle,St Kilda,True,7.0,8,8,19.0,16.0,52.0,17.0,148.0,101.0,394.0,297.0,145.0,21.0,13.0,14.0,13.0,16.0,11,16,99.0,183.0,33.0,10.0,61.0,18.0,72.0,211.0,30,101.0,13.0,14.0,6076.0,30.0,249.0,25,19,45,44,59,65,74,104,34.0,W,74,104,24.0,30.0,23.0,18.0,54.0,12.0,34.0,62.0,243.0
2026,Round 11,11,False,2026-05-22,2026-05-22,CD_M20260141103,Optus Stadium,St Kilda,Fremantle,False,7.0,8,8,5.0,12.0,58.0,12.0,131.0,156.0,351.0,252.0,137.0,14.0,14.0,13.0,7.0,11.0,16,11,92.0,152.0,31.0,10.0,45.0,21.0,63.0,199.0,-30,90.0,10.0,11.0,5488.0,35.0,289.0,19,25,44,45,65,59,104,74,44.0,L,104,74,19.0,22.0,25.0,29.0,55.0,4.0,41.0,72.0,210.0
2026,Round 11,11,False,2026-05-23,2026-05-23,CD_M20260141104,Marvel Stadium,North Melbourne,Gold Coast,True,6.0,9,9,3.0,13.0,48.0,16.0,108.0,135.0,354.0,296.0,153.0,11.0,22.0,17.0,16.0,17.0,16,17,62.0,158.0,30.0,9.0,54.0,12.0,44.0,196.0,6,97.0,16.0,12.0,5822.0,37.0,239.0,42,25,75,37,85,65,105,111,36.0,W,105,111,26.0,26.0,25.0,28.0,66.0,12.0,41.0,44.0,239.0
2026,Round 11,11,False,2026-05-23,2026-05-23,CD_M20260141104,Marvel Stadium,Gold Coast,North Melbourne,False,6.0,9,9,6.0,19.0,40.0,7.0,122.0,99.0,324.0,251.0,142.0,15.0,17.0,22.0,9.0,16.0,17,16,67.0,131.0,65.0,24.0,53.0,12.0,44.0,193.0,-6,86.0,7.0,15.0,5487.0,41.0,216.0,25,42,37,75,65,85,111,105,35.0,L,111,105,25.0,27.0,31.0,25.0,59.0,13.0,44.0,44.0,197.0
2026,Round 11,11,False,2026-05-23,2026-05-23,CD_M20260141105,GMHBA Stadium,Geelong,Sydney,True,13.0,8,17,3.0,14.0,48.0,11.0,144.0,90.0,410.0,310.0,167.0,21.0,17.0,17.0,12.0,15.0,12,15,101.0,177.0,39.0,10.0,69.0,19.0,72.0,233.0,27,105.0,15.0,11.0,7072.0,42.0,293.0,26,22,38,58,71,85,80,107,33.0,W,80,107,32.0,32.0,29.0,24.0,39.0,7.0,38.0,65.0,254.0
2026,Round 11,11,False,2026-05-23,2026-05-23,CD_M20260141105,GMHBA Stadium,Sydney,Geelong,False,8.0,17,8,11.0,9.0,57.0,15.0,129.0,173.0,365.0,260.0,124.0,8.0,17.0,17.0,12.0,12.0,15,12,87.0,169.0,33.0,7.0,45.0,15.0,66.0,196.0,-27,76.0,13.0,4.0,6615.0,37.0,324.0,22,26,58,38,85,71,107,80,54.0,L,107,80,20.0,25.0,28.0,25.0,73.0,10.0,34.0,71.0,214.0
2026,Round 11,11,False,2026-05-23,2026-05-23,CD_M20260141106,MCG,Collingwood,West Coast,True,11.0,10,14,5.0,9.0,61.0,10.0,138.0,162.0,357.0,258.0,123.0,21.0,18.0,28.0,7.0,13.0,12,13,81.0,170.0,30.0,10.0,50.0,19.0,64.0,187.0,10,77.0,10.0,8.0,5649.0,45.0,326.0,20,18,35,45,61,72,82,92,44.0,W,82,92,27.0,29.0,29.0,29.0,77.0,21.0,38.0,52.0,210.0
2026,Round 11,11,False,2026-05-23,2026-05-23,CD_M20260141106,MCG,West Coast,Collingwood,False,7.0,14,10,4.0,13.0,75.0,9.0,131.0,146.0,388.0,300.0,163.0,17.0,28.0,18.0,8.0,12.0,13,12,87.0,166.0,32.0,8.0,57.0,13.0,52.0,222.0,-10,97.0,9.0,4.0,5744.0,42.0,273.0,18,20,45,35,72,61,92,82,36.0,L,92,82,22.0,21.0,28.0,29.0,47.0,3.0,42.0,62.0,250.0
2026,Round 11,11,False,2026-05-23,2026-05-23,CD_M20260141107,Adelaide Oval,Port Adelaide,Carlton,True,9.0,14,10,12.0,11.0,58.0,11.0,115.0,110.0,325.0,236.0,122.0,12.0,16.0,14.0,7.0,8.0,13,8,77.0,132.0,30.0,9.0,48.0,15.0,63.0,193.0,-34,88.0,16.0,13.0,5614.0,42.0,241.0,30,12,58,23,68,37,92,58,36.0,L,92,58,18.0,23.0,34.0,24.0,53.0,7.0,35.0,72.0,203.0
2026,Round 11,11,False,2026-05-23,2026-05-23,CD_M20260141107,Adelaide Oval,Carlton,Port Adelaide,False,14.0,10,14,5.0,11.0,49.0,9.0,114.0,106.0,404.0,308.0,154.0,15.0,14.0,16.0,12.0,13.0,8,13,77.0,182.0,25.0,13.0,50.0,19.0,72.0,222.0,34,108.0,18.0,13.0,6222.0,40.0,211.0,12,30,23,58,37,68,58,92,40.0,W,58,92,27.0,32.0,30.0,16.0,43.0,6.0,27.0,63.0,271.0
2026,Round 11,11,False,2026-05-24,2026-05-24,CD_M20260141108,ENGIE Stadium,Greater Western Sydney,Brisbane Lions,True,8.0,10,10,15.0,20.0,57.0,8.0,168.0,125.0,430.0,304.0,133.0,27.0,22.0,16.0,17.0,26.0,13,26,129.0,206.0,31.0,11.0,75.0,12.0,79.0,224.0,78,67.0,9.0,13.0,7264.0,44.0,288.0,32,38,53,59,56,145,88,166,35.0,W,88,166,35.0,40.0,28.0,25.0,87.0,26.0,45.0,70.0,244.0
2026,Round 11,11,False,2026-05-24,2026-05-24,CD_M20260141108,ENGIE Stadium,Brisbane Lions,Greater Western Sydney,False,9.0,10,10,10.0,15.0,55.0,10.0,155.0,168.0,381.0,257.0,131.0,21.0,16.0,22.0,6.0,13.0,26,13,110.0,163.0,47.0,12.0,49.0,14.0,70.0,218.0,-78,88.0,8.0,12.0,5974.0,46.0,323.0,38,32,59,53,145,56,166,88,48.0,L,166,88,23.0,25.0,41.0,28.0,50.0,15.0,43.0,77.0,212.0
2026,Round 11,11,False,2026-05-24,2026-05-24,CD_M20260141109,Marvel Stadium,Western Bulldogs,Melbourne,True,7.0,12,9,4.0,11.0,59.0,9.0,151.0,124.0,366.0,265.0,142.0,18.0,17.0,23.0,13.0,14.0,13,14,112.0,154.0,25.0,7.0,57.0,10.0,67.0,212.0,3,80.0,15.0,11.0,6234.0,44.0,253.0,9,19,43,51,76,78,90,93,34.0,W,90,93,23.0,29.0,36.0,34.0,62.0,12.0,45.0,75.0,204.0
2026,Round 11,11,False,2026-05-24,2026-05-24,CD_M20260141109,Marvel Stadium,Melbourne,Western Bulldogs,False,10.0,9,12,10.0,17.0,59.0,11.0,141.0,127.0,336.0,245.0,141.0,14.0,23.0,17.0,8.0,13.0,14,13,88.0,138.0,50.0,16.0,47.0,16.0,75.0,198.0,-3,78.0,9.0,5.0,6051.0,41.0,285.0,19,9,51,43,78,76,93,90,43.0,L,93,90,25.0,26.0,29.0,19.0,72.0,16.0,36.0,67.0,187.0
2026,Round 12,12,False,2026-05-28,2026-05-28,CD_M20260141201,Marvel Stadium,St Kilda,Hawthorn,True,11.0,11,13,7.0,10.0,57.0,7.0,125.0,168.0,387.0,290.0,146.0,15.0,13.0,18.0,8.0,9.0,18,9,85.0,173.0,25.0,7.0,44.0,7.0,69.0,214.0,-52,94.0,16.0,10.0,5661.0,46.0,339.0,20,2,55,5,89,43,119,67,36.0,L,119,67,22.0,25.0,32.0,21.0,48.0,6.0,31.0,66.0,250.0
2026,Round 12,12,False,2026-05-28,2026-05-28,CD_M20260141201,Marvel Stadium,Hawthorn,St Kilda,False,9.0,13,11,9.0,15.0,53.0,4.0,108.0,124.0,429.0,345.0,153.0,10.0,18.0,13.0,16.0,18.0,9,18,78.0,212.0,39.0,12.0,56.0,11.0,67.0,217.0,52,99.0,18.0,18.0,6449.0,35.0,296.0,2,20,5,55,43,89,67,119,34.0,W,67,119,29.0,31.0,23.0,17.0,56.0,5.0,32.0,69.0,302.0
2026,Round 12,12,False,2026-05-29,2026-05-29,CD_M20260141202,MCG,Carlton,Geelong,True,14.0,12,16,9.0,13.0,53.0,5.0,136.0,131.0,395.0,288.0,144.0,20.0,19.0,22.0,8.0,12.0,12,12,85.0,172.0,29.0,11.0,48.0,13.0,56.0,223.0,4,94.0,8.0,6.0,5853.0,46.0,276.0,28,9,44,39,64,65,84,88,41.0,W,84,88,28.0,30.0,28.0,31.0,66.0,14.0,44.0,57.0,259.0
2026,Round 12,12,False,2026-05-29,2026-05-29,CD_M20260141202,MCG,Geelong,Carlton,False,9.0,16,12,3.0,10.0,46.0,13.0,123.0,112.0,359.0,276.0,153.0,17.0,22.0,19.0,8.0,12.0,12,12,81.0,152.0,43.0,10.0,54.0,18.0,57.0,207.0,-4,105.0,15.0,13.0,5769.0,39.0,308.0,9,28,39,44,65,64,88,84,36.0,L,88,84,24.0,25.0,28.0,21.0,63.0,9.0,31.0,56.0,221.0
2026,Round 12,12,False,2026-05-30,2026-05-30,CD_M20260141203,SCG,Sydney,Richmond,True,18.0,8,20,29.0,19.0,48.0,20.0,151.0,93.0,437.0,330.0,153.0,26.0,20.0,19.0,21.0,25.0,8,25,104.0,207.0,34.0,5.0,72.0,21.0,74.0,230.0,114,104.0,26.0,11.0,7269.0,36.0,215.0,25,45,46,97,49,146,56,170,37.0,W,56,170,45.0,46.0,23.0,17.0,42.0,13.0,36.0,59.0,275.0
2026,Round 12,12,False,2026-05-30,2026-05-30,CD_M20260141203,SCG,Richmond,Sydney,False,7.0,20,8,7.0,17.0,56.0,12.0,133.0,170.0,324.0,235.0,123.0,14.0,19.0,20.0,3.0,8.0,25,8,90.0,144.0,16.0,6.0,47.0,14.0,59.0,180.0,-114,71.0,5.0,3.0,5358.0,40.0,292.0,45,25,97,46,146,49,170,56,48.0,L,170,56,16.0,18.0,30.0,17.0,46.0,4.0,34.0,74.0,184.0
2026,Round 12,12,False,2026-05-30,2026-05-30,CD_M20260141204,Gabba,Brisbane Lions,Fremantle,True,15.0,13,18,13.0,14.0,48.0,13.0,118.0,110.0,298.0,207.0,121.0,14.0,21.0,18.0,6.0,10.0,15,10,71.0,101.0,36.0,12.0,59.0,20.0,56.0,197.0,-25,81.0,9.0,14.0,5557.0,51.0,242.0,23,10,49,28,89,49,103,78,30.0,L,103,78,27.0,30.0,36.0,28.0,36.0,12.0,42.0,64.0,174.0
2026,Round 12,12,False,2026-05-30,2026-05-30,CD_M20260141204,Gabba,Fremantle,Brisbane Lions,False,10.0,18,13,17.0,10.0,51.0,9.0,120.0,120.0,364.0,284.0,137.0,11.0,18.0,21.0,12.0,15.0,10,15,75.0,166.0,35.0,8.0,47.0,13.0,64.0,198.0,25,80.0,15.0,16.0,6157.0,33.0,212.0,10,23,28,49,49,89,78,103,48.0,W,78,103,28.0,29.0,19.0,21.0,45.0,6.0,31.0,54.0,230.0
2026,Round 12,12,False,2026-05-30,2026-05-30,CD_M20260141205,Marvel Stadium,Western Bulldogs,Collingwood,True,12.0,15,13,2.0,19.0,51.0,13.0,124.0,113.0,359.0,271.0,155.0,19.0,9.0,8.0,9.0,14.0,13,14,80.0,133.0,39.0,17.0,62.0,15.0,58.0,226.0,4,104.0,14.0,4.0,6615.0,46.0,273.0,21,28,32,49,58,76,93,97,33.0,W,93,97,27.0,29.0,32.0,19.0,43.0,13.0,38.0,67.0,228.0
2026,Round 12,12,False,2026-05-30,2026-05-30,CD_M20260141205,Marvel Stadium,Collingwood,Western Bulldogs,False,12.0,13,15,5.0,10.0,56.0,5.0,117.0,149.0,418.0,306.0,154.0,10.0,8.0,9.0,11.0,13.0,14,13,84.0,183.0,24.0,8.0,47.0,12.0,67.0,235.0,-4,115.0,13.0,22.0,6556.0,44.0,256.0,28,21,49,32,76,58,97,93,48.0,L,97,93,28.0,29.0,24.0,22.0,53.0,15.0,32.0,58.0,285.0
2026,Round 12,12,False,2026-05-31,2026-05-31,CD_M20260141206,TIO Traeger Park,Melbourne,Greater Western Sydney,True,11.0,5,16,12.0,19.0,55.0,11.0,125.0,89.0,329.0,234.0,130.0,18.0,21.0,18.0,7.0,9.0,19,9,79.0,129.0,32.0,13.0,62.0,18.0,66.0,200.0,-49,85.0,7.0,7.0,6129.0,30.0,269.0,24,22,56,44,87,60,119,70,27.0,L,119,70,24.0,25.0,24.0,16.0,48.0,19.0,35.0,70.0,194.0
2026,Round 12,12,False,2026-05-31,2026-05-31,CD_M20260141206,TIO Traeger Park,Greater Western Sydney,Melbourne,False,5.0,16,5,10.0,10.0,47.0,6.0,114.0,142.0,408.0,328.0,204.0,9.0,18.0,21.0,15.0,19.0,9,19,78.0,145.0,24.0,11.0,46.0,10.0,71.0,263.0,49,138.0,14.0,22.0,6695.0,44.0,259.0,22,24,44,56,60,87,70,119,52.0,W,70,119,24.0,25.0,39.0,17.0,55.0,8.0,27.0,65.0,269.0
2026,Round 12,12,False,2026-05-31,2026-05-31,CD_M20260141207,Optus Stadium,West Coast,Essendon,True,12.0,7,13,3.0,9.0,48.0,8.0,124.0,108.0,389.0,310.0,163.0,9.0,18.0,25.0,9.0,12.0,8,12,85.0,171.0,28.0,4.0,55.0,18.0,81.0,218.0,30,99.0,16.0,17.0,6115.0,38.0,252.0,1,17,16,36,29,70,55,85,32.0,W,55,85,25.0,29.0,33.0,14.0,45.0,8.0,23.0,60.0,259.0
2026,Round 12,12,False,2026-05-31,2026-05-31,CD_M20260141207,Optus Stadium,Essendon,West Coast,False,5.0,13,7,4.0,13.0,69.0,7.0,126.0,116.0,373.0,267.0,116.0,16.0,25.0,18.0,7.0,8.0,12,8,89.0,173.0,34.0,8.0,40.0,16.0,60.0,200.0,-30,68.0,6.0,8.0,5765.0,33.0,254.0,17,1,36,16,70,29,85,55,43.0,L,85,55,15.0,21.0,29.0,32.0,56.0,18.0,45.0,79.0,231.0
2026,Round 13,13,False,2026-06-04,2026-06-04,CD_M20260141301,Adelaide Oval,Adelaide,Geelong,True,9.0,14,9,2.0,8.0,50.0,9.0,153.0,135.0,365.0,251.0,132.0,15.0,20.0,21.0,11.0,11.0,10,11,109.0,146.0,61.0,10.0,50.0,12.0,73.0,219.0,1,59.0,7.0,3.0,6548.0,56.0,312.0,18,20,33,39,52,54,74,75,41.0,W,74,75,20.0,24.0,42.0,36.0,88.0,22.0,44.0,80.0,196.0
2026,Round 13,13,False,2026-06-04,2026-06-04,CD_M20260141301,Adelaide Oval,Geelong,Adelaide,False,11.0,9,14,0.0,16.0,59.0,13.0,171.0,117.0,389.0,257.0,128.0,17.0,21.0,20.0,6.0,10.0,11,10,120.0,167.0,43.0,12.0,52.0,14.0,80.0,222.0,-1,71.0,5.0,4.0,6378.0,49.0,269.0,20,18,39,33,54,52,75,74,38.0,L,75,74,24.0,25.0,33.0,30.0,62.0,9.0,46.0,73.0,198.0
2026,Round 13,13,False,2026-06-05,2026-06-05,CD_M20260141302,MCG,Hawthorn,Western Bulldogs,True,15.0,5,17,8.0,11.0,57.0,11.0,136.0,141.0,420.0,310.0,156.0,12.0,17.0,19.0,7.0,9.0,12,9,83.0,185.0,42.0,13.0,63.0,20.0,77.0,235.0,-6,113.0,10.0,15.0,6244.0,44.0,293.0,12,14,27,54,58,66,77,71,33.0,L,77,71,26.0,30.0,32.0,26.0,61.0,13.0,37.0,69.0,275.0
2026,Round 13,13,False,2026-06-05,2026-06-05,CD_M20260141302,MCG,Western Bulldogs,Hawthorn,False,5.0,17,5,14.0,12.0,56.0,6.0,122.0,187.0,343.0,231.0,125.0,13.0,19.0,17.0,6.0,12.0,9,12,82.0,132.0,26.0,10.0,45.0,14.0,69.0,211.0,6,72.0,5.0,6.0,5917.0,51.0,340.0,14,12,54,27,66,58,71,77,53.0,W,71,77,17.0,19.0,38.0,21.0,58.0,14.0,33.0,76.0,198.0
2026,Round 13,13,False,2026-06-06,2026-06-06,CD_M20260141303,Hands Oval,North Melbourne,Fremantle,True,5.0,11,7,3.0,11.0,53.0,7.0,96.0,114.0,325.0,245.0,133.0,9.0,22.0,14.0,1.0,4.0,24,4,62.0,132.0,22.0,6.0,32.0,9.0,49.0,193.0,-124,101.0,3.0,12.0,4506.0,31.0,211.0,27,14,82,28,107,30,155,31,33.0,L,155,31,10.0,12.0,19.0,18.0,43.0,12.0,29.0,53.0,221.0
2026,Round 13,13,False,2026-06-06,2026-06-06,CD_M20260141303,Hands Oval,Fremantle,North Melbourne,False,8.0,7,11,25.0,17.0,48.0,8.0,109.0,78.0,383.0,310.0,161.0,11.0,13.0,22.0,17.0,24.0,4,24,60.0,169.0,36.0,13.0,57.0,14.0,52.0,214.0,124,118.0,22.0,25.0,6113.0,36.0,174.0,14,27,28,82,30,107,31,155,28.0,W,31,155,35.0,37.0,23.0,20.0,43.0,6.0,37.0,48.0,275.0
2026,Round 13,13,False,2026-06-06,2026-06-06,CD_M20260141304,People First Stadium,Gold Coast,Brisbane Lions,True,8.0,16,9,13.0,7.0,58.0,13.0,111.0,142.0,345.0,263.0,137.0,9.0,23.0,18.0,10.0,11.0,15,11,72.0,149.0,37.0,7.0,43.0,13.0,66.0,196.0,-31,93.0,10.0,11.0,6048.0,32.0,247.0,27,14,62,46,90,61,106,75,50.0,L,106,75,20.0,22.0,27.0,14.0,35.0,3.0,21.0,68.0,218.0
2026,Round 13,13,False,2026-06-06,2026-06-06,CD_M20260141304,People First Stadium,Brisbane Lions,Gold Coast,False,13.0,9,16,6.0,15.0,57.0,12.0,123.0,100.0,343.0,243.0,145.0,16.0,18.0,23.0,14.0,15.0,11,15,76.0,114.0,20.0,7.0,65.0,16.0,69.0,229.0,31,98.0,16.0,18.0,6270.0,39.0,263.0,14,27,46,62,61,90,75,106,30.0,W,75,106,31.0,35.0,30.0,16.0,50.0,12.0,31.0,66.0,201.0
2026,Round 13,13,False,2026-06-06,2026-06-06,CD_M20260141305,Optus Stadium,West Coast,Port Adelaide,True,9.0,11,11,3.0,14.0,54.0,8.0,130.0,90.0,357.0,254.0,130.0,18.0,17.0,16.0,7.0,10.0,11,10,89.0,160.0,36.0,12.0,56.0,21.0,79.0,197.0,-6,90.0,15.0,16.0,5763.0,31.0,237.0,24,18,43,32,69,53,77,71,36.0,L,77,71,21.0,22.0,19.0,20.0,68.0,22.0,34.0,71.0,221.0
2026,Round 13,13,False,2026-06-06,2026-06-06,CD_M20260141305,Optus Stadium,Port Adelaide,West Coast,False,11.0,11,11,8.0,7.0,50.0,10.0,132.0,156.0,326.0,221.0,126.0,11.0,16.0,17.0,9.0,11.0,10,11,85.0,128.0,41.0,13.0,48.0,14.0,71.0,198.0,6,82.0,16.0,13.0,5919.0,40.0,256.0,18,24,32,43,53,69,71,77,45.0,W,71,77,22.0,23.0,28.0,32.0,63.0,10.0,39.0,79.0,180.0
2026,Round 13,13,False,2026-06-07,2026-06-07,CD_M20260141306,SCG,Sydney,St Kilda,True,14.0,12,14,15.0,16.0,67.0,6.0,145.0,148.0,435.0,316.0,141.0,25.0,18.0,19.0,7.0,15.0,15,15,107.0,208.0,37.0,8.0,63.0,15.0,77.0,227.0,2,90.0,10.0,7.0,6722.0,54.0,323.0,38,21,71,63,87,81,102,104,44.0,W,102,104,29.0,34.0,42.0,18.0,59.0,11.0,34.0,71.0,275.0
2026,Round 13,13,False,2026-06-07,2026-06-07,CD_M20260141306,SCG,St Kilda,Sydney,False,11.0,14,12,19.0,13.0,58.0,6.0,149.0,168.0,397.0,280.0,131.0,22.0,19.0,18.0,11.0,15.0,15,15,101.0,181.0,26.0,7.0,59.0,13.0,71.0,216.0,-2,75.0,9.0,12.0,6490.0,37.0,354.0,21,38,63,71,81,87,104,102,48.0,L,104,102,27.0,28.0,28.0,31.0,55.0,10.0,44.0,77.0,238.0
2026,Round 13,13,False,2026-06-07,2026-06-07,CD_M20260141307,MCG,Essendon,Carlton,True,6.0,12,7,8.0,13.0,50.0,15.0,132.0,126.0,373.0,284.0,150.0,9.0,19.0,24.0,8.0,10.0,10,10,87.0,160.0,31.0,7.0,49.0,12.0,57.0,213.0,-5,115.0,12.0,14.0,5263.0,38.0,257.0,8,15,25,39,46,46,72,67,35.0,L,72,67,17.0,19.0,29.0,22.0,39.0,4.0,35.0,64.0,242.0
2026,Round 13,13,False,2026-06-07,2026-06-07,CD_M20260141307,MCG,Carlton,Essendon,False,9.0,7,12,5.0,8.0,49.0,5.0,107.0,115.0,382.0,293.0,153.0,14.0,24.0,19.0,9.0,10.0,10,10,75.0,162.0,25.0,6.0,45.0,20.0,66.0,220.0,5,119.0,11.0,11.0,5522.0,38.0,263.0,15,8,39,25,46,46,67,72,39.0,W,67,72,21.0,22.0,29.0,20.0,45.0,9.0,28.0,57.0,266.0
2026,Round 13,13,False,2026-06-08,2026-06-08,CD_M20260141308,MCG,Collingwood,Melbourne,True,9.0,11,9,7.0,12.0,66.0,11.0,137.0,144.0,396.0,287.0,129.0,17.0,14.0,16.0,9.0,11.0,12,11,100.0,188.0,23.0,5.0,57.0,12.0,68.0,208.0,-8,82.0,13.0,10.0,6631.0,39.0,263.0,22,26,37,39,55,60,83,75,48.0,L,83,75,20.0,27.0,31.0,27.0,70.0,14.0,39.0,71.0,244.0
2026,Round 13,13,False,2026-06-08,2026-06-08,CD_M20260141308,MCG,Melbourne,Collingwood,False,9.0,9,11,9.0,10.0,57.0,13.0,130.0,138.0,371.0,272.0,136.0,13.0,16.0,14.0,11.0,12.0,11,12,87.0,163.0,52.0,15.0,60.0,17.0,71.0,208.0,8,89.0,13.0,11.0,6589.0,49.0,292.0,26,22,39,37,60,55,75,83,45.0,W,75,83,23.0,30.0,31.0,25.0,62.0,12.0,35.0,68.0,230.0
2026,Round 14,14,False,2026-06-11,2026-06-11,CD_M20260141401,Marvel Stadium,Western Bulldogs,Adelaide,True,9.0,7,10,9.0,12.0,57.0,4.0,135.0,148.0,344.0,240.0,128.0,22.0,26.0,19.0,5.0,9.0,19,9,101.0,139.0,30.0,8.0,53.0,9.0,65.0,205.0,-57,72.0,3.0,12.0,5384.0,58.0,325.0,56,15,75,35,100,55,121,64,30.0,L,121,64,19.0,24.0,51.0,28.0,61.0,6.0,40.0,74.0,196.0
2026,Round 14,14,False,2026-06-11,2026-06-11,CD_M20260141401,Marvel Stadium,Adelaide,Western Bulldogs,False,4.0,10,7,3.0,11.0,57.0,16.0,155.0,141.0,431.0,340.0,192.0,26.0,19.0,26.0,16.0,19.0,9,19,101.0,175.0,54.0,11.0,50.0,11.0,74.0,256.0,57,114.0,13.0,14.0,6511.0,41.0,290.0,15,56,35,75,55,100,64,121,44.0,W,64,121,26.0,24.0,30.0,22.0,75.0,22.0,33.0,65.0,264.0
2026,Round 14,14,False,2026-06-12,2026-06-12,CD_M20260141402,GMHBA Stadium,Geelong,Gold Coast,True,12.0,12,15,9.0,12.0,51.0,10.0,133.0,110.0,337.0,252.0,131.0,16.0,20.0,24.0,11.0,15.0,8,15,85.0,148.0,39.0,9.0,62.0,17.0,67.0,189.0,45,69.0,10.0,14.0,6578.0,40.0,284.0,19,25,23,51,39,71,60,105,38.0,W,60,105,30.0,29.0,22.0,28.0,62.0,12.0,40.0,64.0,192.0
2026,Round 14,14,False,2026-06-12,2026-06-12,CD_M20260141402,GMHBA Stadium,Gold Coast,Geelong,False,10.0,15,12,16.0,11.0,64.0,5.0,117.0,142.0,389.0,291.0,129.0,7.0,24.0,20.0,6.0,8.0,15,8,79.0,189.0,49.0,13.0,47.0,13.0,64.0,200.0,-45,95.0,14.0,10.0,5962.0,44.0,249.0,25,19,51,23,71,39,105,60,45.0,L,105,60,19.0,23.0,33.0,18.0,64.0,8.0,29.0,67.0,265.0
2026,Round 14,14,False,2026-06-13,2026-06-13,CD_M20260141403,MCG,Melbourne,Essendon,True,13.0,14,17,5.0,13.0,46.0,4.0,140.0,103.0,411.0,305.0,170.0,21.0,16.0,17.0,11.0,13.0,6,13,97.0,162.0,35.0,17.0,63.0,15.0,73.0,249.0,45,111.0,8.0,5.0,6480.0,48.0,234.0,16,34,23,64,43,74,50,95,35.0,W,50,95,29.0,33.0,36.0,25.0,51.0,15.0,38.0,65.0,260.0
2026,Round 14,14,False,2026-06-13,2026-06-13,CD_M20260141403,MCG,Essendon,Melbourne,False,10.0,17,14,3.0,8.0,49.0,7.0,108.0,137.0,358.0,261.0,135.0,9.0,17.0,16.0,6.0,6.0,13,6,76.0,150.0,30.0,9.0,40.0,12.0,66.0,208.0,-45,100.0,12.0,13.0,5281.0,52.0,282.0,34,16,64,23,74,43,95,50,47.0,L,95,50,19.0,19.0,41.0,21.0,51.0,7.0,29.0,73.0,240.0
2026,Round 14,14,False,2026-06-13,2026-06-13,CD_M20260141404,Optus Stadium,North Melbourne,West Coast,True,13.0,13,14,10.0,9.0,49.0,11.0,120.0,113.0,328.0,240.0,133.0,8.0,24.0,31.0,8.0,10.0,10,10,62.0,127.0,44.0,12.0,44.0,17.0,53.0,201.0,1,92.0,14.0,10.0,5435.0,34.0,221.0,22,17,37,38,51,65,73,74,40.0,W,73,74,23.0,25.0,23.0,30.0,72.0,11.0,39.0,55.0,198.0
2026,Round 14,14,False,2026-06-13,2026-06-13,CD_M20260141404,Optus Stadium,West Coast,North Melbourne,False,10.0,14,13,8.0,11.0,59.0,11.0,116.0,88.0,302.0,218.0,123.0,7.0,31.0,24.0,6.0,10.0,10,10,69.0,129.0,33.0,11.0,50.0,14.0,56.0,173.0,-1,79.0,10.0,8.0,5354.0,35.0,204.0,17,22,38,37,65,51,74,73,33.0,L,74,73,22.0,22.0,27.0,24.0,46.0,10.0,35.0,51.0,174.0
2026,Round 14,14,False,2026-06-13,2026-06-13,CD_M20260141405,Adelaide Oval,Port Adelaide,Sydney,True,8.0,9,12,4.0,13.0,59.0,6.0,132.0,129.0,340.0,242.0,145.0,14.0,22.0,22.0,13.0,13.0,14,13,92.0,119.0,40.0,10.0,56.0,14.0,71.0,221.0,-3,83.0,13.0,13.0,6054.0,47.0,296.0,20,24,36,51,62,71,93,90,33.0,L,93,90,24.0,28.0,27.0,27.0,55.0,10.0,40.0,71.0,197.0
2026,Round 14,14,False,2026-06-13,2026-06-13,CD_M20260141405,Adelaide Oval,Sydney,Port Adelaide,False,5.0,12,9,11.0,13.0,70.0,12.0,136.0,141.0,356.0,250.0,115.0,14.0,22.0,22.0,10.0,14.0,13,14,87.0,170.0,27.0,7.0,47.0,20.0,71.0,186.0,3,72.0,8.0,5.0,5949.0,51.0,287.0,24,20,51,36,71,62,90,93,42.0,W,90,93,22.0,24.0,36.0,17.0,62.0,12.0,30.0,70.0,209.0
2026,Round 14,14,False,2026-06-14,2026-06-14,CD_M20260141406,Ninja Stadium,Richmond,Brisbane Lions,True,7.0,13,8,5.0,15.0,46.0,8.0,118.0,130.0,353.0,262.0,138.0,14.0,9.0,14.0,10.0,12.0,17,12,80.0,149.0,40.0,10.0,53.0,14.0,71.0,204.0,-35,85.0,16.0,14.0,5549.0,32.0,251.0,28,25,42,39,88,58,115,80,41.0,L,115,80,20.0,25.0,23.0,18.0,56.0,17.0,33.0,67.0,217.0
2026,Round 14,14,False,2026-06-14,2026-06-14,CD_M20260141406,Ninja Stadium,Brisbane Lions,Richmond,False,12.0,8,13,3.0,13.0,54.0,15.0,131.0,110.0,381.0,279.0,160.0,14.0,14.0,9.0,12.0,17.0,12,17,81.0,141.0,44.0,16.0,58.0,19.0,67.0,240.0,35,111.0,11.0,13.0,5988.0,39.0,239.0,25,28,39,42,58,88,80,115,41.0,W,80,115,30.0,34.0,25.0,29.0,52.0,8.0,42.0,71.0,242.0
2026,Round 14,14,False,2026-06-14,2026-06-14,CD_M20260141407,Marvel Stadium,St Kilda,Greater Western Sydney,True,11.0,10,12,14.0,14.0,51.0,9.0,128.0,141.0,358.0,262.0,138.0,21.0,16.0,18.0,10.0,14.0,13,14,85.0,151.0,29.0,9.0,47.0,7.0,61.0,207.0,8,87.0,16.0,14.0,5578.0,46.0,290.0,25,27,51,52,62,70,88,96,41.0,W,88,96,26.0,29.0,33.0,22.0,71.0,12.0,36.0,52.0,221.0
2026,Round 14,14,False,2026-06-14,2026-06-14,CD_M20260141407,Marvel Stadium,Greater Western Sydney,St Kilda,False,8.0,12,10,6.0,16.0,50.0,10.0,128.0,120.0,386.0,290.0,138.0,23.0,18.0,16.0,13.0,13.0,14,13,81.0,179.0,44.0,18.0,55.0,17.0,52.0,207.0,-8,95.0,12.0,8.0,5787.0,41.0,243.0,27,25,52,51,70,62,96,88,33.0,L,96,88,22.0,25.0,28.0,30.0,45.0,5.0,46.0,60.0,252.0
2026,Round 15,15,False,2026-06-18,2026-06-18,CD_M20260141501,Optus Stadium,Fremantle,Geelong,True,14.0,6,15,13.0,18.0,48.0,12.0,120.0,99.0,382.0,288.0,159.0,11.0,9.0,19.0,9.0,14.0,14,14,71.0,159.0,36.0,10.0,54.0,19.0,66.0,223.0,9,110.0,20.0,12.0,6169.0,37.0,227.0,32,22,56,47,70,89,90,99,29.0,W,90,99,29.0,38.0,22.0,17.0,51.0,5.0,35.0,62.0,247.0
2026,Round 15,15,False,2026-06-18,2026-06-18,CD_M20260141501,Optus Stadium,Geelong,Fremantle,False,5.0,15,6,11.0,12.0,47.0,15.0,112.0,97.0,339.0,246.0,129.0,12.0,19.0,9.0,11.0,14.0,14,14,77.0,140.0,26.0,7.0,44.0,17.0,62.0,199.0,-9,88.0,11.0,8.0,5848.0,28.0,223.0,22,32,47,56,89,70,99,90,39.0,L,99,90,19.0,20.0,18.0,19.0,32.0,7.0,31.0,66.0,211.0
2026,Round 15,15,False,2026-06-19,2026-06-19,CD_M20260141502,People First Stadium,Gold Coast,Hawthorn,True,10.0,11,13,11.0,12.0,61.0,12.0,150.0,123.0,429.0,325.0,165.0,16.0,17.0,22.0,12.0,14.0,17,14,100.0,194.0,34.0,13.0,65.0,16.0,72.0,235.0,-16,104.0,11.0,8.0,6564.0,53.0,244.0,41,19,55,47,81,74,113,97,38.0,L,113,97,26.0,33.0,42.0,20.0,48.0,4.0,32.0,69.0,269.0
2026,Round 15,15,False,2026-06-19,2026-06-19,CD_M20260141502,People First Stadium,Hawthorn,Gold Coast,False,9.0,13,11,12.0,20.0,58.0,9.0,125.0,135.0,346.0,252.0,139.0,10.0,22.0,17.0,11.0,17.0,14,17,90.0,143.0,30.0,8.0,55.0,13.0,70.0,203.0,16,71.0,7.0,7.0,6424.0,38.0,270.0,19,41,47,55,74,81,97,113,50.0,W,97,113,28.0,28.0,28.0,16.0,57.0,3.0,36.0,71.0,195.0
2026,Round 15,15,False,2026-06-20,2026-06-20,CD_M20260141503,Adelaide Oval,Adelaide,Melbourne,True,9.0,8,13,4.0,5.0,52.0,16.0,134.0,137.0,410.0,323.0,191.0,7.0,19.0,22.0,11.0,11.0,9,11,83.0,156.0,37.0,9.0,55.0,22.0,76.0,254.0,17,138.0,11.0,15.0,6259.0,53.0,275.0,30,22,36,35,56,54,62,79,47.0,W,62,79,23.0,22.0,36.0,26.0,67.0,9.0,31.0,63.0,269.0
2026,Round 15,15,False,2026-06-20,2026-06-20,CD_M20260141503,Adelaide Oval,Melbourne,Adelaide,False,7.0,13,8,13.0,13.0,75.0,3.0,146.0,98.0,355.0,243.0,119.0,16.0,22.0,19.0,7.0,9.0,11,9,100.0,163.0,35.0,12.0,58.0,13.0,63.0,192.0,-17,62.0,6.0,7.0,6042.0,58.0,235.0,22,30,35,36,54,56,79,62,44.0,L,79,62,17.0,20.0,41.0,29.0,49.0,6.0,42.0,77.0,198.0
2026,Round 15,15,False,2026-06-20,2026-06-20,CD_M20260141504,ENGIE Stadium,Greater Western Sydney,Carlton,True,11.0,16,11,14.0,6.0,64.0,7.0,124.0,142.0,368.0,263.0,122.0,14.0,21.0,21.0,7.0,9.0,12,9,80.0,170.0,41.0,16.0,46.0,13.0,71.0,198.0,-23,84.0,9.0,8.0,6145.0,56.0,300.0,12,17,47,36,67,61,88,65,47.0,L,88,65,20.0,24.0,41.0,25.0,50.0,6.0,31.0,82.0,227.0
2026,Round 15,15,False,2026-06-20,2026-06-20,CD_M20260141504,ENGIE Stadium,Carlton,Greater Western Sydney,False,14.0,11,16,4.0,16.0,54.0,11.0,136.0,105.0,408.0,305.0,159.0,17.0,21.0,21.0,7.0,12.0,9,12,93.0,177.0,22.0,6.0,61.0,18.0,82.0,231.0,23,105.0,13.0,8.0,6497.0,34.0,281.0,17,12,36,47,61,67,65,88,36.0,W,65,88,28.0,31.0,27.0,19.0,45.0,11.0,35.0,72.0,253.0
2026,Round 15,15,False,2026-06-20,2026-06-20,CD_M20260141505,MCG,Collingwood,Port Adelaide,True,9.0,16,12,6.0,10.0,59.0,13.0,110.0,127.0,396.0,301.0,144.0,13.0,14.0,8.0,5.0,11.0,6,11,81.0,182.0,13.0,6.0,46.0,23.0,62.0,214.0,26,106.0,17.0,10.0,6050.0,40.0,262.0,17,14,43,42,46,74,52,78,46.0,W,52,78,22.0,25.0,27.0,21.0,40.0,11.0,31.0,63.0,260.0
2026,Round 15,15,False,2026-06-20,2026-06-20,CD_M20260141505,MCG,Port Adelaide,Collingwood,False,12.0,12,16,7.0,10.0,60.0,6.0,114.0,125.0,361.0,248.0,146.0,14.0,8.0,14.0,4.0,6.0,11,6,77.0,122.0,37.0,12.0,54.0,15.0,62.0,239.0,-26,117.0,13.0,13.0,5803.0,42.0,292.0,14,17,42,43,74,46,78,52,35.0,L,78,52,20.0,24.0,32.0,21.0,44.0,8.0,31.0,62.0,228.0
2026,Round 15,15,False,2026-06-21,2026-06-21,CD_M20260141506,MCG,Richmond,North Melbourne,True,6.0,13,12,6.0,8.0,54.0,9.0,109.0,104.0,332.0,245.0,130.0,11.0,19.0,15.0,2.0,6.0,10,6,80.0,145.0,26.0,5.0,48.0,15.0,59.0,187.0,-25,90.0,9.0,11.0,5123.0,47.0,239.0,8,8,30,22,52,26,73,48,35.0,L,73,48,15.0,19.0,36.0,15.0,38.0,11.0,23.0,66.0,215.0
2026,Round 15,15,False,2026-06-21,2026-06-21,CD_M20260141506,MCG,North Melbourne,Richmond,False,10.0,12,13,7.0,6.0,40.0,12.0,115.0,105.0,390.0,303.0,178.0,16.0,15.0,19.0,8.0,10.0,6,10,75.0,155.0,30.0,6.0,46.0,16.0,66.0,235.0,25,134.0,17.0,16.0,5515.0,37.0,244.0,8,8,22,30,26,52,48,73,41.0,W,48,73,23.0,25.0,29.0,19.0,56.0,11.0,25.0,59.0,261.0
2026,Round 15,15,False,2026-06-21,2026-06-21,CD_M20260141507,Marvel Stadium,St Kilda,Western Bulldogs,True,10.0,11,13,15.0,15.0,64.0,13.0,151.0,115.0,439.0,320.0,146.0,23.0,21.0,13.0,4.0,8.0,12,8,103.0,205.0,41.0,11.0,61.0,12.0,67.0,234.0,-22,100.0,10.0,12.0,6294.0,42.0,272.0,20,22,47,31,58,44,83,61,33.0,L,83,61,21.0,27.0,34.0,25.0,58.0,15.0,40.0,68.0,274.0
2026,Round 15,15,False,2026-06-21,2026-06-21,CD_M20260141507,Marvel Stadium,Western Bulldogs,St Kilda,False,10.0,13,11,11.0,9.0,51.0,5.0,132.0,138.0,396.0,291.0,153.0,16.0,13.0,21.0,11.0,12.0,8,12,91.0,163.0,31.0,10.0,45.0,13.0,69.0,233.0,22,96.0,13.0,10.0,6428.0,57.0,297.0,22,20,31,47,44,58,61,83,53.0,W,61,83,23.0,26.0,47.0,32.0,56.0,13.0,41.0,67.0,248.0
2026,Round 16,16,False,2026-06-25,2026-06-25,CD_M20260141601,Gabba,Brisbane Lions,Sydney,True,11.0,11,12,5.0,19.0,48.0,9.0,142.0,136.0,351.0,238.0,162.0,20.0,13.0,21.0,11.0,19.0,12,19,90.0,100.0,40.0,19.0,62.0,16.0,75.0,251.0,43,109.0,13.0,16.0,6351.0,52.0,312.0,15,25,28,55,51,93,83,126,42.0,W,83,126,31.0,38.0,31.0,27.0,62.0,17.0,46.0,80.0,195.0
2026,Round 16,16,False,2026-06-25,2026-06-25,CD_M20260141601,Gabba,Sydney,Brisbane Lions,False,9.0,12,11,10.0,15.0,66.0,9.0,144.0,129.0,366.0,249.0,114.0,10.0,21.0,13.0,7.0,12.0,19,12,96.0,181.0,45.0,17.0,56.0,17.0,80.0,185.0,-43,69.0,13.0,15.0,5913.0,47.0,248.0,25,15,55,28,93,51,126,83,42.0,L,126,83,23.0,24.0,34.0,18.0,60.0,21.0,33.0,74.0,209.0
2026,Round 16,16,False,2026-06-26,2026-06-26,CD_M20260141605,MCG,Hawthorn,Greater Western Sydney,True,9.0,10,12,3.0,15.0,53.0,4.0,140.0,128.0,373.0,273.0,146.0,19.0,15.0,22.0,9.0,14.0,12,14,90.0,154.0,65.0,21.0,63.0,9.0,65.0,219.0,14,79.0,11.0,11.0,5777.0,44.0,317.0,16,23,30,60,66,87,82,96,26.0,W,82,96,25.0,27.0,29.0,39.0,69.0,12.0,54.0,75.0,219.0
2026,Round 16,16,False,2026-06-26,2026-06-26,CD_M20260141605,MCG,Greater Western Sydney,Hawthorn,False,9.0,12,10,3.0,9.0,54.0,10.0,146.0,168.0,383.0,256.0,110.0,18.0,22.0,15.0,9.0,12.0,14,12,102.0,185.0,27.0,9.0,40.0,16.0,76.0,198.0,-14,74.0,12.0,4.0,5325.0,64.0,301.0,23,16,60,30,87,66,96,82,49.0,L,96,82,22.0,25.0,43.0,21.0,84.0,12.0,30.0,65.0,228.0
2026,Round 16,16,False,2026-06-27,2026-06-27,CD_M20260141602,Marvel Stadium,Carlton,West Coast,True,13.0,10,15,4.0,14.0,49.0,13.0,142.0,113.0,445.0,342.0,177.0,16.0,21.0,22.0,12.0,17.0,9,17,82.0,194.0,22.0,9.0,61.0,14.0,54.0,251.0,53,133.0,20.0,27.0,6360.0,35.0,238.0,14,41,34,66,47,83,64,117,40.0,W,64,117,31.0,35.0,27.0,34.0,61.0,15.0,48.0,54.0,296.0
2026,Round 16,16,False,2026-06-27,2026-06-27,CD_M20260141602,Marvel Stadium,West Coast,Carlton,False,6.0,15,10,12.0,14.0,55.0,5.0,114.0,146.0,301.0,214.0,109.0,22.0,22.0,21.0,5.0,9.0,17,9,78.0,127.0,40.0,11.0,49.0,13.0,55.0,174.0,-53,66.0,4.0,2.0,5216.0,37.0,294.0,41,14,66,34,83,47,117,64,43.0,L,117,64,19.0,21.0,27.0,20.0,48.0,12.0,34.0,54.0,180.0
2026,Round 16,16,False,2026-06-27,2026-06-27,CD_M20260141603,MCG,Collingwood,Richmond,True,13.0,6,16,9.0,14.0,50.0,8.0,103.0,142.0,387.0,298.0,153.0,9.0,16.0,17.0,12.0,15.0,11,15,62.0,171.0,25.0,5.0,56.0,20.0,68.0,216.0,34,122.0,20.0,19.0,6039.0,39.0,265.0,15,15,21,54,48,76,72,106,39.0,W,72,106,31.0,31.0,22.0,16.0,61.0,7.0,30.0,58.0,283.0
2026,Round 16,16,False,2026-06-27,2026-06-27,CD_M20260141603,MCG,Richmond,Collingwood,False,5.0,16,6,12.0,14.0,59.0,4.0,117.0,105.0,380.0,284.0,138.0,20.0,17.0,16.0,9.0,11.0,15,11,77.0,181.0,33.0,11.0,51.0,16.0,58.0,199.0,-34,94.0,13.0,1.0,5736.0,39.0,222.0,15,15,54,21,76,48,106,72,41.0,L,106,72,17.0,18.0,27.0,17.0,37.0,10.0,31.0,68.0,253.0
2026,Round 16,16,False,2026-06-27,2026-06-27,CD_M20260141607,Adelaide Oval,Port Adelaide,Adelaide,True,16.0,5,19,2.0,16.0,55.0,16.0,135.0,125.0,306.0,197.0,134.0,19.0,23.0,20.0,8.0,13.0,11,13,78.0,86.0,47.0,19.0,52.0,18.0,63.0,220.0,26,100.0,17.0,10.0,5814.0,27.0,236.0,26,22,38,54,52,85,71,97,34.0,W,71,97,31.0,35.0,19.0,26.0,63.0,9.0,42.0,61.0,164.0
2026,Round 16,16,False,2026-06-27,2026-06-27,CD_M20260141607,Adelaide Oval,Adelaide,Port Adelaide,False,4.0,19,5,3.0,6.0,59.0,13.0,129.0,104.0,333.0,232.0,130.0,19.0,20.0,23.0,8.0,11.0,13,11,90.0,135.0,31.0,4.0,45.0,10.0,61.0,198.0,-26,79.0,9.0,8.0,5599.0,41.0,204.0,22,26,54,38,85,52,97,71,38.0,L,97,71,16.0,19.0,28.0,16.0,63.0,6.0,22.0,63.0,182.0
2026,Round 16,16,False,2026-06-28,2026-06-28,CD_M20260141606,Marvel Stadium,North Melbourne,Essendon,True,15.0,11,19,12.0,12.0,49.0,5.0,97.0,93.0,435.0,356.0,172.0,17.0,12.0,14.0,7.0,10.0,9,10,74.0,202.0,22.0,4.0,51.0,14.0,53.0,233.0,14,124.0,19.0,13.0,5826.0,37.0,205.0,14,18,30,39,38,63,65,79,31.0,W,65,79,27.0,29.0,27.0,16.0,51.0,18.0,28.0,46.0,321.0
2026,Round 16,16,False,2026-06-28,2026-06-28,CD_M20260141606,Marvel Stadium,Essendon,North Melbourne,False,7.0,19,11,19.0,10.0,39.0,9.0,94.0,112.0,360.0,277.0,155.0,8.0,14.0,12.0,6.0,9.0,10,9,63.0,143.0,37.0,11.0,40.0,15.0,48.0,217.0,-14,129.0,9.0,22.0,5439.0,25.0,236.0,18,14,39,30,63,38,79,65,40.0,L,79,65,19.0,19.0,21.0,15.0,35.0,3.0,25.0,53.0,253.0
2026,Round 16,16,False,2026-06-28,2026-06-28,CD_M20260141604,Optus Stadium,Fremantle,Gold Coast,True,9.0,11,14,13.0,7.0,55.0,8.0,115.0,107.0,393.0,312.0,144.0,10.0,21.0,18.0,10.0,11.0,3,11,81.0,195.0,36.0,5.0,54.0,11.0,68.0,198.0,51,91.0,17.0,12.0,5697.0,43.0,270.0,2,28,11,31,20,60,29,80,35.0,W,29,80,24.0,29.0,32.0,17.0,67.0,21.0,24.0,56.0,269.0
2026,Round 16,16,False,2026-06-28,2026-06-28,CD_M20260141604,Optus Stadium,Gold Coast,Fremantle,False,9.0,14,11,5.0,8.0,57.0,2.0,129.0,150.0,329.0,228.0,121.0,13.0,18.0,21.0,3.0,3.0,11,3,91.0,141.0,42.0,14.0,40.0,8.0,57.0,188.0,-51,75.0,4.0,7.0,5310.0,47.0,303.0,28,2,31,11,60,20,80,29,43.0,L,80,29,14.0,15.0,43.0,28.0,45.0,6.0,36.0,67.0,190.0
2026,Round 17,17,False,2026-07-02,2026-07-02,CD_M20260141702,GMHBA Stadium,Geelong,Brisbane Lions,True,13.0,9,17,4.0,20.0,48.0,8.0,154.0,125.0,365.0,243.0,116.0,22.0,9.0,16.0,10.0,14.0,19,14,114.0,165.0,40.0,12.0,69.0,15.0,82.0,200.0,-22,66.0,14.0,13.0,6712.0,52.0,305.0,48,11,60,53,110,80,123,101,33.0,L,123,101,31.0,31.0,29.0,22.0,57.0,14.0,42.0,71.0,196.0
2026,Round 17,17,False,2026-07-02,2026-07-02,CD_M20260141702,GMHBA Stadium,Brisbane Lions,Geelong,False,6.0,17,9,4.0,11.0,62.0,8.0,143.0,167.0,384.0,268.0,178.0,21.0,16.0,9.0,12.0,19.0,14,19,103.0,118.0,48.0,14.0,52.0,17.0,71.0,266.0,22,102.0,13.0,7.0,6919.0,65.0,312.0,11,48,53,60,80,110,101,123,53.0,W,101,123,27.0,27.0,49.0,29.0,55.0,16.0,40.0,82.0,208.0
2026,Round 17,17,False,2026-07-03,2026-07-03,CD_M20260141708,SCG,Sydney,Western Bulldogs,True,7.0,13,12,14.0,14.0,45.0,13.0,132.0,83.0,400.0,320.0,156.0,21.0,17.0,14.0,10.0,13.0,7,13,86.0,175.0,70.0,15.0,61.0,10.0,58.0,225.0,35,97.0,14.0,11.0,6376.0,55.0,252.0,3,33,26,53,46,70,55,90,33.0,W,55,90,24.0,30.0,47.0,28.0,64.0,20.0,42.0,50.0,254.0
2026,Round 17,17,False,2026-07-03,2026-07-03,CD_M20260141708,SCG,Western Bulldogs,Sydney,False,12.0,12,13,9.0,9.0,40.0,8.0,122.0,164.0,321.0,231.0,124.0,11.0,14.0,17.0,4.0,7.0,13,7,90.0,136.0,29.0,6.0,41.0,12.0,51.0,185.0,-35,72.0,5.0,16.0,5869.0,46.0,296.0,33,3,53,26,70,46,90,55,46.0,L,90,55,20.0,22.0,36.0,36.0,60.0,4.0,45.0,58.0,191.0
2026,Round 17,17,False,2026-07-03,2026-07-03,CD_M20260141709,Optus Stadium,West Coast,Adelaide,True,8.0,9,8,9.0,8.0,60.0,10.0,140.0,136.0,331.0,222.0,126.0,15.0,25.0,28.0,6.0,11.0,15,11,88.0,133.0,27.0,7.0,44.0,16.0,73.0,198.0,-25,84.0,6.0,6.0,5332.0,46.0,243.0,38,9,59,29,86,56,99,74,40.0,L,99,74,19.0,20.0,35.0,29.0,71.0,12.0,37.0,71.0,183.0
2026,Round 17,17,False,2026-07-03,2026-07-03,CD_M20260141709,Optus Stadium,Adelaide,West Coast,False,5.0,8,9,11.0,18.0,68.0,14.0,145.0,102.0,369.0,280.0,171.0,13.0,28.0,25.0,11.0,15.0,11,15,95.0,136.0,49.0,12.0,56.0,20.0,73.0,233.0,25,103.0,8.0,11.0,5848.0,36.0,227.0,9,38,29,59,56,86,74,99,33.0,W,74,99,23.0,23.0,32.0,21.0,73.0,16.0,39.0,73.0,217.0
2026,Round 17,17,False,2026-07-04,2026-07-04,CD_M20260141705,UTAS Stadium,Hawthorn,Melbourne,True,3.0,11,6,2.0,14.0,61.0,18.0,120.0,110.0,345.0,245.0,144.0,15.0,23.0,20.0,11.0,14.0,19,14,68.0,129.0,42.0,13.0,59.0,20.0,63.0,216.0,-35,111.0,15.0,14.0,6142.0,40.0,221.0,47,8,86,9,113,35,125,90,35.0,L,125,90,20.0,27.0,29.0,17.0,44.0,8.0,31.0,71.0,214.0
2026,Round 17,17,False,2026-07-04,2026-07-04,CD_M20260141705,UTAS Stadium,Melbourne,Hawthorn,False,10.0,6,11,4.0,15.0,54.0,16.0,137.0,114.0,349.0,249.0,133.0,16.0,20.0,23.0,15.0,19.0,14,19,76.0,142.0,36.0,15.0,57.0,23.0,71.0,207.0,35,89.0,15.0,13.0,6422.0,35.0,217.0,8,47,9,86,35,113,90,125,43.0,W,90,125,30.0,35.0,24.0,31.0,64.0,17.0,46.0,62.0,203.0
2026,Round 17,17,False,2026-07-04,2026-07-04,CD_M20260141704,Corroboree Group Oval Manuka,Greater Western Sydney,Fremantle,True,12.0,10,13,18.0,15.0,53.0,5.0,140.0,105.0,375.0,286.0,145.0,18.0,24.0,18.0,9.0,16.0,13,16,107.0,169.0,24.0,8.0,62.0,13.0,62.0,206.0,21,86.0,10.0,16.0,6501.0,46.0,263.0,31,33,45,58,65,87,88,109,34.0,W,88,109,29.0,30.0,34.0,27.0,58.0,15.0,42.0,66.0,234.0
2026,Round 17,17,False,2026-07-04,2026-07-04,CD_M20260141704,Corroboree Group Oval Manuka,Fremantle,Greater Western Sydney,False,7.0,13,10,22.0,10.0,55.0,9.0,128.0,141.0,336.0,252.0,129.0,12.0,18.0,24.0,8.0,13.0,16,13,77.0,158.0,46.0,14.0,47.0,15.0,66.0,178.0,-21,74.0,5.0,13.0,5984.0,39.0,286.0,33,31,58,45,87,65,109,88,45.0,L,109,88,23.0,22.0,23.0,18.0,67.0,14.0,28.0,62.0,203.0
2026,Round 17,17,False,2026-07-04,2026-07-04,CD_M20260141703,People First Stadium,Gold Coast,Collingwood,True,6.0,14,8,6.0,13.0,53.0,8.0,133.0,124.0,409.0,306.0,164.0,25.0,14.0,16.0,12.0,15.0,15,15,89.0,180.0,54.0,19.0,53.0,17.0,56.0,229.0,-6,120.0,5.0,9.0,6143.0,36.0,244.0,28,20,57,45,79,72,104,98,41.0,L,104,98,23.0,23.0,28.0,27.0,43.0,8.0,40.0,64.0,262.0
2026,Round 17,17,False,2026-07-04,2026-07-04,CD_M20260141703,People First Stadium,Collingwood,Gold Coast,False,9.0,8,14,8.0,15.0,51.0,7.0,121.0,135.0,354.0,258.0,120.0,11.0,16.0,14.0,13.0,15.0,15,15,89.0,159.0,33.0,6.0,56.0,13.0,64.0,195.0,6,73.0,15.0,19.0,6229.0,46.0,288.0,20,28,45,57,72,79,98,104,38.0,W,98,104,28.0,26.0,30.0,28.0,75.0,16.0,43.0,56.0,217.0
2026,Round 17,17,False,2026-07-04,2026-07-04,CD_M20260141707,MCG,Richmond,Carlton,True,8.0,14,12,6.0,13.0,57.0,13.0,123.0,145.0,318.0,230.0,108.0,16.0,19.0,19.0,4.0,10.0,10,10,80.0,143.0,38.0,10.0,48.0,17.0,63.0,175.0,-2,68.0,8.0,6.0,5356.0,47.0,266.0,15,33,49,41,64,50,74,72,38.0,L,74,72,22.0,22.0,34.0,30.0,61.0,13.0,43.0,69.0,183.0
2026,Round 17,17,False,2026-07-04,2026-07-04,CD_M20260141707,MCG,Carlton,Richmond,False,9.0,12,14,7.0,8.0,65.0,8.0,136.0,143.0,372.0,260.0,139.0,17.0,19.0,19.0,8.0,10.0,10,10,91.0,150.0,39.0,9.0,49.0,13.0,69.0,222.0,2,101.0,17.0,14.0,5698.0,37.0,248.0,33,15,41,49,50,64,72,74,39.0,W,72,74,22.0,28.0,25.0,23.0,57.0,6.0,31.0,62.0,225.0
2026,Round 17,17,False,2026-07-05,2026-07-05,CD_M20260141701,Marvel Stadium,Essendon,St Kilda,True,7.0,15,8,6.0,12.0,54.0,6.0,109.0,163.0,332.0,249.0,125.0,9.0,24.0,17.0,6.0,7.0,17,7,77.0,148.0,49.0,9.0,37.0,11.0,44.0,184.0,-67,82.0,7.0,7.0,4947.0,31.0,281.0,34,13,86,21,94,29,117,50,38.0,L,117,50,15.0,15.0,25.0,21.0,46.0,3.0,33.0,57.0,210.0
2026,Round 17,17,False,2026-07-05,2026-07-05,CD_M20260141701,Marvel Stadium,St Kilda,Essendon,False,12.0,8,15,13.0,11.0,44.0,8.0,115.0,103.0,447.0,356.0,175.0,15.0,17.0,24.0,12.0,17.0,7,17,78.0,203.0,28.0,7.0,55.0,10.0,57.0,244.0,67,127.0,18.0,16.0,6004.0,36.0,255.0,13,34,21,86,29,94,50,117,30.0,W,50,117,32.0,34.0,30.0,23.0,65.0,16.0,34.0,44.0,317.0
2026,Round 17,17,False,2026-07-05,2026-07-05,CD_M20260141706,Adelaide Oval,Port Adelaide,North Melbourne,True,10.0,10,13,7.0,12.0,67.0,11.0,123.0,112.0,295.0,216.0,152.0,2.0,33.0,38.0,7.0,10.0,7,10,68.0,79.0,35.0,12.0,57.0,15.0,71.0,216.0,21,93.0,12.0,8.0,5899.0,47.0,300.0,9,9,17,36,51,51,52,73,34.0,W,52,73,23.0,25.0,37.0,23.0,54.0,8.0,35.0,71.0,157.0
2026,Round 17,17,False,2026-07-05,2026-07-05,CD_M20260141706,Adelaide Oval,North Melbourne,Port Adelaide,False,6.0,13,10,12.0,6.0,76.0,7.0,132.0,109.0,380.0,286.0,143.0,14.0,38.0,33.0,3.0,7.0,10,7,90.0,172.0,23.0,3.0,42.0,18.0,72.0,208.0,-21,94.0,10.0,14.0,5523.0,41.0,208.0,9,9,36,17,51,51,73,52,45.0,L,73,52,17.0,17.0,32.0,23.0,49.0,7.0,29.0,71.0,239.0
2026,Round 18,18,False,2026-07-09,2026-07-09,CD_M20260141805,Optus Stadium,Fremantle,Sydney,True,17.0,13,21,14.0,15.0,46.0,12.0,146.0,118.0,381.0,288.0,134.0,16.0,22.0,21.0,10.0,15.0,10,15,93.0,186.0,36.0,15.0,65.0,10.0,66.0,195.0,38,77.0,14.0,11.0,6777.0,52.0,251.0,24,5,33,11,54,52,73,111,36.0,W,73,111,34.0,38.0,37.0,24.0,50.0,15.0,39.0,62.0,239.0
2026,Round 18,18,False,2026-07-09,2026-07-09,CD_M20260141805,Optus Stadium,Sydney,Fremantle,False,8.0,21,13,16.0,10.0,49.0,5.0,121.0,158.0,339.0,253.0,133.0,10.0,21.0,22.0,8.0,10.0,15,10,78.0,143.0,31.0,10.0,47.0,7.0,63.0,196.0,-38,71.0,11.0,15.0,6221.0,53.0,309.0,5,24,11,33,52,54,111,73,49.0,L,111,73,23.0,26.0,39.0,21.0,70.0,10.0,31.0,66.0,202.0
2026,Round 18,18,False,2026-07-10,2026-07-10,CD_M20260141804,Marvel Stadium,Collingwood,North Melbourne,True,11.0,13,11,12.0,11.0,55.0,6.0,115.0,127.0,384.0,300.0,153.0,11.0,22.0,11.0,12.0,13.0,12,13,84.0,170.0,32.0,3.0,57.0,13.0,52.0,214.0,4,110.0,13.0,20.0,6130.0,32.0,264.0,22,28,42,47,64,67,85,89,42.0,W,85,89,24.0,28.0,25.0,27.0,78.0,15.0,38.0,57.0,263.0
2026,Round 18,18,False,2026-07-10,2026-07-10,CD_M20260141804,Marvel Stadium,North Melbourne,Collingwood,False,12.0,11,13,0.0,9.0,51.0,8.0,121.0,126.0,372.0,275.0,139.0,17.0,11.0,22.0,8.0,12.0,13,12,74.0,159.0,42.0,12.0,55.0,17.0,57.0,213.0,-4,99.0,16.0,11.0,6196.0,42.0,253.0,28,22,47,42,67,64,89,85,43.0,L,89,85,25.0,28.0,28.0,34.0,56.0,14.0,43.0,52.0,235.0
2026,Round 18,18,False,2026-07-11,2026-07-11,CD_M20260141808,Marvel Stadium,St Kilda,Port Adelaide,True,7.0,13,9,11.0,12.0,55.0,10.0,129.0,68.0,437.0,345.0,181.0,12.0,16.0,18.0,10.0,13.0,10,13,90.0,188.0,20.0,4.0,56.0,12.0,67.0,249.0,14,126.0,14.0,15.0,5932.0,47.0,190.0,8,26,25,61,65,73,73,87,39.0,W,73,87,22.0,29.0,33.0,23.0,61.0,19.0,35.0,56.0,295.0
2026,Round 18,18,False,2026-07-11,2026-07-11,CD_M20260141808,Marvel Stadium,Port Adelaide,St Kilda,False,11.0,9,13,6.0,14.0,48.0,6.0,119.0,120.0,308.0,218.0,131.0,11.0,18.0,16.0,6.0,10.0,13,10,78.0,112.0,57.0,14.0,51.0,21.0,57.0,196.0,-14,85.0,7.0,9.0,5772.0,36.0,227.0,26,8,61,25,73,65,87,73,42.0,L,87,73,22.0,23.0,25.0,26.0,40.0,4.0,40.0,66.0,183.0
2026,Round 18,18,False,2026-07-11,2026-07-11,CD_M20260141806,ENGIE Stadium,Greater Western Sydney,Geelong,True,8.0,7,14,11.0,14.0,61.0,8.0,165.0,157.0,407.0,281.0,139.0,24.0,16.0,13.0,10.0,12.0,11,12,116.0,187.0,59.0,17.0,53.0,20.0,71.0,220.0,13,79.0,11.0,4.0,6939.0,48.0,273.0,32,14,49,24,67,40,73,86,48.0,W,73,86,24.0,31.0,34.0,35.0,72.0,9.0,49.0,74.0,236.0
2026,Round 18,18,False,2026-07-11,2026-07-11,CD_M20260141806,ENGIE Stadium,Geelong,Greater Western Sydney,False,6.0,14,7,13.0,8.0,70.0,6.0,145.0,135.0,359.0,252.0,132.0,12.0,13.0,16.0,6.0,11.0,12,11,107.0,150.0,45.0,13.0,60.0,16.0,74.0,209.0,-13,76.0,8.0,10.0,6755.0,48.0,297.0,14,32,24,49,40,67,86,73,40.0,L,86,73,18.0,20.0,32.0,33.0,69.0,12.0,41.0,71.0,208.0
2026,Round 18,18,False,2026-07-11,2026-07-11,CD_M20260141803,MCG,Carlton,Hawthorn,True,2.0,13,3,1.0,10.0,78.0,6.0,153.0,192.0,351.0,209.0,115.0,22.0,15.0,20.0,5.0,6.0,15,6,114.0,135.0,22.0,6.0,45.0,15.0,91.0,216.0,-64,57.0,8.0,5.0,5306.0,28.0,363.0,14,12,33,13,67,27,103,39,41.0,L,103,39,8.0,12.0,18.0,24.0,98.0,14.0,34.0,96.0,168.0
2026,Round 18,18,False,2026-07-11,2026-07-11,CD_M20260141803,MCG,Hawthorn,Carlton,False,10.0,3,13,0.0,14.0,83.0,9.0,177.0,136.0,408.0,240.0,109.0,33.0,20.0,15.0,10.0,15.0,6,15,133.0,167.0,53.0,15.0,57.0,16.0,96.0,241.0,64,57.0,13.0,4.0,5967.0,52.0,312.0,12,14,13,33,27,67,39,103,39.0,W,39,103,27.0,37.0,31.0,32.0,78.0,19.0,46.0,91.0,201.0
2026,Round 18,18,False,2026-07-11,2026-07-11,CD_M20260141801,Adelaide Oval,Adelaide,Gold Coast,True,13.0,7,14,3.0,14.0,46.0,3.0,147.0,137.0,384.0,284.0,150.0,21.0,18.0,32.0,12.0,19.0,7,19,93.0,159.0,44.0,13.0,59.0,12.0,65.0,225.0,79,76.0,13.0,14.0,5977.0,43.0,274.0,15,20,23,50,30,90,49,128,31.0,W,49,128,33.0,38.0,27.0,39.0,90.0,14.0,53.0,60.0,232.0
2026,Round 18,18,False,2026-07-11,2026-07-11,CD_M20260141801,Adelaide Oval,Gold Coast,Adelaide,False,4.0,14,7,4.0,9.0,60.0,5.0,120.0,135.0,337.0,246.0,122.0,12.0,32.0,18.0,5.0,7.0,19,7,85.0,156.0,61.0,16.0,38.0,15.0,60.0,181.0,-79,73.0,5.0,4.0,5153.0,48.0,265.0,20,15,50,23,90,30,128,49,41.0,L,128,49,13.0,16.0,37.0,26.0,55.0,9.0,35.0,64.0,205.0
2026,Round 18,18,False,2026-07-12,2026-07-12,CD_M20260141809,Marvel Stadium,Western Bulldogs,West Coast,True,6.0,16,8,6.0,12.0,55.0,5.0,124.0,126.0,331.0,230.0,129.0,13.0,18.0,19.0,8.0,13.0,9,13,84.0,125.0,36.0,11.0,45.0,11.0,59.0,206.0,16,79.0,16.0,11.0,5581.0,48.0,243.0,17,26,44,37,59,62,70,86,38.0,W,70,86,21.0,23.0,35.0,27.0,62.0,10.0,39.0,69.0,189.0
2026,Round 18,18,False,2026-07-12,2026-07-12,CD_M20260141809,Marvel Stadium,West Coast,Western Bulldogs,False,12.0,8,16,12.0,8.0,57.0,9.0,132.0,112.0,330.0,231.0,143.0,16.0,19.0,18.0,5.0,9.0,13,9,85.0,116.0,45.0,12.0,48.0,18.0,69.0,214.0,-16,101.0,11.0,10.0,5353.0,33.0,256.0,26,17,37,44,62,59,86,70,32.0,L,86,70,24.0,24.0,20.0,25.0,68.0,8.0,33.0,59.0,200.0
2026,Round 18,18,False,2026-07-12,2026-07-12,CD_M20260141807,MCG,Melbourne,Richmond,True,12.0,11,15,8.0,15.0,60.0,17.0,146.0,114.0,407.0,307.0,143.0,13.0,21.0,17.0,15.0,16.0,9,16,97.0,186.0,37.0,10.0,62.0,18.0,71.0,221.0,46,103.0,22.0,16.0,6442.0,41.0,291.0,20,32,29,63,40,83,65,111,36.0,W,65,111,30.0,35.0,28.0,21.0,62.0,18.0,36.0,60.0,250.0
2026,Round 18,18,False,2026-07-12,2026-07-12,CD_M20260141807,MCG,Richmond,Melbourne,False,9.0,15,11,7.0,11.0,55.0,7.0,139.0,157.0,325.0,223.0,109.0,14.0,17.0,21.0,5.0,9.0,16,9,92.0,140.0,36.0,11.0,46.0,9.0,60.0,185.0,-46,55.0,5.0,3.0,5887.0,52.0,314.0,32,20,63,29,83,40,111,65,45.0,L,111,65,19.0,22.0,38.0,31.0,42.0,6.0,42.0,71.0,170.0
2026,Round 18,18,False,2026-07-12,2026-07-12,CD_M20260141802,Gabba,Brisbane Lions,Essendon,True,13.0,11,17,8.0,18.0,48.0,10.0,123.0,69.0,424.0,328.0,185.0,27.0,19.0,22.0,18.0,22.0,8,22,83.0,166.0,40.0,10.0,69.0,22.0,55.0,258.0,90,132.0,20.0,22.0,6767.0,30.0,174.0,3,36,12,64,15,110,59,149,30.0,W,59,149,37.0,42.0,24.0,26.0,37.0,15.0,44.0,56.0,286.0
2026,Round 18,18,False,2026-07-12,2026-07-12,CD_M20260141802,Gabba,Essendon,Brisbane Lions,False,8.0,17,11,8.0,7.0,56.0,5.0,106.0,134.0,293.0,221.0,118.0,5.0,22.0,19.0,6.0,8.0,22,8,72.0,123.0,36.0,10.0,39.0,9.0,57.0,170.0,-90,65.0,11.0,15.0,5335.0,37.0,234.0,36,3,64,12,110,15,149,59,47.0,L,149,59,19.0,17.0,27.0,23.0,53.0,3.0,30.0,55.0,175.0
2026,Round 19,19,False,2026-07-16,2026-07-16,CD_M20260141903,GMHBA Stadium,Geelong,St Kilda,True,9.0,9,12,6.0,14.0,51.0,12.0,136.0,134.0,408.0,295.0,151.0,12.0,11.0,14.0,10.0,15.0,11,15,98.0,184.0,43.0,8.0,61.0,23.0,74.0,224.0,27,110.0,15.0,13.0,6207.0,43.0,297.0,12,26,23,50,48,77,75,102,35.0,W,75,102,27.0,27.0,31.0,29.0,52.0,9.0,43.0,67.0,260.0
2026,Round 19,19,False,2026-07-16,2026-07-16,CD_M20260141903,GMHBA Stadium,St Kilda,Geelong,False,8.0,12,9,6.0,9.0,65.0,6.0,136.0,160.0,410.0,292.0,115.0,11.0,14.0,11.0,9.0,11.0,15,11,102.0,211.0,33.0,8.0,48.0,16.0,67.0,199.0,-27,72.0,11.0,6.0,5971.0,34.0,314.0,26,12,50,23,77,48,102,75,46.0,L,102,75,19.0,23.0,24.0,32.0,81.0,15.0,41.0,74.0,253.0
2026,Round 19,19,False,2026-07-17,2026-07-17,CD_M20260141908,SCG,Sydney,Adelaide,True,8.0,9,11,12.0,13.0,58.0,7.0,149.0,147.0,353.0,228.0,123.0,13.0,19.0,14.0,8.0,10.0,13,10,110.0,152.0,53.0,13.0,59.0,12.0,81.0,201.0,-16,53.0,4.0,6.0,6398.0,74.0,330.0,41,20,53,45,56,62,87,71,43.0,L,87,71,21.0,25.0,63.0,25.0,60.0,5.0,38.0,79.0,178.0
2026,Round 19,19,False,2026-07-17,2026-07-17,CD_M20260141908,SCG,Adelaide,Sydney,False,7.0,11,9,0.0,13.0,55.0,15.0,166.0,136.0,409.0,285.0,155.0,20.0,14.0,19.0,8.0,13.0,10,13,116.0,151.0,34.0,6.0,56.0,14.0,80.0,258.0,16,85.0,10.0,11.0,6653.0,61.0,322.0,20,41,45,53,62,56,71,87,48.0,W,71,87,22.0,22.0,41.0,38.0,72.0,21.0,51.0,81.0,226.0
2026,Round 19,19,False,2026-07-18,2026-07-18,CD_M20260141906,Adelaide Oval,Port Adelaide,Fremantle,True,7.0,13,9,12.0,18.0,55.0,4.0,122.0,119.0,341.0,251.0,156.0,15.0,21.0,25.0,5.0,11.0,15,11,79.0,121.0,37.0,13.0,47.0,13.0,67.0,220.0,-28,100.0,8.0,10.0,5363.0,38.0,257.0,31,33,42,54,80,61,103,75,40.0,L,103,75,20.0,22.0,30.0,18.0,58.0,20.0,36.0,67.0,212.0
2026,Round 19,19,False,2026-07-18,2026-07-18,CD_M20260141906,Adelaide Oval,Fremantle,Port Adelaide,False,10.0,9,13,12.0,9.0,63.0,17.0,133.0,115.0,379.0,296.0,134.0,12.0,25.0,21.0,13.0,15.0,11,15,81.0,185.0,35.0,9.0,55.0,20.0,67.0,194.0,28,86.0,16.0,12.0,6131.0,38.0,224.0,33,31,54,42,61,80,75,103,36.0,W,75,103,28.0,31.0,23.0,27.0,67.0,11.0,36.0,67.0,242.0
2026,Round 19,19,False,2026-07-18,2026-07-18,CD_M20260141905,Marvel Stadium,North Melbourne,Melbourne,True,9.0,14,10,8.0,14.0,47.0,13.0,109.0,125.0,396.0,309.0,152.0,9.0,14.0,10.0,6.0,11.0,13,11,79.0,173.0,23.0,2.0,55.0,16.0,53.0,223.0,-16,107.0,16.0,13.0,6148.0,37.0,273.0,25,37,40,44,70,55,92,76,37.0,L,92,76,21.0,27.0,31.0,20.0,48.0,4.0,34.0,59.0,269.0
2026,Round 19,19,False,2026-07-18,2026-07-18,CD_M20260141905,Marvel Stadium,Melbourne,North Melbourne,False,12.0,10,14,22.0,10.0,31.0,11.0,113.0,115.0,373.0,289.0,144.0,9.0,10.0,14.0,10.0,13.0,11,13,77.0,168.0,31.0,5.0,50.0,14.0,59.0,205.0,16,103.0,15.0,20.0,6029.0,43.0,278.0,37,25,44,40,55,70,76,92,43.0,W,76,92,27.0,31.0,27.0,26.0,39.0,5.0,36.0,53.0,255.0
2026,Round 19,19,False,2026-07-18,2026-07-18,CD_M20260141901,MCG,Collingwood,Carlton,True,6.0,9,6,4.0,11.0,54.0,9.0,128.0,153.0,368.0,266.0,137.0,19.0,15.0,22.0,10.0,14.0,10,14,85.0,161.0,49.0,6.0,51.0,14.0,60.0,207.0,21,87.0,13.0,13.0,5796.0,44.0,275.0,16,18,30,38,56,70,69,90,42.0,W,69,90,20.0,22.0,30.0,28.0,72.0,8.0,39.0,60.0,226.0
2026,Round 19,19,False,2026-07-18,2026-07-18,CD_M20260141901,MCG,Carlton,Collingwood,False,9.0,6,9,5.0,16.0,59.0,1.0,115.0,122.0,383.0,273.0,142.0,23.0,22.0,15.0,5.0,10.0,14,10,83.0,159.0,18.0,8.0,53.0,18.0,60.0,224.0,-21,111.0,12.0,13.0,5903.0,43.0,235.0,18,16,38,30,70,56,90,69,37.0,L,90,69,19.0,24.0,35.0,25.0,48.0,10.0,41.0,60.0,259.0
2026,Round 19,19,False,2026-07-18,2026-07-18,CD_M20260141909,Optus Stadium,West Coast,Brisbane Lions,True,7.0,15,9,12.0,15.0,56.0,3.0,129.0,164.0,322.0,222.0,128.0,9.0,15.0,20.0,8.0,10.0,13,10,93.0,125.0,48.0,10.0,49.0,12.0,58.0,197.0,-24,67.0,8.0,9.0,5896.0,44.0,296.0,17,32,33,40,71,55,93,69,44.0,L,93,69,19.0,20.0,31.0,27.0,69.0,5.0,42.0,63.0,179.0
2026,Round 19,19,False,2026-07-18,2026-07-18,CD_M20260141909,Optus Stadium,Brisbane Lions,West Coast,False,12.0,9,15,6.0,11.0,54.0,15.0,139.0,105.0,394.0,278.0,157.0,17.0,20.0,15.0,11.0,13.0,10,13,93.0,155.0,38.0,11.0,58.0,23.0,64.0,239.0,24,115.0,12.0,14.0,6482.0,48.0,265.0,32,17,40,33,55,71,69,93,38.0,W,69,93,28.0,31.0,33.0,27.0,56.0,14.0,38.0,58.0,241.0
2026,Round 19,19,False,2026-07-19,2026-07-19,CD_M20260141907,MCG,Richmond,Hawthorn,True,12.0,14,16,6.0,11.0,52.0,9.0,120.0,125.0,329.0,233.0,120.0,11.0,23.0,11.0,5.0,6.0,18,6,77.0,142.0,26.0,9.0,51.0,14.0,59.0,187.0,-70,69.0,12.0,5.0,5299.0,42.0,261.0,34,5,81,18,107,29,122,52,41.0,L,122,52,21.0,26.0,35.0,24.0,50.0,9.0,35.0,67.0,194.0
2026,Round 19,19,False,2026-07-19,2026-07-19,CD_M20260141907,MCG,Hawthorn,Richmond,False,11.0,16,14,17.0,11.0,45.0,8.0,122.0,116.0,431.0,342.0,165.0,12.0,11.0,23.0,13.0,18.0,6,18,79.0,201.0,31.0,7.0,60.0,10.0,67.0,230.0,70,107.0,14.0,14.0,6466.0,39.0,244.0,5,34,18,81,29,107,52,122,44.0,W,52,122,31.0,36.0,32.0,18.0,68.0,11.0,29.0,57.0,295.0
2026,Round 19,19,False,2026-07-19,2026-07-19,CD_M20260141904,People First Stadium,Gold Coast,Western Bulldogs,True,11.0,11,14,17.0,9.0,61.0,14.0,128.0,88.0,401.0,311.0,139.0,15.0,25.0,21.0,8.0,9.0,11,9,71.0,197.0,45.0,17.0,53.0,13.0,58.0,204.0,-9,100.0,15.0,15.0,6149.0,41.0,196.0,14,8,36,42,69,46,77,68,32.0,L,77,68,22.0,28.0,31.0,30.0,62.0,17.0,39.0,63.0,271.0
2026,Round 19,19,False,2026-07-19,2026-07-19,CD_M20260141904,People First Stadium,Western Bulldogs,Gold Coast,False,10.0,14,11,10.0,9.0,53.0,9.0,110.0,126.0,309.0,231.0,141.0,6.0,21.0,25.0,7.0,11.0,9,11,62.0,106.0,28.0,6.0,43.0,17.0,62.0,203.0,9,91.0,10.0,14.0,5907.0,50.0,239.0,8,14,42,36,46,69,68,77,42.0,W,68,77,22.0,25.0,30.0,22.0,42.0,10.0,31.0,58.0,193.0
2026,Round 19,19,False,2026-07-19,2026-07-19,CD_M20260141902,Marvel Stadium,Essendon,Greater Western Sydney,True,6.0,16,7,13.0,10.0,48.0,6.0,133.0,108.0,367.0,272.0,130.0,10.0,15.0,27.0,6.0,10.0,8,10,89.0,171.0,41.0,8.0,49.0,10.0,61.0,196.0,3,72.0,8.0,12.0,5380.0,37.0,276.0,15,16,21,24,42,48,64,67,38.0,W,64,67,17.0,21.0,31.0,35.0,71.0,18.0,45.0,70.0,218.0
2026,Round 19,19,False,2026-07-19,2026-07-19,CD_M20260141902,Marvel Stadium,Greater Western Sydney,Essendon,False,15.0,7,16,5.0,9.0,61.0,3.0,120.0,114.0,368.0,268.0,118.0,14.0,27.0,15.0,6.0,8.0,10,8,84.0,185.0,37.0,12.0,46.0,13.0,70.0,183.0,-3,85.0,16.0,14.0,5083.0,41.0,262.0,16,15,24,21,48,42,67,64,37.0,L,67,64,23.0,26.0,34.0,19.0,78.0,15.0,28.0,60.0,244.0
2026,Round 20,20,False,2026-07-23,2026-07-23,CD_M20260142001,Adelaide Oval,Adelaide,Collingwood,True,8.0,12,8,1.0,10.0,44.0,13.0,140.0,157.0,354.0,254.0,137.0,9.0,14.0,19.0,11.0,11.0,16,11,89.0,143.0,43.0,15.0,47.0,18.0,64.0,211.0,-34,92.0,12.0,9.0,5486.0,56.0,313.0,20,33,40,48,68,60,108,74,33.0,L,108,74,19.0,23.0,39.0,31.0,68.0,8.0,41.0,70.0,211.0
2026,Round 20,20,False,2026-07-23,2026-07-23,CD_M20260142001,Adelaide Oval,Collingwood,Adelaide,False,9.0,8,12,7.0,14.0,50.0,17.0,150.0,110.0,387.0,277.0,136.0,18.0,19.0,14.0,11.0,16.0,11,16,98.0,176.0,47.0,16.0,49.0,17.0,70.0,211.0,34,80.0,11.0,5.0,6231.0,45.0,261.0,33,20,48,40,60,68,74,108,35.0,W,74,108,27.0,33.0,38.0,24.0,67.0,9.0,38.0,64.0,218.0
2026,Round 20,20,False,2026-07-24,2026-07-24,CD_M20260142008,MCG,Melbourne,Geelong,True,12.0,9,13,17.0,19.0,59.0,9.0,131.0,154.0,363.0,265.0,130.0,9.0,11.0,19.0,10.0,14.0,18,14,80.0,159.0,49.0,14.0,51.0,14.0,71.0,204.0,-20,78.0,17.0,11.0,6281.0,40.0,286.0,18,28,64,44,81,63,117,97,44.0,L,117,97,27.0,31.0,29.0,16.0,49.0,5.0,35.0,72.0,220.0
2026,Round 20,20,False,2026-07-24,2026-07-24,CD_M20260142008,MCG,Geelong,Melbourne,False,9.0,13,9,14.0,13.0,47.0,8.0,128.0,114.0,375.0,286.0,165.0,13.0,19.0,11.0,16.0,18.0,14,18,95.0,148.0,22.0,7.0,62.0,20.0,72.0,227.0,20,113.0,16.0,17.0,6649.0,40.0,294.0,28,18,44,64,63,81,97,117,36.0,W,97,117,27.0,32.0,25.0,22.0,46.0,6.0,35.0,71.0,243.0
2026,Round 20,20,False,2026-07-24,2026-07-24,CD_M20260142004,Optus Stadium,Fremantle,West Coast,True,12.0,6,16,14.0,15.0,49.0,12.0,127.0,117.0,370.0,288.0,140.0,15.0,13.0,27.0,11.0,16.0,6,16,74.0,175.0,50.0,14.0,52.0,15.0,57.0,195.0,70,87.0,14.0,9.0,5958.0,36.0,287.0,19,18,32,40,40,72,42,112,28.0,W,42,112,32.0,34.0,25.0,22.0,57.0,6.0,37.0,50.0,239.0
2026,Round 20,20,False,2026-07-24,2026-07-24,CD_M20260142004,Optus Stadium,West Coast,Fremantle,False,6.0,16,6,15.0,9.0,64.0,8.0,105.0,136.0,375.0,289.0,145.0,10.0,27.0,13.0,4.0,6.0,16,6,72.0,169.0,27.0,9.0,35.0,13.0,50.0,206.0,-70,116.0,7.0,16.0,4965.0,37.0,292.0,18,19,40,32,72,40,112,42,35.0,L,112,42,12.0,13.0,30.0,21.0,46.0,10.0,30.0,56.0,263.0
2026,Round 20,20,False,2026-07-25,2026-07-25,CD_M20260142003,Marvel Stadium,Carlton,Gold Coast,True,12.0,7,14,5.0,18.0,58.0,11.0,140.0,106.0,438.0,337.0,182.0,25.0,14.0,25.0,11.0,16.0,15,16,88.0,182.0,22.0,10.0,57.0,19.0,68.0,256.0,13,133.0,13.0,23.0,5814.0,35.0,228.0,20,22,46,49,64,76,97,110,37.0,W,97,110,29.0,39.0,19.0,21.0,52.0,14.0,39.0,61.0,295.0
2026,Round 20,20,False,2026-07-25,2026-07-25,CD_M20260142003,Marvel Stadium,Gold Coast,Carlton,False,6.0,14,7,8.0,15.0,59.0,5.0,111.0,138.0,321.0,244.0,124.0,13.0,25.0,14.0,10.0,15.0,16,15,75.0,149.0,37.0,15.0,52.0,15.0,61.0,172.0,-13,77.0,15.0,10.0,5489.0,34.0,264.0,22,20,49,46,76,64,110,97,41.0,L,110,97,22.0,23.0,23.0,13.0,34.0,2.0,28.0,68.0,205.0
2026,Round 20,20,False,2026-07-25,2026-07-25,CD_M20260142006,MCG,Hawthorn,Essendon,True,13.0,9,18,10.0,16.0,65.0,9.0,128.0,91.0,462.0,362.0,186.0,21.0,23.0,24.0,17.0,19.0,5,19,82.0,203.0,29.0,12.0,68.0,20.0,67.0,259.0,93,148.0,18.0,24.0,6567.0,33.0,213.0,15,23,17,62,24,98,39,132,31.0,W,39,132,37.0,35.0,24.0,22.0,47.0,9.0,38.0,60.0,332.0
2026,Round 20,20,False,2026-07-25,2026-07-25,CD_M20260142006,MCG,Essendon,Hawthorn,False,8.0,18,9,2.0,7.0,55.0,7.0,102.0,179.0,302.0,214.0,111.0,11.0,24.0,23.0,4.0,5.0,19,5,66.0,130.0,37.0,8.0,36.0,14.0,60.0,172.0,-93,73.0,9.0,4.0,4802.0,38.0,339.0,23,15,62,17,98,24,132,39,47.0,L,132,39,14.0,17.0,32.0,19.0,59.0,15.0,26.0,67.0,181.0
2026,Round 20,20,False,2026-07-25,2026-07-25,CD_M20260142005,ENGIE Stadium,Greater Western Sydney,Sydney,True,7.0,13,10,14.0,15.0,59.0,7.0,114.0,149.0,373.0,294.0,158.0,16.0,23.0,16.0,11.0,13.0,21,13,79.0,164.0,25.0,6.0,51.0,13.0,58.0,209.0,-51,111.0,14.0,17.0,5797.0,34.0,298.0,46,13,81,28,112,55,139,88,36.0,L,139,88,23.0,24.0,22.0,10.0,40.0,5.0,25.0,55.0,249.0
2026,Round 20,20,False,2026-07-25,2026-07-25,CD_M20260142005,ENGIE Stadium,Sydney,Greater Western Sydney,False,13.0,10,13,10.0,21.0,51.0,7.0,126.0,126.0,352.0,261.0,122.0,12.0,16.0,23.0,14.0,21.0,13,21,78.0,169.0,38.0,14.0,57.0,12.0,56.0,183.0,51,62.0,16.0,8.0,6441.0,38.0,276.0,13,46,28,81,55,112,88,139,36.0,W,88,139,34.0,36.0,25.0,25.0,46.0,3.0,46.0,58.0,219.0
2026,Round 20,20,False,2026-07-25,2026-07-25,CD_M20260142009,Marvel Stadium,Western Bulldogs,Richmond,True,13.0,6,15,13.0,15.0,50.0,14.0,127.0,77.0,404.0,313.0,177.0,18.0,17.0,19.0,14.0,15.0,7,15,86.0,153.0,36.0,10.0,61.0,18.0,67.0,251.0,57,127.0,20.0,14.0,6103.0,49.0,217.0,15,17,15,46,35,73,48,105,31.0,W,48,105,30.0,33.0,41.0,22.0,55.0,17.0,37.0,59.0,270.0
2026,Round 20,20,False,2026-07-25,2026-07-25,CD_M20260142009,Marvel Stadium,Richmond,Western Bulldogs,False,4.0,15,6,2.0,10.0,50.0,7.0,111.0,135.0,372.0,285.0,165.0,10.0,19.0,17.0,7.0,7.0,15,7,73.0,144.0,40.0,10.0,39.0,20.0,59.0,228.0,-57,122.0,5.0,14.0,5098.0,31.0,264.0,17,15,46,15,73,35,105,48,43.0,L,105,48,12.0,13.0,27.0,25.0,55.0,10.0,35.0,66.0,251.0
2026,Round 20,20,False,2026-07-26,2026-07-26,CD_M20260142002,Gabba,Brisbane Lions,Port Adelaide,True,11.0,13,12,4.0,13.0,47.0,11.0,121.0,90.0,413.0,313.0,187.0,22.0,14.0,8.0,13.0,19.0,9,19,92.0,151.0,25.0,4.0,63.0,13.0,59.0,262.0,59,133.0,19.0,14.0,6243.0,37.0,236.0,15,22,29,38,52,81,67,126,34.0,W,67,126,31.0,35.0,27.0,24.0,56.0,12.0,37.0,55.0,271.0
2026,Round 20,20,False,2026-07-26,2026-07-26,CD_M20260142002,Gabba,Port Adelaide,Brisbane Lions,False,9.0,12,13,6.0,13.0,52.0,7.0,123.0,137.0,322.0,223.0,117.0,3.0,8.0,14.0,9.0,9.0,19,9,85.0,127.0,44.0,13.0,45.0,9.0,55.0,195.0,-59,74.0,17.0,10.0,5268.0,34.0,239.0,22,15,38,29,81,52,126,67,43.0,L,126,67,21.0,24.0,22.0,22.0,43.0,4.0,35.0,60.0,181.0
2026,Round 20,20,False,2026-07-26,2026-07-26,CD_M20260142007,Marvel Stadium,North Melbourne,St Kilda,True,11.0,15,14,2.0,6.0,62.0,8.0,100.0,114.0,366.0,289.0,161.0,7.0,26.0,16.0,8.0,8.0,13,8,72.0,154.0,24.0,4.0,44.0,13.0,59.0,212.0,-31,127.0,20.0,9.0,5526.0,43.0,249.0,27,11,38,34,67,54,93,62,42.0,L,93,62,22.0,22.0,34.0,17.0,33.0,8.0,23.0,56.0,255.0
2026,Round 20,20,False,2026-07-26,2026-07-26,CD_M20260142007,Marvel Stadium,St Kilda,North Melbourne,False,13.0,14,15,12.0,19.0,41.0,12.0,139.0,84.0,404.0,311.0,160.0,20.0,16.0,26.0,8.0,13.0,8,13,88.0,173.0,23.0,9.0,58.0,15.0,56.0,231.0,31,102.0,10.0,13.0,6056.0,36.0,224.0,11,27,34,38,54,67,62,93,36.0,W,62,93,27.0,29.0,28.0,22.0,44.0,10.0,41.0,59.0,258.0
2026,Round 21,21,False,2026-07-30,2026-07-30,CD_M20260142102,MCG,Collingwood,Geelong,True,9.0,7,12,3.0,12.0,43.0,14.0,137.0,154.0,358.0,247.0,114.0,17.0,7.0,24.0,6.0,10.0,15,10,86.0,168.0,37.0,9.0,45.0,20.0,74.0,190.0,-25,84.0,11.0,7.0,5983.0,39.0,303.0,32,8,57,28,65,48,97,72,52.0,L,97,72,21.0,27.0,26.0,22.0,75.0,17.0,34.0,60.0,211.0
2026,Round 21,21,False,2026-07-30,2026-07-30,CD_M20260142102,MCG,Geelong,Collingwood,False,6.0,12,7,10.0,13.0,57.0,11.0,136.0,126.0,362.0,259.0,135.0,15.0,24.0,7.0,15.0,15.0,10,15,104.0,154.0,47.0,13.0,67.0,15.0,60.0,208.0,25,86.0,19.0,7.0,6470.0,41.0,296.0,8,32,28,57,48,65,72,97,35.0,W,72,97,22.0,28.0,31.0,38.0,66.0,14.0,51.0,74.0,213.0
2026,Round 21,21,False,2026-07-31,2026-07-31,CD_M20260142104,Optus Stadium,Fremantle,Western Bulldogs,True,11.0,11,12,18.0,9.0,47.0,10.0,108.0,108.0,370.0,304.0,190.0,10.0,15.0,19.0,8.0,11.0,5,11,72.0,129.0,41.0,6.0,54.0,16.0,60.0,241.0,37,136.0,14.0,18.0,5809.0,37.0,250.0,8,9,29,29,32,46,41,78,32.0,W,41,78,23.0,26.0,25.0,20.0,51.0,14.0,29.0,49.0,251.0
2026,Round 21,21,False,2026-07-31,2026-07-31,CD_M20260142104,Optus Stadium,Western Bulldogs,Fremantle,False,8.0,12,11,3.0,9.0,60.0,4.0,128.0,119.0,353.0,255.0,128.0,19.0,19.0,15.0,4.0,5.0,11,5,93.0,154.0,27.0,13.0,38.0,5.0,49.0,199.0,-37,78.0,9.0,7.0,5303.0,51.0,215.0,9,8,29,29,46,32,78,41,43.0,L,78,41,16.0,15.0,41.0,28.0,50.0,7.0,37.0,60.0,215.0
2026,Round 21,21,False,2026-08-01,2026-08-01,CD_M20260142109,Marvel Stadium,St Kilda,Sydney,True,7.0,11,10,11.0,14.0,67.0,11.0,128.0,132.0,388.0,295.0,152.0,12.0,28.0,16.0,12.0,13.0,16,13,83.0,169.0,22.0,8.0,49.0,14.0,72.0,219.0,-19,94.0,11.0,19.0,6063.0,35.0,278.0,26,35,42,55,62,74,107,88,43.0,L,107,88,22.0,21.0,27.0,19.0,54.0,7.0,33.0,73.0,254.0
2026,Round 21,21,False,2026-08-01,2026-08-01,CD_M20260142109,Marvel Stadium,Sydney,St Kilda,False,9.0,10,11,9.0,14.0,57.0,9.0,142.0,119.0,365.0,274.0,147.0,17.0,16.0,28.0,11.0,16.0,13,16,88.0,161.0,35.0,7.0,60.0,14.0,73.0,204.0,19,81.0,14.0,11.0,6378.0,54.0,260.0,35,26,55,42,74,62,88,107,36.0,W,88,107,26.0,28.0,38.0,26.0,48.0,6.0,40.0,72.0,213.0
2026,Round 21,21,False,2026-08-01,2026-08-01,CD_M20260142106,UTAS Stadium,Hawthorn,North Melbourne,True,15.0,11,15,11.0,14.0,40.0,8.0,110.0,75.0,371.0,279.0,146.0,5.0,15.0,16.0,10.0,14.0,12,14,66.0,154.0,36.0,14.0,61.0,20.0,64.0,217.0,16,106.0,16.0,13.0,6165.0,31.0,218.0,26,9,46,46,69,68,83,99,27.0,W,83,99,29.0,32.0,20.0,19.0,50.0,9.0,33.0,54.0,250.0
2026,Round 21,21,False,2026-08-01,2026-08-01,CD_M20260142106,UTAS Stadium,North Melbourne,Hawthorn,False,6.0,15,11,4.0,9.0,47.0,7.0,110.0,101.0,377.0,281.0,136.0,6.0,16.0,15.0,10.0,12.0,14,12,75.0,177.0,34.0,8.0,40.0,14.0,54.0,200.0,-16,98.0,14.0,18.0,6047.0,35.0,221.0,9,26,46,46,68,69,99,83,46.0,L,99,83,23.0,22.0,28.0,26.0,59.0,4.0,35.0,64.0,253.0
2026,Round 21,21,False,2026-08-01,2026-08-01,CD_M20260142107,Adelaide Oval,Port Adelaide,Greater Western Sydney,True,9.0,15,9,3.0,9.0,56.0,6.0,142.0,148.0,339.0,228.0,144.0,15.0,15.0,23.0,6.0,9.0,10,9,94.0,115.0,49.0,17.0,51.0,6.0,66.0,224.0,-12,89.0,10.0,12.0,5704.0,54.0,287.0,13,14,42,40,70,53,75,63,41.0,L,75,63,18.0,23.0,41.0,28.0,68.0,15.0,37.0,70.0,181.0
2026,Round 21,21,False,2026-08-01,2026-08-01,CD_M20260142107,Adelaide Oval,Greater Western Sydney,Port Adelaide,False,12.0,9,15,10.0,9.0,61.0,12.0,136.0,104.0,359.0,264.0,131.0,16.0,23.0,15.0,8.0,10.0,9,10,94.0,157.0,30.0,9.0,53.0,14.0,70.0,202.0,12,74.0,8.0,6.0,6055.0,51.0,239.0,14,13,40,42,53,70,63,75,42.0,W,63,75,25.0,24.0,34.0,26.0,72.0,21.0,35.0,66.0,206.0
2026,Round 21,21,False,2026-08-01,2026-08-01,CD_M20260142101,Marvel Stadium,Carlton,Brisbane Lions,True,7.0,12,10,1.0,21.0,49.0,13.0,124.0,124.0,408.0,337.0,188.0,17.0,20.0,22.0,20.0,24.0,11,24,84.0,165.0,24.0,5.0,62.0,20.0,56.0,243.0,76,125.0,20.0,13.0,6820.0,30.0,250.0,35,39,61,79,75,117,78,154,38.0,W,78,154,34.0,36.0,26.0,22.0,38.0,8.0,43.0,55.0,276.0
2026,Round 21,21,False,2026-08-01,2026-08-01,CD_M20260142101,Marvel Stadium,Brisbane Lions,Carlton,False,9.0,10,12,7.0,15.0,60.0,11.0,114.0,138.0,338.0,262.0,139.0,17.0,22.0,20.0,9.0,11.0,24,11,63.0,137.0,47.0,14.0,49.0,14.0,55.0,201.0,-76,92.0,8.0,10.0,5595.0,29.0,278.0,39,35,79,61,117,75,154,78,37.0,L,154,78,23.0,25.0,24.0,18.0,39.0,8.0,33.0,56.0,224.0
2026,Round 21,21,False,2026-08-02,2026-08-02,CD_M20260142108,MCG,Richmond,West Coast,True,11.0,19,12,3.0,10.0,67.0,10.0,138.0,133.0,344.0,241.0,119.0,11.0,25.0,22.0,8.0,12.0,9,12,89.0,156.0,47.0,13.0,45.0,13.0,66.0,188.0,11,63.0,10.0,7.0,5602.0,41.0,296.0,18,28,31,46,48,60,73,84,43.0,W,73,84,24.0,26.0,26.0,20.0,71.0,10.0,30.0,65.0,194.0
2026,Round 21,21,False,2026-08-02,2026-08-02,CD_M20260142108,MCG,West Coast,Richmond,False,16.0,12,19,12.0,9.0,57.0,10.0,133.0,113.0,327.0,229.0,119.0,19.0,22.0,25.0,6.0,9.0,12,9,89.0,133.0,37.0,14.0,52.0,13.0,65.0,194.0,-11,59.0,14.0,5.0,5672.0,31.0,294.0,28,18,46,31,60,48,84,73,33.0,L,84,73,28.0,27.0,26.0,29.0,73.0,22.0,38.0,66.0,175.0
2026,Round 21,21,False,2026-08-02,2026-08-02,CD_M20260142105,People First Stadium,Gold Coast,Melbourne,True,6.0,6,9,13.0,15.0,48.0,12.0,130.0,108.0,316.0,231.0,134.0,12.0,15.0,23.0,9.0,16.0,18,16,84.0,126.0,42.0,11.0,58.0,14.0,68.0,190.0,-9,76.0,13.0,15.0,5976.0,47.0,240.0,30,27,50,54,87,86,114,105,37.0,L,114,105,24.0,28.0,41.0,23.0,57.0,13.0,38.0,70.0,179.0
2026,Round 21,21,False,2026-08-02,2026-08-02,CD_M20260142105,People First Stadium,Melbourne,Gold Coast,False,5.0,9,6,5.0,18.0,56.0,15.0,133.0,110.0,364.0,281.0,156.0,11.0,23.0,15.0,18.0,18.0,16,18,85.0,155.0,39.0,11.0,55.0,18.0,70.0,209.0,9,105.0,16.0,17.0,6163.0,40.0,231.0,27,30,54,50,86,87,105,114,40.0,W,105,114,24.0,26.0,32.0,15.0,67.0,12.0,33.0,67.0,227.0
2026,Round 21,21,False,2026-08-02,2026-08-02,CD_M20260142103,Marvel Stadium,Essendon,Adelaide,True,7.0,7,7,5.0,13.0,44.0,3.0,118.0,124.0,350.0,266.0,128.0,13.0,19.0,24.0,7.0,11.0,23,11,79.0,156.0,29.0,8.0,49.0,9.0,58.0,194.0,-72,84.0,6.0,17.0,5106.0,44.0,282.0,44,19,66,33,97,47,145,73,35.0,L,145,73,18.0,21.0,34.0,20.0,55.0,10.0,33.0,56.0,229.0
2026,Round 21,21,False,2026-08-02,2026-08-02,CD_M20260142103,Marvel Stadium,Adelaide,Essendon,False,7.0,7,7,4.0,17.0,53.0,17.0,124.0,125.0,349.0,282.0,162.0,13.0,24.0,19.0,21.0,23.0,11,23,78.0,134.0,47.0,10.0,58.0,12.0,56.0,215.0,72,104.0,23.0,14.0,5866.0,38.0,276.0,19,44,33,66,47,97,73,145,37.0,W,73,145,30.0,33.0,27.0,22.0,57.0,10.0,39.0,58.0,225.0
2026,Round 22,22,False,2026-08-06,2026-08-06,CD_M20260142209,Marvel Stadium,Western Bulldogs,North Melbourne,True,6.0,10,11,11.0,9.0,36.0,6.0,132.0,110.0,351.0,260.0,121.0,23.0,17.0,21.0,5.0,11.0,15,11,91.0,166.0,25.0,8.0,59.0,10.0,58.0,185.0,-23,67.0,9.0,8.0,5724.0,51.0,288.0,36,15,62,36,79,69,100,77,33.0,L,100,77,20.0,20.0,40.0,24.0,61.0,13.0,33.0,54.0,216.0
2026,Round 22,22,False,2026-08-06,2026-08-06,CD_M20260142209,Marvel Stadium,North Melbourne,Western Bulldogs,False,7.0,11,10,5.0,16.0,56.0,10.0,139.0,136.0,418.0,306.0,160.0,12.0,21.0,17.0,10.0,15.0,11,15,85.0,178.0,43.0,13.0,49.0,15.0,55.0,240.0,23,109.0,19.0,14.0,6329.0,44.0,264.0,15,36,36,62,69,79,77,100,47.0,W,77,100,25.0,25.0,30.0,26.0,64.0,9.0,42.0,58.0,264.0
2026,Round 22,22,False,2026-08-07,2026-08-07,CD_M20260142202,Gabba,Brisbane Lions,Hawthorn,True,14.0,10,17,6.0,12.0,47.0,15.0,131.0,116.0,394.0,290.0,179.0,18.0,14.0,13.0,13.0,18.0,8,18,94.0,134.0,26.0,8.0,65.0,14.0,73.0,260.0,67,109.0,16.0,20.0,6920.0,51.0,266.0,9,15,28,56,44,90,58,125,41.0,W,58,125,35.0,40.0,35.0,20.0,50.0,13.0,32.0,56.0,224.0
2026,Round 22,22,False,2026-08-07,2026-08-07,CD_M20260142202,Gabba,Hawthorn,Brisbane Lions,False,8.0,17,10,7.0,16.0,49.0,7.0,120.0,159.0,349.0,259.0,127.0,9.0,13.0,14.0,7.0,8.0,18,8,78.0,159.0,40.0,14.0,50.0,10.0,56.0,190.0,-67,78.0,11.0,8.0,5800.0,47.0,287.0,15,9,56,28,90,44,125,58,47.0,L,125,58,18.0,21.0,37.0,27.0,49.0,8.0,43.0,73.0,212.0
2026,Round 22,22,False,2026-08-08,2026-08-08,CD_M20260142205,MCG,Melbourne,Fremantle,True,11.0,7,11,6.0,17.0,55.0,6.0,138.0,101.0,323.0,227.0,115.0,14.0,19.0,29.0,12.0,17.0,17,17,85.0,140.0,34.0,12.0,56.0,14.0,60.0,183.0,4,67.0,14.0,14.0,5738.0,39.0,223.0,32,32,68,65,88,80,109,113,34.0,W,109,113,28.0,33.0,28.0,15.0,68.0,16.0,32.0,45.0,179.0
2026,Round 22,22,False,2026-08-08,2026-08-08,CD_M20260142205,MCG,Fremantle,Melbourne,False,6.0,11,7,5.0,17.0,61.0,12.0,113.0,122.0,321.0,257.0,144.0,10.0,29.0,19.0,12.0,17.0,17,17,66.0,130.0,40.0,13.0,51.0,16.0,46.0,191.0,-4,91.0,15.0,18.0,5512.0,39.0,240.0,32,32,65,68,80,88,113,109,37.0,L,113,109,24.0,27.0,28.0,26.0,59.0,6.0,43.0,59.0,208.0
2026,Round 22,22,False,2026-08-08,2026-08-08,CD_M20260142207,SCG,Sydney,Port Adelaide,True,8.0,10,11,22.0,20.0,50.0,10.0,130.0,139.0,425.0,325.0,142.0,12.0,11.0,10.0,24.0,26.0,10,26,97.0,219.0,27.0,8.0,63.0,17.0,67.0,206.0,97,86.0,21.0,10.0,6637.0,41.0,253.0,22,20,36,78,44,103,70,167,40.0,W,70,167,37.0,38.0,29.0,21.0,61.0,10.0,41.0,55.0,276.0
2026,Round 22,22,False,2026-08-08,2026-08-08,CD_M20260142207,SCG,Port Adelaide,Sydney,False,9.0,11,10,5.0,15.0,53.0,8.0,125.0,142.0,339.0,232.0,116.0,15.0,10.0,11.0,7.0,10.0,26,10,84.0,142.0,47.0,19.0,50.0,9.0,55.0,197.0,-97,83.0,12.0,15.0,5308.0,36.0,314.0,20,22,78,36,103,44,167,70,35.0,L,167,70,20.0,26.0,26.0,23.0,42.0,8.0,38.0,67.0,204.0
2026,Round 22,22,False,2026-08-08,2026-08-08,CD_M20260142203,GMHBA Stadium,Geelong,Essendon,True,10.0,8,15,8.0,17.0,59.0,11.0,140.0,133.0,359.0,256.0,138.0,20.0,21.0,19.0,14.0,17.0,7,17,102.0,146.0,35.0,6.0,55.0,12.0,66.0,213.0,67,77.0,21.0,8.0,5940.0,35.0,249.0,4,29,16,69,43,89,50,117,34.0,W,50,117,31.0,34.0,25.0,31.0,70.0,21.0,48.0,59.0,198.0
2026,Round 22,22,False,2026-08-08,2026-08-08,CD_M20260142203,GMHBA Stadium,Essendon,Geelong,False,5.0,15,8,0.0,6.0,47.0,1.0,126.0,162.0,303.0,202.0,109.0,11.0,19.0,21.0,3.0,7.0,17,7,83.0,126.0,53.0,12.0,44.0,7.0,59.0,177.0,-67,51.0,10.0,6.0,4925.0,40.0,308.0,29,4,69,16,89,43,117,50,38.0,L,117,50,15.0,18.0,26.0,30.0,72.0,15.0,36.0,65.0,161.0
2026,Round 22,22,False,2026-08-08,2026-08-08,CD_M20260142201,Adelaide Oval,Adelaide,Richmond,True,6.0,12,9,4.0,10.0,53.0,8.0,148.0,119.0,358.0,244.0,125.0,8.0,17.0,26.0,6.0,9.0,7,9,100.0,148.0,42.0,15.0,50.0,11.0,71.0,210.0,9,68.0,6.0,8.0,6305.0,45.0,239.0,14,9,28,29,45,49,54,63,44.0,W,54,63,18.0,17.0,35.0,28.0,66.0,9.0,38.0,76.0,186.0
2026,Round 22,22,False,2026-08-08,2026-08-08,CD_M20260142201,Adelaide Oval,Richmond,Adelaide,False,9.0,9,12,5.0,6.0,57.0,8.0,136.0,108.0,317.0,218.0,119.0,12.0,26.0,17.0,6.0,7.0,9,7,98.0,126.0,39.0,5.0,51.0,13.0,76.0,191.0,-9,61.0,10.0,6.0,6038.0,60.0,251.0,9,14,29,28,49,45,63,54,40.0,L,63,54,19.0,18.0,50.0,33.0,58.0,10.0,39.0,71.0,165.0
2026,Round 22,22,False,2026-08-09,2026-08-09,CD_M20260142204,Corroboree Group Oval Manuka,Greater Western Sydney,Gold Coast,True,7.0,13,11,2.0,8.0,73.0,2.0,171.0,148.0,321.0,178.0,100.0,33.0,20.0,20.0,6.0,11.0,11,11,127.0,121.0,42.0,10.0,58.0,9.0,85.0,200.0,-2,36.0,5.0,2.0,6015.0,62.0,292.0,22,16,35,25,68,56,79,77,36.0,L,79,77,22.0,24.0,46.0,37.0,85.0,22.0,45.0,83.0,130.0
2026,Round 22,22,False,2026-08-09,2026-08-09,CD_M20260142204,Corroboree Group Oval Manuka,Gold Coast,Greater Western Sydney,False,8.0,11,13,2.0,15.0,67.0,5.0,167.0,181.0,353.0,223.0,122.0,21.0,20.0,20.0,4.0,11.0,11,11,118.0,139.0,63.0,19.0,48.0,16.0,83.0,214.0,2,60.0,8.0,5.0,6035.0,56.0,298.0,16,22,25,35,56,68,77,79,47.0,W,77,79,24.0,25.0,43.0,38.0,90.0,9.0,53.0,85.0,165.0
2026,Round 22,22,False,2026-08-09,2026-08-09,CD_M20260142208,Optus Stadium,West Coast,Collingwood,True,7.0,15,8,7.0,13.0,67.0,10.0,143.0,157.0,376.0,270.0,130.0,17.0,22.0,17.0,13.0,15.0,17,15,98.0,177.0,45.0,12.0,52.0,18.0,62.0,199.0,-19,85.0,10.0,9.0,6070.0,50.0,322.0,39,37,65,59,101,78,117,98,45.0,L,117,98,22.0,25.0,38.0,23.0,68.0,13.0,36.0,70.0,225.0
2026,Round 22,22,False,2026-08-09,2026-08-09,CD_M20260142208,Optus Stadium,Collingwood,West Coast,False,14.0,8,15,4.0,18.0,62.0,6.0,157.0,146.0,370.0,254.0,115.0,22.0,17.0,22.0,11.0,17.0,15,17,106.0,178.0,36.0,13.0,64.0,19.0,70.0,192.0,19,60.0,12.0,5.0,6325.0,44.0,307.0,37,39,59,65,78,101,98,117,35.0,W,98,117,32.0,33.0,28.0,29.0,74.0,23.0,47.0,62.0,206.0
2026,Round 22,22,False,2026-08-09,2026-08-09,CD_M20260142206,Marvel Stadium,St Kilda,Carlton,True,13.0,10,14,3.0,12.0,49.0,11.0,117.0,123.0,331.0,246.0,115.0,18.0,16.0,10.0,5.0,8.0,16,8,78.0,155.0,29.0,7.0,44.0,12.0,55.0,176.0,-44,70.0,13.0,6.0,5188.0,33.0,244.0,21,8,53,28,74,39,106,62,39.0,L,106,62,22.0,27.0,21.0,30.0,42.0,7.0,42.0,54.0,202.0
2026,Round 22,22,False,2026-08-09,2026-08-09,CD_M20260142206,Marvel Stadium,Carlton,St Kilda,False,10.0,14,10,5.0,12.0,49.0,10.0,118.0,112.0,405.0,312.0,163.0,10.0,10.0,16.0,12.0,16.0,8,16,73.0,170.0,33.0,11.0,56.0,12.0,54.0,235.0,44,117.0,21.0,16.0,5945.0,43.0,251.0,8,21,28,53,39,74,62,106,36.0,W,62,106,26.0,32.0,35.0,23.0,60.0,15.0,35.0,54.0,267.0
2026,Round 23,23,False,2026-08-14,2026-08-14,CD_M20260142303,Optus Stadium,Fremantle,Adelaide,True,11.0,10,16,10.0,17.0,44.0,13.0,134.0,128.0,353.0,272.0,138.0,12.0,19.0,17.0,14.0,16.0,13,16,82.0,163.0,54.0,19.0,60.0,15.0,69.0,190.0,24,75.0,13.0,19.0,6155.0,53.0,259.0,21,34,42,47,69,76,88,112,32.0,W,88,112,30.0,32.0,36.0,27.0,72.0,12.0,44.0,68.0,210.0
2026,Round 23,23,False,2026-08-14,2026-08-14,CD_M20260142303,Optus Stadium,Adelaide,Fremantle,False,9.0,16,10,1.0,12.0,42.0,12.0,135.0,141.0,320.0,218.0,130.0,12.0,17.0,19.0,10.0,13.0,16,13,91.0,112.0,39.0,10.0,46.0,11.0,68.0,208.0,-24,75.0,6.0,11.0,5667.0,51.0,271.0,34,21,47,42,76,69,112,88,44.0,L,112,88,23.0,23.0,38.0,26.0,58.0,8.0,38.0,68.0,167.0
2026,Round 23,23,False,2026-08-15,2026-08-15,CD_M20260142308,MCG,Richmond,St Kilda,True,4.0,10,9,5.0,9.0,56.0,4.0,111.0,146.0,335.0,241.0,121.0,7.0,21.0,11.0,4.0,6.0,14,6,76.0,156.0,42.0,10.0,47.0,17.0,68.0,179.0,-49,89.0,11.0,14.0,5238.0,45.0,279.0,20,10,48,23,75,27,94,45,44.0,L,94,45,14.0,15.0,36.0,22.0,60.0,7.0,31.0,64.0,215.0
2026,Round 23,23,False,2026-08-15,2026-08-15,CD_M20260142308,MCG,St Kilda,Richmond,False,7.0,9,10,12.0,9.0,55.0,10.0,155.0,92.0,452.0,348.0,185.0,20.0,11.0,21.0,11.0,14.0,6,14,104.0,188.0,43.0,11.0,60.0,8.0,64.0,264.0,49,121.0,11.0,19.0,6309.0,41.0,246.0,10,20,23,48,27,75,45,94,41.0,W,45,94,24.0,26.0,29.0,36.0,88.0,29.0,45.0,67.0,290.0
2026,Round 23,23,False,2026-08-15,2026-08-15,CD_M20260142306,Marvel Stadium,North Melbourne,Geelong,True,5.0,11,8,10.0,21.0,58.0,12.0,133.0,122.0,360.0,269.0,117.0,13.0,22.0,22.0,13.0,17.0,19,17,81.0,178.0,45.0,14.0,45.0,6.0,50.0,182.0,-15,55.0,14.0,5.0,5702.0,32.0,215.0,6,44,64,57,88,89,125,110,45.0,L,125,110,25.0,25.0,26.0,29.0,71.0,11.0,50.0,61.0,211.0
2026,Round 23,23,False,2026-08-15,2026-08-15,CD_M20260142306,Marvel Stadium,Geelong,North Melbourne,False,10.0,8,11,5.0,11.0,49.0,5.0,124.0,104.0,344.0,246.0,137.0,15.0,22.0,22.0,12.0,19.0,17,19,92.0,137.0,40.0,7.0,65.0,17.0,62.0,207.0,15,86.0,17.0,17.0,5872.0,44.0,247.0,44,6,57,64,89,88,110,125,27.0,W,110,125,30.0,34.0,35.0,26.0,74.0,18.0,37.0,50.0,207.0
2026,Round 23,23,False,2026-08-15,2026-08-15,CD_M20260142301,Gabba,Brisbane Lions,Gold Coast,True,9.0,17,11,8.0,6.0,55.0,7.0,112.0,108.0,354.0,258.0,152.0,12.0,15.0,24.0,9.0,14.0,6,14,77.0,128.0,31.0,4.0,45.0,8.0,60.0,226.0,42,98.0,13.0,25.0,6217.0,42.0,215.0,15,15,25,37,41,70,53,95,45.0,W,53,95,24.0,37.0,32.0,24.0,69.0,18.0,30.0,59.0,220.0
2026,Round 23,23,False,2026-08-15,2026-08-15,CD_M20260142301,Gabba,Gold Coast,Brisbane Lions,False,14.0,11,17,10.0,15.0,62.0,8.0,122.0,120.0,338.0,241.0,116.0,16.0,24.0,15.0,4.0,6.0,14,6,83.0,156.0,42.0,13.0,52.0,15.0,60.0,182.0,-42,77.0,12.0,5.0,5514.0,36.0,221.0,15,15,37,25,70,41,95,53,30.0,L,95,53,22.0,27.0,26.0,20.0,57.0,12.0,35.0,60.0,207.0
2026,Round 23,23,False,2026-08-15,2026-08-15,CD_M20260142305,MCG,Hawthorn,Collingwood,True,13.0,14,14,4.0,12.0,55.0,6.0,126.0,167.0,359.0,264.0,159.0,11.0,16.0,18.0,8.0,13.0,13,13,90.0,138.0,48.0,9.0,47.0,11.0,66.0,221.0,0,99.0,16.0,9.0,6223.0,42.0,298.0,15,15,47,25,57,60,92,92,47.0,D,92,92,27.0,31.0,32.0,17.0,55.0,3.0,29.0,57.0,219.0
2026,Round 23,23,False,2026-08-15,2026-08-15,CD_M20260142305,MCG,Collingwood,Hawthorn,False,12.0,14,14,4.0,11.0,60.0,5.0,129.0,114.0,384.0,275.0,116.0,27.0,18.0,16.0,12.0,13.0,13,13,99.0,189.0,30.0,5.0,60.0,13.0,57.0,195.0,0,70.0,10.0,7.0,6299.0,39.0,274.0,15,15,25,47,60,57,92,92,32.0,D,92,92,27.0,32.0,24.0,30.0,92.0,20.0,41.0,66.0,234.0
2026,Round 23,23,False,2026-08-15,2026-08-15,CD_M20260142307,Adelaide Oval,Port Adelaide,Melbourne,True,6.0,12,8,4.0,20.0,67.0,8.0,122.0,140.0,338.0,238.0,139.0,8.0,24.0,12.0,8.0,8.0,20,8,84.0,124.0,32.0,14.0,49.0,19.0,56.0,214.0,-76,98.0,12.0,16.0,5921.0,44.0,241.0,44,8,57,20,95,42,132,56,40.0,L,132,56,15.0,18.0,37.0,24.0,53.0,4.0,44.0,84.0,205.0
2026,Round 23,23,False,2026-08-15,2026-08-15,CD_M20260142307,Adelaide Oval,Melbourne,Port Adelaide,False,11.0,8,12,2.0,10.0,48.0,5.0,146.0,79.0,404.0,292.0,126.0,22.0,12.0,24.0,17.0,20.0,8,20,103.0,188.0,25.0,8.0,62.0,17.0,84.0,216.0,76,68.0,12.0,8.0,6877.0,43.0,208.0,8,44,20,57,42,95,56,132,40.0,W,56,132,32.0,36.0,34.0,20.0,73.0,15.0,30.0,56.0,240.0
2026,Round 23,23,False,2026-08-16,2026-08-16,CD_M20260142304,ENGIE Stadium,Greater Western Sydney,West Coast,True,15.0,15,15,4.0,8.0,54.0,10.0,124.0,108.0,379.0,289.0,163.0,5.0,21.0,14.0,14.0,16.0,7,16,80.0,150.0,41.0,10.0,53.0,8.0,56.0,229.0,54,111.0,19.0,22.0,7068.0,46.0,241.0,31,32,36,70,40,87,57,111,46.0,W,57,111,31.0,32.0,36.0,27.0,60.0,10.0,35.0,51.0,249.0
2026,Round 23,23,False,2026-08-16,2026-08-16,CD_M20260142304,ENGIE Stadium,West Coast,Greater Western Sydney,False,12.0,15,15,12.0,13.0,36.0,6.0,120.0,107.0,321.0,245.0,143.0,12.0,14.0,21.0,6.0,7.0,16,7,78.0,124.0,44.0,17.0,53.0,10.0,51.0,197.0,-54,82.0,13.0,11.0,6083.0,33.0,263.0,32,31,70,36,87,40,111,57,37.0,L,111,57,21.0,22.0,26.0,25.0,55.0,6.0,38.0,56.0,189.0
2026,Round 23,23,False,2026-08-16,2026-08-16,CD_M20260142309,Marvel Stadium,Western Bulldogs,Carlton,True,10.0,10,10,11.0,13.0,64.0,10.0,129.0,142.0,344.0,240.0,117.0,20.0,23.0,15.0,8.0,12.0,12,12,100.0,153.0,22.0,7.0,58.0,23.0,75.0,191.0,0,76.0,10.0,6.0,5637.0,54.0,332.0,33,20,41,46,67,62,82,82,36.0,D,82,82,22.0,23.0,47.0,23.0,55.0,16.0,36.0,75.0,206.0
2026,Round 23,23,False,2026-08-16,2026-08-16,CD_M20260142309,Marvel Stadium,Carlton,Western Bulldogs,False,6.0,10,10,3.0,13.0,58.0,9.0,138.0,166.0,456.0,352.0,198.0,16.0,15.0,23.0,8.0,12.0,12,12,87.0,188.0,37.0,7.0,48.0,22.0,75.0,268.0,0,146.0,10.0,20.0,5889.0,37.0,303.0,20,33,46,41,62,67,82,82,43.0,D,82,82,22.0,21.0,30.0,26.0,62.0,8.0,39.0,75.0,310.0
2026,Round 23,23,False,2026-08-16,2026-08-16,CD_M20260142302,MCG,Essendon,Sydney,True,9.0,10,10,5.0,11.0,50.0,3.0,134.0,131.0,380.0,271.0,146.0,18.0,14.0,24.0,10.0,11.0,17,11,89.0,157.0,31.0,11.0,50.0,10.0,72.0,223.0,-36,96.0,11.0,12.0,5652.0,32.0,288.0,55,18,70,46,87,61,112,76,35.0,L,112,76,21.0,24.0,27.0,22.0,76.0,11.0,33.0,68.0,231.0
2026,Round 23,23,False,2026-08-16,2026-08-16,CD_M20260142302,MCG,Sydney,Essendon,False,7.0,10,10,18.0,15.0,67.0,9.0,141.0,110.0,399.0,293.0,138.0,10.0,24.0,14.0,14.0,17.0,11,17,96.0,200.0,33.0,13.0,54.0,12.0,69.0,199.0,36,73.0,17.0,20.0,6329.0,51.0,237.0,18,55,46,70,61,87,76,112,39.0,W,76,112,26.0,28.0,34.0,25.0,61.0,11.0,40.0,72.0,243.0
2026,Round 24,24,False,2026-08-20,2026-08-20,CD_M20260142407,Marvel Stadium,St Kilda,Gold Coast,True,6.0,19,8,15.0,7.0,61.0,5.0,121.0,175.0,384.0,294.0,131.0,19.0,19.0,16.0,8.0,12.0,14,12,88.0,195.0,28.0,11.0,51.0,9.0,60.0,189.0,-23,72.0,9.0,12.0,5422.0,39.0,343.0,46,31,68,53,88,60,103,80,34.0,L,103,80,19.0,24.0,21.0,25.0,68.0,14.0,32.0,66.0,247.0
2026,Round 24,24,False,2026-08-20,2026-08-20,CD_M20260142407,Marvel Stadium,Gold Coast,St Kilda,False,14.0,8,19,8.0,17.0,48.0,6.0,126.0,150.0,389.0,290.0,135.0,15.0,16.0,19.0,10.0,14.0,12,14,91.0,181.0,45.0,17.0,50.0,9.0,66.0,208.0,23,98.0,17.0,15.0,5412.0,43.0,344.0,31,46,53,68,60,88,80,103,37.0,W,80,103,31.0,36.0,36.0,23.0,60.0,11.0,40.0,60.0,256.0
2026,Round 24,24,False,2026-08-21,2026-08-21,CD_M20260142402,MCG,Collingwood,Brisbane Lions,True,5.0,9,6,6.0,17.0,51.0,7.0,117.0,165.0,355.0,261.0,112.0,8.0,14.0,14.0,11.0,15.0,25,15,79.0,182.0,36.0,14.0,48.0,13.0,58.0,173.0,-63,79.0,15.0,18.0,5420.0,32.0,310.0,33,21,63,41,103,54,159,96,33.0,L,159,96,21.0,26.0,25.0,18.0,65.0,13.0,35.0,52.0,228.0
2026,Round 24,24,False,2026-08-21,2026-08-21,CD_M20260142402,MCG,Brisbane Lions,Collingwood,False,9.0,6,9,5.0,22.0,50.0,12.0,131.0,130.0,366.0,260.0,149.0,16.0,14.0,14.0,18.0,25.0,15,25,85.0,132.0,49.0,17.0,59.0,18.0,52.0,234.0,63,107.0,21.0,17.0,6091.0,46.0,277.0,21,33,41,63,54,103,96,159,33.0,W,96,159,34.0,38.0,30.0,29.0,39.0,8.0,51.0,58.0,220.0
2026,Round 24,24,False,2026-08-22,2026-08-22,CD_M20260142403,Marvel Stadium,Carlton,Fremantle,True,9.0,10,11,9.0,19.0,47.0,11.0,126.0,104.0,413.0,316.0,169.0,19.0,16.0,14.0,15.0,18.0,12,18,87.0,168.0,22.0,10.0,52.0,12.0,58.0,245.0,37,127.0,22.0,18.0,5257.0,27.0,216.0,32,29,44,55,58,80,82,119,28.0,W,82,119,29.0,32.0,22.0,24.0,40.0,9.0,43.0,61.0,278.0
2026,Round 24,24,False,2026-08-22,2026-08-22,CD_M20260142403,Marvel Stadium,Fremantle,Carlton,False,8.0,11,10,3.0,14.0,44.0,6.0,104.0,141.0,300.0,223.0,109.0,10.0,14.0,16.0,10.0,12.0,18,12,68.0,143.0,39.0,13.0,42.0,17.0,61.0,157.0,-37,71.0,15.0,8.0,4875.0,38.0,269.0,29,32,55,44,80,58,119,82,34.0,L,119,82,22.0,25.0,25.0,16.0,52.0,8.0,30.0,59.0,188.0
2026,Round 24,24,False,2026-08-22,2026-08-22,CD_M20260142406,MCG,Melbourne,Western Bulldogs,True,11.0,12,15,13.0,18.0,42.0,22.0,136.0,130.0,331.0,236.0,128.0,14.0,14.0,17.0,9.0,12.0,16,12,69.0,129.0,66.0,20.0,59.0,18.0,58.0,202.0,-21,73.0,14.0,12.0,6052.0,43.0,283.0,34,20,47,36,69,54,108,87,34.0,L,108,87,27.0,29.0,26.0,28.0,72.0,12.0,46.0,61.0,179.0
2026,Round 24,24,False,2026-08-22,2026-08-22,CD_M20260142406,MCG,Western Bulldogs,Melbourne,False,10.0,15,12,5.0,10.0,48.0,20.0,139.0,126.0,375.0,273.0,136.0,18.0,17.0,14.0,10.0,16.0,12,16,95.0,160.0,24.0,7.0,50.0,14.0,61.0,215.0,21,83.0,17.0,16.0,6429.0,54.0,250.0,20,34,36,47,54,69,87,108,45.0,W,87,108,28.0,30.0,44.0,27.0,55.0,5.0,37.0,58.0,219.0
2026,Round 24,24,False,2026-08-22,2026-08-22,CD_M20260142405,GMHBA Stadium,Geelong,Richmond,True,8.0,10,13,5.0,15.0,55.0,15.0,133.0,97.0,436.0,344.0,156.0,21.0,20.0,10.0,16.0,20.0,11,20,98.0,218.0,33.0,7.0,66.0,20.0,69.0,218.0,57,106.0,17.0,15.0,6470.0,33.0,206.0,20,40,29,78,48,101,76,133,36.0,W,76,133,33.0,30.0,27.0,18.0,58.0,14.0,33.0,55.0,299.0
2026,Round 24,24,False,2026-08-22,2026-08-22,CD_M20260142405,GMHBA Stadium,Richmond,Geelong,False,9.0,13,10,5.0,11.0,50.0,10.0,129.0,152.0,331.0,232.0,116.0,12.0,10.0,20.0,10.0,11.0,20,11,76.0,145.0,44.0,17.0,48.0,12.0,55.0,186.0,-57,71.0,14.0,7.0,5725.0,33.0,268.0,40,20,78,29,101,48,133,76,46.0,L,133,76,21.0,26.0,30.0,33.0,48.0,7.0,44.0,69.0,184.0
2026,Round 24,24,False,2026-08-22,2026-08-22,CD_M20260142401,Adelaide Oval,Adelaide,Greater Western Sydney,True,9.0,11,13,2.0,24.0,46.0,13.0,150.0,117.0,400.0,300.0,157.0,20.0,20.0,21.0,15.0,24.0,15,24,102.0,174.0,42.0,15.0,64.0,11.0,62.0,226.0,56,89.0,16.0,21.0,6510.0,30.0,231.0,10,56,50,71,75,110,101,157,41.0,W,101,157,37.0,36.0,23.0,17.0,45.0,4.0,41.0,54.0,237.0
2026,Round 24,24,False,2026-08-22,2026-08-22,CD_M20260142401,Adelaide Oval,Greater Western Sydney,Adelaide,False,10.0,13,11,5.0,13.0,58.0,5.0,106.0,129.0,330.0,256.0,120.0,14.0,21.0,20.0,9.0,15.0,24,15,76.0,155.0,36.0,5.0,56.0,11.0,54.0,175.0,-56,64.0,13.0,17.0,5601.0,45.0,265.0,56,10,71,50,110,75,157,101,37.0,L,157,101,26.0,28.0,40.0,17.0,54.0,9.0,30.0,61.0,209.0
2026,Round 24,24,False,2026-08-23,2026-08-23,CD_M20260142404,Marvel Stadium,Essendon,Port Adelaide,True,10.0,9,11,1.0,14.0,52.0,11.0,134.0,95.0,384.0,286.0,145.0,20.0,18.0,13.0,8.0,14.0,16,14,93.0,174.0,39.0,14.0,56.0,17.0,65.0,210.0,-10,101.0,17.0,20.0,5590.0,36.0,257.0,21,17,54,38,62,63,105,95,31.0,L,105,95,25.0,30.0,28.0,23.0,75.0,19.0,37.0,59.0,252.0
2026,Round 24,24,False,2026-08-23,2026-08-23,CD_M20260142404,Marvel Stadium,Port Adelaide,Essendon,False,6.0,11,9,5.0,15.0,51.0,5.0,128.0,135.0,351.0,248.0,135.0,12.0,13.0,18.0,15.0,16.0,14,16,85.0,142.0,37.0,12.0,49.0,9.0,59.0,209.0,10,80.0,16.0,14.0,5939.0,41.0,250.0,17,21,38,54,63,62,95,105,41.0,W,95,105,25.0,27.0,36.0,22.0,49.0,5.0,37.0,65.0,204.0
2026,Round 24,24,False,2026-08-23,2026-08-23,CD_M20260142408,SCG,Sydney,North Melbourne,True,19.0,10,21,14.0,18.0,56.0,6.0,146.0,80.0,390.0,279.0,128.0,21.0,12.0,17.0,16.0,17.0,10,17,97.0,176.0,42.0,12.0,70.0,17.0,64.0,214.0,53,77.0,12.0,6.0,7014.0,49.0,236.0,20,27,35,61,54,75,70,123,29.0,W,70,123,38.0,40.0,35.0,30.0,69.0,18.0,48.0,59.0,238.0
2026,Round 24,24,False,2026-08-23,2026-08-23,CD_M20260142408,SCG,North Melbourne,Sydney,False,6.0,21,10,6.0,10.0,50.0,10.0,119.0,157.0,372.0,277.0,153.0,9.0,17.0,12.0,9.0,10.0,17,10,78.0,159.0,28.0,7.0,39.0,14.0,59.0,213.0,-53,106.0,14.0,14.0,5894.0,49.0,283.0,27,20,61,35,75,54,123,70,51.0,L,123,70,20.0,19.0,42.0,21.0,64.0,12.0,31.0,64.0,237.0
2026,Round 24,24,False,2026-08-23,2026-08-23,CD_M20260142409,Optus Stadium,West Coast,Hawthorn,True,7.0,11,9,6.0,8.0,67.0,3.0,139.0,115.0,362.0,256.0,121.0,15.0,20.0,21.0,3.0,6.0,16,6,102.0,166.0,48.0,10.0,46.0,7.0,79.0,196.0,-62,62.0,6.0,9.0,5884.0,49.0,255.0,37,8,64,25,85,31,107,45,49.0,L,107,45,15.0,17.0,33.0,24.0,56.0,6.0,32.0,77.0,210.0
2026,Round 24,24,False,2026-08-23,2026-08-23,CD_M20260142409,Optus Stadium,Hawthorn,West Coast,False,10.0,9,11,3.0,14.0,66.0,10.0,143.0,133.0,368.0,263.0,156.0,22.0,21.0,20.0,13.0,16.0,6,16,98.0,132.0,36.0,14.0,66.0,12.0,77.0,236.0,62,87.0,17.0,17.0,6903.0,53.0,285.0,8,37,25,64,31,85,45,107,38.0,W,45,107,27.0,34.0,36.0,26.0,72.0,14.0,40.0,79.0,205.0
2026,Wildcard Finals,25,True,2026-08-28,2026-08-28,CD_M20260142502,MCG,Western Bulldogs,Collingwood,True,10.0,9,12,5.0,19.0,53.0,8.0,145.0,126.0,388.0,268.0,133.0,23.0,10.0,16.0,12.0,14.0,14,14,101.0,162.0,43.0,9.0,64.0,14.0,64.0,226.0,3,89.0,17.0,9.0,6144.0,52.0,271.0,24,25,38,48,56,68,93,96,29.0,W,93,96,25.0,29.0,31.0,35.0,59.0,10.0,54.0,71.0,239.0
2026,Wildcard Finals,25,True,2026-08-28,2026-08-28,CD_M20260142502,MCG,Collingwood,Western Bulldogs,False,6.0,12,9,10.0,9.0,67.0,13.0,134.0,181.0,361.0,246.0,115.0,8.0,16.0,10.0,11.0,14.0,14,14,94.0,164.0,48.0,10.0,45.0,16.0,71.0,197.0,-3,75.0,13.0,8.0,6163.0,46.0,334.0,25,24,48,38,68,56,96,93,48.0,L,96,93,23.0,23.0,34.0,26.0,86.0,10.0,35.0,64.0,206.0
2026,Wildcard Finals,25,True,2026-08-29,2026-08-29,CD_M20260142501,MCG,Melbourne,Carlton,True,10.0,14,13,7.0,10.0,49.0,9.0,121.0,124.0,319.0,229.0,109.0,14.0,25.0,13.0,7.0,7.0,10,7,81.0,137.0,33.0,12.0,45.0,15.0,73.0,182.0,-19,61.0,9.0,7.0,5827.0,47.0,270.0,9,27,35,36,56,52,74,55,37.0,L,74,55,20.0,24.0,37.0,22.0,59.0,7.0,32.0,73.0,187.0
2026,Wildcard Finals,25,True,2026-08-29,2026-08-29,CD_M20260142501,MCG,Carlton,Melbourne,False,14.0,13,14,8.0,9.0,47.0,15.0,145.0,115.0,417.0,309.0,162.0,17.0,13.0,25.0,8.0,10.0,7,10,92.0,178.0,20.0,10.0,48.0,14.0,73.0,239.0,19,117.0,19.0,19.0,5908.0,52.0,244.0,27,9,36,35,52,56,55,74,38.0,W,55,74,24.0,28.0,42.0,20.0,50.0,8.0,29.0,73.0,255.0
2026,Qualifying & Elimination Finals,26,True,2026-09-03,2026-09-03,CD_M20260142601,Optus Stadium,Fremantle,Hawthorn,True,9.0,12,10,16.0,5.0,59.0,14.0,140.0,124.0,403.0,298.0,146.0,14.0,13.0,13.0,5.0,5.0,10,5,95.0,186.0,31.0,10.0,57.0,17.0,76.0,217.0,-32,106.0,9.0,7.0,6267.0,43.0,277.0,28,9,43,10,64,31,72,40,41.0,L,72,40,15.0,19.0,31.0,26.0,48.0,10.0,31.0,84.0,253.0
2026,Qualifying & Elimination Finals,26,True,2026-09-03,2026-09-03,CD_M20260142601,Optus Stadium,Hawthorn,Fremantle,False,10.0,10,12,2.0,10.0,42.0,12.0,140.0,144.0,328.0,234.0,134.0,14.0,13.0,13.0,9.0,10.0,5,10,96.0,123.0,30.0,8.0,51.0,17.0,84.0,205.0,32,77.0,11.0,10.0,6261.0,54.0,326.0,9,28,10,43,31,64,40,72,49.0,W,40,72,22.0,24.0,33.0,22.0,57.0,17.0,32.0,76.0,182.0
2026,Qualifying & Elimination Finals,26,True,2026-09-04,2026-09-04,CD_M20260142603,MCG,Geelong,Carlton,True,15.0,8,23,0.0,11.0,47.0,7.0,134.0,94.0,357.0,258.0,141.0,25.0,14.0,18.0,12.0,14.0,11,14,94.0,144.0,47.0,9.0,57.0,17.0,70.0,213.0,33,78.0,17.0,9.0,5493.0,45.0,279.0,27,11,37,34,50,73,74,107,34.0,W,74,107,36.0,38.0,29.0,27.0,55.0,15.0,38.0,47.0,213.0
2026,Qualifying & Elimination Finals,26,True,2026-09-04,2026-09-04,CD_M20260142603,MCG,Carlton,Geelong,False,7.0,23,8,8.0,12.0,65.0,5.0,122.0,159.0,356.0,245.0,120.0,9.0,18.0,14.0,8.0,11.0,14,11,85.0,157.0,37.0,11.0,45.0,8.0,47.0,199.0,-33,69.0,10.0,4.0,6039.0,57.0,274.0,11,27,34,37,73,50,107,74,43.0,L,107,74,19.0,20.0,45.0,31.0,65.0,5.0,43.0,70.0,205.0
2026,Qualifying & Elimination Finals,26,True,2026-09-05,2026-09-05,CD_M20260142602,SCG,Sydney,Brisbane Lions,True,13.0,10,15,10.0,19.0,51.0,10.0,139.0,115.0,339.0,252.0,145.0,13.0,21.0,25.0,12.0,21.0,13,21,89.0,130.0,40.0,10.0,69.0,15.0,68.0,209.0,53,71.0,14.0,13.0,7350.0,37.0,229.0,16,42,38,68,63,109,88,141,38.0,W,88,141,36.0,38.0,27.0,25.0,57.0,7.0,44.0,63.0,181.0
2026,Qualifying & Elimination Finals,26,True,2026-09-05,2026-09-05,CD_M20260142602,SCG,Brisbane Lions,Sydney,False,8.0,15,10,9.0,9.0,64.0,10.0,120.0,104.0,329.0,237.0,139.0,14.0,25.0,21.0,9.0,13.0,21,13,75.0,115.0,36.0,10.0,52.0,15.0,63.0,214.0,-53,86.0,6.0,23.0,6422.0,39.0,231.0,42,16,68,38,109,63,141,88,47.0,L,141,88,22.0,25.0,29.0,26.0,42.0,6.0,35.0,68.0,189.0
2026,Qualifying & Elimination Finals,26,True,2026-09-05,2026-09-05,CD_M20260142604,Adelaide Oval,Adelaide,Western Bulldogs,True,6.0,14,6,4.0,7.0,62.0,14.0,142.0,128.0,404.0,291.0,168.0,14.0,13.0,21.0,9.0,14.0,9,14,93.0,146.0,47.0,9.0,49.0,18.0,76.0,258.0,22,114.0,13.0,30.0,6640.0,54.0,248.0,13,19,38,44,40,59,68,90,51.0,W,68,90,20.0,23.0,35.0,27.0,57.0,13.0,34.0,79.0,239.0
2026,Qualifying & Elimination Finals,26,True,2026-09-05,2026-09-05,CD_M20260142604,Adelaide Oval,Western Bulldogs,Adelaide,False,9.0,6,14,4.0,17.0,65.0,9.0,146.0,112.0,317.0,214.0,113.0,12.0,21.0,13.0,8.0,9.0,14,9,104.0,130.0,23.0,10.0,61.0,13.0,79.0,187.0,-22,62.0,9.0,12.0,6031.0,64.0,262.0,19,13,44,38,59,40,90,68,34.0,L,90,68,23.0,24.0,46.0,24.0,56.0,17.0,41.0,76.0,174.0
2026,Semi Finals,27,True,2026-09-11,2026-09-11,CD_M20260142701,Optus Stadium,Fremantle,Geelong,True,6.0,10,12,14.0,23.0,62.0,11.0,141.0,134.0,364.0,271.0,131.0,9.0,15.0,16.0,14.0,18.0,16,18,99.0,176.0,46.0,13.0,60.0,8.0,58.0,188.0,14,74.0,16.0,12.0,6371.0,44.0,267.0,13,38,44,65,80,96,106,120,30.0,W,106,120,29.0,30.0,32.0,21.0,68.0,8.0,44.0,62.0,215.0
2026,Semi Finals,27,True,2026-09-11,2026-09-11,CD_M20260142701,Optus Stadium,Geelong,Fremantle,False,9.0,12,10,7.0,13.0,50.0,6.0,133.0,119.0,327.0,230.0,120.0,25.0,16.0,15.0,13.0,16.0,18,16,105.0,138.0,27.0,3.0,47.0,11.0,62.0,189.0,-14,75.0,11.0,14.0,5808.0,38.0,279.0,38,13,65,44,96,80,120,106,42.0,L,120,106,26.0,30.0,26.0,18.0,55.0,12.0,31.0,58.0,189.0
2026,Semi Finals,27,True,2026-09-12,2026-09-12,CD_M20260142702,Gabba,Brisbane Lions,Adelaide,True,18.0,13,18,8.0,16.0,49.0,8.0,126.0,101.0,376.0,282.0,182.0,18.0,14.0,10.0,18.0,21.0,13,21,91.0,121.0,34.0,6.0,69.0,16.0,63.0,255.0,53,121.0,16.0,33.0,6889.0,54.0,240.0,15,42,34,72,51,111,91,144,37.0,W,91,144,39.0,44.0,30.0,21.0,46.0,8.0,37.0,59.0,240.0
2026,Semi Finals,27,True,2026-09-12,2026-09-12,CD_M20260142702,Gabba,Adelaide,Brisbane Lions,False,11.0,18,13,5.0,18.0,45.0,7.0,119.0,123.0,362.0,260.0,133.0,12.0,10.0,14.0,12.0,13.0,21,13,84.0,156.0,39.0,11.0,52.0,8.0,61.0,206.0,-53,80.0,15.0,15.0,5992.0,42.0,241.0,42,15,72,34,111,51,144,91,47.0,L,144,91,26.0,28.0,28.0,15.0,51.0,8.0,33.0,63.0,220.0
2026,Preliminary Finals,28,True,2026-09-18,2026-09-18,CD_M20260142802,SCG,Sydney,Fremantle,True,11.0,11,11,13.0,6.0,60.0,8.0,133.0,136.0,315.0,200.0,90.0,13.0,20.0,24.0,6.0,10.0,12,10,94.0,139.0,36.0,3.0,49.0,19.0,80.0,176.0,-12,44.0,6.0,4.0,6174.0,57.0,277.0,13,29,29,48,49,70,83,71,54.0,L,83,71,21.0,24.0,43.0,24.0,80.0,19.0,30.0,73.0,155.0
2026,Preliminary Finals,28,True,2026-09-18,2026-09-18,CD_M20260142802,SCG,Fremantle,Sydney,False,8.0,11,11,8.0,12.0,58.0,17.0,163.0,82.0,369.0,256.0,128.0,24.0,24.0,20.0,8.0,12.0,10,12,101.0,158.0,48.0,21.0,67.0,11.0,73.0,211.0,12,70.0,8.0,10.0,6638.0,42.0,249.0,29,13,48,29,70,49,71,83,39.0,W,71,83,23.0,32.0,27.0,32.0,64.0,17.0,44.0,80.0,199.0
2026,Preliminary Finals,28,True,2026-09-19,2026-09-19,CD_M20260142801,MCG,Hawthorn,Brisbane Lions,True,7.0,11,8,5.0,15.0,51.0,14.0,108.0,106.0,282.0,214.0,136.0,5.0,20.0,15.0,13.0,19.0,20,19,58.0,92.0,44.0,14.0,55.0,19.0,56.0,190.0,-9,83.0,13.0,12.0,5893.0,38.0,207.0,32,31,53,67,97,77,131,122,41.0,L,131,122,27.0,29.0,27.0,25.0,52.0,6.0,40.0,58.0,167.0
2026,Preliminary Finals,28,True,2026-09-19,2026-09-19,CD_M20260142801,MCG,Brisbane Lions,Hawthorn,False,10.0,8,11,11.0,22.0,50.0,9.0,115.0,94.0,327.0,241.0,162.0,10.0,15.0,20.0,14.0,20.0,19,20,66.0,92.0,45.0,16.0,62.0,18.0,59.0,235.0,9,104.0,19.0,21.0,6082.0,53.0,195.0,31,32,67,53,77,97,122,131,35.0,W,122,131,31.0,34.0,35.0,19.0,48.0,11.0,41.0,56.0,201.0
2026,Grand Final,29,True,2026-09-26,2026-09-26,CD_M20260142901,MCG,Fremantle,Brisbane Lions,True,13.0,12,17,12.0,17.0,35.0,17.0,139.0,151.0,308.0,209.0,131.0,14.0,7.0,12.0,10.0,12.0,14,12,92.0,105.0,51.0,15.0,62.0,21.0,63.0,203.0,-7,77.0,13.0,5.0,6452.0,42.0,290.0,23,22,43,43,62,72,96,89,34.0,L,96,89,29.0,32.0,28.0,28.0,70.0,11.0,45.0,65.0,155.0
2026,Grand Final,29,True,2026-09-26,2026-09-26,CD_M20260142901,MCG,Brisbane Lions,Fremantle,False,11.0,17,12,11.0,9.0,45.0,7.0,130.0,135.0,358.0,245.0,155.0,18.0,12.0,7.0,10.0,14.0,12,14,103.0,113.0,33.0,5.0,48.0,10.0,65.0,245.0,7,84.0,10.0,22.0,6410.0,60.0,250.0,22,23,43,43,72,62,89,96,50.0,W,89,96,26.0,29.0,40.0,22.0,69.0,17.0,31.0,63.0,197.0
