season,api_round,date_local,opponent,freo_side,match_id,jumper,player,player_id,behinds,bounces,centre_bounce_attendances,centre_clearances,clangers,contest_def_loss_percentage,contest_def_losses,contest_def_one_on_ones,contest_off_one_on_ones,contest_off_wins,contest_off_wins_percentage,contested_marks,contested_possession_rate,contested_possessions,def_half_pressure_acts,disposal_efficiency,disposals,effective_disposals,effective_kicks,f50_ground_ball_gets,frees_against,frees_for,goal_accuracy,goal_assists,goals,ground_ball_gets,handballs,hitout_to_advantage_rate,hitout_win_percentage,hitouts,hitouts_to_advantage,inside50s,intercept_marks,intercepts,kick_efficiency,kick_to_handball_ratio,kickins,kickins_playon,kicks,marks,marks_inside50,marks_on_lead,metres_gained,one_percenters,pressure_acts,rating_points,rebound50s,ruck_contests,score_involvements,score_launches,shots_at_goal,spoils,stoppage_clearances,tackles,tackles_inside50,time_on_ground_pct,total_clearances,total_possessions,turnovers,uncontested_possessions
2024,Round 1,2024-03-17,Brisbane Lions,home,CD_M20240140109,4,Callum Ah Chee,CD_I298437,0.0,1.0,0.0,0.0,7.0,0.0,0.0,0.0,2.0,0.0,0.0,0.0,25.0,5.0,3.0,68.4,19.0,13.0,8.0,0.0,5.0,0.0,0.0,1.0,0.0,4.0,6.0,0.0,0.0,0.0,0.0,4.0,1.0,2.0,61.5,2.2,0.0,0.0,13.0,6.0,1.0,0.0,425.0,1.0,10.0,3.2,2.0,0.0,6.0,0.0,0.0,0.0,0.0,2.0,0.0,74.0,0.0,20.0,5.0,15.0
2024,Round 1,2024-03-17,Brisbane Lions,home,CD_M20240140109,31,Harris Andrews,CD_I996059,0.0,0.0,0.0,0.0,3.0,50.0,2.0,4.0,0.0,0.0,0.0,2.0,15.8,3.0,7.0,95.2,21.0,20.0,13.0,0.0,0.0,1.0,0.0,0.0,0.0,0.0,7.0,0.0,0.0,0.0,0.0,2.0,7.0,12.0,92.9,2.0,0.0,0.0,14.0,12.0,0.0,0.0,244.0,8.0,7.0,15.6,4.0,0.0,4.0,3.0,0.0,7.0,0.0,4.0,0.0,94.0,0.0,19.0,1.0,16.0
2024,Round 1,2024-03-17,Brisbane Lions,home,CD_M20240140109,43,Noah Answerth,CD_I1005053,0.0,0.0,0.0,0.0,2.0,0.0,0.0,0.0,0.0,0.0,0.0,0.0,18.8,3.0,10.0,100.0,15.0,15.0,11.0,0.0,1.0,0.0,0.0,0.0,0.0,3.0,4.0,0.0,0.0,0.0,0.0,0.0,2.0,4.0,100.0,2.8,0.0,0.0,11.0,11.0,0.0,0.0,183.0,2.0,13.0,4.2,3.0,0.0,2.0,0.0,0.0,1.0,1.0,3.0,0.0,80.0,1.0,16.0,1.0,13.0
2024,Round 1,2024-03-17,Brisbane Lions,home,CD_M20240140109,33,Zac Bailey,CD_I1002312,0.0,0.0,8.0,0.0,3.0,0.0,0.0,0.0,2.0,1.0,50.0,1.0,42.9,6.0,12.0,61.5,13.0,8.0,4.0,1.0,2.0,1.0,100.0,1.0,2.0,3.0,7.0,0.0,0.0,0.0,0.0,2.0,0.0,0.0,66.7,0.9,0.0,0.0,6.0,4.0,1.0,0.0,150.0,1.0,27.0,11.5,1.0,0.0,4.0,0.0,2.0,0.0,0.0,5.0,1.0,86.0,0.0,14.0,2.0,8.0
2024,Round 1,2024-03-17,Brisbane Lions,home,CD_M20240140109,7,Jarrod Berry,CD_I998133,0.0,0.0,0.0,0.0,1.0,0.0,0.0,2.0,0.0,0.0,0.0,0.0,50.0,5.0,9.0,90.0,10.0,9.0,5.0,0.0,1.0,1.0,0.0,0.0,0.0,3.0,5.0,0.0,0.0,0.0,0.0,0.0,0.0,3.0,100.0,1.0,0.0,0.0,5.0,3.0,0.0,0.0,72.0,2.0,16.0,3.6,2.0,0.0,2.0,1.0,0.0,1.0,1.0,2.0,0.0,82.0,1.0,10.0,3.0,5.0
2024,Round 1,2024-03-17,Brisbane Lions,home,CD_M20240140109,23,Charlie Cameron,CD_I990609,2.0,0.0,0.0,0.0,2.0,0.0,0.0,0.0,2.0,1.0,50.0,1.0,62.5,5.0,3.0,50.0,10.0,5.0,1.0,0.0,1.0,1.0,0.0,1.0,0.0,2.0,4.0,0.0,0.0,0.0,0.0,2.0,0.0,0.0,16.7,1.5,0.0,0.0,6.0,3.0,2.0,0.0,120.0,0.0,20.0,3.5,1.0,0.0,4.0,0.0,2.0,0.0,3.0,4.0,0.0,87.0,3.0,8.0,4.0,3.0
2024,Round 1,2024-03-17,Brisbane Lions,home,CD_M20240140109,3,Joe Daniher,CD_I294518,2.0,0.0,2.0,0.0,2.0,0.0,0.0,1.0,1.0,1.0,100.0,0.0,14.3,3.0,1.0,70.0,20.0,14.0,11.0,1.0,0.0,2.0,60.0,1.0,3.0,1.0,3.0,0.0,11.8,2.0,0.0,10.0,1.0,1.0,64.7,5.7,0.0,0.0,17.0,12.0,1.0,6.0,645.0,1.0,7.0,13.4,1.0,17.0,10.0,0.0,5.0,1.0,0.0,0.0,0.0,95.0,0.0,21.0,4.0,18.0
2024,Round 1,2024-03-17,Brisbane Lions,home,CD_M20240140109,5,Josh Dunkley,CD_I993834,0.0,0.0,23.0,2.0,2.0,0.0,0.0,0.0,0.0,0.0,0.0,0.0,34.6,9.0,11.0,73.1,26.0,19.0,8.0,0.0,0.0,2.0,0.0,0.0,0.0,6.0,13.0,0.0,0.0,0.0,0.0,3.0,0.0,4.0,61.5,1.0,0.0,0.0,13.0,9.0,1.0,1.0,289.0,2.0,24.0,14.7,1.0,0.0,5.0,0.0,0.0,1.0,2.0,8.0,2.0,88.0,4.0,26.0,5.0,17.0
2024,Round 1,2024-03-17,Brisbane Lions,home,CD_M20240140109,28,Jaspa Fletcher,CD_I1023708,0.0,0.0,0.0,0.0,0.0,0.0,0.0,0.0,0.0,0.0,0.0,0.0,43.8,7.0,5.0,77.8,18.0,14.0,6.0,1.0,0.0,2.0,0.0,0.0,0.0,5.0,8.0,0.0,0.0,0.0,0.0,2.0,0.0,3.0,60.0,1.3,0.0,0.0,10.0,2.0,0.0,0.0,251.0,0.0,15.0,10.1,1.0,0.0,2.0,1.0,0.0,0.0,4.0,2.0,0.0,73.0,4.0,16.0,3.0,9.0
2024,Round 1,2024-03-17,Brisbane Lions,home,CD_M20240140109,27,Darcy Gardiner,CD_I296269,0.0,0.0,0.0,0.0,1.0,0.0,0.0,0.0,0.0,0.0,0.0,0.0,60.0,3.0,2.0,75.0,4.0,3.0,3.0,0.0,1.0,1.0,0.0,1.0,0.0,1.0,0.0,0.0,0.0,0.0,0.0,1.0,0.0,2.0,75.0,4.0,0.0,0.0,4.0,1.0,0.0,0.0,86.0,5.0,2.0,4.4,1.0,0.0,1.0,1.0,0.0,4.0,1.0,0.0,0.0,39.0,1.0,5.0,1.0,2.0
2024,Round 1,2024-03-17,Brisbane Lions,home,CD_M20240140109,30,Eric Hipwood,CD_I993953,1.0,0.0,0.0,0.0,1.0,0.0,0.0,0.0,0.0,0.0,0.0,3.0,72.7,8.0,2.0,50.0,10.0,5.0,4.0,0.0,0.0,1.0,60.0,0.0,3.0,3.0,2.0,0.0,0.0,0.0,0.0,2.0,0.0,1.0,50.0,4.0,0.0,0.0,8.0,5.0,3.0,1.0,206.0,3.0,8.0,11.7,0.0,0.0,6.0,0.0,5.0,2.0,0.0,0.0,0.0,83.0,0.0,11.0,2.0,3.0
2024,Round 1,2024-03-17,Brisbane Lions,home,CD_M20240140109,35,Ryan Lester,CD_I291548,0.0,1.0,0.0,0.0,2.0,0.0,0.0,1.0,0.0,0.0,0.0,0.0,27.3,3.0,5.0,63.6,11.0,7.0,4.0,0.0,0.0,0.0,0.0,0.0,0.0,3.0,3.0,0.0,0.0,0.0,0.0,0.0,0.0,3.0,50.0,2.7,1.0,0.0,8.0,2.0,0.0,0.0,241.0,4.0,6.0,7.2,3.0,0.0,1.0,0.0,0.0,3.0,1.0,0.0,0.0,86.0,1.0,11.0,2.0,8.0
2024,Round 1,2024-03-17,Brisbane Lions,home,CD_M20240140109,1,Kai Lohmann,CD_I1014026,2.0,0.0,0.0,0.0,0.0,0.0,0.0,0.0,0.0,0.0,0.0,0.0,40.0,2.0,0.0,40.0,5.0,2.0,2.0,1.0,0.0,0.0,0.0,0.0,0.0,2.0,0.0,0.0,0.0,0.0,0.0,0.0,0.0,1.0,40.0,5.0,0.0,0.0,5.0,2.0,1.0,0.0,94.0,0.0,6.0,1.2,1.0,0.0,2.0,0.0,2.0,0.0,0.0,0.0,0.0,37.0,0.0,5.0,0.0,3.0
2024,Round 1,2024-03-17,Brisbane Lions,home,CD_M20240140109,17,Jarryd Lyons,CD_I293716,0.0,0.0,13.0,1.0,3.0,0.0,0.0,0.0,0.0,0.0,0.0,0.0,30.4,7.0,6.0,80.0,25.0,20.0,11.0,0.0,2.0,1.0,0.0,0.0,0.0,4.0,11.0,0.0,0.0,0.0,0.0,2.0,0.0,1.0,78.6,1.3,0.0,0.0,14.0,6.0,0.0,1.0,199.0,0.0,19.0,7.5,1.0,0.0,4.0,2.0,0.0,0.0,3.0,3.0,0.0,70.0,4.0,23.0,3.0,16.0
2024,Round 1,2024-03-17,Brisbane Lions,home,CD_M20240140109,11,Lincoln McCarthy,CD_I293581,0.0,0.0,0.0,0.0,6.0,0.0,0.0,0.0,2.0,2.0,100.0,2.0,57.1,8.0,3.0,53.3,15.0,8.0,6.0,1.0,1.0,2.0,50.0,1.0,1.0,4.0,4.0,0.0,0.0,0.0,0.0,5.0,0.0,1.0,54.5,2.8,0.0,0.0,11.0,2.0,0.0,0.0,291.0,0.0,18.0,8.9,0.0,0.0,4.0,0.0,2.0,0.0,0.0,3.0,1.0,83.0,0.0,14.0,5.0,6.0
2024,Round 1,2024-03-17,Brisbane Lions,home,CD_M20240140109,6,Hugh McCluggage,CD_I1000978,1.0,0.0,17.0,1.0,4.0,0.0,0.0,0.0,0.0,0.0,0.0,0.0,20.8,5.0,10.0,65.2,23.0,15.0,11.0,0.0,0.0,2.0,0.0,1.0,0.0,2.0,5.0,0.0,0.0,0.0,0.0,5.0,1.0,4.0,61.1,3.6,0.0,0.0,18.0,7.0,0.0,2.0,615.0,0.0,22.0,8.3,2.0,0.0,6.0,3.0,1.0,0.0,1.0,4.0,1.0,80.0,2.0,24.0,3.0,19.0
2024,Round 1,2024-03-17,Brisbane Lions,home,CD_M20240140109,46,Oscar McInerney,CD_I1005521,0.0,0.0,25.0,1.0,5.0,0.0,0.0,1.0,1.0,0.0,0.0,0.0,81.3,13.0,3.0,53.3,15.0,8.0,1.0,0.0,1.0,1.0,0.0,0.0,0.0,6.0,8.0,20.0,48.2,40.0,8.0,1.0,0.0,3.0,14.3,0.9,0.0,0.0,7.0,0.0,0.0,0.0,116.0,7.0,9.0,9.0,1.0,83.0,3.0,3.0,0.0,6.0,6.0,2.0,0.0,86.0,7.0,16.0,3.0,3.0
2024,Round 1,2024-03-17,Brisbane Lions,home,CD_M20240140109,26,Conor McKenna,CD_I997846,0.0,2.0,0.0,0.0,4.0,0.0,0.0,1.0,0.0,0.0,0.0,0.0,21.4,3.0,3.0,78.6,14.0,11.0,8.0,0.0,2.0,0.0,0.0,0.0,0.0,3.0,3.0,0.0,0.0,0.0,0.0,2.0,0.0,1.0,72.7,3.7,3.0,1.0,11.0,4.0,0.0,0.0,257.0,2.0,10.0,2.6,1.0,0.0,2.0,1.0,0.0,2.0,1.0,0.0,0.0,61.0,1.0,14.0,4.0,11.0
2024,Round 1,2024-03-17,Brisbane Lions,home,CD_M20240140109,16,Cam Rayner,CD_I1002235,1.0,0.0,9.0,2.0,2.0,0.0,0.0,0.0,2.0,0.0,0.0,1.0,46.7,7.0,10.0,71.4,14.0,10.0,3.0,1.0,0.0,1.0,0.0,1.0,0.0,5.0,8.0,0.0,0.0,0.0,0.0,2.0,0.0,1.0,50.0,0.8,0.0,0.0,6.0,3.0,0.0,0.0,197.0,4.0,22.0,9.2,1.0,0.0,3.0,1.0,1.0,2.0,0.0,5.0,0.0,82.0,2.0,15.0,0.0,8.0
2024,Round 1,2024-03-17,Brisbane Lions,home,CD_M20240140109,2,Deven Robertson,CD_I1009385,0.0,0.0,8.0,0.0,0.0,0.0,0.0,0.0,0.0,0.0,0.0,0.0,20.0,1.0,9.0,66.7,6.0,4.0,2.0,0.0,0.0,0.0,0.0,0.0,0.0,1.0,3.0,0.0,0.0,0.0,0.0,2.0,0.0,1.0,66.7,1.0,0.0,0.0,3.0,1.0,0.0,0.0,83.0,0.0,14.0,3.4,0.0,0.0,2.0,1.0,0.0,0.0,0.0,2.0,0.0,79.0,0.0,5.0,1.0,4.0
2024,Round 1,2024-03-17,Brisbane Lions,home,CD_M20240140109,37,Brandon Starcevich,CD_I1002401,0.0,0.0,0.0,0.0,0.0,0.0,0.0,1.0,0.0,0.0,0.0,1.0,36.4,4.0,6.0,92.3,13.0,12.0,8.0,0.0,0.0,0.0,0.0,0.0,0.0,3.0,5.0,0.0,0.0,0.0,0.0,2.0,2.0,6.0,100.0,1.6,2.0,2.0,8.0,6.0,0.0,0.0,213.0,3.0,9.0,6.9,2.0,0.0,1.0,1.0,0.0,2.0,0.0,1.0,0.0,86.0,0.0,11.0,2.0,7.0
2024,Round 1,2024-03-17,Brisbane Lions,home,CD_M20240140109,44,Darcy Wilmot,CD_I1017067,0.0,0.0,0.0,0.0,1.0,100.0,1.0,1.0,0.0,0.0,0.0,0.0,25.0,4.0,13.0,82.4,17.0,14.0,10.0,0.0,1.0,1.0,0.0,0.0,0.0,1.0,5.0,0.0,0.0,0.0,0.0,3.0,2.0,4.0,83.3,2.4,3.0,3.0,12.0,3.0,0.0,0.0,331.0,4.0,15.0,9.2,1.0,0.0,1.0,1.0,0.0,2.0,3.0,1.0,0.0,86.0,3.0,16.0,4.0,12.0
2024,Round 1,2024-03-17,Brisbane Lions,home,CD_M20240140109,15,Dayne Zorko,CD_I261224,0.0,0.0,3.0,0.0,6.0,100.0,1.0,1.0,0.0,0.0,0.0,0.0,18.2,4.0,7.0,66.7,21.0,14.0,11.0,1.0,2.0,1.0,100.0,0.0,1.0,2.0,5.0,0.0,0.0,0.0,0.0,4.0,0.0,2.0,68.8,3.2,0.0,0.0,16.0,8.0,0.0,0.0,617.0,1.0,17.0,8.4,4.0,0.0,5.0,1.0,1.0,0.0,0.0,4.0,0.0,83.0,0.0,22.0,6.0,18.0
2024,Round 2,2024-03-23,North Melbourne,away,CD_M20240140203,21,Callum Coleman-Jones,CD_I1000061,0.0,0.0,4.0,0.0,2.0,0.0,0.0,0.0,0.0,0.0,0.0,1.0,50.0,5.0,1.0,77.8,9.0,7.0,4.0,1.0,1.0,0.0,0.0,2.0,0.0,3.0,5.0,60.0,41.7,5.0,3.0,2.0,1.0,3.0,100.0,0.8,0.0,0.0,4.0,3.0,0.0,1.0,168.0,2.0,4.0,8.6,0.0,12.0,5.0,3.0,0.0,0.0,0.0,1.0,1.0,69.0,0.0,10.0,4.0,5.0
2024,Round 2,2024-03-23,North Melbourne,away,CD_M20240140203,4,Aidan Corr,CD_I294508,0.0,0.0,0.0,0.0,2.0,0.0,0.0,2.0,0.0,0.0,0.0,0.0,45.5,5.0,8.0,77.8,9.0,7.0,4.0,0.0,2.0,0.0,0.0,0.0,0.0,3.0,4.0,0.0,0.0,0.0,0.0,2.0,1.0,6.0,80.0,1.3,1.0,0.0,5.0,4.0,0.0,0.0,137.0,12.0,9.0,11.8,2.0,0.0,1.0,1.0,0.0,8.0,0.0,0.0,0.0,86.0,0.0,11.0,1.0,6.0
2024,Round 2,2024-03-23,North Melbourne,away,CD_M20240140203,25,Paul Curtis,CD_I1002947,2.0,0.0,0.0,0.0,2.0,0.0,0.0,0.0,1.0,0.0,0.0,1.0,63.6,7.0,1.0,33.3,12.0,4.0,2.0,4.0,1.0,2.0,40.0,0.0,2.0,4.0,3.0,0.0,0.0,0.0,0.0,1.0,0.0,1.0,22.2,3.0,0.0,0.0,9.0,3.0,2.0,1.0,261.0,0.0,16.0,5.5,0.0,0.0,6.0,0.0,5.0,0.0,0.0,0.0,0.0,79.0,0.0,11.0,2.0,4.0
2024,Round 2,2024-03-23,North Melbourne,away,CD_M20240140203,9,Luke Davies-Uniacke,CD_I1002267,0.0,0.0,24.0,3.0,4.0,0.0,0.0,0.0,0.0,0.0,0.0,0.0,51.6,16.0,16.0,73.3,30.0,22.0,8.0,2.0,1.0,1.0,0.0,0.0,0.0,13.0,15.0,0.0,0.0,0.0,0.0,8.0,0.0,3.0,53.3,1.0,0.0,0.0,15.0,5.0,0.0,0.0,463.0,3.0,27.0,18.3,1.0,0.0,6.0,3.0,0.0,2.0,6.0,2.0,0.0,85.0,9.0,31.0,7.0,15.0
2024,Round 2,2024-03-23,North Melbourne,away,CD_M20240140203,42,Kallan Dawson,CD_I1012144,0.0,0.0,0.0,0.0,2.0,100.0,1.0,1.0,0.0,0.0,0.0,0.0,9.1,1.0,4.0,91.7,12.0,11.0,3.0,0.0,2.0,1.0,0.0,0.0,0.0,1.0,8.0,0.0,0.0,0.0,0.0,1.0,2.0,3.0,75.0,0.5,0.0,0.0,4.0,2.0,0.0,0.0,119.0,5.0,4.0,6.5,2.0,0.0,0.0,0.0,0.0,4.0,0.0,0.0,0.0,81.0,0.0,11.0,1.0,10.0
2024,Round 2,2024-03-23,North Melbourne,away,CD_M20240140203,7,Zane Duursma,CD_I1023494,2.0,0.0,0.0,0.0,2.0,0.0,0.0,0.0,0.0,0.0,0.0,0.0,13.3,2.0,2.0,60.0,15.0,9.0,7.0,1.0,0.0,0.0,0.0,0.0,0.0,2.0,3.0,0.0,0.0,0.0,0.0,2.0,0.0,0.0,58.3,4.0,0.0,0.0,12.0,11.0,2.0,1.0,275.0,0.0,13.0,-6.5,0.0,0.0,4.0,0.0,2.0,0.0,0.0,2.0,2.0,85.0,0.0,15.0,4.0,13.0
2024,Round 2,2024-03-23,North Melbourne,away,CD_M20240140203,16,Zac Fisher,CD_I999827,0.0,2.0,0.0,0.0,4.0,0.0,0.0,0.0,0.0,0.0,0.0,0.0,29.2,7.0,6.0,80.0,25.0,20.0,14.0,0.0,1.0,1.0,0.0,0.0,0.0,6.0,7.0,0.0,0.0,0.0,0.0,3.0,1.0,7.0,77.8,2.6,1.0,1.0,18.0,5.0,0.0,0.0,425.0,2.0,9.0,10.8,2.0,0.0,3.0,1.0,1.0,2.0,0.0,1.0,0.0,74.0,0.0,24.0,3.0,17.0
2024,Round 2,2024-03-23,North Melbourne,away,CD_M20240140203,40,Eddie Ford,CD_I1012833,1.0,0.0,0.0,0.0,0.0,0.0,0.0,1.0,1.0,0.0,0.0,0.0,0.0,0.0,2.0,66.7,3.0,2.0,0.0,0.0,0.0,0.0,0.0,0.0,0.0,0.0,2.0,0.0,0.0,0.0,0.0,0.0,0.0,0.0,0.0,0.5,0.0,0.0,1.0,3.0,1.0,0.0,29.0,1.0,5.0,-1.7,0.0,0.0,1.0,0.0,1.0,1.0,0.0,0.0,0.0,25.0,0.0,3.0,0.0,3.0
2024,Round 2,2024-03-23,North Melbourne,away,CD_M20240140203,20,Nick Larkey,CD_I1001017,1.0,0.0,0.0,0.0,3.0,0.0,0.0,0.0,5.0,2.0,40.0,0.0,40.0,2.0,0.0,33.3,6.0,2.0,2.0,1.0,1.0,1.0,50.0,1.0,1.0,1.0,1.0,0.0,12.5,1.0,0.0,2.0,0.0,0.0,40.0,5.0,0.0,0.0,5.0,3.0,2.0,1.0,155.0,1.0,4.0,-3.3,0.0,8.0,3.0,0.0,2.0,1.0,0.0,1.0,1.0,100.0,0.0,5.0,3.0,3.0
2024,Round 2,2024-03-23,North Melbourne,away,CD_M20240140203,35,Charlie Lazzaro,CD_I1012852,0.0,0.0,4.0,0.0,0.0,0.0,0.0,0.0,0.0,0.0,0.0,0.0,46.2,6.0,4.0,92.3,13.0,12.0,5.0,2.0,0.0,1.0,0.0,1.0,0.0,5.0,8.0,0.0,0.0,0.0,0.0,0.0,0.0,0.0,100.0,0.6,0.0,0.0,5.0,3.0,0.0,0.0,2.0,1.0,13.0,7.8,1.0,0.0,3.0,1.0,0.0,1.0,4.0,2.0,0.0,65.0,4.0,13.0,0.0,7.0
2024,Round 2,2024-03-23,North Melbourne,away,CD_M20240140203,11,Luke McDonald,CD_I296355,0.0,0.0,0.0,0.0,1.0,0.0,0.0,2.0,0.0,0.0,0.0,0.0,33.3,3.0,5.0,88.9,9.0,8.0,5.0,0.0,0.0,0.0,0.0,0.0,0.0,3.0,4.0,0.0,0.0,0.0,0.0,1.0,1.0,3.0,100.0,1.3,0.0,0.0,5.0,2.0,0.0,0.0,178.0,2.0,7.0,4.3,2.0,0.0,2.0,1.0,0.0,2.0,0.0,3.0,0.0,71.0,0.0,9.0,1.0,6.0
2024,Round 2,2024-03-23,North Melbourne,away,CD_M20240140203,10,Colby McKercher,CD_I1024272,0.0,2.0,0.0,0.0,1.0,100.0,1.0,1.0,0.0,0.0,0.0,0.0,14.3,3.0,6.0,90.9,22.0,20.0,13.0,0.0,0.0,0.0,0.0,1.0,0.0,3.0,8.0,0.0,0.0,0.0,0.0,3.0,0.0,2.0,92.9,1.8,2.0,2.0,14.0,6.0,0.0,0.0,382.0,1.0,13.0,13.3,4.0,0.0,3.0,0.0,0.0,0.0,0.0,0.0,0.0,77.0,0.0,21.0,2.0,18.0
2024,Round 2,2024-03-23,North Melbourne,away,CD_M20240140203,32,Toby Pink,CD_I1002138,0.0,0.0,0.0,0.0,2.0,33.3,2.0,6.0,0.0,0.0,0.0,1.0,30.0,3.0,8.0,70.0,10.0,7.0,2.0,0.0,0.0,1.0,0.0,0.0,0.0,1.0,6.0,0.0,0.0,0.0,0.0,1.0,4.0,6.0,50.0,0.7,0.0,0.0,4.0,4.0,0.0,0.0,132.0,7.0,11.0,8.5,3.0,0.0,2.0,1.0,0.0,7.0,0.0,3.0,0.0,84.0,0.0,10.0,3.0,7.0
2024,Round 2,2024-03-23,North Melbourne,away,CD_M20240140203,24,Tom Powell,CD_I1011659,0.0,1.0,27.0,2.0,0.0,0.0,0.0,0.0,0.0,0.0,0.0,0.0,31.0,9.0,17.0,85.7,28.0,24.0,9.0,0.0,0.0,0.0,100.0,0.0,2.0,6.0,15.0,0.0,0.0,0.0,0.0,4.0,0.0,1.0,69.2,0.9,0.0,0.0,13.0,4.0,1.0,0.0,505.0,0.0,26.0,24.2,1.0,0.0,9.0,2.0,2.0,0.0,6.0,5.0,0.0,85.0,8.0,29.0,1.0,20.0
2024,Round 2,2024-03-23,North Melbourne,away,CD_M20240140203,8,Bailey Scott,CD_I1006058,0.0,0.0,0.0,0.0,1.0,0.0,0.0,0.0,0.0,0.0,0.0,0.0,10.5,2.0,7.0,91.3,23.0,21.0,16.0,0.0,0.0,0.0,100.0,0.0,1.0,2.0,6.0,0.0,0.0,0.0,0.0,4.0,1.0,2.0,94.1,2.8,4.0,4.0,17.0,7.0,0.0,0.0,522.0,0.0,12.0,17.7,2.0,0.0,3.0,1.0,1.0,0.0,0.0,3.0,0.0,80.0,0.0,19.0,2.0,17.0
2024,Round 2,2024-03-23,North Melbourne,away,CD_M20240140203,3,Harry Sheezel,CD_I1023518,0.0,0.0,0.0,0.0,2.0,0.0,0.0,0.0,0.0,0.0,0.0,0.0,19.4,6.0,15.0,80.0,35.0,28.0,13.0,0.0,0.0,0.0,0.0,0.0,0.0,6.0,18.0,0.0,0.0,0.0,0.0,3.0,0.0,5.0,76.5,0.9,4.0,4.0,17.0,6.0,0.0,0.0,527.0,0.0,20.0,15.3,6.0,0.0,6.0,2.0,1.0,0.0,0.0,4.0,0.0,89.0,0.0,31.0,4.0,25.0
2024,Round 2,2024-03-23,North Melbourne,away,CD_M20240140203,12,Jy Simpkin,CD_I993998,1.0,0.0,9.0,1.0,3.0,0.0,0.0,0.0,1.0,1.0,100.0,1.0,42.9,6.0,5.0,78.6,14.0,11.0,6.0,1.0,2.0,1.0,33.3,2.0,1.0,3.0,6.0,0.0,0.0,0.0,0.0,4.0,1.0,1.0,75.0,1.3,0.0,0.0,8.0,6.0,4.0,1.0,232.0,0.0,16.0,7.9,0.0,0.0,7.0,1.0,3.0,0.0,0.0,0.0,0.0,86.0,1.0,14.0,3.0,8.0
2024,Round 2,2024-03-23,North Melbourne,away,CD_M20240140203,15,Dylan Stephens,CD_I1004848,0.0,0.0,0.0,0.0,0.0,0.0,0.0,0.0,1.0,0.0,0.0,0.0,0.0,0.0,2.0,87.5,8.0,7.0,3.0,0.0,0.0,1.0,0.0,0.0,0.0,0.0,4.0,0.0,0.0,0.0,0.0,2.0,0.0,0.0,75.0,1.0,0.0,0.0,4.0,0.0,0.0,0.0,198.0,1.0,8.0,2.8,2.0,0.0,2.0,0.0,0.0,1.0,0.0,2.0,0.0,85.0,0.0,8.0,0.0,8.0
2024,Round 2,2024-03-23,North Melbourne,away,CD_M20240140203,2,Jaidyn Stephenson,CD_I1002240,0.0,1.0,0.0,0.0,3.0,0.0,0.0,0.0,1.0,0.0,0.0,0.0,18.2,2.0,2.0,60.0,10.0,6.0,2.0,1.0,1.0,0.0,50.0,0.0,1.0,2.0,5.0,0.0,0.0,0.0,0.0,3.0,0.0,0.0,40.0,1.0,0.0,0.0,5.0,2.0,0.0,0.0,217.0,1.0,9.0,3.9,0.0,0.0,4.0,0.0,2.0,1.0,0.0,0.0,0.0,81.0,0.0,11.0,3.0,9.0
2024,Round 2,2024-03-23,North Melbourne,away,CD_M20240140203,13,Darcy Tucker,CD_I993816,0.0,0.0,0.0,0.0,1.0,0.0,0.0,0.0,0.0,0.0,0.0,0.0,23.5,4.0,3.0,93.3,15.0,14.0,5.0,0.0,1.0,1.0,0.0,1.0,0.0,3.0,9.0,0.0,0.0,0.0,0.0,2.0,1.0,3.0,83.3,0.7,0.0,0.0,6.0,3.0,0.0,0.0,113.0,0.0,6.0,5.6,0.0,0.0,2.0,0.0,0.0,0.0,1.0,0.0,0.0,74.0,1.0,17.0,3.0,13.0
2024,Round 2,2024-03-23,North Melbourne,away,CD_M20240140203,6,George Wardlaw,CD_I1023477,0.0,0.0,21.0,2.0,4.0,0.0,0.0,0.0,0.0,0.0,0.0,1.0,43.5,10.0,6.0,69.6,23.0,16.0,7.0,0.0,0.0,2.0,100.0,1.0,1.0,6.0,13.0,0.0,0.0,0.0,0.0,3.0,1.0,3.0,70.0,0.8,0.0,0.0,10.0,6.0,1.0,0.0,313.0,3.0,24.0,20.7,2.0,0.0,6.0,2.0,1.0,1.0,3.0,4.0,0.0,71.0,5.0,23.0,3.0,13.0
2024,Round 2,2024-03-23,North Melbourne,away,CD_M20240140203,38,Tristan Xerri,CD_I1004965,0.0,0.0,25.0,4.0,4.0,0.0,0.0,0.0,0.0,0.0,0.0,1.0,68.4,13.0,6.0,68.4,19.0,13.0,5.0,1.0,2.0,2.0,0.0,0.0,0.0,5.0,12.0,26.7,46.9,30.0,8.0,3.0,2.0,2.0,71.4,0.6,0.0,0.0,7.0,3.0,0.0,0.0,80.0,1.0,13.0,11.7,0.0,64.0,3.0,2.0,1.0,0.0,3.0,6.0,0.0,84.0,7.0,19.0,4.0,6.0
2024,Round 2,2024-03-23,North Melbourne,away,CD_M20240140203,44,Cameron Zurhaar,CD_I998484,0.0,0.0,2.0,0.0,2.0,0.0,0.0,0.0,0.0,0.0,0.0,0.0,54.5,6.0,6.0,81.8,11.0,9.0,5.0,0.0,1.0,1.0,100.0,0.0,2.0,4.0,5.0,0.0,0.0,0.0,0.0,3.0,0.0,1.0,83.3,1.2,0.0,0.0,6.0,2.0,2.0,0.0,233.0,0.0,13.0,10.4,0.0,0.0,5.0,0.0,2.0,0.0,3.0,3.0,2.0,84.0,3.0,11.0,2.0,5.0
2024,Round 3,2024-03-29,Adelaide,home,CD_M20240140303,35,James Borlase,CD_I1009029,0.0,0.0,0.0,0.0,0.0,0.0,0.0,2.0,0.0,0.0,0.0,1.0,45.5,5.0,5.0,100.0,10.0,10.0,9.0,0.0,0.0,3.0,0.0,0.0,0.0,1.0,1.0,0.0,0.0,0.0,0.0,2.0,1.0,5.0,100.0,9.0,0.0,0.0,9.0,6.0,0.0,0.0,160.0,9.0,5.0,8.5,1.0,0.0,3.0,1.0,0.0,9.0,0.0,1.0,0.0,95.0,0.0,11.0,1.0,6.0
2024,Round 3,2024-03-29,Adelaide,home,CD_M20240140303,21,Chris Burgess,CD_I1000068,2.0,0.0,2.0,0.0,2.0,0.0,0.0,0.0,4.0,2.0,50.0,1.0,77.8,7.0,4.0,50.0,10.0,5.0,5.0,1.0,1.0,2.0,33.3,0.0,1.0,4.0,1.0,71.4,43.8,7.0,5.0,2.0,0.0,3.0,55.6,9.0,0.0,0.0,9.0,2.0,2.0,0.0,214.0,0.0,17.0,8.4,0.0,16.0,5.0,1.0,3.0,0.0,0.0,0.0,0.0,87.0,0.0,9.0,2.0,2.0
2024,Round 3,2024-03-29,Adelaide,home,CD_M20240140303,5,Matt Crouch,CD_I297401,0.0,1.0,12.0,4.0,1.0,0.0,0.0,0.0,0.0,0.0,0.0,0.0,53.6,15.0,19.0,82.1,28.0,23.0,6.0,1.0,1.0,1.0,0.0,0.0,0.0,10.0,21.0,0.0,0.0,0.0,0.0,1.0,0.0,3.0,85.7,0.3,0.0,0.0,7.0,5.0,0.0,0.0,200.0,0.0,34.0,13.6,1.0,0.0,3.0,0.0,0.0,0.0,3.0,5.0,1.0,74.0,7.0,28.0,2.0,13.0
2024,Round 3,2024-03-29,Adelaide,home,CD_M20240140303,12,Jordan Dawson,CD_I992242,0.0,0.0,14.0,2.0,7.0,0.0,0.0,0.0,1.0,0.0,0.0,0.0,32.0,8.0,9.0,48.1,27.0,13.0,8.0,0.0,1.0,1.0,0.0,0.0,0.0,5.0,8.0,0.0,0.0,0.0,0.0,7.0,0.0,4.0,42.1,2.4,0.0,0.0,19.0,3.0,0.0,0.0,402.0,0.0,23.0,4.1,2.0,0.0,5.0,1.0,0.0,0.0,2.0,5.0,0.0,80.0,4.0,25.0,9.0,17.0
2024,Round 3,2024-03-29,Adelaide,home,CD_M20240140303,32,Darcy Fogarty,CD_I999331,2.0,0.0,0.0,0.0,3.0,0.0,0.0,0.0,1.0,0.0,0.0,0.0,45.5,5.0,1.0,72.7,11.0,8.0,5.0,2.0,2.0,2.0,0.0,0.0,0.0,3.0,4.0,0.0,0.0,0.0,0.0,3.0,0.0,0.0,71.4,1.8,0.0,0.0,7.0,4.0,1.0,2.0,252.0,2.0,7.0,2.0,0.0,0.0,4.0,0.0,2.0,2.0,0.0,0.0,0.0,91.0,0.0,11.0,3.0,6.0
2024,Round 3,2024-03-29,Adelaide,home,CD_M20240140303,20,Mitchell Hinge,CD_I1004863,0.0,0.0,0.0,0.0,4.0,0.0,0.0,0.0,0.0,0.0,0.0,0.0,31.3,5.0,8.0,78.9,19.0,15.0,11.0,0.0,1.0,0.0,0.0,0.0,0.0,3.0,4.0,0.0,0.0,0.0,0.0,4.0,2.0,8.0,73.3,3.8,1.0,1.0,15.0,6.0,0.0,0.0,458.0,4.0,11.0,10.0,5.0,0.0,2.0,2.0,0.0,2.0,1.0,1.0,0.0,86.0,1.0,16.0,7.0,11.0
2024,Round 3,2024-03-29,Adelaide,home,CD_M20240140303,1,Chayce Jones,CD_I1006203,0.0,0.0,0.0,1.0,0.0,0.0,0.0,0.0,0.0,0.0,0.0,0.0,28.6,4.0,5.0,91.7,12.0,11.0,7.0,0.0,0.0,0.0,0.0,0.0,0.0,3.0,5.0,0.0,0.0,0.0,0.0,1.0,3.0,5.0,100.0,1.4,0.0,0.0,7.0,4.0,0.0,0.0,217.0,1.0,11.0,11.4,4.0,0.0,3.0,1.0,0.0,0.0,0.0,1.0,0.0,87.0,1.0,14.0,1.0,10.0
2024,Round 3,2024-03-29,Adelaide,home,CD_M20240140303,48,Mark Keane,CD_I1013974,0.0,0.0,0.0,0.0,2.0,33.3,1.0,3.0,0.0,0.0,0.0,0.0,14.3,3.0,4.0,92.3,26.0,24.0,17.0,0.0,2.0,1.0,0.0,0.0,0.0,2.0,7.0,0.0,0.0,0.0,0.0,0.0,3.0,8.0,89.5,2.7,5.0,3.0,19.0,11.0,0.0,0.0,428.0,3.0,5.0,15.3,5.0,0.0,4.0,0.0,0.0,2.0,0.0,0.0,0.0,97.0,0.0,21.0,1.0,18.0
2024,Round 3,2024-03-29,Adelaide,home,CD_M20240140303,2,Ben Keays,CD_I993946,1.0,0.0,0.0,0.0,3.0,0.0,0.0,0.0,0.0,0.0,0.0,0.0,50.0,8.0,6.0,57.9,19.0,11.0,6.0,2.0,0.0,0.0,50.0,0.0,1.0,7.0,6.0,0.0,0.0,0.0,0.0,2.0,0.0,3.0,46.2,2.2,0.0,0.0,13.0,4.0,0.0,0.0,348.0,0.0,21.0,11.6,1.0,0.0,4.0,0.0,2.0,0.0,3.0,1.0,1.0,84.0,3.0,16.0,7.0,8.0
2024,Round 3,2024-03-29,Adelaide,home,CD_M20240140303,29,Rory Laird,CD_I293222,0.0,0.0,10.0,1.0,2.0,0.0,0.0,0.0,0.0,0.0,0.0,0.0,25.9,7.0,7.0,84.0,25.0,21.0,10.0,0.0,2.0,0.0,0.0,0.0,0.0,5.0,12.0,0.0,0.0,0.0,0.0,3.0,0.0,0.0,76.9,1.1,0.0,0.0,13.0,7.0,0.0,0.0,284.0,1.0,19.0,6.9,4.0,0.0,3.0,0.0,0.0,0.0,3.0,6.0,3.0,78.0,4.0,27.0,1.0,20.0
2024,Round 3,2024-03-29,Adelaide,home,CD_M20240140303,25,Ned McHenry,CD_I1008185,0.0,0.0,0.0,0.0,2.0,0.0,0.0,0.0,1.0,0.0,0.0,0.0,26.7,4.0,1.0,76.9,13.0,10.0,7.0,0.0,1.0,1.0,50.0,0.0,1.0,3.0,4.0,0.0,0.0,0.0,0.0,0.0,0.0,1.0,77.8,2.3,0.0,0.0,9.0,3.0,0.0,0.0,199.0,1.0,9.0,8.9,0.0,0.0,3.0,0.0,2.0,0.0,0.0,1.0,0.0,73.0,0.0,15.0,2.0,11.0
2024,Round 3,2024-03-29,Adelaide,home,CD_M20240140303,16,Max Michalanney,CD_I1015370,0.0,1.0,0.0,0.0,2.0,0.0,0.0,0.0,0.0,0.0,0.0,1.0,25.0,3.0,10.0,76.9,13.0,10.0,8.0,0.0,1.0,0.0,0.0,0.0,0.0,2.0,3.0,0.0,0.0,0.0,0.0,1.0,2.0,4.0,80.0,3.3,1.0,1.0,10.0,7.0,0.0,0.0,203.0,4.0,13.0,6.1,3.0,0.0,0.0,0.0,0.0,3.0,0.0,5.0,0.0,85.0,0.0,12.0,3.0,9.0
2024,Round 3,2024-03-29,Adelaide,home,CD_M20240140303,30,Wayne Milera,CD_I990882,0.0,0.0,0.0,0.0,4.0,0.0,0.0,0.0,0.0,0.0,0.0,0.0,27.3,3.0,7.0,69.2,13.0,9.0,6.0,0.0,1.0,1.0,0.0,0.0,0.0,3.0,3.0,0.0,0.0,0.0,0.0,2.0,0.0,4.0,60.0,3.3,2.0,1.0,10.0,4.0,0.0,0.0,317.0,1.0,11.0,3.3,5.0,0.0,0.0,0.0,0.0,1.0,1.0,1.0,0.0,57.0,1.0,11.0,5.0,8.0
2024,Round 3,2024-03-29,Adelaide,home,CD_M20240140303,4,Lachlan Murphy,CD_I1000998,0.0,0.0,0.0,0.0,1.0,0.0,0.0,0.0,0.0,0.0,0.0,0.0,20.0,1.0,0.0,75.0,4.0,3.0,2.0,0.0,0.0,0.0,0.0,0.0,0.0,1.0,1.0,0.0,0.0,0.0,0.0,0.0,0.0,1.0,66.7,3.0,0.0,0.0,3.0,1.0,0.0,0.0,124.0,0.0,4.0,-0.7,0.0,0.0,0.0,0.0,0.0,0.0,0.0,0.0,0.0,25.0,0.0,5.0,3.0,4.0
2024,Round 3,2024-03-29,Adelaide,home,CD_M20240140303,43,Reilly O'Brien,CD_I297523,0.0,0.0,15.0,0.0,5.0,0.0,0.0,0.0,1.0,0.0,0.0,1.0,50.0,3.0,7.0,85.7,7.0,6.0,1.0,0.0,3.0,0.0,0.0,0.0,0.0,1.0,5.0,30.3,61.1,33.0,10.0,1.0,1.0,2.0,50.0,0.4,0.0,0.0,2.0,3.0,0.0,0.0,28.0,4.0,13.0,6.4,1.0,54.0,2.0,1.0,0.0,3.0,1.0,2.0,0.0,88.0,1.0,6.0,3.0,3.0
2024,Round 3,2024-03-29,Adelaide,home,CD_M20240140303,10,Luke Pedlar,CD_I1012218,0.0,0.0,1.0,0.0,2.0,0.0,0.0,0.0,0.0,0.0,0.0,0.0,25.0,1.0,1.0,50.0,4.0,2.0,2.0,0.0,2.0,0.0,0.0,0.0,0.0,0.0,1.0,0.0,0.0,0.0,0.0,0.0,0.0,1.0,66.7,3.0,0.0,0.0,3.0,2.0,0.0,0.0,47.0,0.0,14.0,-0.1,0.0,0.0,1.0,0.0,0.0,0.0,1.0,2.0,1.0,40.0,1.0,4.0,1.0,3.0
2024,Round 3,2024-03-29,Adelaide,home,CD_M20240140303,8,Josh Rachele,CD_I1017051,1.0,0.0,0.0,0.0,2.0,0.0,0.0,0.0,0.0,0.0,0.0,0.0,38.5,5.0,3.0,69.2,13.0,9.0,5.0,3.0,1.0,1.0,0.0,1.0,0.0,4.0,4.0,0.0,0.0,0.0,0.0,3.0,0.0,1.0,55.6,2.3,0.0,0.0,9.0,3.0,1.0,0.0,266.0,1.0,16.0,4.0,0.0,0.0,4.0,0.0,1.0,1.0,0.0,0.0,0.0,71.0,0.0,13.0,3.0,8.0
2024,Round 3,2024-03-29,Adelaide,home,CD_M20240140303,23,Izak Rankine,CD_I1001195,0.0,0.0,5.0,1.0,2.0,0.0,0.0,0.0,2.0,0.0,0.0,0.0,43.8,7.0,5.0,68.8,16.0,11.0,5.0,1.0,0.0,2.0,0.0,2.0,0.0,3.0,7.0,0.0,0.0,0.0,0.0,3.0,1.0,2.0,55.6,1.3,0.0,0.0,9.0,4.0,0.0,1.0,229.0,2.0,20.0,12.0,0.0,0.0,4.0,1.0,0.0,1.0,1.0,4.0,2.0,85.0,2.0,16.0,3.0,9.0
2024,Round 3,2024-03-29,Adelaide,home,CD_M20240140303,38,Lachlan Sholl,CD_I1006136,0.0,0.0,0.0,0.0,2.0,100.0,1.0,1.0,0.0,0.0,0.0,0.0,11.8,2.0,8.0,72.2,18.0,13.0,9.0,0.0,0.0,0.0,100.0,0.0,1.0,2.0,6.0,0.0,0.0,0.0,0.0,1.0,0.0,2.0,75.0,2.0,0.0,0.0,12.0,4.0,0.0,0.0,298.0,2.0,15.0,9.7,2.0,0.0,3.0,0.0,1.0,1.0,0.0,2.0,1.0,81.0,0.0,17.0,5.0,15.0
2024,Round 3,2024-03-29,Adelaide,home,CD_M20240140303,33,Brodie Smith,CD_I291748,0.0,0.0,0.0,0.0,3.0,0.0,0.0,0.0,0.0,0.0,0.0,0.0,25.0,5.0,4.0,86.4,22.0,19.0,13.0,0.0,1.0,3.0,0.0,0.0,0.0,2.0,6.0,0.0,0.0,0.0,0.0,2.0,1.0,7.0,81.3,2.7,2.0,2.0,16.0,6.0,0.0,0.0,460.0,2.0,8.0,6.9,4.0,0.0,7.0,3.0,0.0,1.0,0.0,2.0,0.0,79.0,0.0,20.0,4.0,15.0
2024,Round 3,2024-03-29,Adelaide,home,CD_M20240140303,14,Jake Soligo,CD_I1017109,1.0,0.0,9.0,1.0,2.0,0.0,0.0,0.0,0.0,0.0,0.0,0.0,33.3,7.0,5.0,61.9,21.0,13.0,7.0,0.0,1.0,1.0,0.0,0.0,0.0,3.0,8.0,0.0,0.0,0.0,0.0,2.0,0.0,0.0,53.8,1.6,0.0,0.0,13.0,5.0,0.0,0.0,243.0,2.0,10.0,2.0,0.0,0.0,5.0,1.0,1.0,1.0,2.0,0.0,0.0,79.0,3.0,21.0,3.0,14.0
2024,Round 3,2024-03-29,Adelaide,home,CD_M20240140303,13,Taylor Walker,CD_I280506,1.0,0.0,0.0,0.0,2.0,0.0,0.0,0.0,5.0,1.0,20.0,0.0,16.7,1.0,0.0,42.9,7.0,3.0,3.0,0.0,0.0,0.0,0.0,0.0,0.0,1.0,0.0,0.0,0.0,0.0,0.0,4.0,0.0,0.0,42.9,7.0,0.0,0.0,7.0,3.0,1.0,3.0,169.0,2.0,10.0,3.1,0.0,1.0,2.0,0.0,2.0,1.0,0.0,2.0,1.0,98.0,0.0,6.0,2.0,5.0
2024,Round 3,2024-03-29,Adelaide,home,CD_M20240140303,24,Josh Worrell,CD_I1011981,0.0,0.0,0.0,0.0,3.0,100.0,2.0,2.0,0.0,0.0,0.0,0.0,18.8,3.0,12.0,82.4,17.0,14.0,9.0,0.0,2.0,0.0,0.0,0.0,0.0,3.0,7.0,0.0,0.0,0.0,0.0,0.0,1.0,3.0,90.0,1.4,3.0,2.0,10.0,8.0,0.0,0.0,185.0,4.0,13.0,3.3,3.0,0.0,4.0,2.0,0.0,4.0,0.0,2.0,0.0,82.0,0.0,16.0,2.0,13.0
2024,Round 4,2024-04-06,Carlton,home,CD_M20240140405,13,Blake Acres,CD_I296294,1.0,0.0,0.0,0.0,4.0,100.0,1.0,1.0,0.0,0.0,0.0,0.0,39.1,9.0,5.0,75.0,20.0,15.0,9.0,1.0,4.0,0.0,0.0,0.0,0.0,7.0,6.0,0.0,0.0,0.0,0.0,2.0,0.0,5.0,64.3,2.3,0.0,0.0,14.0,6.0,0.0,0.0,340.0,0.0,18.0,8.7,2.0,0.0,6.0,2.0,1.0,0.0,2.0,5.0,1.0,88.0,2.0,23.0,6.0,14.0
2024,Round 4,2024-04-06,Carlton,home,CD_M20240140405,37,Jordan Boyd,CD_I1002795,0.0,0.0,0.0,0.0,0.0,0.0,0.0,0.0,0.0,0.0,0.0,0.0,31.3,5.0,4.0,75.0,16.0,12.0,9.0,0.0,0.0,0.0,0.0,0.0,0.0,5.0,5.0,0.0,0.0,0.0,0.0,0.0,2.0,7.0,81.8,2.2,0.0,0.0,11.0,5.0,0.0,0.0,217.0,1.0,11.0,8.9,4.0,0.0,3.0,1.0,0.0,1.0,0.0,4.0,1.0,77.0,0.0,16.0,2.0,11.0
2024,Round 4,2024-04-06,Carlton,home,CD_M20240140405,16,Jack Carroll,CD_I1013233,1.0,0.0,12.0,0.0,3.0,0.0,0.0,0.0,0.0,0.0,0.0,0.0,36.8,7.0,6.0,70.0,20.0,14.0,5.0,0.0,0.0,0.0,0.0,1.0,0.0,7.0,10.0,0.0,0.0,0.0,0.0,3.0,0.0,4.0,50.0,1.0,0.0,0.0,10.0,3.0,0.0,0.0,246.0,0.0,19.0,8.5,1.0,0.0,5.0,1.0,1.0,0.0,1.0,2.0,0.0,68.0,1.0,19.0,3.0,12.0
2024,Round 4,2024-04-06,Carlton,home,CD_M20240140405,5,Adam Cerra,CD_I1002239,2.0,0.0,15.0,0.0,4.0,0.0,0.0,0.0,0.0,0.0,0.0,0.0,29.2,7.0,7.0,66.7,24.0,16.0,6.0,2.0,0.0,0.0,25.0,0.0,1.0,6.0,13.0,0.0,0.0,0.0,0.0,3.0,0.0,3.0,54.5,0.8,0.0,0.0,11.0,3.0,0.0,0.0,381.0,2.0,18.0,6.5,1.0,0.0,7.0,2.0,4.0,2.0,1.0,3.0,0.0,81.0,1.0,24.0,2.0,17.0
2024,Round 4,2024-04-06,Carlton,home,CD_M20240140405,46,Matthew Cottrell,CD_I1008154,2.0,0.0,0.0,0.0,2.0,0.0,0.0,1.0,1.0,1.0,100.0,1.0,46.2,6.0,6.0,61.5,13.0,8.0,5.0,1.0,0.0,2.0,50.0,0.0,2.0,2.0,3.0,0.0,0.0,0.0,0.0,2.0,1.0,4.0,50.0,3.3,0.0,0.0,10.0,5.0,1.0,1.0,415.0,1.0,18.0,11.5,3.0,0.0,7.0,1.0,4.0,1.0,0.0,4.0,0.0,91.0,0.0,13.0,2.0,7.0
2024,Round 4,2024-04-06,Carlton,home,CD_M20240140405,9,Patrick Cripps,CD_I990704,1.0,0.0,16.0,1.0,3.0,0.0,0.0,0.0,1.0,0.0,0.0,0.0,57.1,12.0,2.0,75.0,20.0,15.0,6.0,1.0,0.0,2.0,50.0,0.0,1.0,5.0,13.0,100.0,20.0,2.0,2.0,4.0,0.0,3.0,85.7,0.5,0.0,0.0,7.0,4.0,1.0,2.0,275.0,1.0,22.0,14.2,0.0,10.0,6.0,2.0,2.0,1.0,2.0,6.0,1.0,82.0,3.0,21.0,1.0,9.0
2024,Round 4,2024-04-06,Carlton,home,CD_M20240140405,30,Charlie Curnow,CD_I996731,2.0,0.0,0.0,0.0,1.0,0.0,0.0,0.0,4.0,2.0,50.0,6.0,50.0,6.0,0.0,66.7,12.0,8.0,6.0,0.0,1.0,0.0,60.0,0.0,3.0,0.0,2.0,0.0,0.0,0.0,0.0,2.0,0.0,0.0,60.0,5.0,0.0,0.0,10.0,12.0,4.0,3.0,325.0,4.0,7.0,13.0,0.0,0.0,7.0,0.0,5.0,4.0,0.0,1.0,1.0,95.0,0.0,12.0,2.0,6.0
2024,Round 4,2024-04-06,Carlton,home,CD_M20240140405,12,Tom De Koning,CD_I1004912,1.0,0.0,17.0,2.0,5.0,50.0,1.0,2.0,0.0,0.0,0.0,2.0,52.9,9.0,5.0,37.5,16.0,6.0,4.0,0.0,1.0,1.0,0.0,0.0,0.0,4.0,5.0,31.3,50.8,32.0,10.0,5.0,2.0,6.0,36.4,2.2,0.0,0.0,11.0,2.0,0.0,0.0,325.0,4.0,13.0,8.4,2.0,63.0,5.0,4.0,1.0,4.0,1.0,5.0,1.0,78.0,3.0,17.0,4.0,8.0
2024,Round 4,2024-04-06,Carlton,home,CD_M20240140405,19,Corey Durdin,CD_I1008510,0.0,0.0,0.0,0.0,0.0,0.0,0.0,0.0,1.0,0.0,0.0,0.0,50.0,3.0,1.0,50.0,8.0,4.0,0.0,2.0,0.0,0.0,0.0,0.0,0.0,3.0,4.0,0.0,0.0,0.0,0.0,2.0,0.0,2.0,0.0,1.0,0.0,0.0,4.0,0.0,0.0,0.0,76.0,0.0,24.0,5.7,0.0,0.0,1.0,0.0,0.0,0.0,0.0,8.0,7.0,71.0,0.0,6.0,0.0,3.0
2024,Round 4,2024-04-06,Carlton,home,CD_M20240140405,14,Orazio Fantasia,CD_I296334,0.0,0.0,0.0,0.0,2.0,0.0,0.0,0.0,1.0,0.0,0.0,0.0,62.5,5.0,8.0,87.5,8.0,7.0,3.0,1.0,1.0,1.0,0.0,1.0,0.0,4.0,4.0,0.0,0.0,0.0,0.0,2.0,0.0,3.0,75.0,1.0,0.0,0.0,4.0,1.0,0.0,0.0,135.0,0.0,16.0,9.5,0.0,0.0,2.0,1.0,1.0,0.0,1.0,4.0,3.0,65.0,1.0,8.0,2.0,3.0
2024,Round 4,2024-04-06,Carlton,home,CD_M20240140405,8,Lachie Fogarty,CD_I1002228,0.0,0.0,3.0,1.0,3.0,0.0,0.0,0.0,0.0,0.0,0.0,1.0,45.5,5.0,6.0,66.7,12.0,8.0,2.0,2.0,0.0,0.0,0.0,0.0,0.0,4.0,7.0,0.0,0.0,0.0,0.0,2.0,0.0,0.0,40.0,0.7,0.0,0.0,5.0,2.0,0.0,1.0,119.0,0.0,23.0,6.3,1.0,0.0,4.0,0.0,0.0,0.0,0.0,3.0,2.0,77.0,1.0,11.0,4.0,6.0
2024,Round 4,2024-04-06,Carlton,home,CD_M20240140405,29,George Hewett,CD_I294036,0.0,0.0,16.0,3.0,1.0,0.0,0.0,0.0,0.0,0.0,0.0,0.0,60.0,12.0,7.0,84.2,19.0,16.0,6.0,2.0,1.0,0.0,0.0,2.0,0.0,9.0,11.0,0.0,0.0,0.0,0.0,3.0,0.0,1.0,75.0,0.7,0.0,0.0,8.0,1.0,0.0,0.0,214.0,1.0,25.0,17.9,0.0,0.0,2.0,1.0,0.0,0.0,5.0,6.0,1.0,74.0,8.0,20.0,3.0,8.0
2024,Round 4,2024-04-06,Carlton,home,CD_M20240140405,20,Elijah Hollands,CD_I1012862,0.0,0.0,1.0,0.0,4.0,0.0,0.0,0.0,0.0,0.0,0.0,0.0,40.0,4.0,3.0,62.5,8.0,5.0,4.0,0.0,1.0,0.0,0.0,0.0,0.0,1.0,1.0,0.0,0.0,0.0,0.0,3.0,0.0,3.0,57.1,7.0,0.0,0.0,7.0,1.0,0.0,0.0,167.0,2.0,14.0,7.7,0.0,0.0,1.0,0.0,1.0,0.0,0.0,0.0,0.0,42.0,0.0,10.0,3.0,6.0
2024,Round 4,2024-04-06,Carlton,home,CD_M20240140405,4,Oliver Hollands,CD_I1023495,0.0,0.0,0.0,0.0,1.0,100.0,1.0,1.0,0.0,0.0,0.0,0.0,7.7,1.0,10.0,71.4,14.0,10.0,4.0,0.0,1.0,0.0,0.0,0.0,0.0,1.0,9.0,0.0,0.0,0.0,0.0,1.0,0.0,1.0,80.0,0.6,0.0,0.0,5.0,3.0,0.0,0.0,89.0,0.0,23.0,-1.0,0.0,0.0,0.0,0.0,0.0,0.0,1.0,2.0,0.0,88.0,1.0,13.0,2.0,12.0
2024,Round 4,2024-04-06,Carlton,home,CD_M20240140405,17,Brodie Kemp,CD_I1009241,0.0,1.0,0.0,0.0,2.0,0.0,0.0,2.0,0.0,0.0,0.0,1.0,19.0,4.0,7.0,76.2,21.0,16.0,11.0,0.0,1.0,0.0,0.0,0.0,0.0,3.0,6.0,0.0,0.0,0.0,0.0,0.0,3.0,6.0,73.3,2.5,0.0,0.0,15.0,14.0,0.0,0.0,205.0,5.0,9.0,4.4,3.0,0.0,1.0,0.0,0.0,4.0,0.0,4.0,0.0,97.0,0.0,21.0,5.0,17.0
2024,Round 4,2024-04-06,Carlton,home,CD_M20240140405,7,Matthew Kennedy,CD_I1001398,0.0,0.0,3.0,0.0,2.0,0.0,0.0,0.0,1.0,0.0,0.0,0.0,41.7,5.0,2.0,84.6,13.0,11.0,6.0,3.0,1.0,2.0,100.0,0.0,2.0,3.0,6.0,0.0,20.0,1.0,0.0,4.0,0.0,1.0,85.7,1.2,0.0,0.0,7.0,2.0,0.0,0.0,131.0,1.0,8.0,10.1,0.0,5.0,4.0,1.0,2.0,1.0,1.0,3.0,1.0,74.0,1.0,12.0,0.0,7.0
2024,Round 4,2024-04-06,Carlton,home,CD_M20240140405,11,Mitch McGovern,CD_I297255,0.0,0.0,0.0,0.0,3.0,0.0,0.0,1.0,0.0,0.0,0.0,0.0,40.0,4.0,2.0,75.0,16.0,12.0,11.0,0.0,1.0,0.0,0.0,0.0,0.0,4.0,2.0,0.0,0.0,0.0,0.0,0.0,0.0,4.0,78.6,7.0,6.0,5.0,14.0,3.0,0.0,0.0,351.0,2.0,3.0,3.7,4.0,0.0,0.0,0.0,0.0,2.0,1.0,0.0,0.0,82.0,1.0,10.0,3.0,6.0
2024,Round 4,2024-04-06,Carlton,home,CD_M20240140405,10,Harry McKay,CD_I1000953,2.0,0.0,5.0,0.0,2.0,0.0,0.0,0.0,6.0,3.0,50.0,2.0,53.3,8.0,2.0,66.7,12.0,8.0,4.0,1.0,0.0,1.0,0.0,0.0,0.0,2.0,5.0,25.0,28.6,4.0,1.0,1.0,0.0,1.0,57.1,1.4,0.0,0.0,7.0,6.0,2.0,1.0,130.0,2.0,8.0,4.0,0.0,14.0,4.0,1.0,2.0,2.0,2.0,5.0,2.0,85.0,2.0,15.0,0.0,7.0
2024,Round 4,2024-04-06,Carlton,home,CD_M20240140405,24,Nic Newman,CD_I297907,0.0,0.0,0.0,0.0,3.0,0.0,0.0,1.0,0.0,0.0,0.0,1.0,29.4,5.0,4.0,70.6,17.0,12.0,10.0,0.0,2.0,0.0,0.0,0.0,0.0,4.0,2.0,0.0,0.0,0.0,0.0,3.0,2.0,6.0,66.7,7.5,0.0,0.0,15.0,7.0,0.0,0.0,406.0,2.0,11.0,10.1,3.0,0.0,4.0,4.0,0.0,2.0,1.0,1.0,0.0,86.0,1.0,17.0,5.0,12.0
2024,Round 4,2024-04-06,Carlton,home,CD_M20240140405,44,Matthew Owies,CD_I1013973,0.0,0.0,0.0,0.0,1.0,0.0,0.0,0.0,0.0,0.0,0.0,0.0,50.0,2.0,2.0,100.0,3.0,3.0,2.0,1.0,1.0,1.0,100.0,0.0,1.0,1.0,1.0,0.0,0.0,0.0,0.0,0.0,0.0,1.0,100.0,2.0,0.0,0.0,2.0,1.0,0.0,0.0,62.0,2.0,7.0,5.0,0.0,0.0,4.0,0.0,1.0,1.0,0.0,3.0,3.0,41.0,0.0,4.0,1.0,2.0
2024,Round 4,2024-04-06,Carlton,home,CD_M20240140405,42,Adam Saad,CD_I295461,0.0,5.0,0.0,0.0,1.0,0.0,0.0,0.0,0.0,0.0,0.0,0.0,25.0,6.0,11.0,84.0,25.0,21.0,13.0,0.0,0.0,1.0,0.0,0.0,0.0,5.0,10.0,0.0,0.0,0.0,0.0,3.0,0.0,3.0,86.7,1.5,1.0,0.0,15.0,7.0,0.0,0.0,424.0,2.0,15.0,12.0,4.0,0.0,1.0,0.0,0.0,1.0,0.0,2.0,0.0,85.0,0.0,24.0,3.0,18.0
2024,Round 4,2024-04-06,Carlton,home,CD_M20240140405,23,Jacob Weitering,CD_I993832,0.0,0.0,0.0,0.0,2.0,0.0,0.0,4.0,0.0,0.0,0.0,2.0,25.0,5.0,8.0,66.7,21.0,14.0,13.0,0.0,0.0,1.0,0.0,0.0,0.0,2.0,2.0,0.0,0.0,0.0,0.0,1.0,2.0,7.0,68.4,9.5,0.0,0.0,19.0,12.0,0.0,0.0,425.0,9.0,9.0,8.3,5.0,0.0,0.0,0.0,0.0,8.0,0.0,5.0,0.0,100.0,0.0,20.0,8.0,15.0
2024,Round 4,2024-04-06,Carlton,home,CD_M20240140405,6,Zac Williams,CD_I294685,0.0,0.0,0.0,0.0,0.0,0.0,0.0,1.0,0.0,0.0,0.0,0.0,40.0,6.0,3.0,86.7,15.0,13.0,8.0,0.0,0.0,0.0,0.0,1.0,0.0,6.0,7.0,0.0,0.0,0.0,0.0,2.0,1.0,6.0,100.0,1.1,2.0,0.0,8.0,5.0,0.0,0.0,259.0,0.0,7.0,12.5,3.0,0.0,2.0,1.0,0.0,0.0,1.0,4.0,0.0,74.0,1.0,15.0,1.0,9.0
2024,Round 5,2024-04-13,Port Adelaide,away,CD_M20240140506,21,Aliir Aliir,CD_I294469,0.0,0.0,0.0,0.0,1.0,0.0,0.0,2.0,0.0,0.0,0.0,1.0,33.3,5.0,3.0,86.7,15.0,13.0,10.0,0.0,0.0,0.0,0.0,0.0,0.0,4.0,4.0,0.0,0.0,0.0,0.0,1.0,4.0,8.0,90.9,2.8,0.0,0.0,11.0,8.0,0.0,0.0,207.0,6.0,6.0,7.6,2.0,0.0,2.0,0.0,0.0,6.0,0.0,1.0,0.0,95.0,0.0,15.0,2.0,10.0
2024,Round 5,2024-04-13,Port Adelaide,away,CD_M20240140506,14,Miles Bergman,CD_I1009191,2.0,0.0,0.0,0.0,0.0,0.0,0.0,0.0,0.0,0.0,0.0,2.0,31.3,5.0,7.0,87.5,16.0,14.0,9.0,0.0,0.0,2.0,33.3,0.0,1.0,0.0,5.0,0.0,0.0,0.0,0.0,4.0,2.0,4.0,81.8,2.2,0.0,0.0,11.0,8.0,0.0,1.0,418.0,1.0,18.0,11.3,1.0,0.0,5.0,1.0,3.0,1.0,1.0,4.0,1.0,91.0,1.0,16.0,1.0,11.0
2024,Round 5,2024-04-13,Port Adelaide,away,CD_M20240140506,7,Jase Burgoyne,CD_I1013462,0.0,0.0,0.0,0.0,0.0,0.0,0.0,0.0,0.0,0.0,0.0,0.0,45.0,9.0,11.0,90.5,21.0,19.0,9.0,0.0,0.0,1.0,0.0,0.0,0.0,4.0,11.0,0.0,0.0,0.0,0.0,3.0,0.0,5.0,90.0,0.9,0.0,0.0,10.0,5.0,0.0,0.0,194.0,2.0,12.0,7.4,2.0,0.0,3.0,2.0,0.0,1.0,3.0,2.0,0.0,80.0,3.0,20.0,4.0,11.0
2024,Round 5,2024-04-13,Port Adelaide,away,CD_M20240140506,3,Ryan Burton,CD_I992128,1.0,0.0,0.0,0.0,4.0,100.0,1.0,1.0,0.0,0.0,0.0,0.0,23.5,4.0,4.0,61.1,18.0,11.0,9.0,0.0,1.0,0.0,0.0,0.0,0.0,2.0,3.0,0.0,0.0,0.0,0.0,9.0,0.0,3.0,60.0,5.0,1.0,1.0,15.0,6.0,0.0,0.0,479.0,4.0,5.0,3.9,1.0,0.0,3.0,0.0,1.0,3.0,2.0,0.0,0.0,78.0,2.0,17.0,2.0,13.0
2024,Round 5,2024-04-13,Port Adelaide,away,CD_M20240140506,9,Zak Butters,CD_I1006121,1.0,6.0,15.0,1.0,4.0,0.0,0.0,0.0,0.0,0.0,0.0,0.0,41.7,10.0,9.0,66.7,24.0,16.0,8.0,3.0,2.0,2.0,33.3,0.0,1.0,6.0,10.0,0.0,0.0,0.0,0.0,1.0,0.0,4.0,57.1,1.4,0.0,0.0,14.0,4.0,0.0,1.0,513.0,0.0,19.0,16.0,3.0,0.0,6.0,3.0,3.0,0.0,3.0,9.0,0.0,83.0,4.0,24.0,4.0,14.0
2024,Round 5,2024-04-13,Port Adelaide,away,CD_M20240140506,33,Darcy Byrne-Jones,CD_I991930,1.0,0.0,0.0,0.0,2.0,0.0,0.0,0.0,1.0,0.0,0.0,0.0,42.9,3.0,2.0,50.0,8.0,4.0,2.0,1.0,1.0,0.0,0.0,2.0,0.0,3.0,3.0,0.0,0.0,0.0,0.0,1.0,0.0,1.0,40.0,1.7,0.0,0.0,5.0,2.0,1.0,0.0,55.0,0.0,23.0,1.8,0.0,0.0,4.0,0.0,1.0,0.0,0.0,3.0,1.0,78.0,0.0,7.0,3.0,4.0
2024,Round 5,2024-04-13,Port Adelaide,away,CD_M20240140506,22,Charlie Dixon,CD_I280711,0.0,0.0,2.0,0.0,1.0,0.0,0.0,0.0,12.0,2.0,16.7,2.0,87.5,7.0,2.0,100.0,7.0,7.0,3.0,1.0,1.0,2.0,100.0,0.0,2.0,3.0,4.0,18.2,64.7,11.0,2.0,0.0,0.0,0.0,100.0,0.8,0.0,0.0,3.0,2.0,2.0,0.0,42.0,3.0,9.0,12.1,0.0,17.0,4.0,1.0,2.0,3.0,0.0,1.0,1.0,94.0,0.0,8.0,1.0,1.0
2024,Round 5,2024-04-13,Port Adelaide,away,CD_M20240140506,28,Willem Drew,CD_I1000972,0.0,0.0,13.0,0.0,2.0,0.0,0.0,0.0,0.0,0.0,0.0,0.0,56.3,9.0,16.0,81.3,16.0,13.0,5.0,1.0,2.0,2.0,0.0,0.0,0.0,6.0,9.0,0.0,0.0,0.0,0.0,2.0,0.0,2.0,71.4,0.8,0.0,0.0,7.0,3.0,0.0,1.0,197.0,0.0,30.0,10.5,2.0,0.0,4.0,1.0,0.0,0.0,3.0,8.0,2.0,74.0,3.0,16.0,3.0,7.0
2024,Round 5,2024-04-13,Port Adelaide,away,CD_M20240140506,6,Kane Farrell,CD_I1002253,0.0,0.0,0.0,1.0,2.0,0.0,0.0,1.0,0.0,0.0,0.0,0.0,31.8,7.0,9.0,76.9,26.0,20.0,14.0,1.0,0.0,1.0,0.0,0.0,0.0,4.0,7.0,0.0,0.0,0.0,0.0,2.0,2.0,6.0,73.7,2.7,4.0,4.0,19.0,6.0,0.0,0.0,623.0,2.0,13.0,10.1,9.0,0.0,3.0,3.0,0.0,2.0,3.0,2.0,0.0,86.0,4.0,22.0,5.0,15.0
2024,Round 5,2024-04-13,Port Adelaide,away,CD_M20240140506,19,Mitch Georgiades,CD_I1010174,1.0,1.0,0.0,0.0,2.0,0.0,0.0,0.0,0.0,0.0,0.0,0.0,23.1,3.0,3.0,76.9,13.0,10.0,5.0,0.0,1.0,1.0,66.7,0.0,2.0,2.0,5.0,0.0,0.0,0.0,0.0,3.0,0.0,0.0,62.5,1.6,0.0,0.0,8.0,6.0,3.0,0.0,328.0,2.0,10.0,7.4,0.0,2.0,4.0,0.0,3.0,2.0,0.0,2.0,2.0,76.0,0.0,13.0,2.0,10.0
2024,Round 5,2024-04-13,Port Adelaide,away,CD_M20240140506,18,Jason Horne-Francis,CD_I1011640,0.0,1.0,12.0,2.0,0.0,0.0,0.0,0.0,2.0,1.0,50.0,1.0,44.4,8.0,6.0,66.7,18.0,12.0,7.0,0.0,0.0,0.0,100.0,1.0,1.0,4.0,6.0,0.0,0.0,0.0,0.0,2.0,0.0,2.0,58.3,2.0,0.0,0.0,12.0,6.0,1.0,0.0,190.0,1.0,14.0,5.5,0.0,0.0,4.0,0.0,1.0,0.0,2.0,1.0,0.0,73.0,4.0,18.0,3.0,10.0
2024,Round 5,2024-04-13,Port Adelaide,away,CD_M20240140506,5,Dan Houston,CD_I994295,0.0,0.0,0.0,0.0,4.0,0.0,0.0,0.0,0.0,0.0,0.0,1.0,18.2,4.0,6.0,85.2,27.0,23.0,17.0,0.0,0.0,0.0,0.0,1.0,0.0,3.0,6.0,0.0,0.0,0.0,0.0,5.0,3.0,8.0,81.0,3.5,4.0,4.0,21.0,6.0,0.0,0.0,740.0,1.0,9.0,11.5,6.0,0.0,5.0,1.0,0.0,1.0,0.0,4.0,0.0,88.0,0.0,22.0,6.0,18.0
2024,Round 5,2024-04-13,Port Adelaide,away,CD_M20240140506,34,Lachie Jones,CD_I1011583,0.0,0.0,0.0,0.0,4.0,0.0,0.0,1.0,0.0,0.0,0.0,1.0,41.7,5.0,10.0,83.3,12.0,10.0,6.0,0.0,3.0,1.0,0.0,0.0,0.0,3.0,4.0,0.0,0.0,0.0,0.0,0.0,2.0,5.0,75.0,2.0,0.0,0.0,8.0,5.0,0.0,0.0,231.0,1.0,10.0,6.5,5.0,0.0,1.0,1.0,0.0,1.0,1.0,2.0,0.0,80.0,1.0,12.0,3.0,7.0
2024,Round 5,2024-04-13,Port Adelaide,away,CD_M20240140506,4,Todd Marshall,CD_I1004998,0.0,0.0,0.0,0.0,3.0,0.0,0.0,0.0,0.0,0.0,0.0,0.0,12.5,1.0,1.0,37.5,8.0,3.0,2.0,0.0,0.0,1.0,33.3,0.0,1.0,0.0,1.0,0.0,0.0,0.0,0.0,1.0,0.0,0.0,28.6,7.0,0.0,0.0,7.0,5.0,3.0,2.0,100.0,2.0,9.0,-1.8,0.0,1.0,2.0,0.0,3.0,2.0,0.0,3.0,3.0,76.0,0.0,8.0,3.0,7.0
2024,Round 5,2024-04-13,Port Adelaide,away,CD_M20240140506,41,Jed McEntee,CD_I1004819,1.0,0.0,0.0,0.0,2.0,0.0,0.0,0.0,0.0,0.0,0.0,0.0,42.9,3.0,3.0,50.0,6.0,3.0,1.0,1.0,0.0,0.0,0.0,0.0,0.0,3.0,2.0,0.0,0.0,0.0,0.0,1.0,0.0,2.0,25.0,2.0,0.0,0.0,4.0,1.0,0.0,0.0,90.0,0.0,13.0,1.4,0.0,0.0,1.0,1.0,1.0,0.0,0.0,3.0,1.0,52.0,0.0,7.0,4.0,4.0
2024,Round 5,2024-04-13,Port Adelaide,away,CD_M20240140506,44,Jackson Mead,CD_I1005326,0.0,0.0,0.0,0.0,0.0,0.0,0.0,0.0,0.0,0.0,0.0,0.0,0.0,0.0,0.0,100.0,4.0,4.0,3.0,0.0,0.0,0.0,0.0,0.0,0.0,0.0,1.0,0.0,0.0,0.0,0.0,2.0,0.0,0.0,100.0,3.0,0.0,0.0,3.0,1.0,0.0,0.0,144.0,0.0,1.0,1.3,0.0,0.0,1.0,0.0,0.0,0.0,0.0,0.0,0.0,18.0,0.0,4.0,1.0,4.0
2024,Round 5,2024-04-13,Port Adelaide,away,CD_M20240140506,2,Sam Powell-Pepper,CD_I993979,2.0,0.0,0.0,0.0,3.0,0.0,0.0,0.0,1.0,1.0,100.0,0.0,30.0,3.0,7.0,72.7,11.0,8.0,2.0,1.0,3.0,0.0,0.0,0.0,0.0,3.0,7.0,0.0,0.0,0.0,0.0,2.0,0.0,0.0,50.0,0.6,0.0,0.0,4.0,2.0,0.0,0.0,115.0,1.0,14.0,-2.0,1.0,0.0,3.0,0.0,2.0,1.0,0.0,4.0,1.0,77.0,0.0,10.0,3.0,7.0
2024,Round 5,2024-04-13,Port Adelaide,away,CD_M20240140506,27,Esava Ratugolea,CD_I1002220,0.0,0.0,0.0,0.0,3.0,33.3,1.0,3.0,0.0,0.0,0.0,2.0,38.5,5.0,4.0,100.0,12.0,12.0,5.0,0.0,1.0,1.0,0.0,0.0,0.0,2.0,7.0,0.0,0.0,0.0,0.0,0.0,2.0,4.0,100.0,0.7,0.0,0.0,5.0,7.0,0.0,0.0,-37.0,10.0,4.0,8.1,1.0,0.0,0.0,0.0,0.0,10.0,0.0,1.0,0.0,88.0,0.0,13.0,2.0,8.0
2024,Round 5,2024-04-13,Port Adelaide,away,CD_M20240140506,15,Willie Rioli,CD_I296225,0.0,0.0,0.0,0.0,3.0,0.0,0.0,0.0,0.0,0.0,0.0,0.0,33.3,3.0,4.0,88.9,9.0,8.0,8.0,0.0,1.0,1.0,100.0,1.0,1.0,1.0,0.0,0.0,0.0,0.0,0.0,4.0,0.0,0.0,88.9,9.0,0.0,0.0,9.0,1.0,1.0,0.0,256.0,1.0,16.0,8.2,1.0,0.0,3.0,0.0,1.0,0.0,1.0,4.0,3.0,82.0,1.0,9.0,4.0,6.0
2024,Round 5,2024-04-13,Port Adelaide,away,CD_M20240140506,1,Connor Rozee,CD_I1001299,1.0,0.0,16.0,1.0,2.0,0.0,0.0,0.0,1.0,1.0,100.0,0.0,38.5,10.0,14.0,73.1,26.0,19.0,12.0,1.0,1.0,3.0,0.0,1.0,0.0,6.0,9.0,0.0,0.0,0.0,0.0,8.0,0.0,2.0,70.6,1.9,0.0,0.0,17.0,2.0,0.0,1.0,488.0,1.0,26.0,13.1,0.0,0.0,7.0,1.0,1.0,0.0,3.0,6.0,4.0,89.0,4.0,26.0,3.0,16.0
2024,Round 5,2024-04-13,Port Adelaide,away,CD_M20240140506,13,Ivan Soldo,CD_I998529,0.0,0.0,20.0,1.0,3.0,0.0,0.0,0.0,0.0,0.0,0.0,0.0,50.0,4.0,9.0,50.0,8.0,4.0,1.0,0.0,1.0,1.0,0.0,0.0,0.0,0.0,4.0,31.5,70.1,54.0,17.0,2.0,1.0,3.0,25.0,1.0,0.0,0.0,4.0,1.0,0.0,0.0,118.0,3.0,18.0,12.3,0.0,77.0,4.0,3.0,0.0,2.0,0.0,5.0,1.0,96.0,1.0,8.0,2.0,4.0
2024,Round 5,2024-04-13,Port Adelaide,away,CD_M20240140506,16,Ollie Wines,CD_I294318,1.0,0.0,10.0,0.0,2.0,0.0,0.0,0.0,0.0,0.0,0.0,0.0,60.0,15.0,11.0,57.7,26.0,15.0,3.0,0.0,0.0,3.0,0.0,0.0,0.0,10.0,16.0,0.0,50.0,2.0,0.0,2.0,1.0,7.0,30.0,0.6,0.0,0.0,10.0,2.0,1.0,0.0,204.0,0.0,17.0,13.3,1.0,4.0,4.0,1.0,2.0,0.0,3.0,8.0,1.0,62.0,3.0,25.0,2.0,10.0
2024,Round 5,2024-04-13,Port Adelaide,away,CD_M20240140506,25,Brandon Zerk-Thatcher,CD_I1004034,0.0,0.0,0.0,0.0,2.0,100.0,1.0,1.0,0.0,0.0,0.0,3.0,57.1,4.0,2.0,100.0,7.0,7.0,5.0,0.0,1.0,1.0,0.0,0.0,0.0,0.0,2.0,0.0,0.0,0.0,0.0,1.0,3.0,4.0,100.0,2.5,0.0,0.0,5.0,4.0,0.0,0.0,59.0,4.0,3.0,6.8,1.0,0.0,2.0,1.0,0.0,4.0,0.0,0.0,0.0,86.0,0.0,7.0,0.0,3.0
2024,Round 6,2024-04-20,West Coast,away,CD_M20240140606,37,Tom Barrass,CD_I990290,0.0,0.0,0.0,0.0,2.0,50.0,1.0,2.0,0.0,0.0,0.0,5.0,46.7,7.0,3.0,73.3,15.0,11.0,10.0,0.0,1.0,0.0,0.0,0.0,0.0,2.0,2.0,0.0,0.0,0.0,0.0,1.0,6.0,7.0,76.9,6.5,0.0,0.0,13.0,11.0,0.0,0.0,245.0,7.0,3.0,10.4,2.0,0.0,2.0,1.0,0.0,6.0,0.0,0.0,0.0,93.0,0.0,15.0,2.0,8.0
2024,Round 6,2024-04-20,West Coast,away,CD_M20240140606,10,Tyler Brockman,CD_I1013511,0.0,0.0,0.0,1.0,3.0,0.0,0.0,0.0,0.0,0.0,0.0,0.0,16.7,2.0,2.0,75.0,12.0,9.0,4.0,0.0,1.0,0.0,0.0,0.0,0.0,2.0,5.0,0.0,0.0,0.0,0.0,4.0,0.0,1.0,57.1,1.4,0.0,0.0,7.0,5.0,0.0,1.0,307.0,1.0,13.0,7.9,1.0,0.0,3.0,0.0,0.0,0.0,0.0,3.0,3.0,76.0,1.0,12.0,2.0,10.0
2024,Round 6,2024-04-20,West Coast,away,CD_M20240140606,18,Campbell Chesser,CD_I1017057,0.0,0.0,0.0,0.0,1.0,0.0,0.0,0.0,0.0,0.0,0.0,0.0,57.1,4.0,5.0,71.4,7.0,5.0,4.0,1.0,0.0,1.0,100.0,0.0,1.0,3.0,2.0,0.0,0.0,0.0,0.0,0.0,0.0,1.0,80.0,2.5,0.0,0.0,5.0,1.0,0.0,0.0,106.0,0.0,11.0,5.8,1.0,0.0,3.0,1.0,1.0,0.0,1.0,2.0,0.0,58.0,1.0,7.0,1.0,3.0
2024,Round 6,2024-04-20,West Coast,away,CD_M20240140606,28,Tom Cole,CD_I993820,0.0,0.0,0.0,1.0,3.0,0.0,0.0,0.0,0.0,0.0,0.0,0.0,31.3,5.0,11.0,80.0,15.0,12.0,8.0,0.0,1.0,0.0,0.0,0.0,0.0,5.0,5.0,0.0,0.0,0.0,0.0,1.0,1.0,5.0,80.0,2.0,0.0,0.0,10.0,6.0,1.0,0.0,294.0,3.0,11.0,10.3,3.0,0.0,4.0,1.0,0.0,3.0,0.0,2.0,0.0,85.0,1.0,16.0,2.0,11.0
2024,Round 6,2024-04-20,West Coast,away,CD_M20240140606,15,Jamie Cripps,CD_I290826,0.0,0.0,0.0,1.0,0.0,0.0,0.0,0.0,0.0,0.0,0.0,0.0,40.0,6.0,7.0,84.6,13.0,11.0,6.0,0.0,0.0,0.0,100.0,0.0,1.0,3.0,5.0,0.0,0.0,0.0,0.0,1.0,0.0,0.0,75.0,1.6,0.0,0.0,8.0,6.0,1.0,2.0,53.0,3.0,25.0,11.1,0.0,0.0,4.0,0.0,1.0,0.0,2.0,5.0,4.0,89.0,3.0,15.0,0.0,9.0
2024,Round 6,2024-04-20,West Coast,away,CD_M20240140606,27,Jack Darling,CD_I290838,1.0,0.0,0.0,0.0,0.0,0.0,0.0,0.0,3.0,0.0,0.0,3.0,66.7,8.0,1.0,75.0,12.0,9.0,5.0,1.0,0.0,2.0,66.7,1.0,2.0,3.0,6.0,66.7,23.1,3.0,2.0,2.0,1.0,2.0,83.3,1.0,0.0,0.0,6.0,4.0,1.0,0.0,229.0,0.0,9.0,14.2,1.0,13.0,7.0,3.0,3.0,0.0,1.0,2.0,1.0,95.0,1.0,12.0,1.0,4.0
2024,Round 6,2024-04-20,West Coast,away,CD_M20240140606,14,Liam Duggan,CD_I298268,0.0,1.0,0.0,0.0,2.0,0.0,0.0,1.0,0.0,0.0,0.0,0.0,28.6,6.0,9.0,81.8,22.0,18.0,14.0,0.0,1.0,2.0,0.0,0.0,0.0,4.0,5.0,0.0,0.0,0.0,0.0,1.0,1.0,6.0,82.4,3.4,2.0,1.0,17.0,7.0,0.0,0.0,295.0,0.0,12.0,8.2,3.0,0.0,3.0,1.0,0.0,0.0,0.0,2.0,0.0,82.0,0.0,21.0,3.0,15.0
2024,Round 6,2024-04-20,West Coast,away,CD_M20240140606,7,Reuben Ginbey,CD_I1023025,0.0,1.0,12.0,0.0,3.0,0.0,0.0,0.0,0.0,0.0,0.0,1.0,55.0,11.0,7.0,83.3,18.0,15.0,4.0,2.0,0.0,1.0,0.0,1.0,0.0,9.0,11.0,0.0,0.0,0.0,0.0,3.0,1.0,5.0,57.1,0.6,0.0,0.0,7.0,2.0,0.0,0.0,266.0,0.0,15.0,16.1,1.0,0.0,3.0,1.0,0.0,0.0,5.0,4.0,0.0,77.0,5.0,20.0,4.0,9.0
2024,Round 6,2024-04-20,West Coast,away,CD_M20240140606,19,Brady Hough,CD_I1023167,0.0,1.0,0.0,0.0,2.0,0.0,0.0,0.0,0.0,0.0,0.0,0.0,31.3,5.0,8.0,82.4,17.0,14.0,7.0,0.0,0.0,0.0,0.0,0.0,0.0,5.0,8.0,0.0,0.0,0.0,0.0,1.0,1.0,8.0,77.8,1.1,0.0,0.0,9.0,4.0,0.0,0.0,226.0,1.0,10.0,7.5,2.0,0.0,2.0,2.0,0.0,1.0,0.0,1.0,0.0,84.0,0.0,16.0,4.0,11.0
2024,Round 6,2024-04-20,West Coast,away,CD_M20240140606,5,Jayden Hunt,CD_I994385,0.0,0.0,0.0,0.0,2.0,0.0,0.0,0.0,0.0,0.0,0.0,1.0,45.5,5.0,5.0,90.9,11.0,10.0,5.0,1.0,1.0,1.0,0.0,0.0,0.0,3.0,6.0,0.0,0.0,0.0,0.0,2.0,0.0,1.0,100.0,0.8,0.0,0.0,5.0,3.0,0.0,0.0,200.0,1.0,9.0,5.7,2.0,0.0,4.0,1.0,0.0,1.0,1.0,4.0,1.0,91.0,1.0,11.0,2.0,6.0
2024,Round 6,2024-04-20,West Coast,away,CD_M20240140606,11,Tim Kelly,CD_I295898,1.0,0.0,25.0,1.0,3.0,0.0,0.0,0.0,0.0,0.0,0.0,0.0,30.4,7.0,12.0,45.8,24.0,11.0,6.0,0.0,1.0,1.0,0.0,1.0,0.0,5.0,6.0,0.0,0.0,0.0,0.0,5.0,1.0,1.0,33.3,3.0,0.0,0.0,18.0,5.0,0.0,0.0,608.0,1.0,20.0,9.6,3.0,0.0,4.0,0.0,1.0,0.0,4.0,7.0,0.0,79.0,5.0,23.0,7.0,16.0
2024,Round 6,2024-04-20,West Coast,away,CD_M20240140606,13,Noah Long,CD_I1023496,0.0,0.0,0.0,0.0,0.0,0.0,0.0,0.0,1.0,0.0,0.0,0.0,25.0,2.0,2.0,87.5,8.0,7.0,4.0,0.0,0.0,0.0,100.0,0.0,1.0,2.0,3.0,0.0,0.0,0.0,0.0,1.0,0.0,0.0,80.0,1.7,0.0,0.0,5.0,2.0,1.0,0.0,155.0,0.0,7.0,3.8,0.0,0.0,4.0,0.0,1.0,0.0,0.0,0.0,0.0,73.0,0.0,8.0,1.0,6.0
2024,Round 6,2024-04-20,West Coast,away,CD_M20240140606,41,Ryan Maric,CD_I1029416,0.0,0.0,0.0,0.0,1.0,0.0,0.0,0.0,2.0,0.0,0.0,1.0,28.6,4.0,3.0,92.3,13.0,12.0,8.0,1.0,1.0,1.0,100.0,2.0,1.0,2.0,4.0,0.0,0.0,0.0,0.0,4.0,0.0,0.0,88.9,2.3,0.0,0.0,9.0,6.0,1.0,1.0,270.0,0.0,6.0,12.1,0.0,0.0,6.0,0.0,1.0,0.0,0.0,2.0,2.0,72.0,0.0,14.0,2.0,10.0
2024,Round 6,2024-04-20,West Coast,away,CD_M20240140606,20,Jeremy McGovern,CD_I294859,1.0,0.0,0.0,0.0,0.0,0.0,0.0,2.0,0.0,0.0,0.0,0.0,20.0,3.0,7.0,85.0,20.0,17.0,14.0,0.0,0.0,1.0,0.0,0.0,0.0,2.0,3.0,0.0,0.0,0.0,0.0,0.0,1.0,4.0,82.4,5.7,6.0,6.0,17.0,9.0,0.0,0.0,324.0,7.0,7.0,4.9,6.0,0.0,3.0,2.0,1.0,7.0,0.0,0.0,0.0,89.0,0.0,15.0,1.0,12.0
2024,Round 6,2024-04-20,West Coast,away,CD_M20240140606,21,Jack Petruccelle,CD_I1006550,1.0,0.0,5.0,1.0,4.0,0.0,0.0,0.0,0.0,0.0,0.0,0.0,25.0,3.0,5.0,70.0,10.0,7.0,3.0,0.0,2.0,0.0,0.0,0.0,0.0,3.0,5.0,0.0,0.0,0.0,0.0,2.0,0.0,0.0,60.0,1.0,0.0,0.0,5.0,3.0,1.0,1.0,156.0,1.0,11.0,1.4,0.0,0.0,3.0,0.0,1.0,0.0,0.0,3.0,1.0,87.0,1.0,12.0,3.0,9.0
2024,Round 6,2024-04-20,West Coast,away,CD_M20240140606,9,Harley Reid,CD_I1023492,1.0,2.0,22.0,4.0,2.0,0.0,0.0,0.0,0.0,0.0,0.0,2.0,61.9,13.0,6.0,84.2,19.0,16.0,7.0,3.0,2.0,2.0,75.0,1.0,3.0,10.0,9.0,0.0,0.0,0.0,0.0,4.0,0.0,2.0,70.0,1.1,0.0,0.0,10.0,3.0,2.0,0.0,322.0,2.0,22.0,26.1,0.0,0.0,6.0,3.0,4.0,1.0,3.0,2.0,1.0,75.0,7.0,21.0,1.0,8.0
2024,Round 6,2024-04-20,West Coast,away,CD_M20240140606,35,Josh Rotham,CD_I997823,0.0,0.0,0.0,0.0,1.0,100.0,1.0,1.0,0.0,0.0,0.0,0.0,25.0,3.0,1.0,100.0,11.0,11.0,10.0,0.0,1.0,1.0,0.0,0.0,0.0,1.0,1.0,0.0,0.0,0.0,0.0,0.0,2.0,5.0,100.0,10.0,0.0,0.0,10.0,7.0,0.0,0.0,204.0,3.0,2.0,3.8,1.0,0.0,2.0,1.0,0.0,2.0,0.0,0.0,0.0,84.0,0.0,12.0,1.0,9.0
2024,Round 6,2024-04-20,West Coast,away,CD_M20240140606,4,Dom Sheed,CD_I296296,0.0,0.0,0.0,0.0,1.0,100.0,1.0,1.0,0.0,0.0,0.0,0.0,50.0,1.0,0.0,100.0,2.0,2.0,1.0,0.0,1.0,0.0,0.0,0.0,0.0,1.0,1.0,0.0,0.0,0.0,0.0,0.0,0.0,1.0,100.0,1.0,0.0,0.0,1.0,0.0,0.0,0.0,23.0,0.0,1.0,0.8,0.0,0.0,0.0,0.0,0.0,0.0,0.0,0.0,0.0,17.0,0.0,2.0,0.0,1.0
2024,Round 6,2024-04-20,West Coast,away,CD_M20240140606,2,Jake Waterman,CD_I996554,2.0,0.0,0.0,0.0,2.0,0.0,0.0,0.0,0.0,0.0,0.0,0.0,33.3,4.0,0.0,54.5,11.0,6.0,6.0,2.0,1.0,1.0,71.4,0.0,5.0,2.0,1.0,0.0,0.0,0.0,0.0,1.0,0.0,1.0,60.0,10.0,0.0,0.0,10.0,8.0,5.0,4.0,253.0,1.0,9.0,14.2,0.0,0.0,9.0,1.0,7.0,0.0,0.0,2.0,2.0,93.0,0.0,12.0,3.0,8.0
2024,Round 6,2024-04-20,West Coast,away,CD_M20240140606,32,Bailey J. Williams,CD_I1006114,1.0,0.0,24.0,0.0,2.0,33.3,1.0,3.0,0.0,0.0,0.0,4.0,100.0,15.0,5.0,61.5,13.0,8.0,2.0,0.0,2.0,0.0,0.0,0.0,0.0,9.0,7.0,22.2,27.3,18.0,4.0,3.0,2.0,3.0,33.3,0.9,0.0,0.0,6.0,4.0,1.0,0.0,90.0,3.0,11.0,12.5,1.0,66.0,6.0,4.0,1.0,3.0,4.0,2.0,1.0,79.0,4.0,15.0,0.0,0.0
2024,Round 6,2024-04-20,West Coast,away,CD_M20240140606,34,Jack Williams,CD_I1020371,0.0,0.0,4.0,0.0,2.0,0.0,0.0,0.0,2.0,1.0,50.0,0.0,42.9,3.0,0.0,83.3,6.0,5.0,2.0,0.0,1.0,1.0,100.0,0.0,1.0,2.0,4.0,0.0,23.1,3.0,0.0,0.0,0.0,1.0,100.0,0.5,0.0,0.0,2.0,2.0,0.0,0.0,71.0,3.0,3.0,6.0,2.0,13.0,3.0,0.0,1.0,3.0,0.0,2.0,0.0,66.0,0.0,7.0,1.0,4.0
2024,Round 6,2024-04-20,West Coast,away,CD_M20240140606,23,Alex Witherden,CD_I998128,0.0,0.0,0.0,0.0,0.0,0.0,0.0,1.0,0.0,0.0,0.0,0.0,33.3,4.0,6.0,75.0,12.0,9.0,6.0,0.0,0.0,0.0,0.0,0.0,0.0,4.0,4.0,0.0,0.0,0.0,0.0,5.0,0.0,4.0,75.0,2.0,0.0,0.0,8.0,3.0,0.0,0.0,170.0,2.0,10.0,7.1,0.0,0.0,5.0,2.0,0.0,2.0,0.0,1.0,0.0,83.0,0.0,12.0,0.0,8.0
2024,Round 6,2024-04-20,West Coast,away,CD_M20240140606,6,Elliot Yeo,CD_I292128,1.0,0.0,20.0,2.0,2.0,0.0,0.0,0.0,0.0,0.0,0.0,0.0,42.3,11.0,14.0,57.7,26.0,15.0,8.0,2.0,0.0,1.0,50.0,1.0,1.0,8.0,10.0,0.0,0.0,0.0,0.0,7.0,0.0,1.0,50.0,1.6,0.0,0.0,16.0,0.0,0.0,0.0,507.0,1.0,21.0,16.1,0.0,0.0,9.0,1.0,2.0,1.0,4.0,3.0,0.0,73.0,6.0,26.0,3.0,15.0
2024,Round 7,2024-04-27,Western Bulldogs,home,CD_M20240140707,4,Marcus Bontempelli,CD_I297373,2.0,0.0,20.0,2.0,3.0,0.0,0.0,0.0,2.0,2.0,100.0,2.0,44.8,13.0,7.0,66.7,27.0,18.0,6.0,2.0,1.0,1.0,0.0,1.0,0.0,7.0,16.0,0.0,0.0,0.0,0.0,3.0,0.0,0.0,54.5,0.7,0.0,0.0,11.0,5.0,1.0,0.0,296.0,4.0,23.0,12.3,2.0,0.0,7.0,1.0,3.0,0.0,3.0,4.0,1.0,78.0,5.0,29.0,3.0,16.0
2024,Round 7,2024-04-27,Western Bulldogs,home,CD_M20240140707,29,Lachlan Bramble,CD_I1000864,0.0,0.0,0.0,0.0,4.0,0.0,0.0,0.0,0.0,0.0,0.0,0.0,22.2,4.0,7.0,72.2,18.0,13.0,9.0,0.0,2.0,0.0,0.0,1.0,0.0,4.0,5.0,0.0,0.0,0.0,0.0,3.0,0.0,4.0,69.2,2.6,2.0,2.0,13.0,6.0,0.0,0.0,352.0,0.0,13.0,5.3,3.0,0.0,3.0,0.0,0.0,0.0,0.0,2.0,0.0,77.0,0.0,18.0,6.0,14.0
2024,Round 7,2024-04-27,Western Bulldogs,home,CD_M20240140707,31,Bailey Dale,CD_I996708,0.0,2.0,0.0,1.0,4.0,100.0,1.0,1.0,0.0,0.0,0.0,0.0,25.0,6.0,12.0,76.7,30.0,23.0,19.0,0.0,0.0,0.0,100.0,1.0,2.0,6.0,7.0,0.0,0.0,0.0,0.0,2.0,3.0,6.0,82.6,3.3,5.0,5.0,23.0,9.0,2.0,0.0,589.0,1.0,18.0,20.9,4.0,0.0,4.0,2.0,2.0,1.0,0.0,3.0,0.0,88.0,1.0,24.0,4.0,18.0
2024,Round 7,2024-04-27,Western Bulldogs,home,CD_M20240140707,35,Caleb Daniel,CD_I295136,0.0,0.0,0.0,0.0,2.0,0.0,0.0,0.0,0.0,0.0,0.0,0.0,28.6,4.0,2.0,66.7,12.0,8.0,2.0,0.0,0.0,1.0,0.0,0.0,0.0,3.0,6.0,0.0,0.0,0.0,0.0,1.0,0.0,3.0,33.3,1.0,0.0,0.0,6.0,2.0,0.0,0.0,108.0,2.0,11.0,3.0,1.0,0.0,5.0,1.0,0.0,0.0,0.0,3.0,1.0,61.0,0.0,14.0,3.0,10.0
2024,Round 7,2024-04-27,Western Bulldogs,home,CD_M20240140707,10,Sam Darcy,CD_I1017126,1.0,0.0,3.0,0.0,2.0,0.0,0.0,0.0,5.0,1.0,20.0,2.0,46.2,6.0,3.0,61.5,13.0,8.0,6.0,2.0,0.0,0.0,75.0,0.0,3.0,3.0,4.0,66.7,15.8,3.0,2.0,5.0,1.0,1.0,66.7,2.3,0.0,0.0,9.0,7.0,3.0,0.0,286.0,1.0,12.0,13.1,0.0,19.0,5.0,1.0,4.0,1.0,0.0,4.0,2.0,71.0,0.0,13.0,2.0,7.0
2024,Round 7,2024-04-27,Western Bulldogs,home,CD_M20240140707,15,Taylor Duryea,CD_I290085,0.0,0.0,0.0,0.0,2.0,0.0,0.0,0.0,0.0,0.0,0.0,0.0,21.4,3.0,7.0,78.6,14.0,11.0,6.0,0.0,0.0,1.0,0.0,0.0,0.0,2.0,5.0,0.0,0.0,0.0,0.0,0.0,0.0,3.0,66.7,1.8,0.0,0.0,9.0,6.0,0.0,0.0,183.0,1.0,9.0,3.4,3.0,0.0,1.0,0.0,0.0,1.0,0.0,1.0,0.0,71.0,0.0,14.0,3.0,11.0
2024,Round 7,2024-04-27,Western Bulldogs,home,CD_M20240140707,44,Tim English,CD_I1004592,2.0,0.0,22.0,1.0,2.0,0.0,0.0,0.0,0.0,0.0,0.0,0.0,44.0,11.0,12.0,73.9,23.0,17.0,9.0,1.0,1.0,4.0,33.3,0.0,1.0,3.0,10.0,21.4,41.8,28.0,6.0,3.0,1.0,4.0,69.2,1.3,0.0,0.0,13.0,7.0,2.0,0.0,372.0,2.0,22.0,14.7,1.0,67.0,4.0,1.0,3.0,1.0,5.0,6.0,1.0,89.0,6.0,25.0,2.0,14.0
2024,Round 7,2024-04-27,Western Bulldogs,home,CD_M20240140707,12,Harvey Gallagher,CD_I1017087,0.0,0.0,0.0,0.0,3.0,0.0,0.0,0.0,0.0,0.0,0.0,0.0,44.4,4.0,6.0,62.5,8.0,5.0,3.0,1.0,2.0,1.0,0.0,0.0,0.0,4.0,3.0,0.0,0.0,0.0,0.0,1.0,1.0,4.0,60.0,1.7,0.0,0.0,5.0,4.0,0.0,0.0,148.0,0.0,13.0,4.5,3.0,0.0,1.0,1.0,0.0,0.0,0.0,1.0,0.0,74.0,0.0,9.0,3.0,5.0
2024,Round 7,2024-04-27,Western Bulldogs,home,CD_M20240140707,38,Riley Garcia,CD_I1006533,1.0,0.0,1.0,0.0,1.0,0.0,0.0,0.0,0.0,0.0,0.0,0.0,56.3,9.0,3.0,81.3,16.0,13.0,2.0,0.0,1.0,2.0,0.0,0.0,0.0,7.0,12.0,0.0,0.0,0.0,0.0,1.0,0.0,8.0,50.0,0.3,0.0,0.0,4.0,0.0,0.0,0.0,64.0,1.0,14.0,9.3,0.0,0.0,4.0,2.0,1.0,0.0,0.0,2.0,0.0,75.0,0.0,16.0,1.0,7.0
2024,Round 7,2024-04-27,Western Bulldogs,home,CD_M20240140707,22,James Harmes,CD_I297899,0.0,1.0,3.0,0.0,1.0,0.0,0.0,0.0,0.0,0.0,0.0,0.0,14.3,2.0,4.0,71.4,14.0,10.0,4.0,0.0,0.0,0.0,0.0,0.0,0.0,2.0,8.0,0.0,0.0,0.0,0.0,2.0,0.0,1.0,66.7,0.8,0.0,0.0,6.0,2.0,0.0,0.0,211.0,2.0,12.0,6.8,3.0,0.0,3.0,0.0,0.0,1.0,0.0,1.0,0.0,76.0,0.0,14.0,1.0,12.0
2024,Round 7,2024-04-27,Western Bulldogs,home,CD_M20240140707,39,Jason Johannisen,CD_I294101,1.0,0.0,0.0,0.0,2.0,0.0,0.0,0.0,0.0,0.0,0.0,0.0,6.7,1.0,4.0,73.7,19.0,14.0,10.0,0.0,0.0,0.0,0.0,0.0,0.0,1.0,4.0,0.0,0.0,0.0,0.0,3.0,0.0,1.0,66.7,3.8,4.0,4.0,15.0,6.0,0.0,0.0,398.0,0.0,7.0,2.1,2.0,0.0,4.0,1.0,1.0,0.0,0.0,1.0,0.0,76.0,0.0,15.0,3.0,14.0
2024,Round 7,2024-04-27,Western Bulldogs,home,CD_M20240140707,19,Liam Jones,CD_I281078,0.0,0.0,0.0,0.0,1.0,0.0,0.0,1.0,0.0,0.0,0.0,2.0,41.7,5.0,7.0,100.0,11.0,11.0,8.0,0.0,1.0,1.0,0.0,0.0,0.0,1.0,3.0,0.0,0.0,0.0,0.0,0.0,4.0,7.0,100.0,2.7,0.0,0.0,8.0,7.0,0.0,0.0,150.0,10.0,9.0,15.6,0.0,0.0,1.0,1.0,0.0,9.0,0.0,2.0,0.0,100.0,0.0,12.0,1.0,7.0
2024,Round 7,2024-04-27,Western Bulldogs,home,CD_M20240140707,24,Buku Khamis,CD_I998782,0.0,0.0,0.0,0.0,1.0,66.7,2.0,3.0,0.0,0.0,0.0,0.0,50.0,5.0,5.0,80.0,10.0,8.0,4.0,0.0,1.0,3.0,0.0,0.0,0.0,2.0,5.0,0.0,0.0,0.0,0.0,0.0,1.0,7.0,80.0,1.0,0.0,0.0,5.0,2.0,0.0,0.0,5.0,5.0,6.0,5.2,1.0,0.0,0.0,0.0,0.0,4.0,0.0,2.0,0.0,95.0,0.0,10.0,1.0,5.0
2024,Round 7,2024-04-27,Western Bulldogs,home,CD_M20240140707,7,Rory Lobb,CD_I990740,0.0,0.0,1.0,0.0,1.0,0.0,0.0,0.0,0.0,0.0,0.0,1.0,57.1,4.0,1.0,62.5,8.0,5.0,2.0,1.0,0.0,1.0,0.0,0.0,0.0,2.0,4.0,0.0,27.3,3.0,0.0,2.0,0.0,0.0,50.0,1.0,0.0,0.0,4.0,2.0,0.0,1.0,83.0,3.0,12.0,6.3,0.0,11.0,2.0,1.0,0.0,2.0,1.0,1.0,1.0,86.0,1.0,7.0,0.0,3.0
2024,Round 7,2024-04-27,Western Bulldogs,home,CD_M20240140707,11,Jack Macrae,CD_I295467,0.0,0.0,8.0,1.0,2.0,0.0,0.0,0.0,0.0,0.0,0.0,0.0,27.8,5.0,7.0,77.8,18.0,14.0,6.0,1.0,0.0,0.0,0.0,0.0,0.0,3.0,9.0,0.0,0.0,0.0,0.0,2.0,0.0,0.0,66.7,1.0,0.0,0.0,9.0,7.0,0.0,0.0,125.0,2.0,22.0,6.9,0.0,0.0,4.0,1.0,0.0,0.0,3.0,6.0,1.0,74.0,4.0,18.0,2.0,13.0
2024,Round 7,2024-04-27,Western Bulldogs,home,CD_M20240140707,33,Aaron Naughton,CD_I1002404,0.0,0.0,0.0,0.0,1.0,0.0,0.0,0.0,1.0,0.0,0.0,0.0,23.1,3.0,2.0,78.6,14.0,11.0,7.0,2.0,1.0,0.0,100.0,2.0,2.0,3.0,4.0,0.0,0.0,0.0,0.0,4.0,1.0,1.0,70.0,2.5,0.0,0.0,10.0,7.0,0.0,2.0,232.0,0.0,8.0,12.9,0.0,0.0,5.0,0.0,2.0,0.0,0.0,1.0,1.0,92.0,0.0,13.0,4.0,10.0
2024,Round 7,2024-04-27,Western Bulldogs,home,CD_M20240140707,18,James O'Donnell,CD_I1032966,0.0,0.0,0.0,0.0,2.0,40.0,2.0,5.0,0.0,0.0,0.0,1.0,15.4,2.0,7.0,76.9,13.0,10.0,8.0,0.0,1.0,0.0,0.0,0.0,0.0,1.0,2.0,0.0,0.0,0.0,0.0,1.0,1.0,3.0,72.7,5.5,0.0,0.0,11.0,7.0,0.0,0.0,292.0,5.0,8.0,5.4,5.0,0.0,1.0,0.0,0.0,5.0,0.0,0.0,0.0,92.0,0.0,13.0,2.0,11.0
2024,Round 7,2024-04-27,Western Bulldogs,home,CD_M20240140707,20,Ed Richards,CD_I1008280,0.0,1.0,24.0,1.0,6.0,0.0,0.0,0.0,0.0,0.0,0.0,0.0,30.4,7.0,14.0,65.2,23.0,15.0,7.0,0.0,2.0,0.0,0.0,0.0,0.0,6.0,11.0,0.0,0.0,0.0,0.0,6.0,0.0,2.0,58.3,1.1,0.0,0.0,12.0,4.0,0.0,1.0,458.0,3.0,30.0,8.4,5.0,0.0,5.0,1.0,0.0,1.0,1.0,3.0,1.0,83.0,2.0,23.0,5.0,16.0
2024,Round 7,2024-04-27,Western Bulldogs,home,CD_M20240140707,1,Adam Treloar,CD_I291790,2.0,0.0,22.0,3.0,1.0,0.0,0.0,0.0,0.0,0.0,0.0,0.0,48.1,13.0,5.0,72.4,29.0,21.0,4.0,1.0,0.0,1.0,0.0,1.0,0.0,9.0,19.0,0.0,0.0,0.0,0.0,2.0,0.0,2.0,40.0,0.5,0.0,0.0,10.0,0.0,0.0,0.0,230.0,1.0,12.0,13.2,4.0,0.0,7.0,2.0,3.0,1.0,6.0,3.0,2.0,85.0,9.0,27.0,0.0,14.0
2024,Round 7,2024-04-27,Western Bulldogs,home,CD_M20240140707,23,Laitham Vandermeer,CD_I1005000,1.0,0.0,0.0,0.0,1.0,0.0,0.0,0.0,0.0,0.0,0.0,0.0,30.0,3.0,6.0,90.0,10.0,9.0,6.0,0.0,0.0,0.0,50.0,0.0,1.0,3.0,3.0,0.0,0.0,0.0,0.0,3.0,0.0,2.0,85.7,2.3,0.0,0.0,7.0,3.0,0.0,0.0,273.0,0.0,17.0,9.1,0.0,0.0,4.0,1.0,2.0,0.0,0.0,5.0,0.0,70.0,0.0,10.0,2.0,7.0
2024,Round 7,2024-04-27,Western Bulldogs,home,CD_M20240140707,3,Cody Weightman,CD_I1011803,0.0,0.0,0.0,0.0,2.0,0.0,0.0,0.0,0.0,0.0,0.0,0.0,0.0,0.0,1.0,0.0,1.0,0.0,0.0,0.0,1.0,0.0,0.0,0.0,0.0,0.0,1.0,0.0,0.0,0.0,0.0,0.0,0.0,0.0,0.0,0.0,0.0,0.0,0.0,0.0,0.0,0.0,-4.0,1.0,3.0,-1.6,0.0,0.0,0.0,0.0,0.0,0.0,0.0,2.0,2.0,22.0,0.0,1.0,2.0,1.0
2024,Round 7,2024-04-27,Western Bulldogs,home,CD_M20240140707,14,Rhylee West,CD_I1006127,0.0,0.0,0.0,0.0,1.0,0.0,0.0,0.0,1.0,0.0,0.0,0.0,58.3,7.0,3.0,66.7,12.0,8.0,3.0,5.0,0.0,1.0,100.0,1.0,1.0,7.0,8.0,0.0,0.0,0.0,0.0,3.0,0.0,3.0,75.0,0.5,0.0,0.0,4.0,2.0,1.0,0.0,115.0,0.0,17.0,9.7,1.0,0.0,7.0,2.0,1.0,0.0,0.0,3.0,3.0,82.0,0.0,12.0,3.0,5.0
2024,Round 7,2024-04-27,Western Bulldogs,home,CD_M20240140707,34,Bailey Williams,CD_I992351,0.0,0.0,0.0,0.0,0.0,0.0,0.0,0.0,0.0,0.0,0.0,0.0,36.8,7.0,14.0,94.7,19.0,18.0,9.0,1.0,0.0,1.0,0.0,0.0,0.0,6.0,10.0,0.0,0.0,0.0,0.0,3.0,0.0,4.0,100.0,0.9,0.0,0.0,9.0,4.0,0.0,0.0,368.0,1.0,18.0,12.2,0.0,0.0,5.0,2.0,0.0,1.0,2.0,4.0,0.0,82.0,2.0,19.0,3.0,12.0
2024,Round 8,2024-05-05,Richmond,away,CD_M20240140807,7,Liam Baker,CD_I1000223,0.0,1.0,19.0,2.0,6.0,0.0,0.0,0.0,0.0,0.0,0.0,0.0,29.4,5.0,12.0,66.7,18.0,12.0,7.0,0.0,3.0,0.0,0.0,0.0,0.0,4.0,5.0,0.0,0.0,0.0,0.0,5.0,1.0,2.0,53.8,2.6,0.0,0.0,13.0,6.0,0.0,0.0,278.0,1.0,24.0,5.3,1.0,0.0,4.0,2.0,0.0,0.0,2.0,4.0,1.0,75.0,4.0,17.0,4.0,12.0
2024,Round 8,2024-05-05,Richmond,away,CD_M20240140807,41,Sam Banks,CD_I1013197,0.0,0.0,0.0,0.0,3.0,0.0,0.0,0.0,1.0,0.0,0.0,0.0,33.3,4.0,10.0,61.5,13.0,8.0,7.0,0.0,0.0,1.0,0.0,0.0,0.0,2.0,3.0,0.0,0.0,0.0,0.0,2.0,0.0,3.0,70.0,3.3,0.0,0.0,10.0,2.0,0.0,0.0,298.0,1.0,15.0,5.2,1.0,0.0,3.0,2.0,0.0,0.0,1.0,0.0,0.0,71.0,1.0,12.0,3.0,8.0
2024,Round 8,2024-05-05,Richmond,away,CD_M20240140807,29,Shai Bolton,CD_I993993,1.0,2.0,20.0,1.0,4.0,0.0,0.0,0.0,1.0,0.0,0.0,0.0,61.5,8.0,8.0,69.2,13.0,9.0,3.0,2.0,2.0,1.0,0.0,0.0,0.0,3.0,7.0,0.0,0.0,0.0,0.0,5.0,1.0,1.0,50.0,0.9,0.0,0.0,6.0,2.0,0.0,0.0,248.0,0.0,21.0,6.8,0.0,0.0,1.0,0.0,1.0,0.0,2.0,2.0,0.0,84.0,3.0,13.0,1.0,5.0
2024,Round 8,2024-05-05,Richmond,away,CD_M20240140807,35,Nathan Broad,CD_I295203,1.0,0.0,0.0,0.0,4.0,0.0,0.0,1.0,0.0,0.0,0.0,1.0,23.5,4.0,5.0,76.5,17.0,13.0,7.0,0.0,1.0,0.0,0.0,0.0,0.0,3.0,7.0,0.0,0.0,0.0,0.0,2.0,3.0,6.0,70.0,1.4,0.0,0.0,10.0,7.0,0.0,0.0,339.0,3.0,6.0,10.5,4.0,0.0,2.0,0.0,1.0,3.0,0.0,2.0,0.0,90.0,0.0,17.0,3.0,13.0
2024,Round 8,2024-05-05,Richmond,away,CD_M20240140807,30,Tom Brown,CD_I1017086,1.0,1.0,0.0,0.0,1.0,0.0,0.0,0.0,0.0,0.0,0.0,0.0,18.8,3.0,7.0,88.2,17.0,15.0,10.0,0.0,0.0,0.0,0.0,0.0,0.0,3.0,5.0,0.0,0.0,0.0,0.0,0.0,1.0,3.0,83.3,2.4,1.0,1.0,12.0,7.0,1.0,0.0,493.0,2.0,8.0,8.8,5.0,0.0,3.0,1.0,1.0,2.0,0.0,2.0,0.0,73.0,0.0,16.0,4.0,13.0
2024,Round 8,2024-05-05,Richmond,away,CD_M20240140807,44,Seth Campbell,CD_I1023275,1.0,0.0,0.0,0.0,1.0,0.0,0.0,0.0,0.0,0.0,0.0,0.0,33.3,3.0,4.0,66.7,9.0,6.0,2.0,1.0,0.0,0.0,0.0,0.0,0.0,3.0,6.0,0.0,0.0,0.0,0.0,0.0,0.0,2.0,66.7,0.5,0.0,0.0,3.0,3.0,0.0,0.0,97.0,0.0,12.0,0.0,0.0,0.0,3.0,0.0,1.0,0.0,0.0,1.0,0.0,81.0,0.0,9.0,0.0,6.0
2024,Round 8,2024-05-05,Richmond,away,CD_M20240140807,27,Thomson Dow,CD_I1009226,0.0,0.0,10.0,1.0,2.0,0.0,0.0,0.0,0.0,0.0,0.0,0.0,28.6,4.0,2.0,73.3,15.0,11.0,4.0,2.0,0.0,0.0,0.0,0.0,0.0,4.0,9.0,0.0,0.0,0.0,0.0,1.0,2.0,2.0,66.7,0.7,0.0,0.0,6.0,5.0,0.0,0.0,102.0,0.0,14.0,2.9,3.0,0.0,3.0,1.0,0.0,0.0,0.0,0.0,0.0,69.0,1.0,14.0,1.0,10.0
2024,Round 8,2024-05-05,Richmond,away,CD_M20240140807,2,Dylan Grimes,CD_I280819,0.0,0.0,0.0,0.0,3.0,100.0,1.0,1.0,1.0,0.0,0.0,0.0,22.2,2.0,7.0,100.0,10.0,10.0,5.0,0.0,2.0,0.0,0.0,0.0,0.0,2.0,5.0,0.0,0.0,0.0,0.0,0.0,1.0,4.0,100.0,1.0,0.0,0.0,5.0,3.0,0.0,0.0,32.0,4.0,7.0,4.6,0.0,0.0,3.0,2.0,0.0,2.0,0.0,1.0,0.0,75.0,0.0,9.0,1.0,7.0
2024,Round 8,2024-05-05,Richmond,away,CD_M20240140807,42,Mykelti Lefau,CD_I1008747,1.0,0.0,0.0,0.0,4.0,0.0,0.0,0.0,3.0,0.0,0.0,0.0,33.3,3.0,3.0,50.0,8.0,4.0,2.0,0.0,1.0,0.0,66.7,0.0,2.0,1.0,2.0,0.0,0.0,0.0,0.0,0.0,0.0,0.0,33.3,3.0,0.0,0.0,6.0,5.0,3.0,3.0,129.0,2.0,11.0,5.1,0.0,1.0,4.0,0.0,3.0,1.0,1.0,3.0,3.0,89.0,1.0,9.0,3.0,6.0
2024,Round 8,2024-05-05,Richmond,away,CD_M20240140807,31,Rhyan Mansell,CD_I1008478,1.0,0.0,0.0,0.0,4.0,0.0,0.0,0.0,0.0,0.0,0.0,0.0,62.5,5.0,1.0,75.0,8.0,6.0,3.0,4.0,3.0,1.0,50.0,0.0,1.0,4.0,4.0,0.0,0.0,0.0,0.0,0.0,0.0,1.0,75.0,1.0,0.0,0.0,4.0,2.0,0.0,1.0,46.0,0.0,24.0,6.2,0.0,0.0,3.0,1.0,2.0,0.0,0.0,2.0,2.0,86.0,0.0,8.0,1.0,3.0
2024,Round 8,2024-05-05,Richmond,away,CD_M20240140807,4,Dustin Martin,CD_I290847,1.0,1.0,8.0,0.0,3.0,0.0,0.0,0.0,0.0,0.0,0.0,0.0,13.0,3.0,4.0,60.9,23.0,14.0,8.0,0.0,0.0,1.0,0.0,2.0,0.0,2.0,7.0,0.0,0.0,0.0,0.0,5.0,0.0,2.0,50.0,2.3,0.0,0.0,16.0,5.0,0.0,1.0,362.0,1.0,12.0,3.2,1.0,1.0,8.0,1.0,1.0,1.0,1.0,2.0,1.0,79.0,1.0,23.0,5.0,20.0
2024,Round 8,2024-05-05,Richmond,away,CD_M20240140807,33,Kamdyn McIntosh,CD_I294592,0.0,0.0,0.0,0.0,0.0,0.0,0.0,0.0,0.0,0.0,0.0,0.0,33.3,1.0,0.0,100.0,2.0,2.0,1.0,0.0,0.0,0.0,100.0,0.0,1.0,1.0,1.0,0.0,0.0,0.0,0.0,0.0,0.0,0.0,100.0,1.0,0.0,0.0,1.0,1.0,1.0,1.0,29.0,1.0,2.0,4.4,0.0,0.0,1.0,0.0,1.0,1.0,0.0,0.0,0.0,34.0,0.0,3.0,0.0,2.0
2024,Round 8,2024-05-05,Richmond,away,CD_M20240140807,46,Ben Miller,CD_I1002403,0.0,0.0,0.0,0.0,1.0,0.0,0.0,6.0,0.0,0.0,0.0,1.0,50.0,5.0,7.0,100.0,11.0,11.0,8.0,0.0,1.0,0.0,0.0,0.0,0.0,4.0,3.0,0.0,0.0,0.0,0.0,0.0,1.0,6.0,100.0,2.7,0.0,0.0,8.0,3.0,0.0,0.0,187.0,12.0,9.0,14.3,1.0,0.0,2.0,0.0,0.0,10.0,0.0,1.0,0.0,97.0,0.0,10.0,1.0,5.0
2024,Round 8,2024-05-05,Richmond,away,CD_M20240140807,24,Sam Naismith,CD_I298144,0.0,0.0,3.0,0.0,0.0,0.0,0.0,0.0,0.0,0.0,0.0,0.0,28.6,2.0,1.0,100.0,6.0,6.0,1.0,1.0,0.0,0.0,0.0,0.0,0.0,1.0,5.0,0.0,26.7,4.0,0.0,0.0,1.0,1.0,100.0,0.2,0.0,0.0,1.0,3.0,0.0,1.0,0.0,3.0,4.0,3.9,0.0,15.0,6.0,2.0,0.0,2.0,1.0,1.0,0.0,45.0,1.0,7.0,0.0,5.0
2024,Round 8,2024-05-05,Richmond,away,CD_M20240140807,25,Toby Nankervis,CD_I298174,1.0,0.0,20.0,1.0,3.0,0.0,0.0,0.0,1.0,0.0,0.0,0.0,60.0,6.0,10.0,63.6,11.0,7.0,2.0,0.0,2.0,4.0,0.0,0.0,0.0,2.0,6.0,27.6,55.8,29.0,8.0,3.0,1.0,3.0,40.0,0.8,0.0,0.0,5.0,1.0,0.0,0.0,76.0,3.0,16.0,4.0,2.0,52.0,3.0,2.0,1.0,2.0,1.0,3.0,1.0,78.0,2.0,10.0,0.0,4.0
2024,Round 8,2024-05-05,Richmond,away,CD_M20240140807,50,Marlion Pickett,CD_I993771,0.0,2.0,7.0,0.0,5.0,0.0,0.0,0.0,0.0,0.0,0.0,0.0,25.0,4.0,9.0,66.7,15.0,10.0,4.0,2.0,0.0,1.0,0.0,1.0,0.0,3.0,8.0,0.0,12.5,1.0,0.0,2.0,0.0,0.0,57.1,0.9,0.0,0.0,7.0,5.0,1.0,0.0,267.0,1.0,13.0,6.5,0.0,8.0,4.0,1.0,1.0,1.0,0.0,4.0,0.0,84.0,0.0,16.0,6.0,12.0
2024,Round 8,2024-05-05,Richmond,away,CD_M20240140807,13,Hugo Ralphsmith,CD_I1011985,2.0,0.0,0.0,0.0,1.0,0.0,0.0,0.0,0.0,0.0,0.0,1.0,28.6,4.0,9.0,78.6,14.0,11.0,4.0,0.0,0.0,0.0,33.3,0.0,1.0,3.0,7.0,0.0,0.0,0.0,0.0,3.0,1.0,4.0,57.1,1.0,0.0,0.0,7.0,6.0,2.0,0.0,264.0,0.0,11.0,6.9,1.0,0.0,4.0,0.0,3.0,0.0,0.0,2.0,0.0,91.0,0.0,14.0,2.0,10.0
2024,Round 8,2024-05-05,Richmond,away,CD_M20240140807,17,Daniel Rioli,CD_I1000981,0.0,5.0,0.0,0.0,4.0,0.0,0.0,0.0,0.0,0.0,0.0,0.0,9.1,2.0,6.0,72.7,22.0,16.0,8.0,0.0,1.0,0.0,0.0,2.0,0.0,2.0,13.0,0.0,0.0,0.0,0.0,4.0,0.0,1.0,88.9,0.7,0.0,0.0,9.0,3.0,0.0,1.0,265.0,0.0,14.0,7.3,3.0,0.0,7.0,0.0,0.0,0.0,0.0,4.0,0.0,85.0,0.0,22.0,5.0,20.0
2024,Round 8,2024-05-05,Richmond,away,CD_M20240140807,10,Maurice Rioli,CD_I1009551,0.0,1.0,0.0,0.0,6.0,0.0,0.0,0.0,0.0,0.0,0.0,0.0,70.0,7.0,2.0,75.0,8.0,6.0,3.0,0.0,2.0,0.0,0.0,0.0,0.0,7.0,3.0,0.0,0.0,0.0,0.0,2.0,0.0,3.0,60.0,1.7,0.0,0.0,5.0,1.0,0.0,0.0,142.0,1.0,14.0,4.4,1.0,0.0,3.0,1.0,0.0,1.0,0.0,1.0,0.0,73.0,0.0,10.0,2.0,3.0
2024,Round 8,2024-05-05,Richmond,away,CD_M20240140807,15,Jayden Short,CD_I992049,0.0,0.0,0.0,0.0,3.0,0.0,0.0,0.0,0.0,0.0,0.0,0.0,13.0,3.0,8.0,85.7,28.0,24.0,18.0,0.0,1.0,0.0,0.0,0.0,0.0,3.0,6.0,0.0,0.0,0.0,0.0,1.0,0.0,2.0,81.8,3.7,7.0,6.0,22.0,8.0,0.0,1.0,610.0,0.0,8.0,8.2,9.0,0.0,4.0,1.0,0.0,0.0,1.0,1.0,0.0,82.0,1.0,23.0,5.0,20.0
2024,Round 8,2024-05-05,Richmond,away,CD_M20240140807,40,Tyler Sonsie,CD_I1017114,0.0,0.0,9.0,0.0,1.0,0.0,0.0,0.0,0.0,0.0,0.0,0.0,30.0,6.0,9.0,83.3,18.0,15.0,8.0,0.0,0.0,1.0,100.0,0.0,1.0,3.0,7.0,0.0,0.0,0.0,0.0,2.0,0.0,4.0,72.7,1.6,0.0,0.0,11.0,4.0,1.0,0.0,331.0,1.0,24.0,12.3,2.0,0.0,5.0,1.0,1.0,0.0,1.0,0.0,0.0,74.0,1.0,20.0,1.0,14.0
2024,Round 8,2024-05-05,Richmond,away,CD_M20240140807,1,Nick Vlastuin,CD_I294674,0.0,0.0,0.0,0.0,4.0,0.0,0.0,0.0,0.0,0.0,0.0,2.0,47.6,10.0,9.0,77.3,22.0,17.0,13.0,0.0,0.0,1.0,0.0,0.0,0.0,6.0,5.0,0.0,0.0,0.0,0.0,0.0,3.0,9.0,76.5,3.4,4.0,4.0,17.0,8.0,0.0,0.0,305.0,2.0,13.0,16.8,5.0,0.0,5.0,0.0,0.0,1.0,0.0,3.0,0.0,94.0,0.0,21.0,7.0,11.0
2024,Round 8,2024-05-05,Richmond,away,CD_M20240140807,45,Tylar Young,CD_I1018433,0.0,0.0,0.0,0.0,2.0,100.0,1.0,1.0,0.0,0.0,0.0,1.0,28.6,4.0,4.0,85.7,14.0,12.0,6.0,0.0,1.0,0.0,0.0,0.0,0.0,3.0,7.0,0.0,0.0,0.0,0.0,1.0,3.0,6.0,85.7,1.0,0.0,0.0,7.0,7.0,0.0,0.0,188.0,3.0,4.0,7.6,4.0,0.0,2.0,1.0,0.0,3.0,0.0,1.0,0.0,89.0,0.0,14.0,3.0,10.0
2024,Round 9,2024-05-10,Sydney,home,CD_M20240140903,3,Taylor Adams,CD_I291776,0.0,0.0,7.0,0.0,1.0,0.0,0.0,0.0,0.0,0.0,0.0,0.0,21.4,3.0,2.0,100.0,13.0,13.0,6.0,0.0,0.0,0.0,0.0,1.0,0.0,2.0,7.0,0.0,0.0,0.0,0.0,1.0,0.0,2.0,100.0,0.9,0.0,0.0,6.0,5.0,0.0,0.0,92.0,0.0,9.0,7.5,1.0,0.0,4.0,1.0,0.0,0.0,1.0,2.0,0.0,77.0,1.0,14.0,0.0,11.0
2024,Round 9,2024-05-10,Sydney,home,CD_M20240140903,36,Joel Amartey,CD_I1008091,1.0,0.0,0.0,0.0,1.0,0.0,0.0,0.0,0.0,0.0,0.0,2.0,50.0,5.0,2.0,70.0,10.0,7.0,4.0,0.0,1.0,2.0,66.7,0.0,2.0,1.0,3.0,0.0,0.0,0.0,0.0,3.0,0.0,1.0,57.1,2.3,0.0,0.0,7.0,4.0,2.0,0.0,237.0,0.0,8.0,9.1,0.0,1.0,5.0,1.0,3.0,0.0,0.0,5.0,3.0,72.0,0.0,10.0,1.0,5.0
2024,Round 9,2024-05-10,Sydney,home,CD_M20240140903,22,Nick Blakey,CD_I1006028,0.0,2.0,0.0,0.0,4.0,0.0,0.0,0.0,0.0,0.0,0.0,0.0,21.1,4.0,4.0,84.6,26.0,22.0,19.0,0.0,1.0,0.0,0.0,0.0,0.0,4.0,4.0,0.0,0.0,0.0,0.0,0.0,2.0,8.0,86.4,5.5,7.0,6.0,22.0,6.0,0.0,0.0,487.0,2.0,6.0,9.5,9.0,0.0,3.0,2.0,0.0,2.0,0.0,2.0,0.0,78.0,0.0,19.0,6.0,15.0
2024,Round 9,2024-05-10,Sydney,home,CD_M20240140903,7,Harry Cunningham,CD_I291978,0.0,0.0,0.0,0.0,1.0,0.0,0.0,0.0,0.0,0.0,0.0,0.0,27.8,5.0,13.0,88.9,18.0,16.0,11.0,0.0,0.0,1.0,0.0,0.0,0.0,4.0,6.0,0.0,0.0,0.0,0.0,0.0,1.0,5.0,91.7,2.0,0.0,0.0,12.0,7.0,0.0,0.0,134.0,1.0,15.0,8.3,1.0,0.0,3.0,0.0,0.0,1.0,0.0,3.0,1.0,85.0,0.0,18.0,1.0,13.0
2024,Round 9,2024-05-10,Sydney,home,CD_M20240140903,13,Oliver Florent,CD_I998103,0.0,0.0,0.0,0.0,2.0,0.0,0.0,0.0,0.0,0.0,0.0,1.0,20.0,5.0,9.0,82.1,28.0,23.0,17.0,0.0,0.0,0.0,100.0,0.0,1.0,3.0,6.0,0.0,0.0,0.0,0.0,4.0,3.0,6.0,77.3,3.7,3.0,2.0,22.0,13.0,0.0,0.0,444.0,1.0,17.0,7.3,4.0,0.0,4.0,1.0,1.0,1.0,2.0,3.0,0.0,86.0,2.0,25.0,5.0,20.0
2024,Round 9,2024-05-10,Sydney,home,CD_M20240140903,42,Robbie Fox,CD_I291848,0.0,0.0,0.0,0.0,0.0,0.0,0.0,0.0,0.0,0.0,0.0,0.0,0.0,0.0,2.0,100.0,3.0,3.0,3.0,0.0,0.0,0.0,0.0,0.0,0.0,0.0,0.0,0.0,0.0,0.0,0.0,0.0,0.0,0.0,100.0,3.0,0.0,0.0,3.0,3.0,0.0,0.0,37.0,2.0,2.0,1.5,1.0,0.0,0.0,0.0,0.0,0.0,0.0,0.0,0.0,21.0,0.0,3.0,0.0,3.0
2024,Round 9,2024-05-10,Sydney,home,CD_M20240140903,10,Aaron Francis,CD_I990816,0.0,0.0,0.0,0.0,2.0,0.0,0.0,0.0,0.0,0.0,0.0,0.0,12.5,2.0,3.0,81.3,16.0,13.0,9.0,0.0,0.0,0.0,0.0,0.0,0.0,2.0,5.0,0.0,0.0,0.0,0.0,1.0,2.0,4.0,81.8,2.2,0.0,0.0,11.0,9.0,0.0,0.0,213.0,6.0,4.0,6.7,3.0,0.0,1.0,0.0,0.0,6.0,0.0,1.0,0.0,89.0,0.0,16.0,3.0,14.0
2024,Round 9,2024-05-10,Sydney,home,CD_M20240140903,4,Brodie Grundy,CD_I293957,0.0,0.0,16.0,1.0,6.0,0.0,0.0,0.0,0.0,0.0,0.0,1.0,62.5,10.0,11.0,50.0,16.0,8.0,5.0,1.0,4.0,2.0,0.0,0.0,0.0,4.0,7.0,33.3,68.8,33.0,11.0,4.0,0.0,2.0,55.6,1.3,0.0,0.0,9.0,1.0,0.0,0.0,160.0,0.0,21.0,7.6,3.0,48.0,3.0,2.0,0.0,0.0,1.0,4.0,0.0,76.0,2.0,16.0,6.0,6.0
2024,Round 9,2024-05-10,Sydney,home,CD_M20240140903,21,Errol Gulden,CD_I1013128,0.0,0.0,6.0,2.0,7.0,0.0,0.0,0.0,0.0,0.0,0.0,0.0,17.4,4.0,9.0,76.0,25.0,19.0,14.0,0.0,6.0,1.0,0.0,0.0,0.0,2.0,5.0,0.0,0.0,0.0,0.0,5.0,2.0,4.0,70.0,4.0,0.0,0.0,20.0,10.0,0.0,0.0,542.0,2.0,26.0,11.2,3.0,0.0,5.0,2.0,0.0,2.0,2.0,3.0,0.0,96.0,4.0,23.0,5.0,19.0
2024,Round 9,2024-05-10,Sydney,home,CD_M20240140903,9,Will Hayward,CD_I997100,1.0,0.0,0.0,0.0,1.0,0.0,0.0,0.0,0.0,0.0,0.0,1.0,25.0,3.0,4.0,81.8,11.0,9.0,9.0,0.0,1.0,1.0,80.0,1.0,4.0,0.0,1.0,0.0,0.0,0.0,0.0,1.0,0.0,1.0,90.0,10.0,0.0,0.0,10.0,5.0,1.0,1.0,187.0,1.0,12.0,12.1,0.0,0.0,6.0,0.0,5.0,0.0,0.0,2.0,0.0,70.0,0.0,12.0,2.0,9.0
2024,Round 9,2024-05-10,Sydney,home,CD_M20240140903,5,Isaac Heeney,CD_I298539,0.0,0.0,17.0,4.0,2.0,0.0,0.0,0.0,0.0,0.0,0.0,0.0,50.0,13.0,10.0,71.4,28.0,20.0,10.0,0.0,1.0,4.0,0.0,1.0,0.0,6.0,14.0,0.0,0.0,0.0,0.0,4.0,0.0,2.0,71.4,1.0,0.0,0.0,14.0,5.0,1.0,1.0,350.0,2.0,27.0,15.2,1.0,0.0,6.0,3.0,0.0,0.0,4.0,5.0,0.0,84.0,8.0,26.0,4.0,13.0
2024,Round 9,2024-05-10,Sydney,home,CD_M20240140903,17,James Jordon,CD_I1013409,2.0,0.0,0.0,0.0,1.0,0.0,0.0,0.0,1.0,0.0,0.0,0.0,29.4,5.0,1.0,88.9,18.0,16.0,8.0,4.0,1.0,0.0,0.0,2.0,0.0,5.0,8.0,0.0,0.0,0.0,0.0,3.0,0.0,1.0,80.0,1.3,0.0,0.0,10.0,7.0,1.0,0.0,276.0,0.0,12.0,8.1,0.0,0.0,8.0,0.0,2.0,0.0,0.0,0.0,0.0,95.0,0.0,17.0,1.0,12.0
2024,Round 9,2024-05-10,Sydney,home,CD_M20240140903,44,Jake Lloyd,CD_I295342,0.0,0.0,0.0,0.0,0.0,0.0,0.0,0.0,0.0,0.0,0.0,0.0,33.3,8.0,7.0,88.5,26.0,23.0,18.0,1.0,0.0,0.0,100.0,1.0,1.0,6.0,6.0,0.0,0.0,0.0,0.0,3.0,0.0,8.0,90.0,3.3,2.0,2.0,20.0,10.0,0.0,0.0,479.0,3.0,11.0,15.7,2.0,0.0,5.0,3.0,1.0,1.0,1.0,1.0,0.0,78.0,1.0,24.0,3.0,16.0
2024,Round 9,2024-05-10,Sydney,home,CD_M20240140903,6,Logan McDonald,CD_I1013230,1.0,0.0,0.0,0.0,1.0,0.0,0.0,0.0,1.0,1.0,100.0,1.0,25.0,3.0,0.0,69.2,13.0,9.0,4.0,2.0,0.0,0.0,33.3,1.0,1.0,2.0,5.0,0.0,0.0,0.0,0.0,1.0,0.0,0.0,50.0,1.6,0.0,0.0,8.0,7.0,1.0,2.0,250.0,2.0,3.0,7.0,1.0,0.0,6.0,0.0,3.0,2.0,0.0,0.0,0.0,78.0,0.0,12.0,4.0,9.0
2024,Round 9,2024-05-10,Sydney,home,CD_M20240140903,27,Justin McInerney,CD_I1011936,1.0,0.0,5.0,0.0,4.0,0.0,0.0,0.0,0.0,0.0,0.0,0.0,20.0,4.0,7.0,78.9,19.0,15.0,10.0,0.0,2.0,2.0,0.0,2.0,0.0,2.0,5.0,0.0,0.0,0.0,0.0,3.0,0.0,3.0,71.4,2.8,0.0,0.0,14.0,7.0,1.0,0.0,297.0,0.0,18.0,7.0,2.0,0.0,7.0,2.0,1.0,0.0,0.0,3.0,0.0,89.0,0.0,20.0,3.0,16.0
2024,Round 9,2024-05-10,Sydney,home,CD_M20240140903,2,Hayden McLean,CD_I1003203,0.0,0.0,5.0,0.0,1.0,0.0,0.0,0.0,2.0,0.0,0.0,0.0,41.7,5.0,7.0,80.0,10.0,8.0,4.0,1.0,1.0,2.0,100.0,0.0,1.0,3.0,6.0,25.0,57.1,8.0,2.0,1.0,0.0,0.0,100.0,0.7,0.0,0.0,4.0,4.0,1.0,0.0,95.0,0.0,14.0,5.2,1.0,14.0,2.0,0.0,1.0,0.0,2.0,4.0,1.0,74.0,2.0,12.0,1.0,7.0
2024,Round 9,2024-05-10,Sydney,home,CD_M20240140903,43,Lewis Melican,CD_I996743,0.0,0.0,0.0,0.0,1.0,0.0,0.0,1.0,0.0,0.0,0.0,0.0,50.0,4.0,2.0,87.5,8.0,7.0,4.0,0.0,1.0,0.0,0.0,0.0,0.0,4.0,4.0,0.0,0.0,0.0,0.0,0.0,0.0,5.0,100.0,1.0,0.0,0.0,4.0,2.0,0.0,0.0,37.0,3.0,3.0,6.4,0.0,0.0,0.0,0.0,0.0,3.0,0.0,0.0,0.0,89.0,0.0,8.0,0.0,4.0
2024,Round 9,2024-05-10,Sydney,home,CD_M20240140903,11,Tom Papley,CD_I996765,2.0,0.0,3.0,0.0,4.0,0.0,0.0,0.0,0.0,0.0,0.0,0.0,33.3,4.0,7.0,50.0,12.0,6.0,5.0,2.0,1.0,0.0,20.0,0.0,1.0,3.0,2.0,0.0,0.0,0.0,0.0,2.0,0.0,0.0,50.0,5.0,0.0,0.0,10.0,5.0,2.0,2.0,190.0,1.0,17.0,0.0,0.0,0.0,4.0,0.0,5.0,0.0,0.0,0.0,0.0,80.0,0.0,12.0,4.0,8.0
2024,Round 9,2024-05-10,Sydney,home,CD_M20240140903,24,Dane Rampe,CD_I290307,0.0,0.0,0.0,0.0,2.0,0.0,0.0,0.0,0.0,0.0,0.0,0.0,15.4,2.0,3.0,78.6,14.0,11.0,7.0,0.0,0.0,0.0,0.0,0.0,0.0,2.0,5.0,0.0,0.0,0.0,0.0,0.0,0.0,3.0,77.8,1.8,0.0,0.0,9.0,5.0,0.0,0.0,306.0,3.0,3.0,4.3,6.0,0.0,2.0,0.0,0.0,2.0,0.0,0.0,0.0,71.0,0.0,13.0,3.0,11.0
2024,Round 9,2024-05-10,Sydney,home,CD_M20240140903,34,Matt Roberts,CD_I1012210,0.0,0.0,0.0,0.0,1.0,0.0,0.0,0.0,0.0,0.0,0.0,0.0,11.1,1.0,6.0,75.0,12.0,9.0,7.0,0.0,0.0,0.0,0.0,0.0,0.0,0.0,3.0,0.0,0.0,0.0,0.0,1.0,1.0,1.0,77.8,3.0,3.0,3.0,9.0,2.0,0.0,0.0,215.0,2.0,12.0,1.5,2.0,0.0,2.0,1.0,0.0,1.0,1.0,0.0,0.0,71.0,1.0,9.0,4.0,8.0
2024,Round 9,2024-05-10,Sydney,home,CD_M20240140903,8,James Rowbottom,CD_I1006126,0.0,0.0,12.0,1.0,2.0,0.0,0.0,0.0,0.0,0.0,0.0,0.0,46.7,7.0,8.0,73.3,15.0,11.0,4.0,0.0,1.0,1.0,0.0,0.0,0.0,4.0,7.0,0.0,0.0,0.0,0.0,4.0,0.0,4.0,50.0,1.1,0.0,0.0,8.0,3.0,0.0,0.0,155.0,0.0,31.0,11.1,1.0,0.0,2.0,1.0,0.0,0.0,1.0,9.0,2.0,79.0,2.0,15.0,3.0,8.0
2024,Round 9,2024-05-10,Sydney,home,CD_M20240140903,1,Chad Warner,CD_I1012014,0.0,4.0,13.0,1.0,8.0,0.0,0.0,0.0,0.0,0.0,0.0,1.0,45.8,11.0,6.0,60.9,23.0,14.0,8.0,1.0,1.0,0.0,100.0,0.0,2.0,8.0,10.0,0.0,0.0,0.0,0.0,4.0,0.0,4.0,61.5,1.3,0.0,0.0,13.0,6.0,1.0,0.0,386.0,0.0,15.0,14.5,1.0,0.0,4.0,2.0,2.0,0.0,3.0,3.0,0.0,89.0,4.0,24.0,4.0,13.0
2024,Round 9,2024-05-10,Sydney,home,CD_M20240140903,15,Sam Wicks,CD_I1006232,0.0,0.0,0.0,0.0,3.0,0.0,0.0,0.0,2.0,2.0,100.0,1.0,53.8,7.0,2.0,92.3,13.0,12.0,8.0,3.0,2.0,1.0,0.0,2.0,0.0,5.0,5.0,0.0,0.0,0.0,0.0,6.0,0.0,1.0,100.0,1.6,0.0,0.0,8.0,2.0,0.0,0.0,267.0,0.0,7.0,13.6,0.0,0.0,6.0,1.0,0.0,0.0,0.0,2.0,1.0,76.0,0.0,13.0,1.0,6.0
2024,Round 10,2024-05-18,St Kilda,away,CD_M20240141005,26,Josh Battle,CD_I998134,0.0,0.0,0.0,0.0,1.0,0.0,0.0,2.0,0.0,0.0,0.0,0.0,23.5,4.0,2.0,88.2,17.0,15.0,12.0,0.0,0.0,0.0,0.0,0.0,0.0,4.0,4.0,0.0,0.0,0.0,0.0,0.0,3.0,6.0,92.3,3.3,0.0,0.0,13.0,12.0,0.0,0.0,236.0,3.0,3.0,8.7,7.0,0.0,1.0,0.0,0.0,3.0,0.0,1.0,0.0,91.0,0.0,17.0,1.0,13.0
2024,Round 10,2024-05-18,St Kilda,away,CD_M20240141005,36,Riley Bonner,CD_I994599,0.0,1.0,0.0,0.0,2.0,0.0,0.0,0.0,0.0,0.0,0.0,0.0,9.5,2.0,12.0,84.6,26.0,22.0,18.0,0.0,0.0,0.0,0.0,0.0,0.0,1.0,6.0,0.0,0.0,0.0,0.0,0.0,0.0,1.0,90.0,3.3,4.0,4.0,20.0,11.0,0.0,1.0,500.0,0.0,15.0,7.4,5.0,0.0,1.0,1.0,0.0,0.0,1.0,1.0,0.0,80.0,1.0,21.0,3.0,19.0
2024,Round 10,2024-05-18,St Kilda,away,CD_M20240141005,47,Anthony Caminiti,CD_I1023784,1.0,0.0,2.0,0.0,4.0,0.0,0.0,0.0,1.0,0.0,0.0,1.0,66.7,6.0,3.0,70.0,10.0,7.0,3.0,4.0,2.0,1.0,50.0,0.0,2.0,4.0,5.0,33.3,17.6,3.0,1.0,1.0,0.0,1.0,60.0,1.0,0.0,0.0,5.0,1.0,1.0,0.0,125.0,0.0,11.0,5.2,0.0,17.0,3.0,0.0,4.0,0.0,0.0,3.0,1.0,75.0,0.0,9.0,2.0,3.0
2024,Round 10,2024-05-18,St Kilda,away,CD_M20240141005,4,Lance Collard,CD_I1017959,0.0,0.0,0.0,0.0,3.0,0.0,0.0,0.0,0.0,0.0,0.0,0.0,50.0,2.0,5.0,50.0,4.0,2.0,1.0,1.0,1.0,0.0,0.0,0.0,0.0,2.0,1.0,0.0,0.0,0.0,0.0,0.0,0.0,0.0,33.3,3.0,0.0,0.0,3.0,1.0,0.0,0.0,53.0,0.0,9.0,0.3,0.0,0.0,1.0,0.0,0.0,0.0,0.0,1.0,0.0,41.0,0.0,4.0,2.0,2.0
2024,Round 10,2024-05-18,St Kilda,away,CD_M20240141005,15,Paddy Dow,CD_I1002256,0.0,0.0,10.0,0.0,1.0,0.0,0.0,0.0,0.0,0.0,0.0,0.0,50.0,7.0,8.0,53.3,15.0,8.0,4.0,1.0,1.0,3.0,100.0,0.0,1.0,2.0,5.0,0.0,0.0,0.0,0.0,4.0,0.0,2.0,40.0,2.0,0.0,0.0,10.0,1.0,0.0,0.0,221.0,0.0,18.0,7.0,1.0,0.0,3.0,3.0,1.0,0.0,2.0,2.0,0.0,61.0,2.0,14.0,1.0,7.0
2024,Round 10,2024-05-18,St Kilda,away,CD_M20240141005,23,Liam Henry,CD_I1005988,0.0,1.0,0.0,0.0,4.0,0.0,0.0,0.0,0.0,0.0,0.0,0.0,12.5,1.0,9.0,60.0,10.0,6.0,5.0,0.0,1.0,1.0,100.0,0.0,1.0,0.0,1.0,0.0,0.0,0.0,0.0,3.0,0.0,0.0,55.6,9.0,0.0,0.0,9.0,4.0,0.0,0.0,264.0,1.0,24.0,5.7,1.0,0.0,2.0,0.0,1.0,1.0,0.0,5.0,3.0,91.0,0.0,8.0,2.0,7.0
2024,Round 10,2024-05-18,St Kilda,away,CD_M20240141005,8,Bradley Hill,CD_I295584,0.0,0.0,0.0,0.0,4.0,0.0,0.0,0.0,0.0,0.0,0.0,0.0,30.4,7.0,7.0,64.0,25.0,16.0,12.0,2.0,0.0,2.0,0.0,1.0,0.0,5.0,5.0,0.0,0.0,0.0,0.0,6.0,0.0,2.0,60.0,4.0,0.0,0.0,20.0,7.0,0.0,1.0,619.0,1.0,11.0,8.3,2.0,0.0,7.0,1.0,0.0,0.0,3.0,4.0,0.0,86.0,3.0,23.0,8.0,16.0
2024,Round 10,2024-05-18,St Kilda,away,CD_M20240141005,20,Dougal Howard,CD_I993480,0.0,0.0,0.0,0.0,3.0,0.0,0.0,1.0,0.0,0.0,0.0,0.0,23.1,3.0,0.0,92.9,14.0,13.0,8.0,0.0,1.0,0.0,0.0,0.0,0.0,3.0,6.0,0.0,0.0,0.0,0.0,0.0,0.0,4.0,100.0,1.3,0.0,0.0,8.0,9.0,0.0,0.0,164.0,7.0,1.0,4.0,3.0,0.0,2.0,0.0,0.0,7.0,0.0,0.0,0.0,93.0,0.0,13.0,1.0,10.0
2024,Round 10,2024-05-18,St Kilda,away,CD_M20240141005,3,Zak Jones,CD_I991988,0.0,0.0,1.0,0.0,3.0,0.0,0.0,0.0,0.0,0.0,0.0,0.0,16.7,1.0,4.0,66.7,6.0,4.0,1.0,0.0,3.0,0.0,0.0,0.0,0.0,1.0,3.0,0.0,0.0,0.0,0.0,2.0,0.0,1.0,33.3,1.0,0.0,0.0,3.0,2.0,0.0,0.0,106.0,0.0,8.0,1.0,0.0,0.0,0.0,0.0,0.0,0.0,0.0,2.0,2.0,23.0,0.0,6.0,0.0,5.0
2024,Round 10,2024-05-18,St Kilda,away,CD_M20240141005,12,Max King,CD_I1006143,1.0,0.0,0.0,0.0,3.0,0.0,0.0,0.0,4.0,2.0,50.0,2.0,80.0,8.0,1.0,40.0,10.0,4.0,2.0,2.0,1.0,3.0,0.0,0.0,0.0,3.0,5.0,0.0,0.0,0.0,0.0,2.0,0.0,2.0,40.0,1.0,0.0,0.0,5.0,3.0,1.0,0.0,112.0,0.0,5.0,3.6,0.0,0.0,3.0,1.0,1.0,0.0,0.0,2.0,0.0,97.0,0.0,10.0,2.0,2.0
2024,Round 10,2024-05-18,St Kilda,away,CD_M20240141005,19,Rowan Marshall,CD_I992468,1.0,0.0,19.0,4.0,7.0,50.0,1.0,2.0,3.0,2.0,66.7,2.0,56.3,18.0,9.0,74.2,31.0,23.0,12.0,1.0,4.0,4.0,0.0,0.0,0.0,8.0,11.0,28.2,50.0,39.0,11.0,7.0,2.0,6.0,60.0,1.8,0.0,0.0,20.0,7.0,0.0,0.0,367.0,6.0,18.0,21.2,2.0,78.0,4.0,2.0,1.0,3.0,4.0,9.0,0.0,92.0,8.0,32.0,4.0,14.0
2024,Round 10,2024-05-18,St Kilda,away,CD_M20240141005,10,Mitch Owens,CD_I1023272,1.0,1.0,3.0,0.0,2.0,0.0,0.0,0.0,1.0,0.0,0.0,1.0,50.0,4.0,2.0,75.0,8.0,6.0,4.0,0.0,0.0,0.0,75.0,0.0,3.0,3.0,3.0,0.0,0.0,0.0,0.0,1.0,0.0,0.0,80.0,1.7,0.0,0.0,5.0,2.0,1.0,0.0,204.0,1.0,10.0,13.2,0.0,17.0,4.0,0.0,4.0,0.0,0.0,2.0,2.0,91.0,0.0,8.0,1.0,4.0
2024,Round 10,2024-05-18,St Kilda,away,CD_M20240141005,33,Ben Paton,CD_I1004985,0.0,0.0,0.0,0.0,3.0,0.0,0.0,0.0,0.0,0.0,0.0,0.0,53.8,7.0,6.0,64.3,14.0,9.0,3.0,3.0,0.0,2.0,0.0,2.0,0.0,5.0,6.0,0.0,0.0,0.0,0.0,3.0,0.0,2.0,37.5,1.3,0.0,0.0,8.0,2.0,0.0,0.0,144.0,1.0,12.0,5.6,1.0,0.0,2.0,0.0,0.0,1.0,1.0,2.0,0.0,72.0,1.0,13.0,3.0,6.0
2024,Round 10,2024-05-18,St Kilda,away,CD_M20240141005,25,Mattaes Phillipou,CD_I1020137,1.0,0.0,10.0,0.0,1.0,0.0,0.0,0.0,0.0,0.0,0.0,0.0,40.0,2.0,2.0,50.0,4.0,2.0,2.0,0.0,0.0,1.0,50.0,0.0,1.0,1.0,1.0,0.0,0.0,0.0,0.0,0.0,0.0,1.0,66.7,3.0,0.0,0.0,3.0,1.0,0.0,0.0,113.0,0.0,9.0,0.7,1.0,0.0,2.0,0.0,2.0,0.0,0.0,1.0,0.0,71.0,0.0,5.0,1.0,3.0
2024,Round 10,2024-05-18,St Kilda,away,CD_M20240141005,43,Cooper Sharman,CD_I1018018,1.0,0.0,0.0,0.0,2.0,0.0,0.0,0.0,0.0,0.0,0.0,0.0,40.0,2.0,4.0,33.3,3.0,1.0,1.0,1.0,2.0,0.0,0.0,0.0,0.0,2.0,0.0,0.0,0.0,0.0,0.0,0.0,0.0,0.0,33.3,3.0,0.0,0.0,3.0,2.0,1.0,1.0,78.0,0.0,5.0,-0.9,0.0,0.0,1.0,0.0,1.0,0.0,0.0,1.0,0.0,45.0,0.0,5.0,1.0,3.0
2024,Round 10,2024-05-18,St Kilda,away,CD_M20240141005,35,Jack Sinclair,CD_I994389,0.0,1.0,5.0,2.0,2.0,0.0,0.0,0.0,0.0,0.0,0.0,0.0,24.0,6.0,10.0,82.8,29.0,24.0,16.0,0.0,0.0,0.0,0.0,0.0,0.0,6.0,8.0,0.0,0.0,0.0,0.0,4.0,0.0,3.0,76.2,2.6,5.0,3.0,21.0,9.0,0.0,0.0,455.0,1.0,20.0,15.3,3.0,0.0,6.0,2.0,0.0,1.0,1.0,3.0,0.0,87.0,3.0,25.0,3.0,19.0
2024,Round 10,2024-05-18,St Kilda,away,CD_M20240141005,9,Jack Steele,CD_I296205,0.0,0.0,18.0,3.0,1.0,0.0,0.0,0.0,0.0,0.0,0.0,0.0,66.7,12.0,14.0,83.3,18.0,15.0,3.0,0.0,1.0,1.0,0.0,0.0,0.0,7.0,13.0,0.0,0.0,0.0,0.0,2.0,0.0,1.0,60.0,0.4,0.0,0.0,5.0,2.0,0.0,0.0,159.0,1.0,36.0,14.0,1.0,0.0,2.0,2.0,0.0,0.0,6.0,8.0,1.0,82.0,9.0,18.0,4.0,6.0
2024,Round 10,2024-05-18,St Kilda,away,CD_M20240141005,7,Nasiah Wanganeen-Milera,CD_I1015507,0.0,4.0,0.0,0.0,5.0,0.0,0.0,0.0,0.0,0.0,0.0,0.0,18.2,4.0,21.0,73.3,30.0,22.0,18.0,0.0,1.0,0.0,0.0,0.0,0.0,4.0,7.0,0.0,0.0,0.0,0.0,2.0,0.0,3.0,78.3,3.3,8.0,8.0,23.0,6.0,0.0,0.0,555.0,2.0,24.0,5.3,3.0,0.0,4.0,1.0,0.0,2.0,0.0,3.0,0.0,82.0,0.0,22.0,7.0,18.0
2024,Round 10,2024-05-18,St Kilda,away,CD_M20240141005,29,Jimmy Webster,CD_I290757,0.0,0.0,0.0,0.0,0.0,0.0,0.0,0.0,0.0,0.0,0.0,0.0,46.2,6.0,8.0,83.3,12.0,10.0,4.0,0.0,0.0,1.0,0.0,0.0,0.0,5.0,7.0,0.0,0.0,0.0,0.0,0.0,0.0,6.0,80.0,0.7,0.0,0.0,5.0,2.0,0.0,0.0,18.0,1.0,10.0,7.2,1.0,0.0,1.0,0.0,0.0,1.0,0.0,4.0,0.0,77.0,0.0,13.0,1.0,7.0
2024,Round 10,2024-05-18,St Kilda,away,CD_M20240141005,44,Callum Wilkie,CD_I296422,0.0,0.0,0.0,0.0,3.0,50.0,2.0,4.0,0.0,0.0,0.0,2.0,35.7,5.0,4.0,85.7,14.0,12.0,8.0,0.0,1.0,1.0,0.0,0.0,0.0,2.0,4.0,0.0,0.0,0.0,0.0,0.0,2.0,6.0,80.0,2.5,0.0,0.0,10.0,7.0,0.0,0.0,127.0,7.0,5.0,11.0,7.0,0.0,1.0,1.0,0.0,7.0,0.0,0.0,0.0,100.0,0.0,14.0,2.0,9.0
2024,Round 10,2024-05-18,St Kilda,away,CD_M20240141005,22,Darcy Wilson,CD_I1027875,0.0,0.0,0.0,0.0,1.0,0.0,0.0,0.0,0.0,0.0,0.0,0.0,35.3,6.0,10.0,72.2,18.0,13.0,6.0,2.0,1.0,1.0,0.0,2.0,0.0,5.0,9.0,0.0,0.0,0.0,0.0,3.0,0.0,2.0,66.7,1.0,0.0,0.0,9.0,7.0,0.0,0.0,245.0,1.0,20.0,7.2,3.0,0.0,3.0,0.0,0.0,1.0,1.0,2.0,0.0,92.0,1.0,17.0,2.0,11.0
2024,Round 10,2024-05-18,St Kilda,away,CD_M20240141005,2,Marcus Windhager,CD_I1023270,0.0,0.0,16.0,0.0,2.0,0.0,0.0,0.0,0.0,0.0,0.0,0.0,72.2,13.0,12.0,52.9,17.0,9.0,3.0,2.0,1.0,1.0,0.0,0.0,0.0,10.0,8.0,0.0,0.0,0.0,0.0,1.0,0.0,5.0,33.3,1.1,0.0,0.0,9.0,2.0,0.0,0.0,158.0,0.0,30.0,9.4,0.0,0.0,2.0,1.0,0.0,0.0,4.0,7.0,0.0,82.0,4.0,18.0,3.0,5.0
2024,Round 10,2024-05-18,St Kilda,away,CD_M20240141005,32,Mason Wood,CD_I295340,0.0,0.0,0.0,0.0,4.0,0.0,0.0,0.0,0.0,0.0,0.0,0.0,21.7,5.0,11.0,77.3,22.0,17.0,9.0,1.0,1.0,0.0,0.0,1.0,0.0,4.0,8.0,0.0,0.0,0.0,0.0,4.0,1.0,2.0,64.3,1.8,0.0,0.0,14.0,5.0,1.0,1.0,320.0,1.0,17.0,12.3,1.0,0.0,2.0,0.0,0.0,0.0,1.0,0.0,0.0,88.0,1.0,23.0,3.0,18.0
2024,Round 11,2024-05-24,Collingwood,home,CD_M20240141102,16,Edward Allan,CD_I1022915,0.0,0.0,0.0,0.0,2.0,0.0,0.0,0.0,0.0,0.0,0.0,0.0,50.0,4.0,13.0,42.9,7.0,3.0,1.0,1.0,0.0,0.0,0.0,0.0,0.0,3.0,4.0,0.0,0.0,0.0,0.0,1.0,0.0,3.0,33.3,0.8,0.0,0.0,3.0,0.0,0.0,0.0,107.0,1.0,23.0,6.5,1.0,0.0,1.0,1.0,0.0,0.0,0.0,2.0,0.0,77.0,0.0,8.0,2.0,4.0
2024,Round 11,2024-05-24,Collingwood,home,CD_M20240141102,14,Darcy Cameron,CD_I990291,0.0,0.0,17.0,1.0,2.0,0.0,0.0,0.0,0.0,0.0,0.0,1.0,66.7,12.0,4.0,76.2,21.0,16.0,11.0,1.0,0.0,2.0,0.0,0.0,0.0,7.0,7.0,31.4,46.1,35.0,11.0,1.0,3.0,6.0,78.6,2.0,0.0,0.0,14.0,4.0,0.0,0.0,18.0,2.0,10.0,20.0,2.0,76.0,3.0,3.0,0.0,1.0,6.0,3.0,0.0,80.0,7.0,18.0,1.0,6.0
2024,Round 11,2024-05-24,Collingwood,home,CD_M20240141102,46,Mason Cox,CD_I998647,0.0,0.0,4.0,0.0,3.0,0.0,0.0,0.0,0.0,0.0,0.0,1.0,66.7,2.0,1.0,50.0,4.0,2.0,0.0,0.0,2.0,1.0,0.0,0.0,0.0,0.0,2.0,60.0,40.0,10.0,6.0,1.0,0.0,1.0,0.0,1.0,0.0,0.0,2.0,2.0,0.0,0.0,24.0,0.0,4.0,2.4,0.0,25.0,1.0,1.0,0.0,0.0,0.0,2.0,1.0,38.0,0.0,3.0,1.0,1.0
2024,Round 11,2024-05-24,Collingwood,home,CD_M20240141102,25,Jack Crisp,CD_I293871,1.0,0.0,20.0,1.0,2.0,0.0,0.0,0.0,0.0,0.0,0.0,1.0,47.6,10.0,16.0,66.7,18.0,12.0,6.0,2.0,1.0,1.0,50.0,0.0,1.0,4.0,9.0,0.0,0.0,0.0,0.0,3.0,0.0,1.0,66.7,1.0,0.0,0.0,9.0,5.0,1.0,0.0,281.0,0.0,37.0,11.5,1.0,0.0,4.0,1.0,2.0,0.0,2.0,10.0,1.0,80.0,3.0,21.0,2.0,11.0
2024,Round 11,2024-05-24,Collingwood,home,CD_M20240141102,7,Josh Daicos,CD_I1005054,1.0,1.0,5.0,1.0,2.0,100.0,1.0,1.0,0.0,0.0,0.0,0.0,33.3,8.0,3.0,61.5,26.0,16.0,8.0,0.0,0.0,3.0,50.0,0.0,1.0,4.0,10.0,0.0,0.0,0.0,0.0,3.0,0.0,3.0,50.0,1.6,0.0,0.0,16.0,5.0,0.0,0.0,424.0,0.0,12.0,10.4,2.0,0.0,6.0,1.0,2.0,0.0,5.0,2.0,0.0,88.0,6.0,24.0,3.0,16.0
2024,Round 11,2024-05-24,Collingwood,home,CD_M20240141102,35,Nick Daicos,CD_I1023261,2.0,0.0,20.0,4.0,4.0,0.0,0.0,0.0,0.0,0.0,0.0,0.0,54.3,19.0,8.0,65.7,35.0,23.0,12.0,2.0,1.0,3.0,0.0,1.0,0.0,11.0,14.0,0.0,0.0,0.0,0.0,9.0,0.0,2.0,57.1,1.5,0.0,0.0,21.0,4.0,0.0,0.0,583.0,0.0,22.0,12.2,0.0,0.0,8.0,3.0,3.0,0.0,6.0,7.0,0.0,87.0,10.0,35.0,10.0,16.0
2024,Round 11,2024-05-24,Collingwood,home,CD_M20240141102,43,Charlie Dean,CD_I1009197,0.0,0.0,0.0,0.0,1.0,0.0,0.0,1.0,0.0,0.0,0.0,0.0,40.0,4.0,5.0,87.5,8.0,7.0,5.0,0.0,0.0,2.0,0.0,0.0,0.0,2.0,3.0,0.0,0.0,0.0,0.0,0.0,0.0,6.0,100.0,1.7,0.0,0.0,5.0,4.0,0.0,0.0,198.0,6.0,7.0,6.4,2.0,0.0,1.0,1.0,0.0,5.0,0.0,1.0,0.0,82.0,0.0,10.0,2.0,6.0
2024,Round 11,2024-05-24,Collingwood,home,CD_M20240141102,17,Billy Frampton,CD_I991773,1.0,0.0,3.0,0.0,6.0,0.0,0.0,2.0,1.0,0.0,0.0,0.0,37.5,3.0,1.0,55.6,9.0,5.0,5.0,0.0,1.0,1.0,0.0,0.0,0.0,2.0,1.0,0.0,22.2,2.0,0.0,0.0,1.0,5.0,62.5,8.0,0.0,0.0,8.0,2.0,0.0,0.0,125.0,11.0,4.0,0.3,2.0,9.0,3.0,2.0,1.0,9.0,0.0,0.0,0.0,90.0,0.0,8.0,3.0,5.0
2024,Round 11,2024-05-24,Collingwood,home,CD_M20240141102,36,Harvey Harrison,CD_I1015332,0.0,0.0,0.0,0.0,2.0,0.0,0.0,0.0,1.0,1.0,100.0,0.0,41.7,5.0,1.0,84.6,13.0,11.0,5.0,2.0,0.0,2.0,100.0,0.0,3.0,3.0,7.0,0.0,0.0,0.0,0.0,0.0,0.0,0.0,83.3,0.9,0.0,0.0,6.0,0.0,0.0,0.0,61.0,1.0,19.0,16.3,0.0,0.0,6.0,0.0,3.0,1.0,0.0,9.0,3.0,79.0,0.0,12.0,2.0,7.0
2024,Round 11,2024-05-24,Collingwood,home,CD_M20240141102,23,Bobby Hill,CD_I1006148,0.0,0.0,0.0,1.0,3.0,0.0,0.0,0.0,1.0,0.0,0.0,0.0,36.4,4.0,2.0,72.7,11.0,8.0,5.0,3.0,1.0,1.0,25.0,0.0,1.0,3.0,3.0,0.0,0.0,0.0,0.0,1.0,1.0,2.0,62.5,2.7,0.0,0.0,8.0,4.0,2.0,0.0,167.0,0.0,17.0,5.7,0.0,0.0,3.0,1.0,4.0,0.0,0.0,5.0,1.0,80.0,1.0,11.0,2.0,7.0
2024,Round 11,2024-05-24,Collingwood,home,CD_M20240141102,1,Patrick Lipinski,CD_I1003130,1.0,0.0,0.0,0.0,3.0,0.0,0.0,0.0,0.0,0.0,0.0,0.0,31.8,7.0,4.0,66.7,21.0,14.0,6.0,4.0,0.0,0.0,50.0,3.0,1.0,6.0,11.0,0.0,0.0,0.0,0.0,7.0,1.0,3.0,60.0,0.9,0.0,0.0,10.0,4.0,0.0,0.0,348.0,1.0,15.0,14.7,1.0,0.0,8.0,1.0,2.0,0.0,1.0,4.0,1.0,80.0,1.0,22.0,5.0,15.0
2024,Round 11,2024-05-24,Collingwood,home,CD_M20240141102,4,Brayden Maynard,CD_I992010,0.0,0.0,0.0,0.0,4.0,0.0,0.0,0.0,0.0,0.0,0.0,1.0,29.4,5.0,8.0,61.1,18.0,11.0,8.0,0.0,1.0,1.0,0.0,0.0,0.0,3.0,5.0,0.0,0.0,0.0,0.0,1.0,1.0,6.0,61.5,2.6,1.0,1.0,13.0,7.0,0.0,0.0,402.0,7.0,11.0,7.7,5.0,0.0,1.0,1.0,0.0,5.0,0.0,1.0,0.0,85.0,0.0,17.0,3.0,12.0
2024,Round 11,2024-05-24,Collingwood,home,CD_M20240141102,31,Beau McCreery,CD_I1004757,0.0,2.0,4.0,0.0,5.0,0.0,0.0,0.0,0.0,0.0,0.0,0.0,8.3,1.0,5.0,78.6,14.0,11.0,8.0,0.0,2.0,1.0,0.0,0.0,0.0,1.0,3.0,0.0,0.0,0.0,0.0,5.0,0.0,0.0,72.7,3.7,0.0,0.0,11.0,2.0,0.0,0.0,335.0,0.0,29.0,4.7,0.0,0.0,7.0,1.0,1.0,0.0,3.0,4.0,3.0,76.0,3.0,12.0,4.0,11.0
2024,Round 11,2024-05-24,Collingwood,home,CD_M20240141102,41,Brody Mihocek,CD_I291849,2.0,0.0,0.0,0.0,1.0,0.0,0.0,0.0,3.0,2.0,66.7,2.0,50.0,6.0,2.0,58.3,12.0,7.0,5.0,0.0,1.0,1.0,50.0,0.0,2.0,3.0,4.0,0.0,0.0,0.0,0.0,5.0,0.0,1.0,62.5,2.0,0.0,0.0,8.0,5.0,3.0,0.0,279.0,1.0,6.0,7.8,0.0,0.0,6.0,0.0,4.0,1.0,0.0,1.0,0.0,64.0,0.0,12.0,1.0,6.0
2024,Round 11,2024-05-24,Collingwood,home,CD_M20240141102,30,Darcy Moore,CD_I298288,0.0,0.0,0.0,0.0,1.0,0.0,0.0,2.0,0.0,0.0,0.0,1.0,40.0,4.0,3.0,92.3,13.0,12.0,6.0,0.0,1.0,0.0,0.0,0.0,0.0,3.0,7.0,0.0,0.0,0.0,0.0,0.0,3.0,6.0,100.0,0.9,3.0,3.0,6.0,4.0,0.0,0.0,194.0,6.0,6.0,8.5,3.0,0.0,0.0,0.0,0.0,6.0,0.0,2.0,0.0,100.0,0.0,10.0,1.0,6.0
2024,Round 11,2024-05-24,Collingwood,home,CD_M20240141102,9,John Noble,CD_I1000072,0.0,0.0,0.0,0.0,0.0,0.0,0.0,0.0,0.0,0.0,0.0,0.0,11.1,2.0,8.0,85.7,21.0,18.0,14.0,0.0,0.0,0.0,0.0,0.0,0.0,2.0,4.0,0.0,0.0,0.0,0.0,1.0,0.0,2.0,82.4,4.3,2.0,2.0,17.0,6.0,0.0,0.0,473.0,2.0,11.0,12.4,9.0,0.0,4.0,1.0,1.0,0.0,1.0,2.0,0.0,82.0,1.0,18.0,1.0,16.0
2024,Round 11,2024-05-24,Collingwood,home,CD_M20240141102,45,Wil Parker,CD_I1012873,0.0,0.0,0.0,0.0,1.0,0.0,0.0,0.0,0.0,0.0,0.0,0.0,50.0,3.0,3.0,50.0,6.0,3.0,2.0,0.0,0.0,0.0,0.0,1.0,0.0,3.0,3.0,0.0,0.0,0.0,0.0,2.0,0.0,3.0,66.7,1.0,0.0,0.0,3.0,1.0,0.0,0.0,141.0,0.0,4.0,5.2,1.0,0.0,1.0,0.0,0.0,0.0,0.0,2.0,0.0,36.0,0.0,6.0,2.0,3.0
2024,Round 11,2024-05-24,Collingwood,home,CD_M20240141102,10,Scott Pendlebury,CD_I260257,1.0,0.0,17.0,2.0,3.0,0.0,0.0,0.0,0.0,0.0,0.0,0.0,52.6,10.0,8.0,39.1,23.0,9.0,3.0,0.0,1.0,0.0,0.0,0.0,0.0,9.0,10.0,0.0,0.0,0.0,0.0,2.0,0.0,3.0,23.1,1.3,0.0,0.0,13.0,1.0,0.0,0.0,233.0,0.0,24.0,4.1,2.0,0.0,2.0,0.0,1.0,0.0,2.0,1.0,0.0,78.0,4.0,19.0,1.0,9.0
2024,Round 11,2024-05-24,Collingwood,home,CD_M20240141102,3,Isaac Quaynor,CD_I1008089,0.0,0.0,0.0,0.0,2.0,0.0,0.0,1.0,0.0,0.0,0.0,0.0,40.0,6.0,10.0,81.3,16.0,13.0,7.0,0.0,2.0,1.0,0.0,0.0,0.0,5.0,6.0,0.0,0.0,0.0,0.0,1.0,0.0,5.0,70.0,1.7,0.0,0.0,10.0,5.0,0.0,0.0,305.0,2.0,14.0,9.6,3.0,0.0,2.0,1.0,0.0,2.0,1.0,2.0,0.0,87.0,1.0,15.0,4.0,9.0
2024,Round 11,2024-05-24,Collingwood,home,CD_M20240141102,29,Joe Richards,CD_I1008239,0.0,1.0,0.0,0.0,3.0,0.0,0.0,0.0,0.0,0.0,0.0,1.0,42.9,9.0,4.0,68.2,22.0,15.0,8.0,3.0,1.0,1.0,50.0,1.0,1.0,4.0,9.0,0.0,0.0,0.0,0.0,4.0,0.0,1.0,61.5,1.4,0.0,0.0,13.0,7.0,0.0,2.0,330.0,3.0,17.0,16.3,1.0,0.0,7.0,0.0,2.0,1.0,3.0,3.0,1.0,80.0,3.0,21.0,5.0,12.0
2024,Round 11,2024-05-24,Collingwood,home,CD_M20240141102,8,Lachie Schultz,CD_I1000860,1.0,0.0,0.0,0.0,4.0,0.0,0.0,0.0,0.0,0.0,0.0,0.0,23.1,3.0,0.0,53.3,15.0,8.0,6.0,2.0,1.0,0.0,0.0,0.0,0.0,3.0,2.0,0.0,0.0,0.0,0.0,2.0,0.0,0.0,46.2,6.5,0.0,0.0,13.0,4.0,0.0,1.0,297.0,1.0,22.0,1.6,0.0,0.0,5.0,1.0,3.0,1.0,1.0,6.0,5.0,88.0,1.0,13.0,4.0,10.0
2024,Round 11,2024-05-24,Collingwood,home,CD_M20240141102,22,Steele Sidebottom,CD_I280965,0.0,1.0,0.0,0.0,1.0,0.0,0.0,0.0,0.0,0.0,0.0,0.0,33.3,4.0,8.0,56.3,16.0,9.0,3.0,0.0,0.0,0.0,0.0,0.0,0.0,4.0,7.0,0.0,0.0,0.0,0.0,0.0,0.0,4.0,33.3,1.3,3.0,2.0,9.0,2.0,0.0,0.0,127.0,0.0,14.0,1.5,3.0,0.0,2.0,2.0,0.0,0.0,1.0,3.0,0.0,89.0,1.0,12.0,2.0,8.0
2024,Round 11,2024-05-24,Collingwood,home,CD_M20240141102,33,Lachlan Sullivan,CD_I998480,2.0,0.0,6.0,0.0,3.0,0.0,0.0,0.0,0.0,0.0,0.0,1.0,58.3,14.0,9.0,58.3,24.0,14.0,2.0,7.0,2.0,0.0,0.0,1.0,0.0,11.0,16.0,0.0,0.0,0.0,0.0,1.0,0.0,4.0,25.0,0.5,0.0,0.0,8.0,1.0,0.0,0.0,214.0,0.0,15.0,9.4,0.0,0.0,5.0,2.0,2.0,0.0,5.0,1.0,0.0,74.0,5.0,24.0,2.0,10.0
2024,Round 12,2024-06-02,Melbourne,away,CD_M20240141206,20,Adam Tomlinson,CD_I291819,0.0,0.0,0.0,0.0,3.0,20.0,1.0,5.0,0.0,0.0,0.0,1.0,35.3,6.0,7.0,88.9,18.0,16.0,8.0,0.0,3.0,0.0,0.0,0.0,0.0,5.0,8.0,0.0,0.0,0.0,0.0,1.0,2.0,7.0,80.0,1.3,0.0,0.0,10.0,5.0,0.0,0.0,262.0,8.0,9.0,14.3,1.0,0.0,5.0,3.0,0.0,8.0,0.0,1.0,0.0,100.0,0.0,17.0,2.0,11.0
2024,Round 12,2024-06-02,Melbourne,away,CD_M20240141206,17,Jake Bowey,CD_I1012825,0.0,0.0,0.0,0.0,2.0,0.0,0.0,0.0,0.0,0.0,0.0,0.0,25.0,5.0,12.0,81.8,22.0,18.0,11.0,0.0,0.0,0.0,0.0,0.0,0.0,5.0,8.0,0.0,0.0,0.0,0.0,1.0,2.0,7.0,78.6,1.8,1.0,1.0,14.0,6.0,0.0,0.0,305.0,2.0,13.0,10.5,5.0,0.0,2.0,2.0,0.0,2.0,0.0,2.0,0.0,77.0,0.0,20.0,3.0,15.0
2024,Round 12,2024-06-02,Melbourne,away,CD_M20240141206,37,Kade Chandler,CD_I1005330,1.0,0.0,0.0,0.0,1.0,0.0,0.0,0.0,0.0,0.0,0.0,0.0,14.3,2.0,7.0,69.2,13.0,9.0,5.0,0.0,0.0,0.0,0.0,0.0,0.0,1.0,5.0,0.0,0.0,0.0,0.0,3.0,0.0,1.0,62.5,1.6,0.0,0.0,8.0,5.0,0.0,1.0,219.0,1.0,12.0,2.3,0.0,0.0,1.0,0.0,1.0,0.0,1.0,3.0,1.0,84.0,1.0,14.0,4.0,12.0
2024,Round 12,2024-06-02,Melbourne,away,CD_M20240141206,31,Bayley Fritsch,CD_I1001438,0.0,1.0,0.0,0.0,4.0,0.0,0.0,0.0,2.0,0.0,0.0,0.0,40.0,4.0,4.0,40.0,10.0,4.0,3.0,1.0,1.0,0.0,0.0,1.0,0.0,4.0,5.0,0.0,0.0,0.0,0.0,1.0,2.0,4.0,60.0,1.0,0.0,0.0,5.0,4.0,1.0,0.0,223.0,0.0,14.0,4.1,2.0,0.0,2.0,0.0,0.0,0.0,0.0,5.0,3.0,89.0,0.0,10.0,6.0,6.0
2024,Round 12,2024-06-02,Melbourne,away,CD_M20240141206,11,Max Gawn,CD_I290528,1.0,0.0,28.0,3.0,4.0,0.0,0.0,2.0,1.0,0.0,0.0,1.0,52.4,11.0,4.0,52.2,23.0,12.0,5.0,1.0,0.0,1.0,33.3,0.0,1.0,5.0,14.0,25.0,43.8,32.0,8.0,1.0,0.0,1.0,55.6,0.6,0.0,0.0,9.0,4.0,1.0,0.0,189.0,3.0,10.0,13.1,2.0,73.0,4.0,0.0,3.0,3.0,1.0,4.0,1.0,87.0,4.0,21.0,4.0,10.0
2024,Round 12,2024-06-02,Melbourne,away,CD_M20240141206,12,Lachie Hunter,CD_I294557,0.0,0.0,0.0,0.0,2.0,0.0,0.0,0.0,0.0,0.0,0.0,0.0,28.6,2.0,2.0,42.9,7.0,3.0,0.0,0.0,0.0,0.0,0.0,0.0,0.0,2.0,3.0,0.0,0.0,0.0,0.0,1.0,0.0,2.0,0.0,1.3,0.0,0.0,4.0,0.0,0.0,0.0,129.0,1.0,4.0,1.3,0.0,0.0,0.0,0.0,0.0,0.0,0.0,0.0,0.0,36.0,0.0,7.0,3.0,5.0
2024,Round 12,2024-06-02,Melbourne,away,CD_M20240141206,15,Ed Langdon,CD_I298264,1.0,0.0,0.0,0.0,1.0,0.0,0.0,0.0,0.0,0.0,0.0,0.0,15.0,3.0,4.0,84.2,19.0,16.0,7.0,0.0,0.0,0.0,0.0,2.0,0.0,2.0,9.0,0.0,0.0,0.0,0.0,2.0,1.0,3.0,70.0,1.1,0.0,0.0,10.0,9.0,2.0,0.0,238.0,0.0,11.0,11.1,4.0,0.0,5.0,0.0,1.0,0.0,1.0,2.0,0.0,91.0,1.0,20.0,1.0,17.0
2024,Round 12,2024-06-02,Melbourne,away,CD_M20240141206,1,Steven May,CD_I281085,0.0,0.0,0.0,0.0,3.0,0.0,0.0,2.0,0.0,0.0,0.0,0.0,30.8,4.0,5.0,94.4,18.0,17.0,13.0,0.0,1.0,1.0,0.0,0.0,0.0,3.0,5.0,0.0,0.0,0.0,0.0,0.0,0.0,4.0,100.0,2.6,7.0,4.0,13.0,5.0,0.0,0.0,290.0,7.0,5.0,11.1,4.0,0.0,0.0,0.0,0.0,7.0,0.0,2.0,0.0,95.0,0.0,13.0,2.0,9.0
2024,Round 12,2024-06-02,Melbourne,away,CD_M20240141206,23,Shane McAdam,CD_I298470,0.0,2.0,0.0,0.0,1.0,0.0,0.0,0.0,0.0,0.0,0.0,0.0,18.2,2.0,3.0,63.6,11.0,7.0,3.0,1.0,0.0,0.0,0.0,0.0,0.0,2.0,6.0,0.0,0.0,0.0,0.0,1.0,0.0,1.0,60.0,0.8,0.0,0.0,5.0,4.0,1.0,1.0,158.0,0.0,15.0,3.5,1.0,0.0,3.0,2.0,1.0,0.0,1.0,1.0,1.0,68.0,1.0,11.0,2.0,9.0
2024,Round 12,2024-06-02,Melbourne,away,CD_M20240141206,25,Tom McDonald,CD_I291533,0.0,0.0,0.0,0.0,1.0,50.0,1.0,2.0,0.0,0.0,0.0,0.0,25.0,3.0,7.0,84.6,13.0,11.0,8.0,1.0,0.0,0.0,100.0,0.0,2.0,3.0,3.0,0.0,0.0,0.0,0.0,0.0,1.0,3.0,80.0,3.3,0.0,0.0,10.0,6.0,1.0,0.0,220.0,4.0,11.0,10.9,3.0,0.0,3.0,0.0,2.0,4.0,0.0,0.0,0.0,94.0,0.0,12.0,2.0,9.0
2024,Round 12,2024-06-02,Melbourne,away,CD_M20240141206,4,Judd McVee,CD_I1017703,0.0,0.0,0.0,0.0,0.0,0.0,0.0,0.0,0.0,0.0,0.0,0.0,16.7,3.0,5.0,100.0,18.0,18.0,8.0,0.0,0.0,1.0,0.0,0.0,0.0,2.0,10.0,0.0,0.0,0.0,0.0,1.0,2.0,6.0,100.0,0.8,0.0,0.0,8.0,7.0,0.0,0.0,259.0,0.0,6.0,9.3,3.0,0.0,1.0,0.0,0.0,0.0,0.0,1.0,0.0,77.0,0.0,18.0,2.0,15.0
2024,Round 12,2024-06-02,Melbourne,away,CD_M20240141206,30,Alex Neal-Bullen,CD_I296420,0.0,0.0,15.0,2.0,1.0,0.0,0.0,0.0,0.0,0.0,0.0,1.0,18.8,3.0,12.0,80.0,15.0,12.0,4.0,0.0,0.0,0.0,0.0,0.0,0.0,2.0,8.0,0.0,0.0,0.0,0.0,2.0,0.0,1.0,57.1,0.9,0.0,0.0,7.0,5.0,0.0,1.0,192.0,0.0,25.0,8.1,1.0,0.0,2.0,0.0,0.0,0.0,0.0,5.0,1.0,77.0,2.0,16.0,3.0,13.0
2024,Round 12,2024-06-02,Melbourne,away,CD_M20240141206,13,Clayton Oliver,CD_I996701,0.0,0.0,19.0,1.0,3.0,0.0,0.0,0.0,0.0,0.0,0.0,0.0,22.2,4.0,18.0,84.2,19.0,16.0,7.0,0.0,1.0,0.0,100.0,0.0,1.0,2.0,11.0,0.0,0.0,0.0,0.0,5.0,1.0,2.0,87.5,0.7,0.0,0.0,8.0,3.0,0.0,0.0,369.0,2.0,28.0,12.8,1.0,0.0,5.0,2.0,1.0,0.0,3.0,7.0,0.0,78.0,4.0,18.0,4.0,14.0
2024,Round 12,2024-06-02,Melbourne,away,CD_M20240141206,5,Christian Petracca,CD_I298210,0.0,0.0,17.0,1.0,2.0,0.0,0.0,0.0,0.0,0.0,0.0,0.0,30.8,8.0,5.0,80.8,26.0,21.0,7.0,0.0,0.0,1.0,33.3,0.0,1.0,5.0,15.0,0.0,0.0,0.0,0.0,5.0,2.0,2.0,63.6,0.7,0.0,0.0,11.0,7.0,2.0,0.0,428.0,0.0,23.0,15.4,0.0,0.0,4.0,1.0,3.0,0.0,3.0,3.0,0.0,85.0,4.0,26.0,4.0,18.0
2024,Round 12,2024-06-02,Melbourne,away,CD_M20240141206,35,Harrison Petty,CD_I1008893,0.0,0.0,5.0,0.0,4.0,0.0,0.0,0.0,1.0,0.0,0.0,0.0,33.3,1.0,3.0,50.0,2.0,1.0,1.0,0.0,3.0,0.0,100.0,0.0,1.0,1.0,1.0,25.0,30.8,4.0,1.0,0.0,0.0,0.0,100.0,1.0,0.0,0.0,1.0,1.0,1.0,0.0,21.0,0.0,17.0,0.4,1.0,13.0,1.0,0.0,1.0,0.0,0.0,3.0,1.0,71.0,0.0,3.0,0.0,2.0
2024,Round 12,2024-06-02,Melbourne,away,CD_M20240141206,36,Kysaiah Pickett,CD_I1008541,1.0,1.0,17.0,2.0,3.0,0.0,0.0,0.0,0.0,0.0,0.0,0.0,30.8,4.0,8.0,76.9,13.0,10.0,7.0,0.0,3.0,0.0,0.0,0.0,0.0,3.0,3.0,0.0,0.0,0.0,0.0,3.0,0.0,2.0,70.0,3.3,0.0,0.0,10.0,2.0,1.0,0.0,200.0,0.0,21.0,4.1,0.0,0.0,4.0,1.0,1.0,0.0,0.0,1.0,1.0,83.0,2.0,13.0,2.0,9.0
2024,Round 12,2024-06-02,Melbourne,away,CD_M20240141206,24,Trent Rivers,CD_I1009378,0.0,0.0,0.0,0.0,4.0,0.0,0.0,1.0,0.0,0.0,0.0,0.0,29.2,7.0,11.0,75.0,24.0,18.0,8.0,0.0,0.0,1.0,0.0,0.0,0.0,5.0,12.0,0.0,0.0,0.0,0.0,0.0,0.0,4.0,66.7,1.0,0.0,0.0,12.0,2.0,0.0,0.0,283.0,3.0,11.0,7.7,6.0,0.0,2.0,0.0,0.0,2.0,1.0,1.0,0.0,70.0,1.0,24.0,2.0,17.0
2024,Round 12,2024-06-02,Melbourne,away,CD_M20240141206,3,Christian Salem,CD_I296359,0.0,0.0,0.0,1.0,3.0,0.0,0.0,0.0,0.0,0.0,0.0,0.0,22.2,6.0,4.0,77.8,27.0,21.0,10.0,0.0,1.0,1.0,0.0,0.0,0.0,5.0,13.0,0.0,0.0,0.0,0.0,1.0,0.0,5.0,71.4,1.1,1.0,1.0,14.0,6.0,0.0,0.0,286.0,0.0,6.0,2.2,6.0,0.0,0.0,0.0,0.0,0.0,0.0,1.0,0.0,83.0,1.0,27.0,8.0,21.0
2024,Round 12,2024-06-02,Melbourne,away,CD_M20240141206,32,Tom Sparrow,CD_I999391,0.0,1.0,11.0,0.0,2.0,0.0,0.0,0.0,1.0,0.0,0.0,0.0,31.3,5.0,8.0,81.3,16.0,13.0,5.0,1.0,1.0,0.0,0.0,0.0,0.0,4.0,9.0,0.0,0.0,0.0,0.0,1.0,0.0,2.0,71.4,0.8,0.0,0.0,7.0,6.0,0.0,0.0,241.0,1.0,19.0,7.1,1.0,0.0,2.0,0.0,0.0,1.0,1.0,0.0,0.0,66.0,1.0,16.0,3.0,11.0
2024,Round 12,2024-06-02,Melbourne,away,CD_M20240141206,42,Daniel Turner,CD_I1020959,1.0,0.0,0.0,0.0,4.0,0.0,0.0,3.0,0.0,0.0,0.0,1.0,33.3,2.0,2.0,66.7,6.0,4.0,1.0,0.0,2.0,1.0,0.0,0.0,0.0,0.0,4.0,0.0,0.0,0.0,0.0,1.0,1.0,3.0,50.0,0.5,0.0,0.0,2.0,1.0,0.0,0.0,67.0,2.0,12.0,2.2,0.0,0.0,3.0,2.0,1.0,2.0,0.0,1.0,1.0,87.0,0.0,6.0,2.0,4.0
2024,Round 12,2024-06-02,Melbourne,away,CD_M20240141206,7,Jack Viney,CD_I291902,0.0,1.0,20.0,0.0,3.0,0.0,0.0,0.0,0.0,0.0,0.0,0.0,36.4,8.0,13.0,66.7,24.0,16.0,6.0,0.0,1.0,1.0,100.0,3.0,1.0,6.0,13.0,0.0,0.0,0.0,0.0,4.0,1.0,5.0,54.5,0.8,0.0,0.0,11.0,3.0,0.0,0.0,358.0,1.0,26.0,20.7,4.0,0.0,5.0,1.0,1.0,0.0,1.0,7.0,2.0,80.0,1.0,22.0,4.0,14.0
2024,Round 12,2024-06-02,Melbourne,away,CD_M20240141206,6,Caleb Windsor,CD_I1027821,0.0,1.0,0.0,0.0,2.0,0.0,0.0,0.0,0.0,0.0,0.0,0.0,20.0,2.0,10.0,88.9,9.0,8.0,4.0,1.0,1.0,1.0,0.0,0.0,0.0,1.0,4.0,0.0,0.0,0.0,0.0,1.0,0.0,1.0,80.0,1.3,0.0,0.0,5.0,2.0,0.0,1.0,148.0,1.0,18.0,5.6,1.0,0.0,2.0,0.0,0.0,0.0,0.0,2.0,0.0,76.0,0.0,10.0,1.0,8.0
2024,Round 12,2024-06-02,Melbourne,away,CD_M20240141206,40,Taj Woewodin,CD_I1018425,0.0,0.0,0.0,0.0,1.0,0.0,0.0,0.0,0.0,0.0,0.0,0.0,8.3,1.0,6.0,61.5,13.0,8.0,3.0,0.0,0.0,0.0,0.0,0.0,0.0,0.0,8.0,0.0,0.0,0.0,0.0,2.0,1.0,1.0,60.0,0.6,0.0,0.0,5.0,3.0,0.0,0.0,194.0,0.0,13.0,3.3,0.0,0.0,1.0,0.0,1.0,0.0,0.0,0.0,0.0,44.0,0.0,12.0,3.0,11.0
2024,Round 14,2024-06-15,Western Bulldogs,away,CD_M20240141402,4,Marcus Bontempelli,CD_I297373,0.0,0.0,29.0,5.0,4.0,0.0,0.0,0.0,1.0,0.0,0.0,0.0,43.3,13.0,8.0,70.0,30.0,21.0,11.0,3.0,0.0,0.0,100.0,3.0,3.0,10.0,10.0,0.0,0.0,0.0,0.0,8.0,1.0,4.0,55.0,2.0,0.0,0.0,20.0,8.0,1.0,0.0,682.0,4.0,22.0,27.7,1.0,0.0,15.0,4.0,3.0,1.0,2.0,5.0,2.0,84.0,7.0,30.0,6.0,17.0
2024,Round 14,2024-06-15,Western Bulldogs,away,CD_M20240141402,29,Lachlan Bramble,CD_I1000864,0.0,3.0,0.0,0.0,1.0,0.0,0.0,1.0,0.0,0.0,0.0,0.0,16.0,4.0,4.0,93.3,30.0,28.0,19.0,0.0,0.0,2.0,100.0,0.0,1.0,3.0,10.0,0.0,0.0,0.0,0.0,4.0,0.0,4.0,95.0,2.0,5.0,5.0,20.0,10.0,1.0,0.0,663.0,2.0,7.0,15.1,2.0,0.0,9.0,3.0,1.0,1.0,0.0,4.0,0.0,83.0,0.0,25.0,2.0,21.0
2024,Round 14,2024-06-15,Western Bulldogs,away,CD_M20240141402,31,Bailey Dale,CD_I996708,0.0,1.0,0.0,0.0,3.0,0.0,0.0,0.0,0.0,0.0,0.0,0.0,38.5,10.0,7.0,80.0,30.0,24.0,16.0,0.0,0.0,0.0,0.0,0.0,0.0,10.0,9.0,0.0,0.0,0.0,0.0,5.0,2.0,8.0,76.2,2.3,5.0,5.0,21.0,7.0,0.0,0.0,561.0,1.0,8.0,23.2,4.0,0.0,12.0,6.0,0.0,1.0,2.0,2.0,0.0,79.0,2.0,26.0,4.0,16.0
2024,Round 14,2024-06-15,Western Bulldogs,away,CD_M20240141402,35,Caleb Daniel,CD_I295136,0.0,1.0,0.0,0.0,1.0,0.0,0.0,0.0,0.0,0.0,0.0,0.0,0.0,0.0,4.0,66.7,6.0,4.0,3.0,0.0,0.0,0.0,0.0,0.0,0.0,0.0,2.0,0.0,0.0,0.0,0.0,0.0,0.0,0.0,75.0,2.0,0.0,0.0,4.0,2.0,0.0,0.0,114.0,0.0,6.0,-1.9,3.0,0.0,2.0,0.0,0.0,0.0,0.0,0.0,0.0,24.0,0.0,6.0,2.0,6.0
2024,Round 14,2024-06-15,Western Bulldogs,away,CD_M20240141402,15,Taylor Duryea,CD_I290085,0.0,0.0,0.0,0.0,1.0,0.0,0.0,0.0,0.0,0.0,0.0,1.0,22.2,2.0,6.0,70.0,10.0,7.0,5.0,0.0,0.0,0.0,0.0,0.0,0.0,1.0,4.0,0.0,0.0,0.0,0.0,0.0,1.0,3.0,83.3,1.5,0.0,0.0,6.0,7.0,0.0,0.0,123.0,1.0,10.0,-1.3,0.0,0.0,0.0,0.0,0.0,0.0,0.0,0.0,0.0,75.0,0.0,9.0,1.0,7.0
2024,Round 14,2024-06-15,Western Bulldogs,away,CD_M20240141402,44,Tim English,CD_I1004592,0.0,0.0,33.0,0.0,3.0,100.0,1.0,1.0,0.0,0.0,0.0,3.0,53.3,8.0,6.0,85.7,14.0,12.0,11.0,0.0,1.0,1.0,100.0,0.0,2.0,3.0,3.0,37.5,28.6,24.0,9.0,2.0,2.0,4.0,100.0,3.7,0.0,0.0,11.0,9.0,2.0,1.0,141.0,2.0,15.0,18.6,1.0,84.0,6.0,3.0,2.0,0.0,1.0,6.0,1.0,84.0,1.0,15.0,0.0,7.0
2024,Round 14,2024-06-15,Western Bulldogs,away,CD_M20240141402,27,Joel Freijah,CD_I1027704,0.0,1.0,0.0,0.0,2.0,100.0,1.0,1.0,0.0,0.0,0.0,0.0,37.5,6.0,5.0,86.7,15.0,13.0,5.0,0.0,1.0,0.0,0.0,0.0,0.0,5.0,9.0,0.0,0.0,0.0,0.0,0.0,1.0,6.0,83.3,0.7,0.0,0.0,6.0,6.0,0.0,0.0,76.0,0.0,6.0,5.4,0.0,0.0,2.0,0.0,0.0,0.0,0.0,1.0,1.0,83.0,0.0,16.0,2.0,10.0
2024,Round 14,2024-06-15,Western Bulldogs,away,CD_M20240141402,12,Harvey Gallagher,CD_I1017087,0.0,0.0,0.0,0.0,3.0,0.0,0.0,0.0,0.0,0.0,0.0,0.0,14.3,1.0,3.0,66.7,6.0,4.0,3.0,0.0,2.0,1.0,100.0,1.0,2.0,0.0,1.0,0.0,0.0,0.0,0.0,1.0,0.0,0.0,60.0,5.0,0.0,0.0,5.0,1.0,1.0,1.0,177.0,0.0,9.0,7.1,0.0,0.0,5.0,0.0,2.0,0.0,0.0,1.0,1.0,76.0,0.0,7.0,3.0,6.0
2024,Round 14,2024-06-15,Western Bulldogs,away,CD_M20240141402,19,Liam Jones,CD_I281078,0.0,0.0,0.0,0.0,1.0,0.0,0.0,1.0,0.0,0.0,0.0,0.0,25.0,2.0,4.0,100.0,8.0,8.0,7.0,0.0,1.0,0.0,0.0,0.0,0.0,1.0,1.0,0.0,0.0,0.0,0.0,0.0,2.0,4.0,100.0,7.0,0.0,0.0,7.0,3.0,0.0,0.0,141.0,3.0,6.0,8.8,3.0,0.0,2.0,2.0,0.0,2.0,1.0,1.0,0.0,100.0,1.0,8.0,0.0,6.0
2024,Round 14,2024-06-15,Western Bulldogs,away,CD_M20240141402,24,Buku Khamis,CD_I998782,0.0,2.0,0.0,0.0,2.0,0.0,0.0,2.0,0.0,0.0,0.0,0.0,36.4,4.0,5.0,80.0,10.0,8.0,5.0,0.0,1.0,1.0,0.0,0.0,0.0,3.0,3.0,0.0,0.0,0.0,0.0,2.0,1.0,5.0,71.4,2.3,0.0,0.0,7.0,4.0,0.0,0.0,291.0,7.0,6.0,8.7,3.0,0.0,2.0,0.0,0.0,7.0,0.0,1.0,0.0,85.0,0.0,11.0,6.0,7.0
2024,Round 14,2024-06-15,Western Bulldogs,away,CD_M20240141402,21,Tom Liberatore,CD_I290799,2.0,0.0,23.0,2.0,3.0,0.0,0.0,0.0,0.0,0.0,0.0,0.0,53.6,15.0,6.0,71.4,28.0,20.0,5.0,3.0,1.0,1.0,0.0,0.0,0.0,13.0,17.0,0.0,0.0,0.0,0.0,4.0,0.0,4.0,45.5,0.6,0.0,0.0,11.0,6.0,0.0,1.0,292.0,2.0,27.0,16.4,5.0,0.0,10.0,5.0,2.0,0.0,8.0,5.0,0.0,73.0,10.0,28.0,4.0,13.0
2024,Round 14,2024-06-15,Western Bulldogs,away,CD_M20240141402,7,Rory Lobb,CD_I990740,1.0,0.0,6.0,2.0,1.0,0.0,0.0,0.0,2.0,1.0,50.0,3.0,55.6,10.0,1.0,78.9,19.0,15.0,8.0,2.0,0.0,2.0,75.0,0.0,3.0,4.0,8.0,14.3,31.8,7.0,1.0,1.0,2.0,2.0,72.7,1.4,0.0,0.0,11.0,6.0,1.0,0.0,136.0,2.0,12.0,16.7,0.0,22.0,11.0,1.0,4.0,2.0,0.0,3.0,1.0,90.0,2.0,18.0,1.0,8.0
2024,Round 14,2024-06-15,Western Bulldogs,away,CD_M20240141402,11,Jack Macrae,CD_I295467,0.0,0.0,2.0,0.0,3.0,0.0,0.0,0.0,0.0,0.0,0.0,0.0,29.4,5.0,5.0,73.7,19.0,14.0,3.0,1.0,1.0,1.0,0.0,0.0,0.0,4.0,13.0,0.0,0.0,0.0,0.0,2.0,0.0,1.0,50.0,0.5,0.0,0.0,6.0,2.0,0.0,0.0,137.0,1.0,12.0,4.1,0.0,0.0,5.0,0.0,1.0,1.0,2.0,3.0,0.0,77.0,2.0,17.0,2.0,12.0
2024,Round 14,2024-06-15,Western Bulldogs,away,CD_M20240141402,18,James O'Donnell,CD_I1032966,0.0,0.0,0.0,0.0,3.0,0.0,0.0,2.0,0.0,0.0,0.0,0.0,14.3,2.0,2.0,86.7,15.0,13.0,11.0,0.0,2.0,0.0,0.0,0.0,0.0,2.0,2.0,0.0,0.0,0.0,0.0,1.0,2.0,5.0,84.6,6.5,0.0,0.0,13.0,6.0,0.0,0.0,255.0,6.0,3.0,7.1,5.0,0.0,3.0,2.0,0.0,6.0,0.0,2.0,0.0,95.0,0.0,14.0,1.0,12.0
2024,Round 14,2024-06-15,Western Bulldogs,away,CD_M20240141402,20,Ed Richards,CD_I1008280,2.0,3.0,19.0,1.0,2.0,0.0,0.0,0.0,1.0,1.0,100.0,0.0,33.3,7.0,9.0,71.4,21.0,15.0,11.0,2.0,0.0,2.0,33.3,3.0,1.0,4.0,5.0,0.0,0.0,0.0,0.0,6.0,0.0,4.0,68.8,3.2,0.0,0.0,16.0,3.0,0.0,0.0,480.0,2.0,20.0,14.3,2.0,0.0,12.0,2.0,3.0,2.0,1.0,4.0,1.0,85.0,2.0,21.0,2.0,14.0
2024,Round 14,2024-06-15,Western Bulldogs,away,CD_M20240141402,9,Ryley Sanders,CD_I1017939,1.0,0.0,12.0,1.0,2.0,0.0,0.0,0.0,0.0,0.0,0.0,0.0,38.5,5.0,10.0,76.9,13.0,10.0,2.0,2.0,1.0,1.0,0.0,0.0,0.0,4.0,10.0,0.0,0.0,0.0,0.0,1.0,0.0,0.0,66.7,0.3,0.0,0.0,3.0,1.0,0.0,0.0,115.0,0.0,18.0,3.7,1.0,0.0,4.0,1.0,1.0,0.0,1.0,5.0,0.0,76.0,2.0,13.0,2.0,8.0
2024,Round 14,2024-06-15,Western Bulldogs,away,CD_M20240141402,28,Anthony Scott,CD_I992048,1.0,0.0,0.0,0.0,0.0,0.0,0.0,0.0,0.0,0.0,0.0,0.0,36.4,4.0,5.0,60.0,10.0,6.0,3.0,2.0,0.0,0.0,0.0,2.0,0.0,3.0,3.0,0.0,0.0,0.0,0.0,0.0,0.0,1.0,42.9,2.3,0.0,0.0,7.0,6.0,2.0,1.0,175.0,1.0,8.0,2.4,0.0,0.0,5.0,1.0,2.0,0.0,2.0,1.0,0.0,53.0,2.0,11.0,1.0,7.0
2024,Round 14,2024-06-15,Western Bulldogs,away,CD_M20240141402,1,Adam Treloar,CD_I291790,0.0,2.0,32.0,3.0,3.0,0.0,0.0,0.0,0.0,0.0,0.0,0.0,28.0,7.0,9.0,81.5,27.0,22.0,14.0,1.0,0.0,0.0,100.0,2.0,1.0,6.0,9.0,0.0,0.0,0.0,0.0,4.0,0.0,0.0,77.8,2.0,0.0,0.0,18.0,3.0,1.0,0.0,456.0,0.0,18.0,20.0,1.0,0.0,14.0,3.0,1.0,0.0,2.0,6.0,1.0,81.0,5.0,25.0,3.0,18.0
2024,Round 14,2024-06-15,Western Bulldogs,away,CD_M20240141402,2,Jamarra Ugle-Hagan,CD_I1009301,1.0,0.0,0.0,0.0,3.0,0.0,0.0,0.0,0.0,0.0,0.0,1.0,33.3,4.0,0.0,81.8,11.0,9.0,6.0,1.0,3.0,1.0,75.0,2.0,3.0,2.0,3.0,0.0,0.0,0.0,0.0,3.0,0.0,0.0,75.0,2.7,0.0,0.0,8.0,6.0,4.0,1.0,248.0,0.0,8.0,11.9,0.0,0.0,7.0,0.0,4.0,0.0,0.0,1.0,1.0,79.0,0.0,12.0,2.0,8.0
2024,Round 14,2024-06-15,Western Bulldogs,away,CD_M20240141402,23,Laitham Vandermeer,CD_I1005000,1.0,0.0,0.0,0.0,2.0,0.0,0.0,0.0,1.0,1.0,100.0,0.0,44.4,4.0,6.0,62.5,8.0,5.0,2.0,3.0,2.0,0.0,0.0,0.0,0.0,3.0,4.0,0.0,0.0,0.0,0.0,5.0,0.0,0.0,50.0,1.0,0.0,0.0,4.0,4.0,1.0,0.0,148.0,2.0,14.0,1.9,0.0,0.0,6.0,0.0,1.0,0.0,0.0,1.0,0.0,77.0,0.0,9.0,1.0,5.0
2024,Round 14,2024-06-15,Western Bulldogs,away,CD_M20240141402,3,Cody Weightman,CD_I1011803,0.0,0.0,0.0,0.0,2.0,0.0,0.0,0.0,0.0,0.0,0.0,0.0,63.6,7.0,1.0,72.7,11.0,8.0,5.0,1.0,0.0,2.0,100.0,0.0,3.0,5.0,5.0,0.0,0.0,0.0,0.0,3.0,0.0,3.0,83.3,1.2,0.0,0.0,6.0,3.0,1.0,0.0,163.0,2.0,9.0,12.4,0.0,0.0,5.0,0.0,3.0,2.0,0.0,1.0,0.0,73.0,0.0,11.0,2.0,4.0
2024,Round 14,2024-06-15,Western Bulldogs,away,CD_M20240141402,14,Rhylee West,CD_I1006127,0.0,0.0,0.0,0.0,2.0,0.0,0.0,0.0,2.0,2.0,100.0,1.0,50.0,7.0,6.0,76.9,13.0,10.0,6.0,3.0,0.0,2.0,80.0,1.0,4.0,4.0,5.0,0.0,0.0,0.0,0.0,2.0,0.0,0.0,75.0,1.6,0.0,0.0,8.0,3.0,2.0,1.0,203.0,2.0,17.0,18.4,0.0,0.0,6.0,0.0,5.0,2.0,2.0,5.0,2.0,82.0,2.0,14.0,2.0,7.0
2024,Round 14,2024-06-15,Western Bulldogs,away,CD_M20240141402,34,Bailey Williams,CD_I992351,0.0,0.0,0.0,1.0,1.0,0.0,0.0,0.0,0.0,0.0,0.0,0.0,13.6,3.0,8.0,86.4,22.0,19.0,10.0,0.0,0.0,1.0,0.0,1.0,0.0,3.0,10.0,0.0,0.0,0.0,0.0,6.0,1.0,1.0,83.3,1.2,0.0,0.0,12.0,5.0,0.0,0.0,445.0,0.0,15.0,13.4,0.0,0.0,10.0,1.0,0.0,0.0,0.0,4.0,1.0,85.0,1.0,22.0,1.0,19.0
2024,Round 15,2024-06-23,Gold Coast,home,CD_M20240141506,9,Ben Ainsworth,CD_I998130,1.0,0.0,0.0,0.0,1.0,0.0,0.0,0.0,0.0,0.0,0.0,1.0,12.5,1.0,3.0,88.9,9.0,8.0,5.0,0.0,1.0,0.0,0.0,0.0,0.0,0.0,3.0,0.0,0.0,0.0,0.0,1.0,0.0,0.0,83.3,2.0,0.0,0.0,6.0,1.0,1.0,0.0,169.0,0.0,12.0,2.7,0.0,0.0,2.0,0.0,1.0,0.0,0.0,2.0,1.0,74.0,0.0,8.0,2.0,7.0
2024,Round 15,2024-06-23,Gold Coast,home,CD_M20240141506,15,Noah Anderson,CD_I1009199,0.0,0.0,20.0,1.0,0.0,0.0,0.0,0.0,0.0,0.0,0.0,0.0,40.9,9.0,9.0,73.9,23.0,17.0,9.0,0.0,0.0,1.0,0.0,1.0,0.0,6.0,11.0,0.0,0.0,0.0,0.0,3.0,0.0,3.0,75.0,1.1,0.0,0.0,12.0,3.0,0.0,0.0,416.0,1.0,15.0,17.8,2.0,0.0,6.0,0.0,0.0,0.0,3.0,2.0,0.0,79.0,4.0,22.0,2.0,13.0
2024,Round 15,2024-06-23,Gold Coast,home,CD_M20240141506,31,Mac Andrew,CD_I1017396,0.0,0.0,3.0,0.0,2.0,25.0,1.0,4.0,1.0,0.0,0.0,1.0,45.5,5.0,6.0,90.9,11.0,10.0,8.0,0.0,2.0,2.0,0.0,0.0,0.0,1.0,3.0,16.7,40.0,6.0,1.0,2.0,1.0,3.0,100.0,2.7,0.0,0.0,8.0,6.0,0.0,0.0,190.0,6.0,9.0,10.8,1.0,15.0,2.0,1.0,0.0,6.0,1.0,4.0,1.0,90.0,1.0,11.0,0.0,6.0
2024,Round 15,2024-06-23,Gold Coast,home,CD_M20240141506,10,Charlie Ballard,CD_I1008882,0.0,0.0,0.0,0.0,2.0,0.0,0.0,4.0,0.0,0.0,0.0,3.0,54.5,6.0,5.0,70.0,10.0,7.0,6.0,0.0,0.0,1.0,0.0,0.0,0.0,1.0,3.0,0.0,0.0,0.0,0.0,1.0,5.0,7.0,85.7,2.3,0.0,0.0,7.0,6.0,0.0,0.0,109.0,3.0,6.0,7.9,3.0,0.0,2.0,2.0,0.0,2.0,0.0,3.0,0.0,84.0,0.0,11.0,3.0,5.0
2024,Round 15,2024-06-23,Gold Coast,home,CD_M20240141506,16,Thomas Berry,CD_I1006100,0.0,0.0,0.0,0.0,1.0,0.0,0.0,0.0,0.0,0.0,0.0,0.0,38.5,5.0,7.0,61.5,13.0,8.0,3.0,0.0,0.0,2.0,0.0,0.0,0.0,4.0,6.0,0.0,0.0,0.0,0.0,1.0,0.0,1.0,42.9,1.2,0.0,0.0,7.0,1.0,0.0,0.0,104.0,3.0,20.0,5.6,1.0,0.0,2.0,0.0,0.0,2.0,0.0,3.0,1.0,73.0,0.0,13.0,3.0,8.0
2024,Round 15,2024-06-23,Gold Coast,home,CD_M20240141506,33,Sam Clohesy,CD_I1013257,0.0,1.0,0.0,0.0,0.0,0.0,0.0,0.0,0.0,0.0,0.0,0.0,47.4,9.0,6.0,78.9,19.0,15.0,7.0,1.0,0.0,1.0,0.0,0.0,0.0,8.0,8.0,0.0,0.0,0.0,0.0,2.0,1.0,8.0,63.6,1.4,0.0,0.0,11.0,2.0,0.0,0.0,291.0,0.0,12.0,14.7,2.0,0.0,4.0,2.0,0.0,0.0,3.0,2.0,1.0,81.0,3.0,19.0,1.0,10.0
2024,Round 15,2024-06-23,Gold Coast,home,CD_M20240141506,25,Sam Collins,CD_I295446,0.0,0.0,0.0,0.0,1.0,33.3,1.0,3.0,0.0,0.0,0.0,1.0,37.5,6.0,1.0,87.5,16.0,14.0,6.0,0.0,0.0,0.0,0.0,0.0,0.0,5.0,8.0,0.0,0.0,0.0,0.0,2.0,5.0,8.0,75.0,1.0,0.0,0.0,8.0,7.0,0.0,0.0,202.0,3.0,2.0,9.9,3.0,0.0,2.0,1.0,0.0,1.0,0.0,0.0,0.0,91.0,0.0,16.0,3.0,10.0
2024,Round 15,2024-06-23,Gold Coast,home,CD_M20240141506,12,Sam Day,CD_I291753,0.0,0.0,1.0,0.0,1.0,0.0,0.0,0.0,7.0,2.0,28.6,2.0,61.5,8.0,1.0,83.3,12.0,10.0,3.0,3.0,0.0,0.0,100.0,0.0,3.0,5.0,9.0,0.0,0.0,0.0,0.0,0.0,0.0,1.0,100.0,0.3,0.0,0.0,3.0,7.0,3.0,3.0,36.0,1.0,4.0,13.5,0.0,1.0,5.0,0.0,3.0,0.0,0.0,2.0,2.0,85.0,0.0,13.0,1.0,5.0
2024,Round 15,2024-06-23,Gold Coast,home,CD_M20240141506,4,Brandon Ellis,CD_I293713,0.0,0.0,0.0,0.0,0.0,0.0,0.0,0.0,1.0,0.0,0.0,0.0,14.3,1.0,3.0,71.4,7.0,5.0,3.0,0.0,0.0,0.0,100.0,0.0,1.0,1.0,3.0,0.0,0.0,0.0,0.0,0.0,0.0,1.0,75.0,1.3,0.0,0.0,4.0,1.0,0.0,0.0,119.0,0.0,4.0,4.7,0.0,0.0,3.0,0.0,1.0,0.0,0.0,0.0,0.0,28.0,0.0,7.0,1.0,6.0
2024,Round 15,2024-06-23,Gold Coast,home,CD_M20240141506,3,Sam Flanders,CD_I1009260,0.0,0.0,6.0,2.0,2.0,0.0,0.0,0.0,0.0,0.0,0.0,0.0,36.7,11.0,11.0,84.8,33.0,28.0,12.0,0.0,1.0,0.0,0.0,0.0,0.0,10.0,18.0,0.0,0.0,0.0,0.0,0.0,0.0,6.0,80.0,0.8,6.0,5.0,15.0,7.0,0.0,0.0,339.0,1.0,17.0,15.6,4.0,0.0,5.0,2.0,0.0,0.0,2.0,3.0,0.0,82.0,4.0,30.0,3.0,19.0
2024,Round 15,2024-06-23,Gold Coast,home,CD_M20240141506,26,Will Graham,CD_I1026960,1.0,0.0,6.0,0.0,0.0,0.0,0.0,0.0,0.0,0.0,0.0,1.0,30.8,4.0,10.0,61.5,13.0,8.0,4.0,0.0,0.0,0.0,50.0,0.0,1.0,3.0,7.0,0.0,0.0,0.0,0.0,1.0,0.0,2.0,66.7,0.9,0.0,0.0,6.0,4.0,1.0,1.0,223.0,0.0,19.0,5.6,1.0,0.0,5.0,0.0,2.0,0.0,1.0,2.0,0.0,80.0,1.0,13.0,2.0,9.0
2024,Round 15,2024-06-23,Gold Coast,home,CD_M20240141506,19,Bailey Humphrey,CD_I1023500,0.0,0.0,2.0,0.0,1.0,0.0,0.0,0.0,1.0,0.0,0.0,1.0,100.0,4.0,10.0,50.0,4.0,2.0,1.0,0.0,0.0,1.0,0.0,0.0,0.0,1.0,1.0,0.0,0.0,0.0,0.0,0.0,0.0,0.0,33.3,3.0,0.0,0.0,3.0,1.0,0.0,0.0,105.0,0.0,19.0,4.4,1.0,0.0,0.0,0.0,1.0,0.0,2.0,4.0,2.0,50.0,2.0,4.0,2.0,0.0
2024,Round 15,2024-06-23,Gold Coast,home,CD_M20240141506,40,Joel Jeffrey,CD_I1005992,0.0,0.0,0.0,0.0,1.0,0.0,0.0,0.0,0.0,0.0,0.0,0.0,11.1,1.0,2.0,100.0,9.0,9.0,8.0,0.0,1.0,0.0,0.0,0.0,0.0,1.0,1.0,0.0,0.0,0.0,0.0,1.0,0.0,2.0,100.0,8.0,1.0,1.0,8.0,5.0,0.0,0.0,181.0,2.0,7.0,3.3,2.0,0.0,1.0,0.0,0.0,2.0,0.0,1.0,0.0,75.0,0.0,9.0,2.0,8.0
2024,Round 15,2024-06-23,Gold Coast,home,CD_M20240141506,22,Ben Long,CD_I993917,1.0,0.0,0.0,0.0,3.0,0.0,0.0,0.0,3.0,1.0,33.3,2.0,66.7,6.0,2.0,44.4,9.0,4.0,2.0,2.0,1.0,0.0,50.0,0.0,1.0,3.0,2.0,0.0,0.0,0.0,0.0,3.0,0.0,0.0,28.6,3.5,0.0,0.0,7.0,4.0,2.0,2.0,157.0,0.0,9.0,6.7,0.0,0.0,2.0,0.0,2.0,0.0,1.0,3.0,3.0,79.0,1.0,9.0,3.0,3.0
2024,Round 15,2024-06-23,Gold Coast,home,CD_M20240141506,13,Jack Lukosius,CD_I1004095,1.0,0.0,0.0,0.0,0.0,0.0,0.0,0.0,2.0,1.0,50.0,0.0,25.0,3.0,1.0,81.8,11.0,9.0,5.0,0.0,0.0,2.0,50.0,1.0,2.0,1.0,4.0,0.0,0.0,0.0,0.0,2.0,0.0,1.0,71.4,1.8,0.0,0.0,7.0,5.0,2.0,3.0,256.0,1.0,4.0,8.8,0.0,3.0,6.0,0.0,4.0,1.0,0.0,1.0,1.0,93.0,0.0,12.0,0.0,9.0
2024,Round 15,2024-06-23,Gold Coast,home,CD_M20240141506,11,Touk Miller,CD_I298272,0.0,0.0,17.0,0.0,10.0,0.0,0.0,0.0,0.0,0.0,0.0,0.0,23.5,8.0,11.0,54.5,33.0,18.0,11.0,2.0,1.0,1.0,0.0,1.0,0.0,8.0,15.0,0.0,0.0,0.0,0.0,8.0,0.0,1.0,61.1,1.2,0.0,0.0,18.0,8.0,0.0,0.0,715.0,0.0,21.0,6.0,2.0,0.0,4.0,1.0,2.0,0.0,1.0,6.0,2.0,86.0,1.0,34.0,11.0,26.0
2024,Round 15,2024-06-23,Gold Coast,home,CD_M20240141506,27,Wil Powell,CD_I1007881,0.0,0.0,0.0,0.0,1.0,0.0,0.0,0.0,0.0,0.0,0.0,2.0,18.2,4.0,9.0,95.5,22.0,21.0,14.0,0.0,1.0,0.0,0.0,2.0,0.0,2.0,8.0,0.0,0.0,0.0,0.0,3.0,4.0,6.0,100.0,1.8,1.0,0.0,14.0,12.0,0.0,0.0,523.0,1.0,11.0,13.5,5.0,0.0,6.0,1.0,0.0,1.0,0.0,5.0,0.0,85.0,0.0,22.0,1.0,18.0
2024,Round 15,2024-06-23,Gold Coast,home,CD_M20240141506,29,Jake Rogers,CD_I1018123,0.0,0.0,1.0,0.0,2.0,0.0,0.0,0.0,0.0,0.0,0.0,0.0,50.0,3.0,7.0,83.3,6.0,5.0,3.0,2.0,1.0,0.0,0.0,1.0,0.0,3.0,3.0,0.0,0.0,0.0,0.0,2.0,0.0,1.0,100.0,1.0,0.0,0.0,3.0,1.0,0.0,0.0,69.0,0.0,18.0,6.3,0.0,0.0,2.0,0.0,0.0,0.0,1.0,5.0,1.0,81.0,1.0,6.0,2.0,3.0
2024,Round 15,2024-06-23,Gold Coast,home,CD_M20240141506,18,Matt Rowell,CD_I1009208,0.0,1.0,22.0,5.0,5.0,0.0,0.0,0.0,0.0,0.0,0.0,0.0,65.2,15.0,20.0,60.9,23.0,14.0,4.0,2.0,2.0,2.0,0.0,1.0,0.0,10.0,14.0,0.0,0.0,0.0,0.0,2.0,0.0,0.0,44.4,0.6,0.0,0.0,9.0,2.0,0.0,0.0,277.0,0.0,38.0,14.3,2.0,0.0,7.0,4.0,0.0,0.0,5.0,7.0,0.0,86.0,10.0,23.0,4.0,8.0
2024,Round 15,2024-06-23,Gold Coast,home,CD_M20240141506,6,Alex Sexton,CD_I294643,0.0,0.0,0.0,0.0,1.0,0.0,0.0,1.0,0.0,0.0,0.0,0.0,13.3,2.0,6.0,80.0,20.0,16.0,12.0,0.0,1.0,1.0,0.0,0.0,0.0,1.0,5.0,0.0,0.0,0.0,0.0,3.0,0.0,0.0,80.0,3.0,5.0,5.0,15.0,3.0,0.0,1.0,457.0,0.0,6.0,5.4,6.0,0.0,2.0,0.0,0.0,0.0,0.0,3.0,0.0,80.0,0.0,15.0,4.0,13.0
2024,Round 15,2024-06-23,Gold Coast,home,CD_M20240141506,24,David Swallow,CD_I290832,0.0,0.0,4.0,0.0,1.0,0.0,0.0,0.0,0.0,0.0,0.0,0.0,46.2,6.0,7.0,66.7,12.0,8.0,5.0,4.0,1.0,0.0,100.0,0.0,2.0,6.0,5.0,0.0,0.0,0.0,0.0,4.0,0.0,1.0,71.4,1.4,0.0,0.0,7.0,4.0,1.0,1.0,123.0,3.0,24.0,12.5,0.0,0.0,4.0,0.0,2.0,2.0,0.0,6.0,0.0,79.0,0.0,13.0,2.0,7.0
2024,Round 15,2024-06-23,Gold Coast,home,CD_M20240141506,32,Bodhi Uwland,CD_I1017665,0.0,0.0,0.0,0.0,2.0,100.0,1.0,1.0,0.0,0.0,0.0,0.0,33.3,5.0,5.0,73.3,15.0,11.0,5.0,0.0,1.0,0.0,0.0,0.0,0.0,5.0,7.0,0.0,0.0,0.0,0.0,2.0,0.0,5.0,62.5,1.1,0.0,0.0,8.0,3.0,0.0,0.0,257.0,4.0,6.0,10.6,6.0,0.0,2.0,0.0,0.0,4.0,0.0,2.0,0.0,75.0,0.0,15.0,1.0,10.0
2024,Round 15,2024-06-23,Gold Coast,home,CD_M20240141506,28,Jarrod Witts,CD_I291975,0.0,0.0,22.0,1.0,3.0,0.0,0.0,2.0,0.0,0.0,0.0,1.0,61.5,8.0,5.0,53.8,13.0,7.0,3.0,1.0,2.0,1.0,0.0,0.0,0.0,3.0,6.0,28.6,31.5,28.0,8.0,3.0,1.0,1.0,42.9,1.2,0.0,0.0,7.0,3.0,0.0,0.0,128.0,5.0,9.0,9.8,1.0,89.0,3.0,1.0,0.0,5.0,3.0,4.0,2.0,82.0,4.0,13.0,1.0,5.0
2024,Round 16,2024-06-29,Sydney,away,CD_M20240141608,3,Taylor Adams,CD_I291776,0.0,0.0,6.0,0.0,5.0,0.0,0.0,0.0,1.0,0.0,0.0,0.0,44.4,8.0,10.0,63.2,19.0,12.0,7.0,0.0,1.0,2.0,0.0,0.0,0.0,6.0,8.0,0.0,0.0,0.0,0.0,6.0,0.0,0.0,63.6,1.4,0.0,0.0,11.0,4.0,0.0,0.0,364.0,1.0,23.0,4.6,1.0,0.0,4.0,0.0,1.0,1.0,2.0,6.0,1.0,84.0,2.0,18.0,3.0,10.0
2024,Round 16,2024-06-29,Sydney,away,CD_M20240141608,36,Joel Amartey,CD_I1008091,1.0,0.0,1.0,0.0,1.0,0.0,0.0,0.0,1.0,0.0,0.0,0.0,66.7,4.0,0.0,40.0,5.0,2.0,1.0,3.0,0.0,1.0,50.0,1.0,1.0,3.0,1.0,33.3,50.0,3.0,1.0,0.0,0.0,0.0,25.0,4.0,0.0,0.0,4.0,1.0,1.0,1.0,68.0,0.0,7.0,5.8,0.0,6.0,3.0,0.0,2.0,0.0,0.0,1.0,1.0,62.0,0.0,6.0,1.0,2.0
2024,Round 16,2024-06-29,Sydney,away,CD_M20240141608,22,Nick Blakey,CD_I1006028,0.0,7.0,0.0,0.0,3.0,0.0,0.0,1.0,0.0,0.0,0.0,0.0,28.6,8.0,2.0,78.1,32.0,25.0,16.0,0.0,1.0,1.0,100.0,1.0,1.0,7.0,9.0,0.0,0.0,0.0,0.0,6.0,2.0,9.0,69.6,2.6,5.0,5.0,23.0,10.0,0.0,0.0,755.0,6.0,4.0,22.0,9.0,0.0,7.0,2.0,1.0,5.0,1.0,0.0,0.0,88.0,1.0,28.0,7.0,20.0
2024,Round 16,2024-06-29,Sydney,away,CD_M20240141608,16,Braeden Campbell,CD_I1013133,0.0,0.0,0.0,0.0,1.0,50.0,1.0,2.0,0.0,0.0,0.0,0.0,53.8,7.0,5.0,76.9,13.0,10.0,8.0,0.0,0.0,1.0,100.0,0.0,1.0,7.0,2.0,0.0,0.0,0.0,0.0,4.0,1.0,6.0,72.7,5.5,0.0,0.0,11.0,4.0,0.0,0.0,364.0,0.0,8.0,10.5,1.0,0.0,3.0,1.0,1.0,0.0,1.0,1.0,0.0,63.0,1.0,13.0,4.0,6.0
2024,Round 16,2024-06-29,Sydney,away,CD_M20240141608,33,Caiden Cleary,CD_I1024057,0.0,0.0,2.0,0.0,0.0,0.0,0.0,0.0,0.0,0.0,0.0,0.0,100.0,3.0,1.0,100.0,1.0,1.0,0.0,1.0,0.0,1.0,0.0,0.0,0.0,1.0,1.0,0.0,0.0,0.0,0.0,0.0,0.0,1.0,0.0,0.0,0.0,0.0,0.0,0.0,0.0,0.0,-21.0,1.0,6.0,4.1,0.0,0.0,0.0,0.0,0.0,0.0,0.0,2.0,1.0,29.0,0.0,3.0,0.0,0.0
2024,Round 16,2024-06-29,Sydney,away,CD_M20240141608,7,Harry Cunningham,CD_I291978,0.0,0.0,0.0,0.0,0.0,0.0,0.0,2.0,0.0,0.0,0.0,0.0,0.0,0.0,1.0,100.0,4.0,4.0,3.0,0.0,0.0,1.0,0.0,0.0,0.0,0.0,1.0,0.0,0.0,0.0,0.0,0.0,0.0,0.0,100.0,3.0,0.0,0.0,3.0,1.0,0.0,0.0,72.0,3.0,2.0,2.7,2.0,0.0,0.0,0.0,0.0,3.0,0.0,0.0,0.0,34.0,0.0,4.0,0.0,4.0
2024,Round 16,2024-06-29,Sydney,away,CD_M20240141608,13,Oliver Florent,CD_I998103,1.0,0.0,0.0,1.0,2.0,0.0,0.0,0.0,0.0,0.0,0.0,0.0,21.4,3.0,14.0,50.0,12.0,6.0,2.0,0.0,0.0,1.0,0.0,0.0,0.0,2.0,4.0,0.0,0.0,0.0,0.0,3.0,1.0,4.0,25.0,2.0,0.0,0.0,8.0,4.0,0.0,0.0,290.0,1.0,16.0,4.5,2.0,0.0,2.0,1.0,1.0,1.0,0.0,3.0,0.0,85.0,1.0,14.0,6.0,11.0
2024,Round 16,2024-06-29,Sydney,away,CD_M20240141608,4,Brodie Grundy,CD_I293957,0.0,0.0,28.0,1.0,5.0,0.0,0.0,0.0,0.0,0.0,0.0,0.0,53.8,7.0,8.0,61.5,13.0,8.0,3.0,1.0,1.0,1.0,0.0,0.0,0.0,4.0,8.0,25.0,38.9,28.0,7.0,3.0,0.0,3.0,60.0,0.6,0.0,0.0,5.0,1.0,0.0,0.0,100.0,5.0,23.0,4.4,0.0,72.0,6.0,4.0,0.0,5.0,0.0,6.0,2.0,83.0,1.0,13.0,2.0,6.0
2024,Round 16,2024-06-29,Sydney,away,CD_M20240141608,21,Errol Gulden,CD_I1013128,1.0,0.0,7.0,0.0,2.0,0.0,0.0,0.0,0.0,0.0,0.0,0.0,25.0,5.0,11.0,66.7,21.0,14.0,6.0,0.0,0.0,0.0,0.0,0.0,0.0,5.0,11.0,0.0,0.0,0.0,0.0,3.0,0.0,3.0,60.0,0.9,1.0,1.0,10.0,3.0,0.0,0.0,240.0,2.0,26.0,5.5,3.0,0.0,8.0,3.0,1.0,0.0,1.0,5.0,0.0,97.0,1.0,20.0,2.0,15.0
2024,Round 16,2024-06-29,Sydney,away,CD_M20240141608,9,Will Hayward,CD_I997100,1.0,0.0,0.0,0.0,1.0,0.0,0.0,0.0,0.0,0.0,0.0,1.0,27.3,3.0,3.0,63.6,11.0,7.0,5.0,1.0,0.0,1.0,75.0,0.0,3.0,1.0,4.0,0.0,0.0,0.0,0.0,1.0,0.0,0.0,71.4,1.8,0.0,0.0,7.0,7.0,3.0,1.0,242.0,1.0,15.0,11.7,0.0,0.0,6.0,0.0,4.0,1.0,0.0,2.0,2.0,79.0,0.0,11.0,1.0,8.0
2024,Round 16,2024-06-29,Sydney,away,CD_M20240141608,5,Isaac Heeney,CD_I298539,1.0,1.0,19.0,1.0,3.0,0.0,0.0,0.0,0.0,0.0,0.0,0.0,50.0,10.0,12.0,65.0,20.0,13.0,6.0,1.0,0.0,1.0,0.0,1.0,0.0,5.0,10.0,0.0,0.0,0.0,0.0,4.0,0.0,2.0,60.0,1.0,0.0,0.0,10.0,1.0,0.0,0.0,281.0,1.0,23.0,8.2,2.0,0.0,7.0,2.0,1.0,0.0,5.0,6.0,0.0,85.0,6.0,20.0,3.0,10.0
2024,Round 16,2024-06-29,Sydney,away,CD_M20240141608,17,James Jordon,CD_I1013409,1.0,0.0,5.0,1.0,0.0,0.0,0.0,0.0,0.0,0.0,0.0,0.0,33.3,3.0,3.0,70.0,10.0,7.0,3.0,0.0,0.0,1.0,0.0,1.0,0.0,2.0,4.0,0.0,0.0,0.0,0.0,3.0,0.0,2.0,50.0,1.5,0.0,0.0,6.0,1.0,1.0,0.0,136.0,3.0,11.0,1.9,2.0,0.0,5.0,0.0,1.0,3.0,1.0,3.0,0.0,84.0,2.0,9.0,0.0,6.0
2024,Round 16,2024-06-29,Sydney,away,CD_M20240141608,44,Jake Lloyd,CD_I295342,0.0,0.0,0.0,0.0,0.0,0.0,0.0,0.0,0.0,0.0,0.0,0.0,54.5,6.0,8.0,92.9,14.0,13.0,7.0,0.0,0.0,1.0,0.0,0.0,0.0,5.0,6.0,0.0,0.0,0.0,0.0,1.0,1.0,5.0,87.5,1.3,3.0,3.0,8.0,3.0,0.0,0.0,131.0,0.0,9.0,9.8,2.0,0.0,2.0,2.0,0.0,0.0,0.0,1.0,0.0,92.0,0.0,11.0,0.0,5.0
2024,Round 16,2024-06-29,Sydney,away,CD_M20240141608,30,Tom McCartin,CD_I1008198,0.0,0.0,0.0,0.0,1.0,0.0,0.0,3.0,0.0,0.0,0.0,2.0,27.3,3.0,5.0,81.8,11.0,9.0,6.0,0.0,0.0,0.0,0.0,0.0,0.0,1.0,3.0,0.0,0.0,0.0,0.0,0.0,2.0,3.0,75.0,2.7,0.0,0.0,8.0,5.0,0.0,0.0,245.0,12.0,9.0,9.1,2.0,0.0,3.0,0.0,0.0,12.0,0.0,2.0,0.0,96.0,0.0,11.0,2.0,8.0
2024,Round 16,2024-06-29,Sydney,away,CD_M20240141608,6,Logan McDonald,CD_I1013230,0.0,0.0,0.0,0.0,2.0,0.0,0.0,0.0,1.0,0.0,0.0,0.0,33.3,3.0,6.0,80.0,10.0,8.0,5.0,2.0,0.0,0.0,50.0,1.0,1.0,3.0,3.0,0.0,0.0,0.0,0.0,1.0,0.0,2.0,71.4,2.3,0.0,0.0,7.0,3.0,2.0,0.0,108.0,0.0,8.0,4.8,1.0,0.0,3.0,1.0,2.0,0.0,0.0,1.0,0.0,70.0,0.0,9.0,1.0,6.0
2024,Round 16,2024-06-29,Sydney,away,CD_M20240141608,27,Justin McInerney,CD_I1011936,1.0,0.0,1.0,1.0,1.0,0.0,0.0,0.0,0.0,0.0,0.0,0.0,25.0,5.0,2.0,65.0,20.0,13.0,8.0,1.0,0.0,0.0,33.3,0.0,1.0,5.0,6.0,0.0,0.0,0.0,0.0,3.0,2.0,3.0,57.1,2.3,0.0,0.0,14.0,7.0,1.0,1.0,292.0,0.0,8.0,10.8,1.0,0.0,9.0,3.0,3.0,0.0,1.0,2.0,1.0,90.0,2.0,20.0,2.0,15.0
2024,Round 16,2024-06-29,Sydney,away,CD_M20240141608,2,Hayden McLean,CD_I1003203,0.0,0.0,4.0,1.0,2.0,0.0,0.0,0.0,8.0,3.0,37.5,6.0,84.6,11.0,4.0,64.3,14.0,9.0,7.0,1.0,0.0,1.0,100.0,0.0,2.0,4.0,2.0,20.0,55.6,5.0,1.0,1.0,1.0,2.0,58.3,6.0,0.0,0.0,12.0,7.0,2.0,0.0,175.0,3.0,9.0,16.4,2.0,9.0,6.0,0.0,2.0,2.0,0.0,3.0,1.0,82.0,1.0,13.0,2.0,2.0
2024,Round 16,2024-06-29,Sydney,away,CD_M20240141608,43,Lewis Melican,CD_I996743,0.0,0.0,0.0,0.0,2.0,0.0,0.0,1.0,0.0,0.0,0.0,1.0,36.4,4.0,4.0,72.7,11.0,8.0,6.0,0.0,1.0,0.0,0.0,0.0,0.0,3.0,2.0,0.0,0.0,0.0,0.0,0.0,5.0,8.0,66.7,4.5,0.0,0.0,9.0,6.0,0.0,0.0,206.0,5.0,6.0,12.0,3.0,0.0,1.0,1.0,0.0,5.0,0.0,1.0,0.0,83.0,0.0,11.0,2.0,7.0
2024,Round 16,2024-06-29,Sydney,away,CD_M20240141608,11,Tom Papley,CD_I996765,2.0,1.0,7.0,3.0,2.0,0.0,0.0,0.0,0.0,0.0,0.0,0.0,58.8,10.0,2.0,73.3,15.0,11.0,7.0,2.0,1.0,0.0,50.0,1.0,2.0,7.0,4.0,0.0,0.0,0.0,0.0,6.0,0.0,1.0,63.6,2.8,0.0,0.0,11.0,1.0,1.0,1.0,437.0,3.0,11.0,24.0,0.0,0.0,9.0,3.0,4.0,0.0,1.0,1.0,1.0,86.0,4.0,17.0,3.0,7.0
2024,Round 16,2024-06-29,Sydney,away,CD_M20240141608,24,Dane Rampe,CD_I290307,0.0,0.0,0.0,0.0,2.0,0.0,0.0,2.0,0.0,0.0,0.0,1.0,16.7,2.0,4.0,91.7,12.0,11.0,6.0,0.0,1.0,0.0,0.0,0.0,0.0,1.0,5.0,0.0,0.0,0.0,0.0,0.0,2.0,3.0,85.7,1.4,0.0,0.0,7.0,6.0,0.0,0.0,200.0,7.0,4.0,10.0,3.0,0.0,3.0,1.0,0.0,7.0,0.0,0.0,0.0,92.0,0.0,12.0,1.0,10.0
2024,Round 16,2024-06-29,Sydney,away,CD_M20240141608,8,James Rowbottom,CD_I1006126,1.0,0.0,26.0,3.0,3.0,0.0,0.0,0.0,0.0,0.0,0.0,0.0,60.0,15.0,12.0,69.6,23.0,16.0,6.0,0.0,1.0,2.0,0.0,1.0,0.0,10.0,13.0,0.0,0.0,0.0,0.0,5.0,0.0,7.0,60.0,0.8,0.0,0.0,10.0,1.0,0.0,0.0,408.0,2.0,26.0,19.9,2.0,0.0,8.0,2.0,1.0,0.0,2.0,4.0,0.0,83.0,5.0,25.0,6.0,10.0
2024,Round 16,2024-06-29,Sydney,away,CD_M20240141608,1,Chad Warner,CD_I1012014,0.0,1.0,26.0,3.0,3.0,0.0,0.0,0.0,0.0,0.0,0.0,0.0,37.5,9.0,7.0,65.2,23.0,15.0,7.0,0.0,2.0,1.0,0.0,2.0,0.0,7.0,9.0,0.0,0.0,0.0,0.0,4.0,0.0,2.0,50.0,1.6,0.0,0.0,14.0,2.0,0.0,0.0,412.0,1.0,24.0,16.4,0.0,0.0,7.0,1.0,0.0,1.0,2.0,5.0,1.0,86.0,5.0,24.0,6.0,15.0
2024,Round 16,2024-06-29,Sydney,away,CD_M20240141608,15,Sam Wicks,CD_I1006232,1.0,0.0,0.0,0.0,2.0,0.0,0.0,0.0,0.0,0.0,0.0,0.0,40.0,4.0,1.0,60.0,10.0,6.0,2.0,1.0,0.0,0.0,66.7,0.0,2.0,4.0,6.0,0.0,0.0,0.0,0.0,0.0,0.0,2.0,50.0,0.7,0.0,0.0,4.0,1.0,1.0,0.0,59.0,1.0,12.0,5.4,1.0,0.0,3.0,1.0,3.0,1.0,0.0,1.0,1.0,68.0,0.0,10.0,2.0,6.0
2024,Round 17,2024-07-06,Richmond,home,CD_M20240141703,7,Liam Baker,CD_I1000223,1.0,0.0,4.0,0.0,1.0,0.0,0.0,0.0,1.0,0.0,0.0,0.0,75.0,9.0,3.0,75.0,12.0,9.0,3.0,2.0,0.0,1.0,0.0,1.0,0.0,7.0,7.0,0.0,0.0,0.0,0.0,2.0,0.0,2.0,60.0,0.7,0.0,0.0,5.0,2.0,0.0,0.0,112.0,1.0,12.0,11.8,0.0,0.0,5.0,2.0,1.0,0.0,5.0,4.0,1.0,82.0,5.0,12.0,3.0,3.0
2024,Round 17,2024-07-06,Richmond,home,CD_M20240141703,21,Noah Balta,CD_I1002245,0.0,0.0,0.0,0.0,1.0,0.0,0.0,0.0,1.0,0.0,0.0,1.0,50.0,5.0,2.0,100.0,10.0,10.0,8.0,0.0,0.0,3.0,0.0,4.0,0.0,0.0,2.0,0.0,0.0,0.0,0.0,4.0,0.0,0.0,100.0,4.0,0.0,0.0,8.0,5.0,2.0,1.0,259.0,2.0,8.0,9.5,0.0,5.0,4.0,0.0,0.0,2.0,2.0,1.0,1.0,86.0,2.0,10.0,2.0,5.0
2024,Round 17,2024-07-06,Richmond,home,CD_M20240141703,41,Sam Banks,CD_I1013197,0.0,0.0,0.0,0.0,1.0,0.0,0.0,0.0,0.0,0.0,0.0,0.0,28.6,2.0,3.0,100.0,6.0,6.0,3.0,0.0,1.0,0.0,0.0,0.0,0.0,2.0,3.0,0.0,0.0,0.0,0.0,0.0,0.0,2.0,100.0,1.0,0.0,0.0,3.0,1.0,0.0,0.0,83.0,0.0,3.0,3.3,0.0,0.0,3.0,1.0,0.0,0.0,0.0,1.0,0.0,25.0,0.0,7.0,1.0,5.0
2024,Round 17,2024-07-06,Richmond,home,CD_M20240141703,51,Jacob Blight,CD_I1013229,0.0,0.0,0.0,0.0,2.0,0.0,0.0,1.0,0.0,0.0,0.0,2.0,58.3,7.0,4.0,84.6,13.0,11.0,5.0,0.0,2.0,1.0,0.0,0.0,0.0,4.0,8.0,0.0,0.0,0.0,0.0,0.0,2.0,7.0,100.0,0.6,0.0,0.0,5.0,4.0,0.0,0.0,133.0,5.0,5.0,9.5,4.0,1.0,1.0,1.0,0.0,5.0,0.0,1.0,0.0,69.0,0.0,12.0,2.0,5.0
2024,Round 17,2024-07-06,Richmond,home,CD_M20240141703,29,Shai Bolton,CD_I993993,3.0,0.0,7.0,0.0,3.0,0.0,0.0,0.0,1.0,0.0,0.0,2.0,33.3,5.0,7.0,50.0,16.0,8.0,6.0,1.0,0.0,0.0,50.0,0.0,4.0,1.0,2.0,0.0,0.0,0.0,0.0,4.0,0.0,0.0,42.9,7.0,0.0,0.0,14.0,7.0,5.0,3.0,335.0,0.0,15.0,9.1,0.0,0.0,7.0,0.0,8.0,0.0,2.0,2.0,1.0,86.0,2.0,15.0,4.0,10.0
2024,Round 17,2024-07-06,Richmond,home,CD_M20240141703,35,Nathan Broad,CD_I295203,0.0,0.0,0.0,0.0,3.0,0.0,0.0,1.0,0.0,0.0,0.0,1.0,27.3,3.0,2.0,91.7,12.0,11.0,7.0,0.0,2.0,0.0,0.0,0.0,0.0,2.0,4.0,0.0,0.0,0.0,0.0,2.0,2.0,5.0,87.5,2.0,0.0,0.0,8.0,5.0,0.0,0.0,194.0,3.0,2.0,6.1,5.0,0.0,2.0,0.0,0.0,3.0,0.0,0.0,0.0,91.0,0.0,11.0,0.0,8.0
2024,Round 17,2024-07-06,Richmond,home,CD_M20240141703,30,Tom Brown,CD_I1017086,0.0,1.0,0.0,0.0,5.0,66.7,2.0,3.0,0.0,0.0,0.0,0.0,33.3,5.0,7.0,62.5,16.0,10.0,8.0,0.0,2.0,0.0,0.0,0.0,0.0,5.0,3.0,0.0,0.0,0.0,0.0,2.0,1.0,6.0,61.5,4.3,1.0,1.0,13.0,3.0,0.0,0.0,348.0,2.0,8.0,3.0,4.0,0.0,4.0,1.0,0.0,1.0,1.0,0.0,0.0,80.0,1.0,15.0,5.0,10.0
2024,Round 17,2024-07-06,Richmond,home,CD_M20240141703,44,Seth Campbell,CD_I1023275,0.0,0.0,0.0,0.0,1.0,0.0,0.0,0.0,0.0,0.0,0.0,0.0,20.0,1.0,6.0,25.0,4.0,1.0,0.0,1.0,0.0,0.0,0.0,0.0,0.0,1.0,1.0,0.0,0.0,0.0,0.0,1.0,1.0,1.0,0.0,3.0,0.0,0.0,3.0,2.0,0.0,0.0,18.0,1.0,17.0,1.0,0.0,0.0,1.0,0.0,0.0,0.0,0.0,2.0,2.0,84.0,0.0,5.0,1.0,4.0
2024,Round 17,2024-07-06,Richmond,home,CD_M20240141703,38,Noah Cumberland,CD_I1009308,0.0,0.0,0.0,0.0,4.0,0.0,0.0,0.0,1.0,0.0,0.0,0.0,40.0,2.0,2.0,60.0,5.0,3.0,1.0,0.0,3.0,0.0,0.0,0.0,0.0,2.0,2.0,0.0,0.0,0.0,0.0,2.0,0.0,0.0,33.3,1.5,0.0,0.0,3.0,1.0,0.0,0.0,124.0,3.0,12.0,2.5,0.0,0.0,1.0,0.0,0.0,2.0,0.0,3.0,2.0,76.0,0.0,5.0,3.0,3.0
2024,Round 17,2024-07-06,Richmond,home,CD_M20240141703,34,Jack Graham,CD_I990827,0.0,0.0,13.0,0.0,0.0,0.0,0.0,0.0,0.0,0.0,0.0,0.0,35.0,7.0,9.0,78.9,19.0,15.0,4.0,0.0,0.0,0.0,0.0,0.0,0.0,6.0,13.0,0.0,0.0,0.0,0.0,1.0,0.0,4.0,66.7,0.5,0.0,0.0,6.0,4.0,0.0,0.0,165.0,2.0,27.0,10.1,1.0,0.0,1.0,0.0,0.0,0.0,2.0,4.0,0.0,80.0,2.0,20.0,2.0,13.0
2024,Round 17,2024-07-06,Richmond,home,CD_M20240141703,22,Jacob Hopper,CD_I993903,0.0,1.0,21.0,3.0,5.0,0.0,0.0,0.0,0.0,0.0,0.0,0.0,40.7,11.0,10.0,65.4,26.0,17.0,7.0,1.0,2.0,2.0,0.0,0.0,0.0,8.0,13.0,0.0,0.0,0.0,0.0,5.0,0.0,2.0,53.8,1.0,0.0,0.0,13.0,5.0,0.0,0.0,393.0,0.0,17.0,8.5,1.0,0.0,5.0,1.0,0.0,0.0,2.0,4.0,0.0,80.0,5.0,27.0,3.0,16.0
2024,Round 17,2024-07-06,Richmond,home,CD_M20240141703,20,Jacob Koschitzke,CD_I1006030,1.0,0.0,4.0,1.0,2.0,0.0,0.0,0.0,3.0,0.0,0.0,1.0,27.3,3.0,1.0,81.8,11.0,9.0,2.0,0.0,0.0,0.0,0.0,0.0,0.0,2.0,7.0,25.0,47.1,8.0,2.0,1.0,1.0,1.0,50.0,0.6,0.0,0.0,4.0,6.0,2.0,1.0,100.0,3.0,6.0,1.6,0.0,17.0,3.0,0.0,2.0,3.0,1.0,0.0,0.0,83.0,2.0,11.0,1.0,8.0
2024,Round 17,2024-07-06,Richmond,home,CD_M20240141703,31,Rhyan Mansell,CD_I1008478,1.0,0.0,0.0,0.0,2.0,0.0,0.0,0.0,1.0,0.0,0.0,0.0,36.4,4.0,5.0,72.7,11.0,8.0,4.0,2.0,0.0,0.0,50.0,0.0,1.0,4.0,4.0,0.0,0.0,0.0,0.0,2.0,0.0,1.0,57.1,1.8,0.0,0.0,7.0,3.0,1.0,0.0,247.0,1.0,20.0,10.2,1.0,0.0,5.0,1.0,2.0,0.0,0.0,5.0,3.0,80.0,0.0,11.0,5.0,7.0
2024,Round 17,2024-07-06,Richmond,home,CD_M20240141703,28,Kane McAuliffe,CD_I1019916,0.0,0.0,15.0,1.0,3.0,0.0,0.0,0.0,0.0,0.0,0.0,0.0,35.7,5.0,5.0,92.3,13.0,12.0,5.0,0.0,1.0,0.0,0.0,1.0,0.0,4.0,8.0,0.0,0.0,0.0,0.0,2.0,1.0,3.0,100.0,0.6,0.0,0.0,5.0,4.0,0.0,0.0,149.0,0.0,14.0,5.7,0.0,0.0,3.0,2.0,0.0,0.0,1.0,3.0,1.0,66.0,2.0,14.0,0.0,9.0
2024,Round 17,2024-07-06,Richmond,home,CD_M20240141703,33,Kamdyn McIntosh,CD_I294592,0.0,0.0,0.0,0.0,3.0,0.0,0.0,0.0,0.0,0.0,0.0,0.0,10.0,1.0,10.0,40.0,10.0,4.0,1.0,0.0,1.0,1.0,0.0,0.0,0.0,1.0,4.0,0.0,0.0,0.0,0.0,2.0,0.0,0.0,16.7,1.5,0.0,0.0,6.0,0.0,0.0,0.0,246.0,4.0,12.0,2.4,1.0,0.0,2.0,0.0,1.0,2.0,1.0,2.0,0.0,73.0,1.0,10.0,2.0,9.0
2024,Round 17,2024-07-06,Richmond,home,CD_M20240141703,46,Ben Miller,CD_I1002403,0.0,0.0,0.0,0.0,2.0,0.0,0.0,0.0,0.0,0.0,0.0,0.0,16.7,2.0,8.0,82.4,17.0,14.0,9.0,0.0,0.0,1.0,0.0,0.0,0.0,1.0,5.0,0.0,0.0,0.0,0.0,0.0,0.0,4.0,75.0,2.4,4.0,4.0,12.0,4.0,0.0,0.0,376.0,7.0,11.0,9.5,6.0,0.0,1.0,0.0,0.0,6.0,0.0,3.0,0.0,97.0,0.0,12.0,3.0,10.0
2024,Round 17,2024-07-06,Richmond,home,CD_M20240141703,25,Toby Nankervis,CD_I298174,1.0,0.0,22.0,5.0,5.0,0.0,0.0,0.0,1.0,0.0,0.0,1.0,80.8,21.0,8.0,50.0,26.0,13.0,7.0,1.0,1.0,4.0,50.0,0.0,1.0,4.0,12.0,25.0,43.9,36.0,9.0,3.0,1.0,2.0,50.0,1.2,0.0,0.0,14.0,4.0,2.0,0.0,297.0,1.0,23.0,17.9,0.0,82.0,6.0,4.0,2.0,1.0,6.0,7.0,1.0,80.0,11.0,26.0,5.0,5.0
2024,Round 17,2024-07-06,Richmond,home,CD_M20240141703,13,Hugo Ralphsmith,CD_I1011985,1.0,0.0,0.0,1.0,4.0,0.0,0.0,0.0,1.0,0.0,0.0,0.0,46.7,7.0,9.0,64.3,14.0,9.0,7.0,0.0,0.0,1.0,0.0,0.0,0.0,5.0,4.0,0.0,0.0,0.0,0.0,3.0,0.0,4.0,70.0,2.5,0.0,0.0,10.0,1.0,0.0,0.0,379.0,0.0,13.0,3.5,4.0,0.0,6.0,2.0,2.0,0.0,2.0,0.0,0.0,89.0,3.0,15.0,6.0,8.0
2024,Round 17,2024-07-06,Richmond,home,CD_M20240141703,17,Daniel Rioli,CD_I1000981,0.0,1.0,0.0,0.0,4.0,0.0,0.0,0.0,0.0,0.0,0.0,0.0,33.3,8.0,17.0,80.8,26.0,21.0,6.0,0.0,0.0,0.0,0.0,0.0,0.0,8.0,19.0,0.0,0.0,0.0,0.0,0.0,0.0,8.0,85.7,0.4,1.0,1.0,7.0,1.0,0.0,0.0,167.0,1.0,23.0,11.3,1.0,0.0,4.0,2.0,0.0,1.0,0.0,1.0,0.0,83.0,0.0,24.0,2.0,16.0
2024,Round 17,2024-07-06,Richmond,home,CD_M20240141703,15,Jayden Short,CD_I992049,0.0,0.0,0.0,0.0,3.0,0.0,0.0,1.0,0.0,0.0,0.0,0.0,15.0,3.0,3.0,79.2,24.0,19.0,15.0,0.0,0.0,0.0,0.0,0.0,0.0,2.0,4.0,0.0,0.0,0.0,0.0,3.0,0.0,2.0,75.0,5.0,3.0,3.0,20.0,6.0,0.0,0.0,563.0,1.0,6.0,9.4,6.0,0.0,1.0,0.0,0.0,1.0,0.0,4.0,0.0,78.0,0.0,20.0,4.0,17.0
2024,Round 17,2024-07-06,Richmond,home,CD_M20240141703,40,Tyler Sonsie,CD_I1017114,1.0,0.0,0.0,0.0,5.0,0.0,0.0,0.0,0.0,0.0,0.0,0.0,38.9,7.0,6.0,50.0,18.0,9.0,2.0,2.0,0.0,0.0,0.0,0.0,0.0,5.0,8.0,0.0,0.0,0.0,0.0,4.0,0.0,3.0,20.0,1.3,0.0,0.0,10.0,1.0,0.0,0.0,217.0,1.0,19.0,2.7,0.0,0.0,2.0,0.0,2.0,0.0,2.0,3.0,2.0,80.0,2.0,18.0,5.0,11.0
2024,Round 17,2024-07-06,Richmond,home,CD_M20240141703,14,Tim Taranto,CD_I998172,0.0,0.0,18.0,0.0,1.0,0.0,0.0,0.0,0.0,0.0,0.0,0.0,38.5,10.0,17.0,73.1,26.0,19.0,8.0,1.0,0.0,0.0,100.0,0.0,1.0,9.0,13.0,0.0,0.0,0.0,0.0,3.0,0.0,2.0,61.5,1.0,0.0,0.0,13.0,3.0,0.0,0.0,314.0,0.0,27.0,14.0,6.0,0.0,5.0,0.0,1.0,0.0,4.0,7.0,1.0,74.0,4.0,26.0,2.0,16.0
2024,Round 17,2024-07-06,Richmond,home,CD_M20240141703,1,Nick Vlastuin,CD_I294674,0.0,0.0,0.0,0.0,4.0,0.0,0.0,1.0,0.0,0.0,0.0,1.0,35.0,7.0,6.0,78.9,19.0,15.0,8.0,0.0,1.0,1.0,0.0,0.0,0.0,5.0,8.0,0.0,0.0,0.0,0.0,1.0,2.0,8.0,72.7,1.4,0.0,0.0,11.0,6.0,0.0,0.0,412.0,3.0,6.0,13.1,5.0,0.0,1.0,1.0,0.0,3.0,1.0,0.0,0.0,77.0,1.0,20.0,6.0,13.0
2024,Round 18,2024-07-13,Hawthorn,away,CD_M20240141804,10,Karl Amon,CD_I297354,0.0,2.0,0.0,0.0,2.0,0.0,0.0,1.0,0.0,0.0,0.0,0.0,16.7,3.0,5.0,90.5,21.0,19.0,14.0,0.0,0.0,1.0,0.0,2.0,0.0,3.0,6.0,0.0,0.0,0.0,0.0,2.0,1.0,4.0,93.3,2.5,3.0,3.0,15.0,5.0,0.0,0.0,628.0,1.0,6.0,11.6,8.0,0.0,6.0,1.0,0.0,1.0,0.0,1.0,0.0,76.0,0.0,18.0,5.0,15.0
2024,Round 18,2024-07-13,Hawthorn,away,CD_M20240141804,22,Luke Breust,CD_I280744,1.0,0.0,0.0,0.0,2.0,0.0,0.0,0.0,0.0,0.0,0.0,1.0,45.5,5.0,2.0,72.7,11.0,8.0,4.0,0.0,0.0,2.0,66.7,0.0,2.0,2.0,4.0,0.0,0.0,0.0,0.0,0.0,0.0,0.0,57.1,1.8,0.0,0.0,7.0,5.0,3.0,2.0,84.0,0.0,5.0,8.0,0.0,0.0,6.0,0.0,3.0,0.0,0.0,1.0,0.0,70.0,0.0,11.0,1.0,6.0
2024,Round 18,2024-07-13,Hawthorn,away,CD_M20240141804,18,Mabior Chol,CD_I994077,1.0,0.0,1.0,1.0,4.0,0.0,0.0,0.0,6.0,2.0,33.3,1.0,50.0,4.0,3.0,62.5,8.0,5.0,2.0,1.0,3.0,1.0,33.3,1.0,1.0,1.0,4.0,0.0,0.0,0.0,0.0,1.0,0.0,1.0,50.0,1.0,0.0,0.0,4.0,3.0,3.0,1.0,195.0,0.0,17.0,5.1,0.0,1.0,4.0,0.0,3.0,0.0,0.0,4.0,2.0,86.0,1.0,8.0,0.0,4.0
2024,Round 18,2024-07-13,Hawthorn,away,CD_M20240141804,16,Massimo D'Ambrosio,CD_I1005144,0.0,0.0,0.0,0.0,2.0,0.0,0.0,0.0,0.0,0.0,0.0,0.0,14.3,1.0,5.0,87.5,8.0,7.0,4.0,0.0,2.0,0.0,0.0,0.0,0.0,1.0,3.0,0.0,0.0,0.0,0.0,0.0,0.0,0.0,80.0,1.7,2.0,1.0,5.0,3.0,0.0,0.0,100.0,2.0,6.0,4.0,3.0,0.0,2.0,0.0,0.0,2.0,0.0,0.0,0.0,34.0,0.0,7.0,0.0,6.0
2024,Round 18,2024-07-13,Hawthorn,away,CD_M20240141804,12,Will Day,CD_I1008550,0.0,0.0,21.0,2.0,2.0,0.0,0.0,0.0,0.0,0.0,0.0,0.0,32.0,8.0,12.0,75.0,24.0,18.0,5.0,0.0,0.0,0.0,0.0,0.0,0.0,7.0,14.0,0.0,0.0,0.0,0.0,3.0,1.0,3.0,50.0,0.7,1.0,0.0,10.0,3.0,1.0,0.0,328.0,3.0,21.0,11.4,2.0,0.0,8.0,4.0,0.0,0.0,4.0,4.0,0.0,79.0,6.0,25.0,4.0,17.0
2024,Round 18,2024-07-13,Hawthorn,away,CD_M20240141804,35,Calsher Dear,CD_I1032100,0.0,0.0,0.0,0.0,3.0,0.0,0.0,0.0,1.0,1.0,100.0,2.0,75.0,6.0,0.0,71.4,7.0,5.0,3.0,2.0,0.0,2.0,100.0,0.0,2.0,2.0,3.0,0.0,0.0,0.0,0.0,1.0,0.0,1.0,75.0,1.3,0.0,0.0,4.0,3.0,1.0,0.0,136.0,2.0,5.0,10.8,0.0,0.0,2.0,1.0,2.0,2.0,0.0,2.0,0.0,69.0,0.0,8.0,3.0,2.0
2024,Round 18,2024-07-13,Hawthorn,away,CD_M20240141804,8,Sam Frost,CD_I293738,0.0,0.0,0.0,0.0,1.0,0.0,0.0,3.0,0.0,0.0,0.0,0.0,40.0,2.0,5.0,83.3,6.0,5.0,2.0,0.0,1.0,0.0,0.0,0.0,0.0,2.0,3.0,0.0,0.0,0.0,0.0,0.0,2.0,5.0,66.7,1.0,0.0,0.0,3.0,3.0,0.0,0.0,48.0,5.0,6.0,7.6,0.0,0.0,1.0,0.0,0.0,5.0,0.0,1.0,0.0,100.0,0.0,5.0,0.0,3.0
2024,Round 18,2024-07-13,Hawthorn,away,CD_M20240141804,15,Blake Hardwick,CD_I993794,1.0,0.0,0.0,1.0,1.0,0.0,0.0,1.0,0.0,0.0,0.0,0.0,25.0,3.0,6.0,78.6,14.0,11.0,9.0,0.0,0.0,0.0,0.0,0.0,0.0,3.0,3.0,0.0,0.0,0.0,0.0,1.0,0.0,0.0,81.8,3.7,3.0,2.0,11.0,4.0,1.0,2.0,295.0,1.0,11.0,4.4,3.0,0.0,4.0,1.0,1.0,0.0,0.0,2.0,1.0,97.0,1.0,12.0,2.0,9.0
2024,Round 18,2024-07-13,Hawthorn,away,CD_M20240141804,4,Jarman Impey,CD_I296254,0.0,1.0,0.0,0.0,1.0,0.0,0.0,1.0,1.0,1.0,100.0,0.0,22.2,4.0,4.0,88.2,17.0,15.0,11.0,0.0,0.0,1.0,0.0,0.0,0.0,2.0,5.0,0.0,0.0,0.0,0.0,1.0,0.0,2.0,91.7,2.4,0.0,0.0,12.0,5.0,0.0,0.0,345.0,3.0,8.0,10.7,3.0,0.0,6.0,0.0,0.0,2.0,0.0,1.0,0.0,82.0,0.0,18.0,3.0,14.0
2024,Round 18,2024-07-13,Hawthorn,away,CD_M20240141804,9,Changkuoth Jiath,CD_I998390,0.0,0.0,0.0,0.0,1.0,0.0,0.0,0.0,0.0,0.0,0.0,0.0,25.0,3.0,7.0,83.3,12.0,10.0,5.0,0.0,1.0,1.0,0.0,0.0,0.0,2.0,7.0,0.0,0.0,0.0,0.0,0.0,0.0,2.0,100.0,0.7,0.0,0.0,5.0,3.0,0.0,0.0,220.0,3.0,11.0,6.9,1.0,0.0,2.0,0.0,0.0,2.0,0.0,4.0,0.0,77.0,0.0,12.0,0.0,9.0
2024,Round 18,2024-07-13,Hawthorn,away,CD_M20240141804,31,Connor Macdonald,CD_I1017094,0.0,0.0,0.0,0.0,5.0,0.0,0.0,0.0,0.0,0.0,0.0,0.0,37.5,6.0,2.0,50.0,16.0,8.0,3.0,4.0,1.0,0.0,100.0,0.0,1.0,6.0,7.0,0.0,0.0,0.0,0.0,4.0,0.0,1.0,33.3,1.3,0.0,0.0,9.0,4.0,0.0,0.0,308.0,0.0,7.0,6.4,1.0,0.0,4.0,0.0,1.0,0.0,1.0,2.0,1.0,76.0,1.0,16.0,7.0,10.0
2024,Round 18,2024-07-13,Hawthorn,away,CD_M20240141804,28,Cam Mackenzie,CD_I1023482,0.0,0.0,0.0,0.0,1.0,0.0,0.0,0.0,0.0,0.0,0.0,0.0,20.0,2.0,0.0,66.7,9.0,6.0,1.0,0.0,0.0,0.0,0.0,0.0,0.0,1.0,5.0,0.0,0.0,0.0,0.0,1.0,0.0,1.0,25.0,0.8,0.0,0.0,4.0,2.0,0.0,0.0,172.0,0.0,6.0,2.7,2.0,0.0,0.0,0.0,0.0,0.0,0.0,1.0,1.0,59.0,0.0,10.0,2.0,8.0
2024,Round 18,2024-07-13,Hawthorn,away,CD_M20240141804,17,Lloyd Meek,CD_I1000980,1.0,0.0,24.0,0.0,7.0,0.0,0.0,0.0,1.0,0.0,0.0,3.0,73.3,11.0,7.0,53.3,15.0,8.0,1.0,0.0,3.0,1.0,0.0,1.0,0.0,5.0,9.0,21.6,52.0,51.0,11.0,1.0,2.0,5.0,16.7,0.7,0.0,0.0,6.0,3.0,0.0,0.0,176.0,4.0,19.0,9.7,2.0,98.0,6.0,6.0,1.0,4.0,3.0,4.0,1.0,90.0,3.0,15.0,2.0,4.0
2024,Round 18,2024-07-13,Hawthorn,away,CD_M20240141804,13,Dylan Moore,CD_I1006314,0.0,0.0,3.0,0.0,2.0,0.0,0.0,0.0,0.0,0.0,0.0,0.0,47.1,8.0,2.0,66.7,18.0,12.0,5.0,0.0,0.0,1.0,100.0,1.0,1.0,6.0,9.0,0.0,0.0,0.0,0.0,5.0,0.0,2.0,55.6,1.0,0.0,0.0,9.0,3.0,0.0,0.0,334.0,0.0,9.0,11.7,0.0,0.0,6.0,1.0,1.0,0.0,4.0,3.0,1.0,90.0,4.0,17.0,2.0,9.0
2024,Round 18,2024-07-13,Hawthorn,away,CD_M20240141804,1,Harry Morrison,CD_I1000963,1.0,0.0,0.0,0.0,2.0,0.0,0.0,0.0,0.0,0.0,0.0,0.0,20.0,1.0,6.0,42.9,7.0,3.0,3.0,0.0,1.0,0.0,0.0,0.0,0.0,1.0,0.0,0.0,0.0,0.0,0.0,3.0,1.0,2.0,42.9,7.0,0.0,0.0,7.0,3.0,1.0,0.0,198.0,0.0,6.0,0.9,1.0,0.0,1.0,0.0,1.0,0.0,1.0,1.0,0.0,44.0,1.0,5.0,3.0,4.0
2024,Round 18,2024-07-13,Hawthorn,away,CD_M20240141804,11,Conor Nash,CD_I1007124,0.0,0.0,18.0,5.0,1.0,0.0,0.0,0.0,0.0,0.0,0.0,0.0,59.1,13.0,8.0,90.5,21.0,19.0,6.0,1.0,1.0,2.0,0.0,1.0,0.0,7.0,15.0,0.0,0.0,0.0,0.0,2.0,0.0,1.0,100.0,0.4,0.0,0.0,6.0,3.0,0.0,0.0,162.0,2.0,21.0,11.4,0.0,1.0,7.0,2.0,0.0,0.0,5.0,2.0,0.0,88.0,10.0,22.0,2.0,9.0
2024,Round 18,2024-07-13,Hawthorn,away,CD_M20240141804,3,Jai Newcombe,CD_I1020895,1.0,0.0,15.0,1.0,2.0,0.0,0.0,0.0,0.0,0.0,0.0,0.0,50.0,9.0,9.0,81.3,16.0,13.0,5.0,2.0,2.0,0.0,50.0,1.0,1.0,6.0,9.0,0.0,0.0,0.0,0.0,4.0,0.0,1.0,71.4,0.8,0.0,0.0,7.0,1.0,0.0,0.0,214.0,1.0,21.0,14.1,0.0,0.0,7.0,2.0,2.0,0.0,3.0,8.0,0.0,83.0,4.0,18.0,1.0,9.0
2024,Round 18,2024-07-13,Hawthorn,away,CD_M20240141804,14,Jack Scrimshaw,CD_I998114,0.0,3.0,0.0,0.0,1.0,50.0,2.0,4.0,0.0,0.0,0.0,1.0,35.7,5.0,5.0,85.7,14.0,12.0,11.0,0.0,0.0,0.0,0.0,0.0,0.0,2.0,1.0,0.0,0.0,0.0,0.0,0.0,2.0,5.0,84.6,13.0,3.0,3.0,13.0,6.0,0.0,0.0,324.0,2.0,5.0,13.2,2.0,0.0,3.0,1.0,0.0,0.0,0.0,1.0,0.0,83.0,0.0,14.0,1.0,9.0
2024,Round 18,2024-07-13,Hawthorn,away,CD_M20240141804,6,James Sicily,CD_I297566,0.0,1.0,0.0,0.0,1.0,100.0,1.0,1.0,2.0,1.0,50.0,2.0,36.4,4.0,6.0,84.6,13.0,11.0,9.0,0.0,0.0,1.0,100.0,0.0,3.0,1.0,2.0,0.0,0.0,0.0,0.0,0.0,0.0,1.0,81.8,5.5,2.0,2.0,11.0,5.0,2.0,0.0,218.0,1.0,7.0,15.1,3.0,0.0,4.0,1.0,3.0,0.0,0.0,2.0,0.0,98.0,0.0,11.0,2.0,7.0
2024,Round 18,2024-07-13,Hawthorn,away,CD_M20240141804,25,Josh Ward,CD_I1017110,0.0,0.0,7.0,0.0,1.0,0.0,0.0,0.0,0.0,0.0,0.0,0.0,10.0,1.0,5.0,80.0,10.0,8.0,6.0,0.0,1.0,0.0,0.0,0.0,0.0,1.0,3.0,0.0,0.0,0.0,0.0,3.0,0.0,0.0,85.7,2.3,0.0,0.0,7.0,3.0,0.0,0.0,252.0,2.0,15.0,6.3,0.0,0.0,3.0,1.0,0.0,1.0,1.0,1.0,0.0,75.0,1.0,10.0,2.0,9.0
2024,Round 18,2024-07-13,Hawthorn,away,CD_M20240141804,34,Nick Watson,CD_I1023473,1.0,1.0,0.0,0.0,0.0,0.0,0.0,0.0,2.0,1.0,50.0,0.0,66.7,8.0,3.0,75.0,12.0,9.0,5.0,4.0,0.0,4.0,25.0,0.0,1.0,5.0,4.0,0.0,0.0,0.0,0.0,1.0,0.0,0.0,62.5,2.0,0.0,0.0,8.0,3.0,1.0,0.0,228.0,1.0,11.0,11.6,1.0,0.0,3.0,0.0,4.0,1.0,1.0,2.0,1.0,80.0,1.0,12.0,1.0,4.0
2024,Round 18,2024-07-13,Hawthorn,away,CD_M20240141804,23,Josh Weddle,CD_I1027935,0.0,0.0,1.0,0.0,1.0,0.0,0.0,1.0,0.0,0.0,0.0,0.0,33.3,4.0,7.0,100.0,10.0,10.0,4.0,1.0,0.0,1.0,100.0,0.0,1.0,2.0,6.0,100.0,100.0,1.0,1.0,1.0,2.0,5.0,100.0,0.7,0.0,0.0,4.0,5.0,0.0,0.0,128.0,7.0,12.0,14.1,1.0,1.0,4.0,1.0,1.0,5.0,0.0,1.0,0.0,99.0,0.0,12.0,0.0,8.0
2024,Round 18,2024-07-13,Hawthorn,away,CD_M20240141804,5,James Worpel,CD_I1002222,1.0,0.0,14.0,0.0,3.0,0.0,0.0,0.0,0.0,0.0,0.0,0.0,28.0,7.0,7.0,62.5,24.0,15.0,6.0,0.0,1.0,0.0,0.0,2.0,0.0,6.0,10.0,0.0,0.0,0.0,0.0,8.0,0.0,2.0,42.9,1.4,0.0,0.0,14.0,2.0,1.0,0.0,452.0,0.0,14.0,2.9,1.0,0.0,6.0,0.0,1.0,0.0,3.0,3.0,0.0,67.0,3.0,25.0,5.0,18.0
2024,Round 19,2024-07-21,Melbourne,home,CD_M20240141904,14,Jack Billings,CD_I296351,0.0,0.0,0.0,0.0,0.0,0.0,0.0,0.0,0.0,0.0,0.0,0.0,11.8,2.0,1.0,61.1,18.0,11.0,5.0,0.0,0.0,0.0,50.0,0.0,1.0,2.0,6.0,0.0,0.0,0.0,0.0,5.0,1.0,3.0,41.7,2.0,0.0,0.0,12.0,7.0,3.0,0.0,342.0,0.0,8.0,8.3,1.0,0.0,3.0,0.0,2.0,0.0,1.0,0.0,0.0,41.0,1.0,17.0,1.0,15.0
2024,Round 19,2024-07-21,Melbourne,home,CD_M20240141904,17,Jake Bowey,CD_I1012825,0.0,0.0,0.0,0.0,1.0,0.0,0.0,1.0,0.0,0.0,0.0,0.0,23.1,3.0,7.0,80.0,15.0,12.0,8.0,0.0,1.0,1.0,0.0,0.0,0.0,3.0,4.0,0.0,0.0,0.0,0.0,0.0,3.0,7.0,72.7,2.8,2.0,2.0,11.0,7.0,0.0,0.0,242.0,0.0,10.0,5.3,4.0,0.0,3.0,1.0,0.0,0.0,0.0,3.0,0.0,75.0,0.0,13.0,2.0,10.0
2024,Round 19,2024-07-21,Melbourne,home,CD_M20240141904,37,Kade Chandler,CD_I1005330,1.0,0.0,0.0,0.0,0.0,0.0,0.0,0.0,0.0,0.0,0.0,0.0,20.0,2.0,7.0,70.0,10.0,7.0,5.0,1.0,0.0,0.0,66.7,1.0,2.0,2.0,3.0,0.0,0.0,0.0,0.0,2.0,0.0,0.0,71.4,2.3,0.0,0.0,7.0,4.0,1.0,1.0,298.0,0.0,27.0,9.0,1.0,0.0,5.0,1.0,3.0,0.0,0.0,4.0,3.0,81.0,0.0,10.0,1.0,8.0
2024,Round 19,2024-07-21,Melbourne,home,CD_M20240141904,31,Bayley Fritsch,CD_I1001438,1.0,0.0,0.0,0.0,2.0,0.0,0.0,0.0,1.0,0.0,0.0,1.0,30.0,3.0,1.0,70.0,10.0,7.0,4.0,0.0,1.0,0.0,0.0,2.0,0.0,2.0,3.0,0.0,0.0,0.0,0.0,4.0,0.0,0.0,57.1,2.3,0.0,0.0,7.0,2.0,1.0,0.0,247.0,0.0,8.0,6.7,0.0,0.0,4.0,0.0,1.0,0.0,0.0,1.0,1.0,86.0,0.0,10.0,1.0,7.0
2024,Round 19,2024-07-21,Melbourne,home,CD_M20240141904,15,Ed Langdon,CD_I298264,0.0,0.0,0.0,0.0,1.0,0.0,0.0,0.0,0.0,0.0,0.0,0.0,31.3,5.0,6.0,82.4,17.0,14.0,8.0,0.0,0.0,1.0,100.0,0.0,1.0,4.0,7.0,0.0,0.0,0.0,0.0,1.0,0.0,4.0,80.0,1.4,0.0,0.0,10.0,3.0,0.0,0.0,233.0,1.0,15.0,9.1,1.0,0.0,5.0,0.0,1.0,1.0,0.0,2.0,1.0,98.0,0.0,16.0,3.0,11.0
2024,Round 19,2024-07-21,Melbourne,home,CD_M20240141904,8,Jake Lever,CD_I298281,0.0,0.0,0.0,0.0,6.0,25.0,1.0,4.0,0.0,0.0,0.0,0.0,18.8,3.0,6.0,66.7,15.0,10.0,9.0,0.0,3.0,0.0,0.0,0.0,0.0,2.0,3.0,0.0,0.0,0.0,0.0,1.0,0.0,4.0,75.0,4.0,0.0,0.0,12.0,7.0,0.0,0.0,386.0,10.0,7.0,6.3,4.0,0.0,2.0,0.0,0.0,8.0,0.0,1.0,0.0,96.0,0.0,16.0,4.0,13.0
2024,Round 19,2024-07-21,Melbourne,home,CD_M20240141904,1,Steven May,CD_I281085,0.0,0.0,0.0,0.0,6.0,66.7,2.0,3.0,0.0,0.0,0.0,1.0,27.3,6.0,4.0,80.8,26.0,21.0,19.0,0.0,1.0,1.0,0.0,0.0,0.0,3.0,3.0,0.0,0.0,0.0,0.0,0.0,2.0,7.0,82.6,7.7,9.0,5.0,23.0,9.0,0.0,0.0,571.0,5.0,5.0,11.7,10.0,0.0,3.0,2.0,0.0,4.0,0.0,1.0,0.0,95.0,0.0,22.0,4.0,16.0
2024,Round 19,2024-07-21,Melbourne,home,CD_M20240141904,25,Tom McDonald,CD_I291533,0.0,0.0,0.0,0.0,1.0,25.0,1.0,4.0,0.0,0.0,0.0,0.0,27.8,5.0,4.0,83.3,18.0,15.0,8.0,0.0,0.0,0.0,0.0,0.0,0.0,5.0,7.0,0.0,0.0,0.0,0.0,1.0,1.0,7.0,72.7,1.6,0.0,0.0,11.0,8.0,0.0,0.0,255.0,7.0,8.0,12.1,3.0,0.0,4.0,2.0,0.0,7.0,0.0,0.0,0.0,96.0,0.0,18.0,3.0,13.0
2024,Round 19,2024-07-21,Melbourne,home,CD_M20240141904,4,Judd McVee,CD_I1017703,0.0,1.0,0.0,0.0,1.0,0.0,0.0,0.0,0.0,0.0,0.0,0.0,31.6,6.0,9.0,85.7,21.0,18.0,11.0,0.0,0.0,0.0,0.0,0.0,0.0,6.0,7.0,0.0,0.0,0.0,0.0,0.0,2.0,8.0,78.6,2.0,2.0,2.0,14.0,5.0,0.0,0.0,293.0,0.0,10.0,11.5,5.0,0.0,3.0,1.0,0.0,0.0,1.0,0.0,0.0,78.0,1.0,19.0,3.0,13.0
2024,Round 19,2024-07-21,Melbourne,home,CD_M20240141904,18,Jake Melksham,CD_I280824,0.0,0.0,0.0,0.0,0.0,0.0,0.0,0.0,1.0,0.0,0.0,1.0,55.6,5.0,0.0,80.0,10.0,8.0,5.0,3.0,0.0,0.0,100.0,2.0,1.0,4.0,4.0,0.0,0.0,0.0,0.0,2.0,0.0,1.0,83.3,1.5,0.0,0.0,6.0,4.0,1.0,2.0,170.0,0.0,6.0,13.6,0.0,0.0,6.0,1.0,1.0,0.0,0.0,0.0,0.0,84.0,0.0,9.0,2.0,4.0
2024,Round 19,2024-07-21,Melbourne,home,CD_M20240141904,45,Andy Moniz-Wakefield,CD_I1013165,0.0,0.0,0.0,0.0,1.0,0.0,0.0,0.0,0.0,0.0,0.0,0.0,40.0,4.0,8.0,90.9,11.0,10.0,5.0,0.0,0.0,0.0,0.0,0.0,0.0,4.0,5.0,0.0,0.0,0.0,0.0,0.0,0.0,3.0,83.3,1.2,1.0,1.0,6.0,2.0,0.0,0.0,192.0,2.0,11.0,9.2,2.0,0.0,1.0,1.0,0.0,2.0,0.0,1.0,0.0,75.0,0.0,10.0,2.0,6.0
2024,Round 19,2024-07-21,Melbourne,home,CD_M20240141904,30,Alex Neal-Bullen,CD_I296420,0.0,0.0,14.0,3.0,6.0,0.0,0.0,0.0,0.0,0.0,0.0,0.0,31.3,5.0,17.0,68.8,16.0,11.0,4.0,0.0,2.0,1.0,0.0,0.0,0.0,4.0,7.0,0.0,0.0,0.0,0.0,2.0,1.0,2.0,44.4,1.3,0.0,0.0,9.0,5.0,0.0,1.0,145.0,1.0,31.0,4.0,0.0,0.0,2.0,0.0,1.0,0.0,0.0,4.0,1.0,77.0,3.0,16.0,4.0,11.0
2024,Round 19,2024-07-21,Melbourne,home,CD_M20240141904,13,Clayton Oliver,CD_I996701,0.0,0.0,21.0,3.0,4.0,0.0,0.0,0.0,0.0,0.0,0.0,0.0,64.7,11.0,5.0,77.8,18.0,14.0,6.0,0.0,3.0,1.0,0.0,0.0,0.0,10.0,9.0,0.0,0.0,0.0,0.0,4.0,0.0,3.0,66.7,1.0,0.0,0.0,9.0,2.0,0.0,0.0,212.0,1.0,21.0,8.5,0.0,0.0,1.0,0.0,0.0,1.0,0.0,5.0,2.0,81.0,3.0,17.0,3.0,6.0
2024,Round 19,2024-07-21,Melbourne,home,CD_M20240141904,35,Harrison Petty,CD_I1008893,0.0,0.0,14.0,0.0,0.0,0.0,0.0,1.0,3.0,0.0,0.0,3.0,50.0,8.0,7.0,100.0,15.0,15.0,6.0,0.0,0.0,1.0,100.0,0.0,1.0,5.0,9.0,0.0,21.4,6.0,0.0,1.0,2.0,4.0,100.0,0.7,0.0,0.0,6.0,6.0,1.0,0.0,97.0,3.0,19.0,17.6,1.0,28.0,4.0,1.0,1.0,1.0,2.0,5.0,1.0,84.0,2.0,16.0,2.0,8.0
2024,Round 19,2024-07-21,Melbourne,home,CD_M20240141904,36,Kysaiah Pickett,CD_I1008541,0.0,1.0,10.0,0.0,3.0,0.0,0.0,0.0,0.0,0.0,0.0,0.0,57.1,4.0,6.0,66.7,6.0,4.0,2.0,1.0,3.0,1.0,0.0,1.0,0.0,3.0,2.0,0.0,0.0,0.0,0.0,4.0,0.0,2.0,50.0,2.0,0.0,0.0,4.0,1.0,0.0,1.0,162.0,1.0,30.0,7.2,1.0,0.0,1.0,1.0,0.0,0.0,0.0,5.0,2.0,87.0,0.0,7.0,3.0,3.0
2024,Round 19,2024-07-21,Melbourne,home,CD_M20240141904,24,Trent Rivers,CD_I1009378,0.0,1.0,8.0,0.0,3.0,0.0,0.0,0.0,0.0,0.0,0.0,0.0,47.4,9.0,7.0,73.7,19.0,14.0,9.0,0.0,1.0,1.0,0.0,2.0,0.0,8.0,10.0,0.0,0.0,0.0,0.0,5.0,2.0,9.0,100.0,0.9,0.0,0.0,9.0,4.0,0.0,0.0,305.0,1.0,18.0,13.8,3.0,0.0,3.0,2.0,0.0,1.0,0.0,4.0,0.0,76.0,0.0,19.0,5.0,10.0
2024,Round 19,2024-07-21,Melbourne,home,CD_M20240141904,3,Christian Salem,CD_I296359,0.0,0.0,4.0,1.0,2.0,0.0,0.0,1.0,0.0,0.0,0.0,0.0,30.0,3.0,9.0,70.0,10.0,7.0,6.0,0.0,0.0,1.0,0.0,0.0,0.0,2.0,2.0,0.0,0.0,0.0,0.0,4.0,0.0,1.0,75.0,4.0,0.0,0.0,8.0,3.0,0.0,0.0,234.0,1.0,13.0,6.0,0.0,0.0,1.0,0.0,0.0,1.0,1.0,4.0,0.0,54.0,2.0,10.0,2.0,7.0
2024,Round 19,2024-07-21,Melbourne,home,CD_M20240141904,32,Tom Sparrow,CD_I999391,1.0,0.0,10.0,0.0,1.0,0.0,0.0,0.0,0.0,0.0,0.0,0.0,33.3,5.0,12.0,66.7,15.0,10.0,4.0,2.0,0.0,0.0,0.0,0.0,0.0,5.0,7.0,0.0,0.0,0.0,0.0,2.0,0.0,3.0,50.0,1.1,0.0,0.0,8.0,4.0,0.0,0.0,257.0,0.0,27.0,6.3,2.0,0.0,3.0,0.0,1.0,0.0,1.0,3.0,1.0,78.0,1.0,15.0,4.0,10.0
2024,Round 19,2024-07-21,Melbourne,home,CD_M20240141904,39,Koltyn Tholstrup,CD_I1023640,0.0,0.0,0.0,0.0,3.0,0.0,0.0,0.0,1.0,0.0,0.0,0.0,12.5,1.0,3.0,66.7,6.0,4.0,3.0,0.0,2.0,0.0,0.0,0.0,0.0,1.0,2.0,0.0,0.0,0.0,0.0,0.0,0.0,0.0,75.0,2.0,0.0,0.0,4.0,2.0,0.0,0.0,119.0,0.0,9.0,-2.0,2.0,0.0,0.0,0.0,0.0,0.0,0.0,0.0,0.0,43.0,0.0,8.0,2.0,7.0
2024,Round 19,2024-07-21,Melbourne,home,CD_M20240141904,42,Daniel Turner,CD_I1020959,0.0,0.0,0.0,0.0,2.0,0.0,0.0,0.0,0.0,0.0,0.0,1.0,14.3,1.0,1.0,28.6,7.0,2.0,2.0,0.0,0.0,0.0,100.0,0.0,1.0,0.0,1.0,0.0,0.0,0.0,0.0,1.0,0.0,0.0,33.3,6.0,0.0,0.0,6.0,5.0,1.0,0.0,194.0,1.0,4.0,1.0,0.0,15.0,2.0,0.0,1.0,1.0,0.0,2.0,1.0,74.0,0.0,7.0,3.0,6.0
2024,Round 19,2024-07-21,Melbourne,home,CD_M20240141904,2,Jacob van Rooyen,CD_I1017720,2.0,0.0,15.0,0.0,2.0,0.0,0.0,0.0,1.0,0.0,0.0,1.0,18.8,3.0,4.0,64.7,17.0,11.0,8.0,0.0,1.0,3.0,50.0,0.0,2.0,0.0,5.0,0.0,10.0,3.0,0.0,2.0,0.0,1.0,66.7,2.4,0.0,0.0,12.0,8.0,4.0,3.0,333.0,0.0,10.0,0.6,2.0,30.0,6.0,1.0,4.0,0.0,1.0,1.0,0.0,75.0,1.0,16.0,5.0,13.0
2024,Round 19,2024-07-21,Melbourne,home,CD_M20240141904,7,Jack Viney,CD_I291902,0.0,0.0,20.0,1.0,3.0,0.0,0.0,0.0,0.0,0.0,0.0,0.0,40.9,9.0,6.0,60.9,23.0,14.0,2.0,1.0,2.0,2.0,0.0,0.0,0.0,7.0,13.0,0.0,0.0,0.0,0.0,4.0,0.0,4.0,20.0,0.8,0.0,0.0,10.0,2.0,1.0,0.0,265.0,1.0,20.0,4.7,0.0,0.0,3.0,2.0,1.0,0.0,1.0,2.0,0.0,83.0,2.0,22.0,3.0,13.0
2024,Round 19,2024-07-21,Melbourne,home,CD_M20240141904,6,Caleb Windsor,CD_I1027821,0.0,2.0,0.0,0.0,4.0,0.0,0.0,0.0,0.0,0.0,0.0,0.0,13.3,2.0,8.0,66.7,15.0,10.0,5.0,0.0,1.0,0.0,100.0,0.0,1.0,2.0,8.0,0.0,0.0,0.0,0.0,2.0,1.0,1.0,71.4,0.9,0.0,0.0,7.0,5.0,0.0,0.0,249.0,1.0,16.0,8.4,1.0,0.0,5.0,0.0,1.0,0.0,0.0,2.0,1.0,84.0,0.0,15.0,2.0,13.0
2024,Round 20,2024-07-27,West Coast,home,CD_M20240142004,12,Oscar Allen,CD_I1004385,0.0,0.0,0.0,0.0,3.0,0.0,0.0,0.0,0.0,0.0,0.0,0.0,42.9,3.0,4.0,28.6,7.0,2.0,1.0,3.0,1.0,0.0,100.0,0.0,1.0,3.0,4.0,0.0,0.0,0.0,0.0,2.0,0.0,0.0,33.3,0.8,0.0,0.0,3.0,2.0,1.0,1.0,94.0,0.0,10.0,3.1,1.0,0.0,2.0,0.0,1.0,0.0,0.0,3.0,2.0,89.0,0.0,7.0,4.0,4.0
2024,Round 20,2024-07-27,West Coast,home,CD_M20240142004,37,Tom Barrass,CD_I990290,0.0,0.0,0.0,0.0,0.0,0.0,0.0,2.0,0.0,0.0,0.0,2.0,33.3,5.0,4.0,87.5,16.0,14.0,11.0,0.0,0.0,2.0,0.0,0.0,0.0,2.0,3.0,0.0,0.0,0.0,0.0,1.0,4.0,9.0,84.6,4.3,0.0,0.0,13.0,9.0,0.0,0.0,233.0,6.0,6.0,14.0,2.0,0.0,1.0,1.0,0.0,6.0,0.0,3.0,0.0,89.0,0.0,15.0,1.0,10.0
2024,Round 20,2024-07-27,West Coast,home,CD_M20240142004,28,Tom Cole,CD_I993820,0.0,0.0,1.0,0.0,4.0,0.0,0.0,0.0,0.0,0.0,0.0,1.0,33.3,8.0,12.0,61.5,26.0,16.0,13.0,1.0,1.0,1.0,0.0,0.0,0.0,5.0,6.0,0.0,0.0,0.0,0.0,0.0,2.0,4.0,65.0,3.3,3.0,2.0,20.0,9.0,1.0,0.0,418.0,1.0,16.0,7.3,8.0,0.0,1.0,1.0,0.0,0.0,1.0,3.0,0.0,83.0,1.0,24.0,5.0,16.0
2024,Round 20,2024-07-27,West Coast,home,CD_M20240142004,15,Jamie Cripps,CD_I290826,3.0,0.0,0.0,0.0,2.0,0.0,0.0,0.0,0.0,0.0,0.0,0.0,23.1,3.0,7.0,50.0,12.0,6.0,5.0,1.0,1.0,1.0,25.0,2.0,1.0,2.0,3.0,0.0,0.0,0.0,0.0,4.0,0.0,2.0,55.6,3.0,0.0,0.0,9.0,2.0,0.0,2.0,294.0,0.0,16.0,5.9,1.0,0.0,6.0,1.0,4.0,0.0,0.0,3.0,2.0,81.0,0.0,13.0,3.0,10.0
2024,Round 20,2024-07-27,West Coast,home,CD_M20240142004,49,Jai Culley,CD_I1020802,0.0,0.0,11.0,0.0,1.0,0.0,0.0,0.0,0.0,0.0,0.0,0.0,66.7,6.0,11.0,42.9,7.0,3.0,2.0,1.0,1.0,1.0,100.0,0.0,1.0,6.0,2.0,0.0,0.0,0.0,0.0,1.0,0.0,3.0,40.0,2.5,0.0,0.0,5.0,1.0,0.0,0.0,124.0,0.0,19.0,7.8,1.0,0.0,1.0,1.0,1.0,0.0,3.0,5.0,1.0,60.0,3.0,9.0,1.0,3.0
2024,Round 20,2024-07-27,West Coast,home,CD_M20240142004,27,Jack Darling,CD_I290838,1.0,0.0,0.0,0.0,4.0,0.0,0.0,0.0,3.0,0.0,0.0,0.0,28.6,2.0,6.0,62.5,8.0,5.0,3.0,1.0,3.0,1.0,0.0,0.0,0.0,1.0,2.0,0.0,0.0,0.0,0.0,1.0,0.0,0.0,50.0,3.0,0.0,0.0,6.0,3.0,1.0,1.0,181.0,0.0,11.0,0.3,0.0,0.0,2.0,0.0,2.0,0.0,0.0,2.0,1.0,91.0,0.0,7.0,4.0,5.0
2024,Round 20,2024-07-27,West Coast,home,CD_M20240142004,42,Harry Edwards,CD_I1011437,0.0,0.0,0.0,0.0,3.0,0.0,0.0,0.0,0.0,0.0,0.0,1.0,36.4,4.0,3.0,81.8,11.0,9.0,6.0,0.0,1.0,0.0,0.0,1.0,0.0,3.0,3.0,0.0,0.0,0.0,0.0,2.0,3.0,7.0,75.0,2.7,0.0,0.0,8.0,5.0,0.0,0.0,173.0,7.0,3.0,12.8,2.0,0.0,2.0,2.0,0.0,7.0,0.0,1.0,0.0,90.0,0.0,11.0,2.0,7.0
2024,Round 20,2024-07-27,West Coast,home,CD_M20240142004,16,Luke Edwards,CD_I1006576,0.0,0.0,2.0,1.0,3.0,0.0,0.0,0.0,0.0,0.0,0.0,0.0,36.4,4.0,7.0,83.3,12.0,10.0,3.0,1.0,0.0,1.0,0.0,1.0,0.0,3.0,7.0,0.0,0.0,0.0,0.0,2.0,0.0,0.0,60.0,0.7,0.0,0.0,5.0,1.0,0.0,0.0,125.0,0.0,9.0,7.3,0.0,0.0,5.0,0.0,0.0,0.0,0.0,2.0,0.0,68.0,1.0,11.0,1.0,7.0
2024,Round 20,2024-07-27,West Coast,home,CD_M20240142004,7,Reuben Ginbey,CD_I1023025,0.0,1.0,0.0,1.0,2.0,0.0,0.0,0.0,0.0,0.0,0.0,0.0,33.3,6.0,7.0,84.2,19.0,16.0,7.0,0.0,1.0,0.0,0.0,0.0,0.0,6.0,11.0,0.0,0.0,0.0,0.0,2.0,0.0,3.0,87.5,0.7,0.0,0.0,8.0,3.0,0.0,0.0,280.0,3.0,13.0,9.1,3.0,0.0,1.0,0.0,0.0,2.0,1.0,1.0,0.0,90.0,2.0,18.0,3.0,12.0
2024,Round 20,2024-07-27,West Coast,home,CD_M20240142004,19,Brady Hough,CD_I1023167,0.0,0.0,0.0,0.0,1.0,0.0,0.0,0.0,0.0,0.0,0.0,0.0,12.5,1.0,11.0,62.5,8.0,5.0,4.0,0.0,0.0,0.0,0.0,0.0,0.0,1.0,1.0,0.0,0.0,0.0,0.0,2.0,0.0,1.0,57.1,7.0,1.0,0.0,7.0,5.0,0.0,0.0,193.0,2.0,13.0,0.0,2.0,0.0,1.0,1.0,0.0,2.0,0.0,2.0,0.0,90.0,0.0,8.0,2.0,7.0
2024,Round 20,2024-07-27,West Coast,home,CD_M20240142004,5,Jayden Hunt,CD_I994385,0.0,1.0,0.0,0.0,1.0,0.0,0.0,0.0,0.0,0.0,0.0,0.0,38.1,8.0,4.0,81.8,22.0,18.0,9.0,0.0,1.0,0.0,0.0,1.0,0.0,7.0,9.0,0.0,0.0,0.0,0.0,2.0,2.0,6.0,69.2,1.4,2.0,2.0,13.0,8.0,0.0,0.0,321.0,1.0,7.0,12.1,4.0,0.0,1.0,0.0,0.0,1.0,1.0,1.0,0.0,85.0,1.0,21.0,2.0,13.0
2024,Round 20,2024-07-27,West Coast,home,CD_M20240142004,44,Jack Hutchinson,CD_I1036098,0.0,0.0,0.0,0.0,1.0,0.0,0.0,0.0,0.0,0.0,0.0,0.0,42.9,3.0,10.0,85.7,7.0,6.0,2.0,0.0,0.0,0.0,0.0,0.0,0.0,3.0,5.0,0.0,0.0,0.0,0.0,1.0,0.0,1.0,100.0,0.4,0.0,0.0,2.0,1.0,0.0,0.0,48.0,0.0,20.0,2.9,0.0,0.0,0.0,0.0,0.0,0.0,0.0,4.0,2.0,75.0,0.0,7.0,1.0,4.0
2024,Round 20,2024-07-27,West Coast,home,CD_M20240142004,11,Tim Kelly,CD_I295898,1.0,1.0,24.0,3.0,3.0,0.0,0.0,0.0,0.0,0.0,0.0,0.0,56.3,18.0,9.0,65.6,32.0,21.0,7.0,2.0,2.0,1.0,50.0,0.0,1.0,16.0,21.0,0.0,0.0,0.0,0.0,3.0,0.0,4.0,63.6,0.5,0.0,0.0,11.0,0.0,0.0,0.0,353.0,0.0,18.0,20.8,3.0,0.0,6.0,3.0,2.0,0.0,2.0,6.0,1.0,81.0,5.0,32.0,3.0,14.0
2024,Round 20,2024-07-27,West Coast,home,CD_M20240142004,41,Ryan Maric,CD_I1029416,0.0,0.0,0.0,0.0,1.0,0.0,0.0,0.0,0.0,0.0,0.0,0.0,11.1,1.0,5.0,77.8,9.0,7.0,2.0,0.0,0.0,0.0,0.0,0.0,0.0,1.0,5.0,0.0,0.0,0.0,0.0,1.0,0.0,0.0,50.0,0.8,0.0,0.0,4.0,1.0,0.0,0.0,133.0,0.0,13.0,4.8,0.0,0.0,2.0,0.0,0.0,0.0,0.0,2.0,0.0,78.0,0.0,9.0,2.0,8.0
2024,Round 20,2024-07-27,West Coast,home,CD_M20240142004,21,Jack Petruccelle,CD_I1006550,0.0,0.0,4.0,0.0,2.0,0.0,0.0,0.0,1.0,0.0,0.0,0.0,50.0,6.0,6.0,72.7,11.0,8.0,6.0,2.0,2.0,0.0,100.0,1.0,1.0,5.0,3.0,0.0,0.0,0.0,0.0,5.0,0.0,2.0,75.0,2.7,0.0,0.0,8.0,2.0,0.0,1.0,325.0,1.0,12.0,13.8,1.0,0.0,4.0,2.0,1.0,0.0,2.0,2.0,0.0,83.0,2.0,12.0,4.0,6.0
2024,Round 20,2024-07-27,West Coast,home,CD_M20240142004,9,Harley Reid,CD_I1023492,1.0,5.0,25.0,2.0,9.0,0.0,0.0,0.0,0.0,0.0,0.0,0.0,53.6,15.0,15.0,58.6,29.0,17.0,5.0,0.0,5.0,2.0,0.0,0.0,0.0,11.0,15.0,0.0,0.0,0.0,0.0,6.0,0.0,4.0,35.7,0.9,0.0,0.0,14.0,2.0,0.0,0.0,431.0,0.0,27.0,11.1,1.0,0.0,6.0,2.0,1.0,0.0,8.0,3.0,0.0,84.0,10.0,28.0,6.0,13.0
2024,Round 20,2024-07-27,West Coast,home,CD_M20240142004,35,Josh Rotham,CD_I997823,0.0,0.0,0.0,0.0,1.0,0.0,0.0,0.0,0.0,0.0,0.0,0.0,20.0,1.0,6.0,66.7,6.0,4.0,3.0,0.0,0.0,0.0,0.0,0.0,0.0,1.0,1.0,0.0,0.0,0.0,0.0,0.0,0.0,0.0,60.0,5.0,1.0,1.0,5.0,4.0,0.0,0.0,97.0,2.0,8.0,0.4,1.0,0.0,0.0,0.0,0.0,2.0,0.0,1.0,0.0,86.0,0.0,5.0,3.0,4.0
2024,Round 20,2024-07-27,West Coast,home,CD_M20240142004,1,Liam Ryan,CD_I1004364,0.0,0.0,0.0,0.0,3.0,0.0,0.0,0.0,0.0,0.0,0.0,0.0,20.0,2.0,9.0,40.0,10.0,4.0,4.0,1.0,0.0,0.0,66.7,0.0,2.0,2.0,1.0,0.0,0.0,0.0,0.0,3.0,0.0,0.0,44.4,9.0,0.0,0.0,9.0,4.0,1.0,0.0,246.0,0.0,18.0,7.3,0.0,0.0,3.0,0.0,3.0,0.0,0.0,1.0,0.0,86.0,0.0,10.0,3.0,8.0
2024,Round 20,2024-07-27,West Coast,home,CD_M20240142004,26,Zane Trew,CD_I1011449,0.0,0.0,1.0,0.0,0.0,0.0,0.0,0.0,0.0,0.0,0.0,0.0,0.0,0.0,1.0,0.0,0.0,0.0,0.0,0.0,0.0,0.0,0.0,0.0,0.0,0.0,0.0,0.0,0.0,0.0,0.0,0.0,0.0,0.0,0.0,0.0,0.0,0.0,0.0,0.0,0.0,0.0,0.0,0.0,1.0,0.2,0.0,0.0,0.0,0.0,0.0,0.0,0.0,1.0,0.0,1.0,0.0,0.0,0.0,0.0
2024,Round 20,2024-07-27,West Coast,home,CD_M20240142004,2,Jake Waterman,CD_I996554,0.0,0.0,0.0,0.0,1.0,0.0,0.0,0.0,1.0,0.0,0.0,1.0,16.7,2.0,5.0,83.3,12.0,10.0,8.0,1.0,0.0,0.0,75.0,1.0,3.0,1.0,2.0,0.0,0.0,0.0,0.0,2.0,0.0,1.0,80.0,5.0,0.0,0.0,10.0,8.0,2.0,2.0,228.0,0.0,12.0,11.1,0.0,0.0,7.0,1.0,4.0,0.0,0.0,0.0,0.0,94.0,0.0,12.0,0.0,10.0
2024,Round 20,2024-07-27,West Coast,home,CD_M20240142004,32,Bailey J. Williams,CD_I1006114,0.0,0.0,24.0,1.0,0.0,0.0,0.0,0.0,0.0,0.0,0.0,0.0,30.8,4.0,6.0,69.2,13.0,9.0,4.0,0.0,0.0,0.0,0.0,0.0,0.0,2.0,5.0,18.8,36.0,32.0,6.0,1.0,4.0,6.0,50.0,1.6,0.0,0.0,8.0,5.0,0.0,0.0,103.0,2.0,14.0,11.5,3.0,89.0,3.0,3.0,0.0,1.0,2.0,3.0,1.0,83.0,3.0,13.0,2.0,9.0
2024,Round 20,2024-07-27,West Coast,home,CD_M20240142004,34,Jack Williams,CD_I1020371,0.0,1.0,7.0,1.0,0.0,0.0,0.0,0.0,0.0,0.0,0.0,1.0,53.8,7.0,7.0,92.3,13.0,12.0,5.0,2.0,0.0,0.0,100.0,1.0,1.0,5.0,7.0,20.0,20.0,5.0,1.0,0.0,0.0,1.0,83.3,0.9,0.0,0.0,6.0,4.0,1.0,1.0,104.0,1.0,10.0,14.2,0.0,25.0,5.0,0.0,1.0,1.0,1.0,4.0,0.0,64.0,2.0,13.0,1.0,6.0
2024,Round 20,2024-07-27,West Coast,home,CD_M20240142004,6,Elliot Yeo,CD_I292128,0.0,2.0,25.0,3.0,4.0,0.0,0.0,0.0,0.0,0.0,0.0,0.0,36.4,8.0,12.0,61.5,26.0,16.0,10.0,1.0,0.0,4.0,0.0,0.0,0.0,6.0,7.0,0.0,0.0,0.0,0.0,4.0,1.0,3.0,52.6,2.7,0.0,0.0,19.0,3.0,0.0,0.0,422.0,3.0,25.0,14.2,2.0,0.0,2.0,1.0,1.0,1.0,4.0,7.0,0.0,68.0,7.0,22.0,6.0,14.0
2024,Round 21,2024-08-04,Essendon,away,CD_M20240142102,24,Nick Bryan,CD_I1011954,0.0,0.0,18.0,1.0,2.0,25.0,1.0,4.0,2.0,0.0,0.0,1.0,50.0,4.0,4.0,62.5,8.0,5.0,3.0,0.0,0.0,3.0,0.0,0.0,0.0,0.0,2.0,42.1,40.4,19.0,8.0,2.0,0.0,1.0,50.0,3.0,0.0,0.0,6.0,3.0,0.0,0.0,88.0,4.0,15.0,9.5,0.0,47.0,4.0,4.0,0.0,4.0,0.0,4.0,0.0,58.0,1.0,8.0,2.0,4.0
2024,Round 21,2024-08-04,Essendon,away,CD_M20240142102,30,Nate Caddy,CD_I1027899,1.0,1.0,0.0,0.0,0.0,0.0,0.0,0.0,0.0,0.0,0.0,1.0,22.2,2.0,0.0,66.7,9.0,6.0,4.0,1.0,0.0,0.0,50.0,2.0,1.0,1.0,2.0,0.0,0.0,0.0,0.0,3.0,0.0,0.0,57.1,3.5,0.0,0.0,7.0,5.0,1.0,0.0,207.0,1.0,7.0,9.2,0.0,0.0,6.0,0.0,2.0,1.0,0.0,1.0,1.0,74.0,0.0,9.0,0.0,7.0
2024,Round 21,2024-08-04,Essendon,away,CD_M20240142102,6,Jye Caldwell,CD_I1006103,1.0,2.0,20.0,3.0,4.0,0.0,0.0,0.0,0.0,0.0,0.0,1.0,33.3,11.0,10.0,71.9,32.0,23.0,7.0,0.0,2.0,2.0,0.0,0.0,0.0,6.0,16.0,0.0,0.0,0.0,0.0,7.0,1.0,4.0,43.8,1.0,0.0,0.0,16.0,5.0,0.0,0.0,506.0,1.0,22.0,11.6,3.0,0.0,8.0,1.0,1.0,0.0,1.0,6.0,2.0,82.0,4.0,33.0,4.0,22.0
2024,Round 21,2024-08-04,Essendon,away,CD_M20240142102,13,Nik Cox,CD_I1015827,0.0,0.0,0.0,0.0,0.0,0.0,0.0,2.0,0.0,0.0,0.0,0.0,33.3,2.0,9.0,85.7,7.0,6.0,5.0,0.0,0.0,2.0,0.0,0.0,0.0,0.0,1.0,0.0,0.0,0.0,0.0,0.0,0.0,3.0,83.3,6.0,0.0,0.0,6.0,2.0,0.0,0.0,107.0,3.0,10.0,3.1,3.0,0.0,0.0,0.0,0.0,2.0,0.0,3.0,0.0,89.0,0.0,6.0,0.0,4.0
2024,Round 21,2024-08-04,Essendon,away,CD_M20240142102,33,Alwyn Davey Jnr,CD_I1017933,0.0,0.0,0.0,0.0,0.0,0.0,0.0,0.0,0.0,0.0,0.0,0.0,100.0,1.0,4.0,0.0,1.0,0.0,0.0,1.0,0.0,0.0,0.0,0.0,0.0,1.0,0.0,0.0,0.0,0.0,0.0,0.0,0.0,0.0,0.0,1.0,0.0,0.0,1.0,0.0,0.0,0.0,17.0,0.0,8.0,1.2,0.0,0.0,0.0,0.0,0.0,0.0,0.0,1.0,0.0,18.0,0.0,1.0,1.0,0.0
2024,Round 21,2024-08-04,Essendon,away,CD_M20240142102,2,Sam Draper,CD_I1005577,1.0,0.0,12.0,0.0,1.0,0.0,0.0,0.0,1.0,0.0,0.0,2.0,72.7,8.0,2.0,88.9,9.0,8.0,6.0,0.0,0.0,1.0,50.0,0.0,1.0,0.0,2.0,14.3,51.2,21.0,3.0,3.0,1.0,1.0,85.7,3.5,0.0,0.0,7.0,4.0,2.0,1.0,246.0,5.0,8.0,12.6,1.0,41.0,5.0,4.0,2.0,2.0,4.0,5.0,1.0,79.0,4.0,11.0,3.0,3.0
2024,Round 21,2024-08-04,Essendon,away,CD_M20240142102,22,Sam Durham,CD_I1015810,1.0,1.0,8.0,0.0,2.0,0.0,0.0,0.0,0.0,0.0,0.0,0.0,25.0,6.0,12.0,80.0,25.0,20.0,8.0,0.0,0.0,0.0,0.0,1.0,0.0,5.0,14.0,0.0,0.0,0.0,0.0,5.0,1.0,4.0,72.7,0.8,0.0,0.0,11.0,6.0,0.0,1.0,303.0,1.0,27.0,11.5,1.0,0.0,4.0,1.0,1.0,0.0,2.0,5.0,0.0,76.0,2.0,24.0,2.0,18.0
2024,Round 21,2024-08-04,Essendon,away,CD_M20240142102,28,Xavier Duursma,CD_I1006096,0.0,1.0,0.0,0.0,2.0,0.0,0.0,0.0,0.0,0.0,0.0,0.0,20.0,2.0,2.0,72.7,11.0,8.0,7.0,0.0,1.0,2.0,0.0,1.0,0.0,0.0,2.0,0.0,0.0,0.0,0.0,2.0,0.0,2.0,77.8,4.5,0.0,0.0,9.0,3.0,0.0,2.0,252.0,0.0,9.0,4.7,2.0,0.0,1.0,0.0,0.0,0.0,0.0,2.0,1.0,70.0,0.0,10.0,2.0,8.0
2024,Round 21,2024-08-04,Essendon,away,CD_M20240142102,11,Jade Gresham,CD_I298421,1.0,0.0,0.0,0.0,3.0,0.0,0.0,0.0,1.0,0.0,0.0,0.0,60.0,6.0,1.0,60.0,10.0,6.0,3.0,4.0,2.0,0.0,75.0,1.0,3.0,6.0,5.0,0.0,0.0,0.0,0.0,1.0,0.0,0.0,60.0,1.0,0.0,0.0,5.0,2.0,2.0,0.0,122.0,0.0,9.0,8.6,0.0,0.0,6.0,2.0,4.0,0.0,2.0,1.0,1.0,80.0,2.0,10.0,1.0,4.0
2024,Round 21,2024-08-04,Essendon,away,CD_M20240142102,23,Harrison Jones,CD_I1011755,1.0,0.0,0.0,0.0,3.0,0.0,0.0,0.0,1.0,0.0,0.0,1.0,23.1,3.0,5.0,69.2,13.0,9.0,7.0,1.0,0.0,0.0,0.0,1.0,0.0,2.0,4.0,0.0,0.0,0.0,0.0,3.0,1.0,1.0,77.8,2.3,0.0,0.0,9.0,8.0,1.0,3.0,285.0,1.0,14.0,4.1,0.0,0.0,3.0,0.0,2.0,1.0,0.0,0.0,0.0,75.0,0.0,13.0,3.0,10.0
2024,Round 21,2024-08-04,Essendon,away,CD_M20240142102,29,Jake Kelly,CD_I297473,0.0,0.0,0.0,1.0,1.0,0.0,0.0,0.0,0.0,0.0,0.0,0.0,15.4,2.0,2.0,92.3,13.0,12.0,7.0,0.0,0.0,0.0,0.0,0.0,0.0,2.0,5.0,0.0,0.0,0.0,0.0,0.0,0.0,1.0,87.5,1.6,0.0,0.0,8.0,7.0,0.0,2.0,174.0,0.0,2.0,3.3,3.0,0.0,2.0,0.0,0.0,0.0,0.0,0.0,0.0,83.0,1.0,13.0,2.0,11.0
2024,Round 21,2024-08-04,Essendon,away,CD_M20240142102,4,Kyle Langford,CD_I298630,1.0,0.0,0.0,0.0,3.0,0.0,0.0,0.0,0.0,0.0,0.0,2.0,50.0,7.0,0.0,57.1,14.0,8.0,6.0,2.0,0.0,1.0,50.0,1.0,2.0,4.0,3.0,0.0,0.0,0.0,0.0,6.0,0.0,3.0,54.5,3.7,0.0,0.0,11.0,5.0,2.0,2.0,381.0,1.0,12.0,15.3,0.0,0.0,7.0,0.0,4.0,0.0,0.0,3.0,1.0,93.0,0.0,14.0,4.0,7.0
2024,Round 21,2024-08-04,Essendon,away,CD_M20240142102,15,Jayden Laverde,CD_I298280,0.0,0.0,0.0,0.0,6.0,0.0,0.0,1.0,0.0,0.0,0.0,0.0,61.5,8.0,1.0,78.6,14.0,11.0,2.0,0.0,4.0,1.0,0.0,0.0,0.0,8.0,11.0,0.0,0.0,0.0,0.0,0.0,0.0,7.0,66.7,0.3,0.0,0.0,3.0,4.0,0.0,0.0,-9.0,3.0,2.0,4.5,0.0,0.0,1.0,1.0,0.0,3.0,0.0,1.0,0.0,91.0,0.0,13.0,0.0,5.0
2024,Round 21,2024-08-04,Essendon,away,CD_M20240142102,37,Nic Martin,CD_I1012013,0.0,0.0,0.0,0.0,1.0,0.0,0.0,0.0,0.0,0.0,0.0,0.0,28.0,7.0,9.0,84.0,25.0,21.0,10.0,0.0,0.0,0.0,100.0,0.0,2.0,7.0,14.0,0.0,0.0,0.0,0.0,0.0,0.0,4.0,90.9,0.8,0.0,0.0,11.0,3.0,0.0,1.0,328.0,0.0,15.0,16.8,5.0,0.0,5.0,0.0,2.0,0.0,0.0,1.0,0.0,96.0,0.0,25.0,3.0,18.0
2024,Round 21,2024-08-04,Essendon,away,CD_M20240142102,1,Andrew McGrath,CD_I998102,0.0,0.0,0.0,0.0,0.0,0.0,0.0,0.0,0.0,0.0,0.0,2.0,43.8,7.0,3.0,80.0,20.0,16.0,10.0,0.0,0.0,0.0,0.0,0.0,0.0,5.0,7.0,0.0,0.0,0.0,0.0,1.0,2.0,3.0,76.9,1.9,4.0,4.0,13.0,6.0,0.0,0.0,311.0,2.0,4.0,13.2,5.0,0.0,1.0,1.0,0.0,1.0,1.0,0.0,0.0,87.0,1.0,16.0,1.0,9.0
2024,Round 21,2024-08-04,Essendon,away,CD_M20240142102,32,Ben McKay,CD_I1002143,0.0,0.0,0.0,0.0,2.0,66.7,2.0,3.0,0.0,0.0,0.0,1.0,58.3,7.0,3.0,90.9,11.0,10.0,4.0,0.0,0.0,0.0,0.0,0.0,0.0,5.0,6.0,0.0,0.0,0.0,0.0,0.0,1.0,7.0,80.0,0.8,0.0,0.0,5.0,5.0,0.0,0.0,118.0,4.0,5.0,9.9,0.0,0.0,3.0,3.0,0.0,1.0,0.0,0.0,0.0,100.0,0.0,12.0,0.0,5.0
2024,Round 21,2024-08-04,Essendon,away,CD_M20240142102,47,Jye Menzie,CD_I1013201,0.0,2.0,0.0,0.0,7.0,0.0,0.0,0.0,0.0,0.0,0.0,0.0,14.3,2.0,2.0,50.0,14.0,7.0,4.0,1.0,2.0,0.0,0.0,1.0,0.0,2.0,4.0,0.0,0.0,0.0,0.0,6.0,0.0,1.0,40.0,2.5,0.0,0.0,10.0,5.0,1.0,2.0,282.0,1.0,18.0,-2.7,0.0,0.0,3.0,0.0,2.0,1.0,0.0,4.0,2.0,75.0,0.0,14.0,7.0,12.0
2024,Round 21,2024-08-04,Essendon,away,CD_M20240142102,7,Zach Merrett,CD_I992016,0.0,0.0,22.0,2.0,2.0,0.0,0.0,0.0,1.0,0.0,0.0,0.0,10.7,3.0,16.0,79.3,29.0,23.0,10.0,0.0,1.0,2.0,0.0,0.0,0.0,0.0,14.0,0.0,0.0,0.0,0.0,3.0,1.0,1.0,66.7,1.1,0.0,0.0,15.0,6.0,0.0,0.0,491.0,1.0,36.0,11.9,0.0,0.0,6.0,0.0,0.0,0.0,0.0,7.0,2.0,80.0,2.0,28.0,3.0,25.0
2024,Round 21,2024-08-04,Essendon,away,CD_M20240142102,3,Darcy Parish,CD_I993817,0.0,0.0,23.0,2.0,3.0,0.0,0.0,0.0,0.0,0.0,0.0,0.0,22.9,8.0,9.0,82.4,34.0,28.0,12.0,0.0,2.0,1.0,0.0,0.0,0.0,5.0,16.0,0.0,0.0,0.0,0.0,6.0,0.0,3.0,66.7,1.1,0.0,0.0,18.0,6.0,0.0,0.0,499.0,0.0,18.0,14.2,1.0,0.0,8.0,2.0,0.0,0.0,2.0,2.0,0.0,79.0,4.0,35.0,5.0,27.0
2024,Round 21,2024-08-04,Essendon,away,CD_M20240142102,27,Mason Redman,CD_I997078,0.0,1.0,0.0,0.0,2.0,0.0,0.0,0.0,0.0,0.0,0.0,1.0,24.1,7.0,6.0,96.3,27.0,26.0,19.0,0.0,2.0,1.0,0.0,1.0,0.0,5.0,7.0,0.0,0.0,0.0,0.0,3.0,2.0,7.0,95.0,2.9,1.0,0.0,20.0,8.0,0.0,0.0,469.0,2.0,8.0,21.0,5.0,0.0,4.0,1.0,0.0,2.0,2.0,0.0,0.0,90.0,2.0,29.0,1.0,22.0
2024,Round 21,2024-08-04,Essendon,away,CD_M20240142102,38,Archie Roberts,CD_I1023515,0.0,0.0,0.0,0.0,4.0,0.0,0.0,0.0,0.0,0.0,0.0,0.0,35.3,6.0,6.0,55.6,18.0,10.0,5.0,1.0,0.0,2.0,0.0,0.0,0.0,4.0,7.0,0.0,0.0,0.0,0.0,4.0,2.0,6.0,45.5,1.6,0.0,0.0,11.0,5.0,0.0,1.0,237.0,0.0,15.0,4.2,1.0,0.0,3.0,2.0,0.0,0.0,2.0,4.0,0.0,77.0,2.0,17.0,6.0,11.0
2024,Round 21,2024-08-04,Essendon,away,CD_M20240142102,9,Dylan Shiel,CD_I291783,0.0,0.0,17.0,6.0,0.0,0.0,0.0,0.0,1.0,1.0,100.0,0.0,45.0,9.0,5.0,100.0,20.0,20.0,7.0,1.0,0.0,1.0,0.0,0.0,0.0,4.0,13.0,0.0,0.0,0.0,0.0,2.0,0.0,2.0,100.0,0.5,0.0,0.0,7.0,1.0,0.0,0.0,180.0,0.0,13.0,15.2,0.0,0.0,7.0,2.0,0.0,0.0,1.0,4.0,1.0,62.0,7.0,20.0,0.0,11.0
2024,Round 21,2024-08-04,Essendon,away,CD_M20240142102,25,Jake Stringer,CD_I293884,0.0,0.0,0.0,0.0,4.0,0.0,0.0,0.0,2.0,1.0,50.0,1.0,62.5,5.0,1.0,75.0,8.0,6.0,5.0,4.0,1.0,0.0,100.0,1.0,4.0,4.0,2.0,0.0,0.0,0.0,0.0,2.0,0.0,0.0,83.3,3.0,0.0,0.0,6.0,3.0,2.0,1.0,117.0,1.0,25.0,16.8,0.0,0.0,5.0,0.0,4.0,0.0,0.0,10.0,6.0,82.0,0.0,8.0,3.0,3.0
2024,Round 22,2024-08-10,Geelong,home,CD_M20240142205,30,Tom Atkins,CD_I994386,0.0,0.0,18.0,1.0,3.0,0.0,0.0,0.0,0.0,0.0,0.0,0.0,50.0,9.0,9.0,77.8,18.0,14.0,5.0,1.0,2.0,2.0,0.0,1.0,0.0,7.0,11.0,0.0,0.0,0.0,0.0,1.0,0.0,4.0,71.4,0.6,0.0,0.0,7.0,2.0,0.0,0.0,89.0,0.0,28.0,7.9,1.0,0.0,5.0,2.0,0.0,0.0,2.0,7.0,2.0,65.0,3.0,18.0,2.0,9.0
2024,Round 22,2024-08-10,Geelong,home,CD_M20240142205,46,Mark Blicavs,CD_I296733,0.0,0.0,7.0,1.0,3.0,0.0,0.0,0.0,0.0,0.0,0.0,0.0,56.3,9.0,9.0,50.0,16.0,8.0,3.0,0.0,0.0,0.0,0.0,0.0,0.0,8.0,7.0,11.1,50.0,9.0,1.0,1.0,2.0,9.0,33.3,1.3,0.0,0.0,9.0,5.0,0.0,1.0,289.0,4.0,15.0,11.9,5.0,18.0,2.0,1.0,0.0,3.0,1.0,5.0,0.0,84.0,2.0,16.0,7.0,7.0
2024,Round 22,2024-08-10,Geelong,home,CD_M20240142205,12,Jack Bowes,CD_I998260,0.0,2.0,9.0,2.0,1.0,0.0,0.0,0.0,0.0,0.0,0.0,0.0,75.0,9.0,9.0,58.3,12.0,7.0,5.0,1.0,1.0,0.0,0.0,0.0,0.0,7.0,4.0,0.0,0.0,0.0,0.0,4.0,0.0,1.0,62.5,2.0,0.0,0.0,8.0,1.0,0.0,0.0,321.0,0.0,18.0,11.6,1.0,0.0,1.0,0.0,0.0,0.0,3.0,8.0,1.0,76.0,5.0,12.0,4.0,3.0
2024,Round 22,2024-08-10,Geelong,home,CD_M20240142205,4,Tanner Bruhn,CD_I1012805,0.0,0.0,8.0,1.0,0.0,0.0,0.0,0.0,0.0,0.0,0.0,0.0,50.0,2.0,5.0,75.0,4.0,3.0,1.0,0.0,0.0,1.0,0.0,0.0,0.0,1.0,2.0,0.0,0.0,0.0,0.0,0.0,0.0,0.0,50.0,1.0,0.0,0.0,2.0,1.0,0.0,0.0,41.0,0.0,9.0,2.0,2.0,0.0,0.0,0.0,0.0,0.0,1.0,1.0,0.0,29.0,2.0,4.0,0.0,2.0
2024,Round 22,2024-08-10,Geelong,home,CD_M20240142205,5,Jeremy Cameron,CD_I293845,2.0,1.0,0.0,0.0,3.0,0.0,0.0,0.0,1.0,0.0,0.0,1.0,37.5,6.0,2.0,64.3,14.0,9.0,6.0,1.0,1.0,1.0,25.0,1.0,1.0,3.0,3.0,0.0,0.0,0.0,0.0,6.0,0.0,2.0,54.5,3.7,0.0,0.0,11.0,5.0,1.0,1.0,429.0,1.0,11.0,12.5,0.0,0.0,8.0,0.0,4.0,0.0,0.0,4.0,2.0,93.0,0.0,16.0,4.0,10.0
2024,Round 22,2024-08-10,Geelong,home,CD_M20240142205,45,Brad Close,CD_I999326,0.0,0.0,0.0,0.0,0.0,0.0,0.0,0.0,0.0,0.0,0.0,0.0,33.3,3.0,5.0,77.8,9.0,7.0,1.0,1.0,0.0,1.0,0.0,1.0,0.0,1.0,6.0,0.0,0.0,0.0,0.0,1.0,0.0,1.0,33.3,0.5,0.0,0.0,3.0,1.0,0.0,0.0,108.0,1.0,15.0,4.8,0.0,0.0,4.0,0.0,0.0,0.0,1.0,0.0,0.0,83.0,1.0,9.0,0.0,6.0
2024,Round 22,2024-08-10,Geelong,home,CD_M20240142205,35,Patrick Dangerfield,CD_I270917,2.0,0.0,15.0,6.0,2.0,0.0,0.0,0.0,0.0,0.0,0.0,2.0,82.4,14.0,8.0,45.0,20.0,9.0,6.0,0.0,0.0,2.0,25.0,0.0,1.0,4.0,4.0,0.0,0.0,0.0,0.0,8.0,0.0,2.0,37.5,4.0,0.0,0.0,16.0,3.0,3.0,0.0,455.0,1.0,15.0,13.3,0.0,1.0,8.0,2.0,4.0,1.0,5.0,3.0,1.0,81.0,11.0,17.0,4.0,3.0
2024,Round 22,2024-08-10,Geelong,home,CD_M20240142205,28,Oliver Dempsey,CD_I1025034,1.0,2.0,0.0,0.0,4.0,0.0,0.0,0.0,1.0,1.0,100.0,1.0,70.0,14.0,7.0,50.0,20.0,10.0,4.0,2.0,0.0,1.0,33.3,0.0,1.0,8.0,10.0,0.0,0.0,0.0,0.0,0.0,0.0,8.0,40.0,1.0,0.0,0.0,10.0,5.0,2.0,0.0,253.0,1.0,17.0,6.5,4.0,0.0,5.0,1.0,3.0,0.0,2.0,2.0,1.0,91.0,2.0,20.0,2.0,6.0
2024,Round 22,2024-08-10,Geelong,home,CD_M20240142205,22,Mitch Duncan,CD_I281065,0.0,0.0,0.0,0.0,3.0,0.0,0.0,0.0,0.0,0.0,0.0,0.0,11.1,1.0,4.0,88.9,9.0,8.0,4.0,0.0,2.0,0.0,0.0,0.0,0.0,0.0,4.0,0.0,0.0,0.0,0.0,1.0,0.0,1.0,80.0,1.3,1.0,0.0,5.0,4.0,0.0,0.0,143.0,0.0,9.0,2.1,3.0,0.0,2.0,1.0,0.0,0.0,1.0,2.0,1.0,68.0,1.0,9.0,2.0,8.0
2024,Round 22,2024-08-10,Geelong,home,CD_M20240142205,39,Zach Guthrie,CD_I1004870,0.0,0.0,0.0,0.0,5.0,25.0,1.0,4.0,0.0,0.0,0.0,1.0,42.9,9.0,15.0,80.0,20.0,16.0,10.0,0.0,3.0,0.0,0.0,0.0,0.0,7.0,8.0,0.0,0.0,0.0,0.0,2.0,2.0,11.0,83.3,1.5,0.0,0.0,12.0,10.0,0.0,0.0,278.0,7.0,19.0,13.0,4.0,0.0,1.0,1.0,0.0,6.0,0.0,2.0,0.0,82.0,0.0,21.0,3.0,12.0
2024,Round 22,2024-08-10,Geelong,home,CD_M20240142205,38,Jack Henry,CD_I1000937,0.0,0.0,0.0,0.0,1.0,0.0,0.0,2.0,0.0,0.0,0.0,2.0,23.1,3.0,2.0,84.6,13.0,11.0,10.0,0.0,0.0,1.0,0.0,0.0,0.0,0.0,1.0,0.0,0.0,0.0,0.0,0.0,2.0,3.0,83.3,12.0,0.0,0.0,12.0,8.0,0.0,0.0,164.0,4.0,3.0,9.7,2.0,0.0,2.0,0.0,0.0,4.0,0.0,2.0,0.0,93.0,0.0,13.0,0.0,10.0
2024,Round 22,2024-08-10,Geelong,home,CD_M20240142205,36,Oliver Henry,CD_I1012860,2.0,0.0,0.0,0.0,2.0,0.0,0.0,0.0,1.0,0.0,0.0,1.0,50.0,4.0,2.0,62.5,8.0,5.0,3.0,1.0,2.0,1.0,33.3,0.0,1.0,2.0,2.0,0.0,0.0,0.0,0.0,1.0,0.0,0.0,50.0,3.0,0.0,0.0,6.0,3.0,2.0,1.0,190.0,0.0,11.0,4.1,0.0,0.0,6.0,1.0,3.0,0.0,1.0,3.0,1.0,79.0,1.0,8.0,2.0,4.0
2024,Round 22,2024-08-10,Geelong,home,CD_M20240142205,9,Max Holmes,CD_I1015889,0.0,11.0,2.0,0.0,3.0,0.0,0.0,0.0,0.0,0.0,0.0,0.0,38.9,7.0,8.0,70.0,20.0,14.0,10.0,0.0,0.0,1.0,0.0,0.0,0.0,5.0,5.0,0.0,0.0,0.0,0.0,5.0,1.0,5.0,66.7,3.0,2.0,1.0,15.0,3.0,0.0,0.0,677.0,1.0,15.0,13.8,4.0,0.0,3.0,2.0,0.0,1.0,2.0,3.0,0.0,81.0,2.0,18.0,5.0,11.0
2024,Round 22,2024-08-10,Geelong,home,CD_M20240142205,17,Lawson Humphries,CD_I1013464,0.0,1.0,0.0,0.0,1.0,0.0,0.0,0.0,0.0,0.0,0.0,0.0,14.3,2.0,6.0,87.5,16.0,14.0,12.0,0.0,0.0,0.0,0.0,0.0,0.0,2.0,3.0,0.0,0.0,0.0,0.0,4.0,0.0,3.0,92.3,4.3,1.0,1.0,13.0,8.0,0.0,0.0,366.0,3.0,9.0,5.8,1.0,0.0,1.0,0.0,0.0,3.0,0.0,0.0,0.0,89.0,0.0,14.0,5.0,12.0
2024,Round 22,2024-08-10,Geelong,home,CD_M20240142205,8,Jake Kolodjashnij,CD_I296291,0.0,0.0,0.0,0.0,1.0,50.0,1.0,2.0,0.0,0.0,0.0,0.0,18.2,2.0,5.0,90.9,11.0,10.0,9.0,0.0,0.0,0.0,0.0,0.0,0.0,1.0,1.0,0.0,0.0,0.0,0.0,0.0,2.0,5.0,90.0,10.0,0.0,0.0,10.0,5.0,0.0,0.0,200.0,8.0,8.0,6.9,2.0,0.0,1.0,0.0,0.0,6.0,0.0,4.0,0.0,82.0,0.0,11.0,1.0,9.0
2024,Round 22,2024-08-10,Geelong,home,CD_M20240142205,7,Shaun Mannagh,CD_I993878,0.0,1.0,0.0,0.0,2.0,0.0,0.0,0.0,0.0,0.0,0.0,0.0,43.8,7.0,11.0,46.7,15.0,7.0,5.0,1.0,0.0,0.0,100.0,0.0,2.0,5.0,7.0,0.0,0.0,0.0,0.0,3.0,0.0,2.0,62.5,1.1,0.0,0.0,8.0,0.0,0.0,0.0,306.0,1.0,22.0,9.6,1.0,0.0,4.0,1.0,2.0,0.0,0.0,3.0,0.0,89.0,0.0,16.0,2.0,9.0
2024,Round 22,2024-08-10,Geelong,home,CD_M20240142205,32,Gryan Miers,CD_I1004938,1.0,0.0,1.0,0.0,2.0,0.0,0.0,0.0,1.0,0.0,0.0,0.0,26.1,6.0,3.0,52.2,23.0,12.0,7.0,1.0,0.0,0.0,50.0,0.0,1.0,5.0,9.0,0.0,0.0,0.0,0.0,3.0,0.0,2.0,50.0,1.6,0.0,0.0,14.0,6.0,0.0,0.0,292.0,0.0,19.0,5.3,1.0,0.0,6.0,1.0,2.0,0.0,1.0,3.0,1.0,88.0,1.0,23.0,5.0,17.0
2024,Round 22,2024-08-10,Geelong,home,CD_M20240142205,34,Oisin Mullin,CD_I1024982,0.0,0.0,0.0,0.0,3.0,0.0,0.0,0.0,0.0,0.0,0.0,0.0,28.6,2.0,3.0,100.0,5.0,5.0,2.0,0.0,3.0,0.0,0.0,0.0,0.0,1.0,3.0,0.0,0.0,0.0,0.0,1.0,0.0,2.0,100.0,0.7,0.0,0.0,2.0,3.0,0.0,0.0,111.0,1.0,5.0,3.3,1.0,0.0,3.0,1.0,0.0,0.0,0.0,0.0,0.0,43.0,0.0,7.0,1.0,5.0
2024,Round 22,2024-08-10,Geelong,home,CD_M20240142205,33,Shannon Neale,CD_I1016433,1.0,0.0,0.0,0.0,3.0,0.0,0.0,0.0,1.0,0.0,0.0,1.0,75.0,6.0,2.0,75.0,8.0,6.0,3.0,3.0,2.0,1.0,66.7,0.0,2.0,4.0,3.0,50.0,44.4,4.0,2.0,2.0,0.0,0.0,60.0,1.7,0.0,0.0,5.0,2.0,1.0,0.0,107.0,1.0,17.0,10.5,0.0,9.0,8.0,2.0,3.0,1.0,0.0,1.0,1.0,83.0,0.0,8.0,1.0,2.0
2024,Round 22,2024-08-10,Geelong,home,CD_M20240142205,1,Rhys Stanley,CD_I280317,0.0,0.0,16.0,0.0,2.0,0.0,0.0,0.0,0.0,0.0,0.0,0.0,50.0,4.0,5.0,42.9,7.0,3.0,2.0,1.0,1.0,1.0,100.0,0.0,1.0,2.0,1.0,45.7,63.6,35.0,16.0,3.0,0.0,1.0,33.3,6.0,0.0,0.0,6.0,2.0,0.0,0.0,150.0,3.0,10.0,12.9,0.0,55.0,5.0,4.0,1.0,3.0,1.0,0.0,0.0,82.0,1.0,8.0,2.0,4.0
2024,Round 22,2024-08-10,Geelong,home,CD_M20240142205,18,Tyson Stengle,CD_I997230,0.0,0.0,0.0,0.0,4.0,0.0,0.0,0.0,0.0,0.0,0.0,0.0,14.3,1.0,4.0,71.4,7.0,5.0,2.0,1.0,2.0,0.0,0.0,0.0,0.0,1.0,3.0,0.0,0.0,0.0,0.0,1.0,0.0,0.0,50.0,1.3,0.0,0.0,4.0,2.0,0.0,0.0,103.0,0.0,16.0,0.6,0.0,0.0,4.0,0.0,0.0,0.0,0.0,4.0,3.0,80.0,0.0,7.0,4.0,6.0
2024,Round 22,2024-08-10,Geelong,home,CD_M20240142205,44,Tom Stewart,CD_I291800,0.0,0.0,16.0,0.0,1.0,0.0,0.0,0.0,0.0,0.0,0.0,1.0,22.2,4.0,4.0,89.5,19.0,17.0,11.0,0.0,0.0,0.0,0.0,0.0,0.0,3.0,6.0,0.0,0.0,0.0,0.0,2.0,1.0,4.0,84.6,2.2,1.0,1.0,13.0,7.0,0.0,0.0,356.0,1.0,10.0,12.4,4.0,0.0,5.0,2.0,0.0,1.0,0.0,1.0,0.0,79.0,0.0,18.0,4.0,14.0
2024,Round 22,2024-08-10,Geelong,home,CD_M20240142205,2,Zach Tuohy,CD_I292511,0.0,0.0,0.0,0.0,0.0,0.0,0.0,1.0,0.0,0.0,0.0,0.0,25.0,2.0,2.0,76.9,13.0,10.0,7.0,0.0,0.0,1.0,0.0,0.0,0.0,1.0,4.0,0.0,0.0,0.0,0.0,0.0,0.0,1.0,77.8,2.3,3.0,3.0,9.0,1.0,0.0,0.0,226.0,1.0,3.0,6.8,3.0,0.0,2.0,1.0,0.0,1.0,3.0,0.0,0.0,79.0,3.0,8.0,2.0,6.0
2024,Round 23,2024-08-17,Greater Western Sydney,away,CD_M20240142304,7,Lachie Ash,CD_I1009253,0.0,1.0,0.0,0.0,4.0,0.0,0.0,1.0,0.0,0.0,0.0,1.0,25.0,5.0,11.0,80.0,20.0,16.0,12.0,0.0,0.0,1.0,0.0,2.0,0.0,3.0,5.0,0.0,0.0,0.0,0.0,2.0,1.0,5.0,80.0,3.0,1.0,1.0,15.0,7.0,0.0,0.0,375.0,5.0,15.0,14.4,4.0,0.0,8.0,3.0,0.0,5.0,0.0,5.0,0.0,81.0,0.0,20.0,3.0,15.0
2024,Round 23,2024-08-17,Greater Western Sydney,away,CD_M20240142304,14,Toby Bedford,CD_I1008139,0.0,0.0,31.0,0.0,3.0,0.0,0.0,0.0,0.0,0.0,0.0,0.0,60.0,6.0,13.0,80.0,10.0,8.0,2.0,1.0,3.0,0.0,0.0,2.0,0.0,4.0,8.0,0.0,0.0,0.0,0.0,1.0,0.0,2.0,100.0,0.3,0.0,0.0,2.0,1.0,1.0,0.0,23.0,2.0,35.0,8.7,0.0,0.0,6.0,3.0,0.0,1.0,3.0,10.0,1.0,86.0,3.0,10.0,1.0,4.0
2024,Round 23,2024-08-17,Greater Western Sydney,away,CD_M20240142304,32,Kieren Briggs,CD_I1008436,0.0,0.0,28.0,2.0,2.0,100.0,1.0,1.0,0.0,0.0,0.0,0.0,63.6,7.0,6.0,58.3,12.0,7.0,2.0,0.0,0.0,0.0,100.0,0.0,1.0,3.0,9.0,31.1,47.9,45.0,14.0,1.0,0.0,1.0,66.7,0.3,0.0,0.0,3.0,2.0,1.0,0.0,103.0,1.0,13.0,18.1,1.0,94.0,4.0,3.0,1.0,0.0,1.0,5.0,1.0,77.0,3.0,11.0,1.0,4.0
2024,Round 23,2024-08-17,Greater Western Sydney,away,CD_M20240142304,44,Jack Buckley,CD_I1009708,0.0,0.0,0.0,0.0,1.0,25.0,1.0,4.0,0.0,0.0,0.0,0.0,50.0,4.0,11.0,85.7,7.0,6.0,3.0,0.0,1.0,0.0,0.0,0.0,0.0,3.0,3.0,0.0,0.0,0.0,0.0,0.0,0.0,3.0,75.0,1.3,0.0,0.0,4.0,3.0,0.0,0.0,108.0,5.0,12.0,7.1,1.0,0.0,2.0,1.0,0.0,3.0,0.0,1.0,0.0,87.0,0.0,8.0,2.0,4.0
2024,Round 23,2024-08-17,Greater Western Sydney,away,CD_M20240142304,5,Aaron Cadman,CD_I1019038,0.0,0.0,0.0,0.0,1.0,0.0,0.0,0.0,2.0,0.0,0.0,0.0,0.0,0.0,1.0,50.0,4.0,2.0,2.0,0.0,0.0,0.0,50.0,0.0,1.0,0.0,0.0,0.0,0.0,0.0,0.0,3.0,0.0,0.0,50.0,4.0,0.0,0.0,4.0,3.0,1.0,1.0,109.0,1.0,6.0,1.2,0.0,0.0,3.0,0.0,2.0,1.0,0.0,5.0,4.0,69.0,0.0,4.0,0.0,4.0
2024,Round 23,2024-08-17,Greater Western Sydney,away,CD_M20240142304,17,Finn Callaghan,CD_I1023266,0.0,0.0,5.0,0.0,3.0,0.0,0.0,0.0,0.0,0.0,0.0,0.0,28.0,7.0,5.0,72.0,25.0,18.0,4.0,0.0,1.0,0.0,0.0,0.0,0.0,7.0,19.0,0.0,0.0,0.0,0.0,4.0,0.0,5.0,66.7,0.3,0.0,0.0,6.0,2.0,0.0,0.0,257.0,0.0,9.0,12.2,1.0,0.0,5.0,0.0,0.0,0.0,1.0,0.0,0.0,78.0,1.0,25.0,4.0,18.0
2024,Round 23,2024-08-17,Greater Western Sydney,away,CD_M20240142304,3,Stephen Coniglio,CD_I291969,0.0,0.0,18.0,2.0,5.0,0.0,0.0,0.0,0.0,0.0,0.0,0.0,58.3,14.0,6.0,58.3,24.0,14.0,7.0,0.0,1.0,2.0,0.0,2.0,0.0,6.0,10.0,0.0,0.0,0.0,0.0,4.0,0.0,5.0,50.0,1.4,0.0,0.0,14.0,2.0,0.0,0.0,313.0,1.0,13.0,5.7,4.0,0.0,6.0,2.0,0.0,0.0,5.0,6.0,1.0,84.0,7.0,24.0,5.0,10.0
2024,Round 23,2024-08-17,Greater Western Sydney,away,CD_M20240142304,16,Brent Daniels,CD_I1002251,1.0,0.0,1.0,1.0,1.0,0.0,0.0,0.0,0.0,0.0,0.0,0.0,36.7,11.0,6.0,82.8,29.0,24.0,14.0,1.0,0.0,4.0,75.0,2.0,3.0,5.0,12.0,0.0,0.0,0.0,0.0,5.0,1.0,1.0,82.4,1.4,0.0,0.0,17.0,7.0,2.0,0.0,504.0,1.0,26.0,33.8,2.0,0.0,11.0,3.0,4.0,0.0,6.0,13.0,4.0,87.0,7.0,30.0,1.0,19.0
2024,Round 23,2024-08-17,Greater Western Sydney,away,CD_M20240142304,12,Tom Green,CD_I1009528,0.0,0.0,23.0,6.0,8.0,0.0,0.0,0.0,0.0,0.0,0.0,0.0,56.1,23.0,12.0,75.0,40.0,30.0,9.0,1.0,1.0,2.0,0.0,1.0,0.0,16.0,26.0,0.0,0.0,0.0,0.0,7.0,0.0,5.0,64.3,0.5,0.0,0.0,14.0,3.0,0.0,0.0,434.0,0.0,23.0,22.0,2.0,0.0,9.0,4.0,0.0,0.0,7.0,5.0,0.0,84.0,13.0,41.0,5.0,18.0
2024,Round 23,2024-08-17,Greater Western Sydney,away,CD_M20240142304,4,Toby Greene,CD_I295344,2.0,1.0,0.0,0.0,4.0,0.0,0.0,0.0,5.0,1.0,20.0,0.0,38.5,5.0,3.0,38.5,13.0,5.0,5.0,1.0,3.0,1.0,50.0,1.0,2.0,3.0,3.0,0.0,0.0,0.0,0.0,3.0,1.0,2.0,50.0,3.3,0.0,0.0,10.0,5.0,2.0,2.0,249.0,0.0,12.0,5.4,0.0,0.0,5.0,0.0,4.0,0.0,0.0,4.0,2.0,90.0,0.0,13.0,3.0,8.0
2024,Round 23,2024-08-17,Greater Western Sydney,away,CD_M20240142304,27,Harry Himmelberg,CD_I993107,0.0,2.0,0.0,0.0,3.0,0.0,0.0,0.0,0.0,0.0,0.0,0.0,23.5,4.0,2.0,75.0,20.0,15.0,6.0,0.0,0.0,0.0,0.0,0.0,0.0,4.0,10.0,0.0,0.0,0.0,0.0,1.0,1.0,5.0,60.0,1.0,2.0,2.0,10.0,3.0,0.0,0.0,290.0,11.0,2.0,13.6,2.0,0.0,2.0,1.0,0.0,10.0,0.0,0.0,0.0,80.0,0.0,17.0,3.0,13.0
2024,Round 23,2024-08-17,Greater Western Sydney,away,CD_M20240142304,23,Jesse Hogan,CD_I296324,4.0,0.0,0.0,0.0,3.0,0.0,0.0,0.0,2.0,2.0,100.0,3.0,40.0,6.0,0.0,66.7,15.0,10.0,10.0,2.0,1.0,1.0,60.0,0.0,6.0,2.0,0.0,0.0,0.0,0.0,0.0,3.0,0.0,0.0,66.7,15.0,0.0,0.0,15.0,9.0,3.0,1.0,363.0,3.0,3.0,10.9,1.0,0.0,10.0,0.0,10.0,3.0,0.0,1.0,1.0,91.0,0.0,15.0,3.0,9.0
2024,Round 23,2024-08-17,Greater Western Sydney,away,CD_M20240142304,39,Connor Idun,CD_I1008083,0.0,0.0,0.0,0.0,1.0,33.3,1.0,3.0,0.0,0.0,0.0,0.0,25.0,4.0,6.0,94.4,18.0,17.0,7.0,0.0,1.0,0.0,0.0,0.0,0.0,4.0,10.0,0.0,0.0,0.0,0.0,2.0,1.0,5.0,87.5,0.8,1.0,1.0,8.0,8.0,0.0,0.0,331.0,2.0,6.0,8.9,4.0,0.0,0.0,0.0,0.0,2.0,0.0,1.0,0.0,84.0,0.0,16.0,1.0,12.0
2024,Round 23,2024-08-17,Greater Western Sydney,away,CD_M20240142304,2,Darcy Jones,CD_I1020650,0.0,0.0,0.0,0.0,3.0,0.0,0.0,0.0,0.0,0.0,0.0,0.0,44.4,8.0,9.0,55.6,18.0,10.0,6.0,0.0,0.0,2.0,100.0,0.0,1.0,6.0,10.0,0.0,0.0,0.0,0.0,3.0,0.0,1.0,75.0,0.8,0.0,0.0,8.0,1.0,0.0,0.0,180.0,1.0,19.0,10.0,0.0,0.0,3.0,0.0,1.0,1.0,1.0,7.0,0.0,80.0,1.0,18.0,5.0,10.0
2024,Round 23,2024-08-17,Greater Western Sydney,away,CD_M20240142304,25,Lachlan Keeffe,CD_I290314,1.0,0.0,5.0,0.0,2.0,0.0,0.0,1.0,1.0,0.0,0.0,0.0,40.0,2.0,1.0,57.1,7.0,4.0,4.0,0.0,0.0,0.0,0.0,0.0,0.0,2.0,1.0,36.4,64.7,11.0,4.0,0.0,0.0,2.0,66.7,6.0,0.0,0.0,6.0,3.0,1.0,1.0,92.0,1.0,5.0,0.8,0.0,17.0,3.0,1.0,1.0,1.0,0.0,1.0,0.0,63.0,0.0,5.0,2.0,3.0
2024,Round 23,2024-08-17,Greater Western Sydney,away,CD_M20240142304,22,Josh Kelly,CD_I296347,0.0,0.0,2.0,0.0,0.0,0.0,0.0,0.0,0.0,0.0,0.0,0.0,18.2,4.0,12.0,90.9,22.0,20.0,8.0,0.0,0.0,0.0,0.0,0.0,0.0,4.0,12.0,0.0,0.0,0.0,0.0,4.0,0.0,1.0,80.0,0.8,0.0,0.0,10.0,5.0,0.0,1.0,441.0,0.0,19.0,13.3,3.0,0.0,5.0,1.0,0.0,0.0,3.0,3.0,0.0,85.0,3.0,22.0,3.0,18.0
2024,Round 23,2024-08-17,Greater Western Sydney,away,CD_M20240142304,31,Toby McMullin,CD_I1027971,1.0,0.0,0.0,0.0,1.0,0.0,0.0,0.0,0.0,0.0,0.0,0.0,33.3,2.0,1.0,66.7,6.0,4.0,1.0,0.0,0.0,0.0,0.0,0.0,0.0,2.0,3.0,0.0,0.0,0.0,0.0,0.0,0.0,1.0,33.3,1.0,0.0,0.0,3.0,1.0,1.0,0.0,94.0,0.0,11.0,2.6,0.0,0.0,3.0,0.0,1.0,0.0,0.0,0.0,0.0,56.0,0.0,6.0,1.0,4.0
2024,Round 23,2024-08-17,Greater Western Sydney,away,CD_M20240142304,20,James Peatling,CD_I1006013,1.0,0.0,19.0,2.0,2.0,0.0,0.0,0.0,1.0,0.0,0.0,0.0,60.0,6.0,10.0,75.0,12.0,9.0,3.0,2.0,2.0,1.0,0.0,1.0,0.0,5.0,7.0,0.0,0.0,0.0,0.0,2.0,0.0,0.0,60.0,0.7,0.0,0.0,5.0,0.0,0.0,0.0,117.0,0.0,19.0,4.7,1.0,0.0,3.0,1.0,1.0,0.0,1.0,2.0,0.0,77.0,3.0,10.0,0.0,4.0
2024,Round 23,2024-08-17,Greater Western Sydney,away,CD_M20240142304,36,Harry Perryman,CD_I998205,0.0,0.0,0.0,0.0,2.0,0.0,0.0,0.0,0.0,0.0,0.0,1.0,15.8,3.0,7.0,84.2,19.0,16.0,9.0,0.0,0.0,1.0,0.0,0.0,0.0,1.0,8.0,0.0,0.0,0.0,0.0,0.0,3.0,5.0,81.8,1.4,0.0,0.0,11.0,7.0,0.0,0.0,328.0,1.0,14.0,8.6,7.0,0.0,5.0,1.0,0.0,1.0,0.0,2.0,1.0,88.0,0.0,19.0,4.0,16.0
2024,Round 23,2024-08-17,Greater Western Sydney,away,CD_M20240142304,18,Conor Stone,CD_I1015862,0.0,0.0,0.0,0.0,0.0,0.0,0.0,0.0,0.0,0.0,0.0,0.0,0.0,0.0,1.0,100.0,1.0,1.0,0.0,0.0,0.0,0.0,0.0,0.0,0.0,0.0,1.0,0.0,0.0,0.0,0.0,0.0,0.0,0.0,0.0,0.0,0.0,0.0,0.0,0.0,0.0,0.0,-7.0,0.0,1.0,0.0,0.0,0.0,1.0,0.0,0.0,0.0,0.0,0.0,0.0,7.0,0.0,1.0,0.0,1.0
2024,Round 23,2024-08-17,Greater Western Sydney,away,CD_M20240142304,15,Sam Taylor,CD_I1005247,0.0,0.0,0.0,0.0,2.0,0.0,0.0,4.0,0.0,0.0,0.0,2.0,54.5,6.0,12.0,83.3,12.0,10.0,5.0,0.0,0.0,1.0,0.0,0.0,0.0,3.0,7.0,0.0,0.0,0.0,0.0,0.0,3.0,8.0,100.0,0.7,0.0,0.0,5.0,5.0,0.0,0.0,5.0,14.0,13.0,13.6,3.0,0.0,3.0,2.0,0.0,13.0,0.0,3.0,0.0,95.0,0.0,11.0,1.0,5.0
2024,Round 23,2024-08-17,Greater Western Sydney,away,CD_M20240142304,8,Callan Ward,CD_I280109,0.0,0.0,0.0,0.0,2.0,0.0,0.0,0.0,0.0,0.0,0.0,0.0,23.1,3.0,0.0,85.7,14.0,12.0,7.0,0.0,0.0,0.0,100.0,0.0,1.0,3.0,5.0,0.0,0.0,0.0,0.0,2.0,0.0,1.0,77.8,1.8,0.0,0.0,9.0,4.0,1.0,0.0,265.0,0.0,9.0,6.3,1.0,0.0,3.0,0.0,1.0,0.0,2.0,0.0,0.0,86.0,2.0,13.0,2.0,10.0
2024,Round 23,2024-08-17,Greater Western Sydney,away,CD_M20240142304,6,Lachie Whitfield,CD_I294305,0.0,0.0,0.0,0.0,5.0,0.0,0.0,0.0,0.0,0.0,0.0,0.0,23.1,6.0,9.0,74.1,27.0,20.0,17.0,0.0,2.0,2.0,0.0,0.0,0.0,3.0,7.0,0.0,0.0,0.0,0.0,4.0,1.0,6.0,85.0,2.9,2.0,1.0,20.0,11.0,0.0,1.0,428.0,1.0,15.0,4.3,2.0,0.0,5.0,0.0,0.0,0.0,1.0,3.0,0.0,85.0,1.0,26.0,5.0,20.0
2024,Round 24,2024-08-25,Port Adelaide,home,CD_M20240142403,21,Aliir Aliir,CD_I294469,0.0,0.0,0.0,0.0,2.0,100.0,2.0,2.0,0.0,0.0,0.0,0.0,46.2,6.0,4.0,69.2,13.0,9.0,6.0,0.0,2.0,1.0,0.0,0.0,0.0,5.0,4.0,0.0,0.0,0.0,0.0,1.0,0.0,6.0,66.7,2.3,0.0,0.0,9.0,5.0,0.0,0.0,265.0,3.0,4.0,7.3,3.0,0.0,0.0,0.0,0.0,3.0,0.0,2.0,0.0,91.0,0.0,13.0,3.0,7.0
2024,Round 24,2024-08-25,Port Adelaide,home,CD_M20240142403,14,Miles Bergman,CD_I1009191,0.0,0.0,0.0,0.0,1.0,50.0,1.0,2.0,0.0,0.0,0.0,1.0,46.2,6.0,9.0,78.6,14.0,11.0,8.0,0.0,0.0,2.0,0.0,0.0,0.0,3.0,3.0,0.0,0.0,0.0,0.0,4.0,1.0,7.0,72.7,3.7,0.0,0.0,11.0,6.0,0.0,0.0,464.0,2.0,10.0,12.8,7.0,0.0,3.0,1.0,0.0,2.0,0.0,2.0,0.0,87.0,0.0,13.0,4.0,7.0
2024,Round 24,2024-08-25,Port Adelaide,home,CD_M20240142403,10,Travis Boak,CD_I250365,0.0,0.0,0.0,0.0,0.0,0.0,0.0,0.0,0.0,0.0,0.0,0.0,33.3,6.0,9.0,77.8,18.0,14.0,8.0,0.0,0.0,1.0,0.0,1.0,0.0,6.0,7.0,0.0,0.0,0.0,0.0,3.0,0.0,4.0,72.7,1.6,0.0,0.0,11.0,1.0,0.0,0.0,279.0,1.0,18.0,9.7,1.0,0.0,2.0,0.0,0.0,1.0,1.0,2.0,1.0,76.0,1.0,18.0,4.0,12.0
2024,Round 24,2024-08-25,Port Adelaide,home,CD_M20240142403,7,Jase Burgoyne,CD_I1013462,2.0,1.0,0.0,0.0,2.0,0.0,0.0,0.0,1.0,0.0,0.0,1.0,42.1,8.0,5.0,70.0,20.0,14.0,6.0,1.0,1.0,1.0,0.0,0.0,0.0,6.0,8.0,0.0,0.0,0.0,0.0,3.0,2.0,7.0,50.0,1.5,0.0,0.0,12.0,5.0,1.0,0.0,323.0,2.0,18.0,10.2,2.0,0.0,5.0,2.0,2.0,1.0,1.0,4.0,1.0,100.0,1.0,19.0,3.0,11.0
2024,Round 24,2024-08-25,Port Adelaide,home,CD_M20240142403,3,Ryan Burton,CD_I992128,1.0,0.0,0.0,0.0,2.0,0.0,0.0,1.0,0.0,0.0,0.0,0.0,26.7,4.0,13.0,73.7,19.0,14.0,13.0,0.0,0.0,0.0,0.0,0.0,0.0,3.0,1.0,0.0,0.0,0.0,0.0,2.0,1.0,5.0,72.2,18.0,5.0,5.0,18.0,5.0,0.0,0.0,642.0,2.0,20.0,11.5,6.0,0.0,3.0,2.0,1.0,0.0,0.0,2.0,0.0,77.0,0.0,15.0,3.0,11.0
2024,Round 24,2024-08-25,Port Adelaide,home,CD_M20240142403,9,Zak Butters,CD_I1006121,2.0,1.0,12.0,3.0,5.0,0.0,0.0,0.0,1.0,0.0,0.0,0.0,55.6,15.0,5.0,60.7,28.0,17.0,8.0,3.0,1.0,2.0,0.0,1.0,0.0,12.0,14.0,0.0,0.0,0.0,0.0,5.0,0.0,7.0,57.1,1.0,0.0,0.0,14.0,2.0,0.0,0.0,282.0,4.0,20.0,19.0,0.0,0.0,10.0,4.0,2.0,2.0,3.0,3.0,0.0,77.0,6.0,27.0,4.0,12.0
2024,Round 24,2024-08-25,Port Adelaide,home,CD_M20240142403,33,Darcy Byrne-Jones,CD_I991930,0.0,0.0,0.0,0.0,4.0,0.0,0.0,0.0,0.0,0.0,0.0,0.0,58.8,10.0,8.0,47.1,17.0,8.0,6.0,0.0,1.0,2.0,100.0,0.0,1.0,8.0,5.0,0.0,0.0,0.0,0.0,3.0,0.0,8.0,50.0,2.4,0.0,0.0,12.0,3.0,0.0,0.0,316.0,2.0,20.0,10.9,1.0,0.0,3.0,0.0,1.0,0.0,1.0,6.0,1.0,81.0,1.0,17.0,3.0,7.0
2024,Round 24,2024-08-25,Port Adelaide,home,CD_M20240142403,28,Willem Drew,CD_I1000972,0.0,0.0,19.0,0.0,4.0,0.0,0.0,0.0,1.0,0.0,0.0,0.0,16.7,2.0,12.0,58.3,12.0,7.0,4.0,0.0,1.0,2.0,100.0,0.0,1.0,1.0,4.0,0.0,0.0,0.0,0.0,3.0,0.0,1.0,50.0,2.0,0.0,0.0,8.0,1.0,0.0,0.0,185.0,0.0,27.0,3.0,0.0,0.0,3.0,0.0,1.0,0.0,0.0,8.0,1.0,81.0,0.0,12.0,3.0,10.0
2024,Round 24,2024-08-25,Port Adelaide,home,CD_M20240142403,31,Francis Evans,CD_I1017255,0.0,0.0,0.0,0.0,2.0,0.0,0.0,0.0,1.0,1.0,100.0,0.0,60.0,3.0,5.0,60.0,5.0,3.0,1.0,2.0,1.0,0.0,100.0,0.0,1.0,3.0,3.0,0.0,0.0,0.0,0.0,0.0,0.0,0.0,50.0,0.7,0.0,0.0,2.0,1.0,1.0,0.0,16.0,1.0,15.0,3.0,0.0,0.0,2.0,0.0,1.0,1.0,0.0,5.0,3.0,40.0,0.0,5.0,1.0,2.0
2024,Round 24,2024-08-25,Port Adelaide,home,CD_M20240142403,43,Logan Evans,CD_I1019938,0.0,1.0,0.0,0.0,2.0,0.0,0.0,1.0,0.0,0.0,0.0,0.0,31.3,5.0,5.0,78.3,23.0,18.0,18.0,0.0,1.0,1.0,0.0,0.0,0.0,4.0,0.0,0.0,0.0,0.0,0.0,2.0,0.0,5.0,78.3,23.0,8.0,8.0,23.0,6.0,0.0,0.0,631.0,4.0,7.0,5.5,10.0,0.0,2.0,2.0,0.0,4.0,0.0,2.0,0.0,89.0,0.0,16.0,6.0,11.0
2024,Round 24,2024-08-25,Port Adelaide,home,CD_M20240142403,6,Kane Farrell,CD_I1002253,0.0,2.0,0.0,0.0,3.0,0.0,0.0,0.0,0.0,0.0,0.0,0.0,40.0,6.0,2.0,76.9,13.0,10.0,6.0,0.0,1.0,0.0,0.0,0.0,0.0,5.0,5.0,0.0,0.0,0.0,0.0,3.0,0.0,6.0,75.0,1.6,0.0,0.0,8.0,4.0,0.0,0.0,380.0,1.0,5.0,6.2,2.0,0.0,3.0,0.0,0.0,0.0,0.0,2.0,0.0,35.0,0.0,15.0,6.0,9.0
2024,Round 24,2024-08-25,Port Adelaide,home,CD_M20240142403,19,Mitch Georgiades,CD_I1010174,0.0,0.0,0.0,0.0,1.0,0.0,0.0,0.0,4.0,2.0,50.0,2.0,40.0,4.0,0.0,100.0,9.0,9.0,4.0,0.0,1.0,1.0,100.0,1.0,2.0,1.0,5.0,0.0,0.0,0.0,0.0,2.0,0.0,1.0,100.0,0.8,0.0,0.0,4.0,5.0,3.0,2.0,115.0,1.0,10.0,10.9,0.0,0.0,6.0,0.0,2.0,1.0,0.0,2.0,1.0,87.0,0.0,10.0,1.0,6.0
2024,Round 24,2024-08-25,Port Adelaide,home,CD_M20240142403,18,Jason Horne-Francis,CD_I1011640,1.0,1.0,10.0,2.0,3.0,0.0,0.0,0.0,1.0,1.0,100.0,0.0,50.0,10.0,7.0,70.0,20.0,14.0,8.0,0.0,3.0,0.0,66.7,1.0,2.0,8.0,7.0,0.0,0.0,0.0,0.0,5.0,0.0,0.0,61.5,1.9,0.0,0.0,13.0,2.0,0.0,0.0,404.0,0.0,16.0,13.5,1.0,0.0,8.0,2.0,3.0,0.0,3.0,2.0,0.0,83.0,5.0,20.0,5.0,10.0
2024,Round 24,2024-08-25,Port Adelaide,home,CD_M20240142403,34,Lachie Jones,CD_I1011583,0.0,0.0,0.0,0.0,1.0,100.0,1.0,1.0,0.0,0.0,0.0,0.0,14.3,1.0,8.0,100.0,7.0,7.0,5.0,0.0,1.0,0.0,0.0,0.0,0.0,1.0,2.0,0.0,0.0,0.0,0.0,0.0,1.0,2.0,100.0,2.5,0.0,0.0,5.0,6.0,0.0,0.0,43.0,2.0,12.0,6.1,1.0,0.0,2.0,1.0,0.0,2.0,0.0,3.0,0.0,78.0,0.0,7.0,0.0,6.0
2024,Round 24,2024-08-25,Port Adelaide,home,CD_M20240142403,41,Jed McEntee,CD_I1004819,0.0,0.0,0.0,0.0,2.0,0.0,0.0,0.0,0.0,0.0,0.0,0.0,60.0,3.0,2.0,85.7,7.0,6.0,5.0,0.0,1.0,1.0,100.0,0.0,1.0,2.0,2.0,0.0,0.0,0.0,0.0,0.0,0.0,1.0,100.0,2.5,0.0,0.0,5.0,0.0,0.0,0.0,68.0,0.0,14.0,5.0,0.0,0.0,2.0,0.0,1.0,0.0,0.0,5.0,2.0,62.0,0.0,5.0,1.0,2.0
2024,Round 24,2024-08-25,Port Adelaide,home,CD_M20240142403,44,Jackson Mead,CD_I1005326,1.0,1.0,3.0,0.0,3.0,100.0,1.0,1.0,0.0,0.0,0.0,0.0,38.9,7.0,8.0,44.4,18.0,8.0,3.0,2.0,0.0,0.0,0.0,2.0,0.0,7.0,9.0,0.0,0.0,0.0,0.0,4.0,0.0,1.0,33.3,1.0,0.0,0.0,9.0,2.0,0.0,0.0,370.0,0.0,22.0,8.0,1.0,0.0,3.0,1.0,1.0,0.0,3.0,3.0,1.0,73.0,3.0,18.0,6.0,11.0
2024,Round 24,2024-08-25,Port Adelaide,home,CD_M20240142403,27,Esava Ratugolea,CD_I1002220,0.0,0.0,0.0,0.0,3.0,0.0,0.0,0.0,4.0,1.0,25.0,2.0,66.7,4.0,2.0,100.0,6.0,6.0,3.0,2.0,2.0,0.0,0.0,1.0,0.0,2.0,3.0,0.0,0.0,0.0,0.0,1.0,0.0,1.0,100.0,1.0,0.0,0.0,3.0,4.0,0.0,0.0,139.0,2.0,11.0,4.7,0.0,0.0,3.0,1.0,0.0,2.0,0.0,3.0,2.0,91.0,0.0,6.0,2.0,2.0
2024,Round 24,2024-08-25,Port Adelaide,home,CD_M20240142403,15,Willie Rioli,CD_I296225,0.0,0.0,0.0,0.0,2.0,0.0,0.0,0.0,2.0,1.0,50.0,0.0,44.4,4.0,1.0,62.5,8.0,5.0,4.0,1.0,2.0,1.0,100.0,0.0,3.0,2.0,2.0,0.0,0.0,0.0,0.0,3.0,0.0,0.0,66.7,3.0,0.0,0.0,6.0,2.0,1.0,0.0,126.0,1.0,4.0,5.1,0.0,0.0,6.0,0.0,3.0,0.0,0.0,1.0,0.0,91.0,0.0,9.0,2.0,5.0
2024,Round 24,2024-08-25,Port Adelaide,home,CD_M20240142403,1,Connor Rozee,CD_I1001299,0.0,1.0,13.0,1.0,2.0,0.0,0.0,0.0,0.0,0.0,0.0,0.0,50.0,9.0,8.0,68.4,19.0,13.0,7.0,3.0,0.0,2.0,0.0,0.0,0.0,7.0,7.0,0.0,0.0,0.0,0.0,2.0,0.0,0.0,58.3,1.7,0.0,0.0,12.0,3.0,0.0,0.0,183.0,0.0,20.0,8.1,1.0,0.0,0.0,0.0,0.0,0.0,5.0,3.0,0.0,79.0,6.0,18.0,5.0,9.0
2024,Round 24,2024-08-25,Port Adelaide,home,CD_M20240142403,24,Jordon Sweet,CD_I992330,1.0,0.0,20.0,0.0,1.0,0.0,0.0,5.0,3.0,3.0,100.0,2.0,64.3,9.0,7.0,61.5,13.0,8.0,4.0,0.0,1.0,3.0,50.0,0.0,1.0,2.0,5.0,12.8,52.7,39.0,5.0,3.0,0.0,0.0,50.0,1.6,0.0,0.0,8.0,4.0,1.0,0.0,311.0,8.0,14.0,14.3,1.0,74.0,5.0,3.0,2.0,6.0,6.0,7.0,3.0,83.0,6.0,14.0,0.0,5.0
2024,Round 24,2024-08-25,Port Adelaide,home,CD_M20240142403,38,Dante Visentini,CD_I1017128,0.0,0.0,5.0,1.0,4.0,100.0,1.0,1.0,3.0,1.0,33.3,1.0,25.0,1.0,7.0,75.0,4.0,3.0,1.0,0.0,4.0,0.0,100.0,1.0,1.0,0.0,2.0,9.1,52.4,11.0,1.0,0.0,0.0,0.0,50.0,1.0,0.0,0.0,2.0,2.0,1.0,0.0,58.0,1.0,13.0,1.6,0.0,21.0,3.0,1.0,1.0,1.0,0.0,3.0,0.0,65.0,1.0,4.0,2.0,3.0
2024,Round 24,2024-08-25,Port Adelaide,home,CD_M20240142403,16,Ollie Wines,CD_I294318,1.0,0.0,18.0,1.0,3.0,0.0,0.0,0.0,0.0,0.0,0.0,0.0,53.1,17.0,7.0,64.5,31.0,20.0,8.0,1.0,0.0,1.0,0.0,0.0,0.0,14.0,14.0,0.0,0.0,0.0,0.0,5.0,1.0,5.0,47.1,1.2,0.0,0.0,17.0,3.0,0.0,0.0,411.0,2.0,21.0,16.7,0.0,0.0,7.0,1.0,1.0,1.0,5.0,2.0,1.0,75.0,6.0,32.0,4.0,15.0
2024,Round 24,2024-08-25,Port Adelaide,home,CD_M20240142403,25,Brandon Zerk-Thatcher,CD_I1004034,0.0,0.0,0.0,0.0,1.0,50.0,1.0,2.0,0.0,0.0,0.0,1.0,33.3,3.0,5.0,88.9,9.0,8.0,7.0,0.0,1.0,1.0,0.0,0.0,0.0,1.0,2.0,0.0,0.0,0.0,0.0,1.0,5.0,8.0,100.0,3.5,0.0,0.0,7.0,6.0,0.0,0.0,232.0,5.0,6.0,9.5,2.0,0.0,1.0,1.0,0.0,4.0,0.0,0.0,0.0,100.0,0.0,9.0,2.0,6.0
2025,Round 1,2025-03-15,Geelong,away,CD_M20250140103,30,Tom Atkins,CD_I994386,0.0,0.0,22.0,0.0,2.0,0.0,0.0,0.0,0.0,0.0,0.0,0.0,63.6,7.0,13.0,50.0,10.0,5.0,2.0,1.0,1.0,1.0,100.0,0.0,1.0,5.0,5.0,0.0,0.0,0.0,0.0,2.0,0.0,2.0,40.0,1.0,0.0,0.0,5.0,1.0,1.0,0.0,199.0,1.0,36.0,10.3,0.0,0.0,2.0,1.0,1.0,0.0,2.0,12.0,3.0,80.0,2.0,11.0,2.0,4.0
2025,Round 1,2025-03-15,Geelong,away,CD_M20250140103,46,Mark Blicavs,CD_I296733,0.0,0.0,6.0,1.0,1.0,100.0,1.0,1.0,0.0,0.0,0.0,0.0,41.7,5.0,10.0,75.0,12.0,9.0,6.0,0.0,0.0,1.0,0.0,1.0,0.0,4.0,3.0,40.0,27.8,10.0,4.0,3.0,2.0,4.0,66.7,3.0,0.0,0.0,9.0,4.0,0.0,0.0,173.0,7.0,15.0,14.7,0.0,36.0,8.0,6.0,0.0,6.0,2.0,3.0,0.0,80.0,3.0,12.0,1.0,7.0
2025,Round 1,2025-03-15,Geelong,away,CD_M20250140103,12,Jack Bowes,CD_I998260,0.0,0.0,0.0,0.0,0.0,0.0,0.0,0.0,0.0,0.0,0.0,0.0,22.2,2.0,1.0,44.4,9.0,4.0,3.0,1.0,0.0,0.0,100.0,0.0,1.0,2.0,3.0,0.0,0.0,0.0,0.0,2.0,0.0,1.0,50.0,2.0,0.0,0.0,6.0,2.0,1.0,0.0,152.0,1.0,15.0,5.9,0.0,0.0,3.0,0.0,1.0,1.0,0.0,7.0,0.0,80.0,0.0,9.0,1.0,7.0
2025,Round 1,2025-03-15,Geelong,away,CD_M20250140103,5,Jeremy Cameron,CD_I293845,1.0,0.0,0.0,0.0,3.0,0.0,0.0,0.0,0.0,0.0,0.0,4.0,53.3,8.0,1.0,60.0,15.0,9.0,6.0,1.0,1.0,1.0,66.7,0.0,4.0,3.0,3.0,0.0,0.0,0.0,0.0,3.0,1.0,1.0,50.0,4.0,0.0,0.0,12.0,8.0,4.0,1.0,285.0,0.0,7.0,16.2,0.0,1.0,8.0,2.0,6.0,0.0,2.0,3.0,3.0,89.0,2.0,15.0,3.0,7.0
2025,Round 1,2025-03-15,Geelong,away,CD_M20250140103,13,Jhye Clark,CD_I1023537,0.0,0.0,6.0,2.0,0.0,0.0,0.0,0.0,0.0,0.0,0.0,0.0,80.0,4.0,0.0,100.0,5.0,5.0,2.0,0.0,0.0,0.0,0.0,0.0,0.0,4.0,3.0,0.0,0.0,0.0,0.0,2.0,0.0,2.0,100.0,0.7,0.0,0.0,2.0,0.0,0.0,0.0,113.0,0.0,4.0,5.9,0.0,0.0,3.0,3.0,0.0,0.0,0.0,2.0,0.0,14.0,2.0,5.0,1.0,1.0
2025,Round 1,2025-03-15,Geelong,away,CD_M20250140103,45,Brad Close,CD_I999326,0.0,0.0,0.0,0.0,3.0,0.0,0.0,0.0,1.0,1.0,100.0,0.0,46.2,6.0,2.0,66.7,15.0,10.0,6.0,4.0,0.0,1.0,100.0,1.0,1.0,5.0,6.0,0.0,0.0,0.0,0.0,1.0,0.0,3.0,66.7,1.5,0.0,0.0,9.0,1.0,0.0,0.0,132.0,1.0,15.0,9.4,1.0,0.0,7.0,1.0,1.0,1.0,0.0,3.0,0.0,75.0,0.0,13.0,4.0,7.0
2025,Round 1,2025-03-15,Geelong,away,CD_M20250140103,35,Patrick Dangerfield,CD_I270917,2.0,0.0,7.0,0.0,1.0,0.0,0.0,0.0,4.0,3.0,75.0,0.0,66.7,8.0,2.0,66.7,12.0,8.0,4.0,3.0,0.0,2.0,50.0,1.0,2.0,6.0,6.0,0.0,20.0,1.0,0.0,1.0,0.0,2.0,66.7,1.0,0.0,0.0,6.0,0.0,0.0,0.0,215.0,0.0,8.0,14.5,0.0,5.0,9.0,3.0,4.0,0.0,1.0,3.0,1.0,70.0,1.0,12.0,1.0,4.0
2025,Round 1,2025-03-15,Geelong,away,CD_M20250140103,16,Sam De Koning,CD_I1009229,0.0,0.0,28.0,2.0,5.0,0.0,0.0,2.0,0.0,0.0,0.0,0.0,28.0,7.0,5.0,64.0,25.0,16.0,11.0,0.0,1.0,4.0,100.0,1.0,1.0,3.0,10.0,22.2,40.9,18.0,4.0,6.0,1.0,2.0,73.3,1.5,0.0,0.0,15.0,6.0,0.0,0.0,481.0,4.0,14.0,9.8,0.0,44.0,5.0,0.0,1.0,4.0,1.0,4.0,0.0,78.0,3.0,25.0,7.0,18.0
2025,Round 1,2025-03-15,Geelong,away,CD_M20250140103,28,Oliver Dempsey,CD_I1025034,1.0,0.0,0.0,0.0,2.0,0.0,0.0,0.0,0.0,0.0,0.0,0.0,42.9,6.0,4.0,80.0,15.0,12.0,7.0,1.0,1.0,1.0,66.7,0.0,2.0,4.0,7.0,0.0,0.0,0.0,0.0,3.0,2.0,3.0,87.5,1.1,0.0,0.0,8.0,4.0,1.0,1.0,177.0,0.0,19.0,12.8,0.0,0.0,8.0,1.0,3.0,0.0,0.0,5.0,0.0,88.0,0.0,14.0,2.0,8.0
2025,Round 1,2025-03-15,Geelong,away,CD_M20250140103,39,Zach Guthrie,CD_I1004870,0.0,1.0,0.0,0.0,1.0,0.0,0.0,1.0,0.0,0.0,0.0,0.0,20.0,3.0,10.0,90.5,21.0,19.0,17.0,0.0,0.0,1.0,0.0,0.0,0.0,2.0,2.0,0.0,0.0,0.0,0.0,1.0,1.0,5.0,89.5,9.5,5.0,5.0,19.0,9.0,0.0,0.0,491.0,4.0,16.0,8.8,5.0,0.0,2.0,0.0,0.0,4.0,0.0,1.0,0.0,80.0,0.0,15.0,3.0,12.0
2025,Round 1,2025-03-15,Geelong,away,CD_M20250140103,38,Jack Henry,CD_I1000937,0.0,0.0,0.0,0.0,6.0,50.0,1.0,2.0,0.0,0.0,0.0,2.0,41.7,10.0,5.0,79.2,24.0,19.0,17.0,0.0,0.0,3.0,0.0,0.0,0.0,5.0,4.0,0.0,0.0,0.0,0.0,0.0,3.0,11.0,85.0,5.0,0.0,0.0,20.0,14.0,0.0,0.0,236.0,2.0,5.0,10.9,3.0,0.0,3.0,1.0,0.0,2.0,0.0,1.0,0.0,95.0,0.0,24.0,4.0,14.0
2025,Round 1,2025-03-15,Geelong,away,CD_M20250140103,36,Oliver Henry,CD_I1012860,0.0,0.0,0.0,0.0,4.0,0.0,0.0,0.0,1.0,0.0,0.0,1.0,50.0,4.0,0.0,55.6,9.0,5.0,4.0,2.0,0.0,0.0,75.0,0.0,3.0,2.0,3.0,0.0,0.0,0.0,0.0,1.0,0.0,0.0,66.7,2.0,0.0,0.0,6.0,2.0,2.0,1.0,146.0,0.0,7.0,9.2,0.0,0.0,4.0,0.0,4.0,0.0,1.0,2.0,1.0,85.0,1.0,8.0,1.0,4.0
2025,Round 1,2025-03-15,Geelong,away,CD_M20250140103,9,Max Holmes,CD_I1015889,0.0,2.0,21.0,6.0,3.0,0.0,0.0,0.0,0.0,0.0,0.0,0.0,50.0,11.0,12.0,75.0,24.0,18.0,11.0,0.0,1.0,1.0,100.0,0.0,2.0,8.0,8.0,0.0,0.0,0.0,0.0,3.0,0.0,4.0,68.8,2.0,0.0,0.0,16.0,4.0,1.0,0.0,406.0,2.0,23.0,22.5,3.0,0.0,6.0,1.0,2.0,1.0,1.0,5.0,1.0,74.0,7.0,22.0,4.0,11.0
2025,Round 1,2025-03-15,Geelong,away,CD_M20250140103,17,Lawson Humphries,CD_I1013464,1.0,2.0,0.0,1.0,0.0,0.0,0.0,1.0,0.0,0.0,0.0,0.0,25.0,5.0,8.0,78.3,23.0,18.0,14.0,1.0,0.0,1.0,0.0,2.0,0.0,4.0,5.0,0.0,0.0,0.0,0.0,6.0,0.0,4.0,77.8,3.6,2.0,2.0,18.0,7.0,0.0,0.0,552.0,2.0,9.0,13.7,6.0,0.0,6.0,0.0,1.0,2.0,1.0,1.0,0.0,83.0,2.0,20.0,1.0,15.0
2025,Round 1,2025-03-15,Geelong,away,CD_M20250140103,10,Mitch Knevitt,CD_I1021103,0.0,0.0,19.0,1.0,3.0,0.0,0.0,0.0,0.0,0.0,0.0,0.0,52.4,11.0,4.0,66.7,21.0,14.0,6.0,2.0,0.0,2.0,0.0,0.0,0.0,7.0,12.0,0.0,0.0,0.0,0.0,6.0,0.0,2.0,66.7,0.8,0.0,0.0,9.0,2.0,0.0,0.0,396.0,2.0,24.0,14.9,2.0,0.0,6.0,1.0,0.0,1.0,3.0,11.0,3.0,68.0,4.0,21.0,2.0,10.0
2025,Round 1,2025-03-15,Geelong,away,CD_M20250140103,32,Gryan Miers,CD_I1004938,1.0,0.0,0.0,0.0,2.0,100.0,1.0,1.0,0.0,0.0,0.0,0.0,21.4,3.0,4.0,50.0,14.0,7.0,7.0,1.0,1.0,0.0,50.0,1.0,1.0,3.0,0.0,0.0,0.0,0.0,0.0,2.0,0.0,0.0,50.0,14.0,0.0,0.0,14.0,8.0,1.0,0.0,260.0,0.0,25.0,5.2,3.0,0.0,5.0,0.0,2.0,0.0,2.0,6.0,3.0,89.0,2.0,14.0,2.0,11.0
2025,Round 1,2025-03-15,Geelong,away,CD_M20250140103,34,Oisin Mullin,CD_I1024982,0.0,0.0,1.0,0.0,1.0,0.0,0.0,0.0,0.0,0.0,0.0,0.0,16.7,1.0,9.0,100.0,6.0,6.0,5.0,0.0,1.0,0.0,0.0,0.0,0.0,1.0,1.0,0.0,0.0,0.0,0.0,0.0,0.0,1.0,100.0,5.0,0.0,0.0,5.0,4.0,0.0,0.0,75.0,1.0,11.0,2.7,0.0,0.0,2.0,0.0,0.0,1.0,0.0,4.0,0.0,88.0,0.0,6.0,0.0,5.0
2025,Round 1,2025-03-15,Geelong,away,CD_M20250140103,33,Shannon Neale,CD_I1016433,1.0,1.0,0.0,0.0,3.0,0.0,0.0,0.0,4.0,1.0,25.0,3.0,55.6,5.0,3.0,88.9,9.0,8.0,6.0,0.0,3.0,1.0,50.0,4.0,1.0,1.0,2.0,16.7,28.6,6.0,1.0,4.0,0.0,0.0,85.7,3.5,0.0,0.0,7.0,5.0,3.0,1.0,264.0,0.0,10.0,11.3,0.0,21.0,7.0,1.0,2.0,0.0,0.0,3.0,3.0,84.0,0.0,9.0,2.0,4.0
2025,Round 1,2025-03-15,Geelong,away,CD_M20250140103,42,Mark O'Connor,CD_I1007102,0.0,0.0,0.0,0.0,1.0,0.0,0.0,0.0,0.0,0.0,0.0,0.0,46.2,6.0,3.0,84.6,13.0,11.0,8.0,3.0,0.0,1.0,0.0,0.0,0.0,4.0,4.0,0.0,0.0,0.0,0.0,0.0,0.0,2.0,88.9,2.3,0.0,0.0,9.0,3.0,0.0,0.0,271.0,0.0,4.0,8.9,2.0,0.0,6.0,3.0,0.0,0.0,2.0,1.0,0.0,73.0,2.0,13.0,1.0,7.0
2025,Round 1,2025-03-15,Geelong,away,CD_M20250140103,14,Connor O'Sullivan,CD_I1027877,0.0,0.0,0.0,0.0,3.0,66.7,2.0,3.0,0.0,0.0,0.0,1.0,30.0,3.0,7.0,81.8,11.0,9.0,5.0,1.0,1.0,0.0,0.0,0.0,0.0,2.0,5.0,0.0,0.0,0.0,0.0,0.0,1.0,3.0,83.3,1.2,0.0,0.0,6.0,7.0,0.0,0.0,141.0,3.0,9.0,5.8,1.0,0.0,2.0,0.0,0.0,3.0,0.0,1.0,0.0,91.0,0.0,10.0,1.0,7.0
2025,Round 1,2025-03-15,Geelong,away,CD_M20250140103,3,Bailey Smith,CD_I1006130,1.0,1.0,9.0,1.0,3.0,0.0,0.0,0.0,0.0,0.0,0.0,0.0,46.9,15.0,7.0,71.9,32.0,23.0,12.0,2.0,0.0,1.0,50.0,2.0,1.0,12.0,13.0,0.0,0.0,0.0,0.0,6.0,0.0,4.0,63.2,1.5,0.0,0.0,19.0,5.0,0.0,1.0,693.0,2.0,26.0,25.1,1.0,0.0,12.0,3.0,2.0,0.0,6.0,5.0,1.0,80.0,7.0,32.0,4.0,17.0
2025,Round 1,2025-03-15,Geelong,away,CD_M20250140103,18,Tyson Stengle,CD_I997230,0.0,0.0,0.0,0.0,5.0,0.0,0.0,0.0,2.0,0.0,0.0,0.0,61.5,8.0,2.0,75.0,12.0,9.0,6.0,2.0,4.0,1.0,75.0,0.0,3.0,6.0,5.0,0.0,0.0,0.0,0.0,1.0,1.0,1.0,85.7,1.4,0.0,0.0,7.0,3.0,3.0,0.0,193.0,1.0,11.0,13.3,0.0,0.0,8.0,2.0,4.0,0.0,1.0,5.0,4.0,79.0,1.0,13.0,4.0,5.0
2025,Round 1,2025-03-15,Geelong,away,CD_M20250140103,44,Tom Stewart,CD_I291800,0.0,1.0,17.0,0.0,4.0,0.0,0.0,0.0,0.0,0.0,0.0,0.0,22.7,5.0,7.0,91.3,23.0,21.0,19.0,0.0,3.0,1.0,0.0,1.0,0.0,4.0,3.0,0.0,0.0,0.0,0.0,2.0,3.0,8.0,95.0,6.7,2.0,2.0,20.0,11.0,0.0,0.0,535.0,3.0,12.0,9.2,5.0,0.0,6.0,3.0,0.0,3.0,0.0,1.0,0.0,77.0,0.0,22.0,3.0,17.0
2025,Round 2,2025-03-23,Sydney,home,CD_M20250140208,36,Joel Amartey,CD_I1008091,0.0,0.0,0.0,0.0,1.0,0.0,0.0,0.0,1.0,1.0,100.0,2.0,50.0,4.0,1.0,87.5,8.0,7.0,5.0,1.0,0.0,0.0,100.0,0.0,2.0,2.0,3.0,0.0,0.0,0.0,0.0,0.0,0.0,0.0,100.0,1.7,0.0,0.0,5.0,5.0,2.0,0.0,69.0,1.0,5.0,8.0,0.0,1.0,4.0,0.0,2.0,1.0,0.0,2.0,0.0,73.0,0.0,8.0,2.0,4.0
2025,Round 2,2025-03-23,Sydney,home,CD_M20250140208,26,Riley Bice,CD_I1008224,0.0,4.0,0.0,0.0,2.0,0.0,0.0,0.0,0.0,0.0,0.0,0.0,46.2,6.0,6.0,92.9,14.0,13.0,8.0,1.0,1.0,0.0,100.0,0.0,1.0,5.0,6.0,0.0,0.0,0.0,0.0,1.0,0.0,5.0,100.0,1.3,2.0,2.0,8.0,3.0,0.0,0.0,200.0,2.0,8.0,14.5,2.0,0.0,4.0,3.0,1.0,1.0,0.0,4.0,0.0,80.0,0.0,13.0,0.0,7.0
2025,Round 2,2025-03-23,Sydney,home,CD_M20250140208,22,Nick Blakey,CD_I1006028,0.0,0.0,0.0,0.0,3.0,0.0,0.0,0.0,0.0,0.0,0.0,0.0,38.5,5.0,3.0,85.0,20.0,17.0,16.0,0.0,0.0,2.0,0.0,1.0,0.0,3.0,1.0,0.0,0.0,0.0,0.0,4.0,1.0,10.0,84.2,19.0,3.0,3.0,19.0,7.0,0.0,0.0,483.0,3.0,8.0,11.4,5.0,0.0,5.0,4.0,0.0,3.0,0.0,1.0,0.0,88.0,0.0,13.0,3.0,8.0
2025,Round 2,2025-03-23,Sydney,home,CD_M20250140208,16,Braeden Campbell,CD_I1013133,1.0,0.0,0.0,0.0,3.0,0.0,0.0,0.0,0.0,0.0,0.0,0.0,23.5,4.0,5.0,56.3,16.0,9.0,5.0,1.0,1.0,0.0,0.0,0.0,0.0,4.0,6.0,0.0,0.0,0.0,0.0,1.0,1.0,3.0,50.0,1.7,0.0,0.0,10.0,4.0,1.0,1.0,352.0,0.0,16.0,1.6,2.0,0.0,6.0,2.0,2.0,0.0,1.0,3.0,0.0,80.0,1.0,17.0,5.0,13.0
2025,Round 2,2025-03-23,Sydney,home,CD_M20250140208,13,Oliver Florent,CD_I998103,1.0,2.0,0.0,0.0,0.0,0.0,0.0,0.0,0.0,0.0,0.0,0.0,27.3,3.0,10.0,72.7,11.0,8.0,4.0,0.0,0.0,1.0,0.0,0.0,0.0,3.0,5.0,0.0,0.0,0.0,0.0,3.0,0.0,3.0,66.7,1.2,0.0,0.0,6.0,1.0,0.0,0.0,203.0,1.0,19.0,8.5,0.0,0.0,4.0,1.0,2.0,0.0,0.0,3.0,1.0,79.0,0.0,11.0,0.0,8.0
2025,Round 2,2025-03-23,Sydney,home,CD_M20250140208,4,Brodie Grundy,CD_I293957,0.0,0.0,15.0,0.0,1.0,0.0,0.0,0.0,1.0,0.0,0.0,1.0,30.0,3.0,1.0,72.7,11.0,8.0,4.0,0.0,0.0,0.0,0.0,0.0,0.0,2.0,4.0,47.8,60.5,23.0,11.0,1.0,2.0,2.0,57.1,1.8,0.0,0.0,7.0,6.0,1.0,0.0,107.0,1.0,7.0,9.8,1.0,38.0,3.0,1.0,0.0,1.0,0.0,3.0,0.0,64.0,0.0,10.0,2.0,7.0
2025,Round 2,2025-03-23,Sydney,home,CD_M20250140208,29,Joel Hamling,CD_I295222,0.0,1.0,0.0,0.0,2.0,20.0,1.0,5.0,0.0,0.0,0.0,1.0,41.7,5.0,3.0,66.7,12.0,8.0,4.0,0.0,0.0,2.0,0.0,0.0,0.0,2.0,6.0,0.0,0.0,0.0,0.0,1.0,1.0,5.0,66.7,1.0,0.0,0.0,6.0,5.0,0.0,0.0,148.0,10.0,5.0,7.3,1.0,0.0,2.0,0.0,0.0,9.0,0.0,1.0,0.0,87.0,0.0,12.0,3.0,7.0
2025,Round 2,2025-03-23,Sydney,home,CD_M20250140208,40,Tom Hanily,CD_I1027687,0.0,0.0,0.0,0.0,1.0,0.0,0.0,0.0,2.0,1.0,50.0,0.0,57.1,4.0,4.0,100.0,7.0,7.0,2.0,0.0,1.0,0.0,100.0,0.0,1.0,3.0,5.0,0.0,0.0,0.0,0.0,0.0,0.0,1.0,100.0,0.4,0.0,0.0,2.0,2.0,1.0,0.0,12.0,0.0,17.0,6.3,0.0,0.0,5.0,1.0,1.0,0.0,1.0,0.0,0.0,66.0,1.0,7.0,2.0,3.0
2025,Round 2,2025-03-23,Sydney,home,CD_M20250140208,9,Will Hayward,CD_I997100,2.0,0.0,0.0,0.0,1.0,0.0,0.0,0.0,0.0,0.0,0.0,0.0,14.3,1.0,1.0,42.9,7.0,3.0,2.0,0.0,0.0,0.0,33.3,0.0,1.0,1.0,2.0,0.0,0.0,0.0,0.0,0.0,0.0,0.0,40.0,2.5,0.0,0.0,5.0,3.0,2.0,3.0,113.0,0.0,12.0,0.3,0.0,0.0,3.0,0.0,3.0,0.0,0.0,2.0,1.0,79.0,0.0,7.0,3.0,6.0
2025,Round 2,2025-03-23,Sydney,home,CD_M20250140208,5,Isaac Heeney,CD_I298539,0.0,0.0,17.0,2.0,5.0,0.0,0.0,0.0,1.0,0.0,0.0,0.0,55.0,11.0,11.0,57.1,21.0,12.0,7.0,1.0,2.0,2.0,0.0,0.0,0.0,5.0,9.0,0.0,0.0,0.0,0.0,5.0,1.0,4.0,58.3,1.3,0.0,0.0,12.0,3.0,0.0,0.0,415.0,0.0,27.0,10.1,2.0,0.0,4.0,1.0,0.0,0.0,4.0,5.0,1.0,87.0,6.0,20.0,7.0,9.0
2025,Round 2,2025-03-23,Sydney,home,CD_M20250140208,17,James Jordon,CD_I1013409,0.0,0.0,20.0,3.0,8.0,0.0,0.0,0.0,0.0,0.0,0.0,0.0,68.0,17.0,13.0,54.2,24.0,13.0,2.0,0.0,1.0,0.0,0.0,0.0,0.0,13.0,17.0,0.0,0.0,0.0,0.0,4.0,0.0,3.0,28.6,0.4,0.0,0.0,7.0,1.0,0.0,0.0,344.0,2.0,17.0,12.6,4.0,0.0,4.0,1.0,0.0,1.0,7.0,2.0,0.0,82.0,10.0,25.0,4.0,8.0
2025,Round 2,2025-03-23,Sydney,home,CD_M20250140208,19,Peter Ladhams,CD_I997142,0.0,0.0,7.0,2.0,1.0,0.0,0.0,1.0,1.0,0.0,0.0,1.0,90.0,9.0,3.0,66.7,12.0,8.0,3.0,0.0,1.0,1.0,50.0,0.0,1.0,5.0,5.0,28.6,23.3,7.0,2.0,1.0,1.0,6.0,42.9,1.4,0.0,0.0,7.0,2.0,1.0,1.0,148.0,2.0,11.0,13.7,1.0,30.0,3.0,2.0,2.0,2.0,1.0,2.0,0.0,68.0,3.0,10.0,2.0,1.0
2025,Round 2,2025-03-23,Sydney,home,CD_M20250140208,44,Jake Lloyd,CD_I295342,0.0,0.0,0.0,0.0,1.0,0.0,0.0,1.0,0.0,0.0,0.0,0.0,12.5,3.0,11.0,92.0,25.0,23.0,16.0,0.0,1.0,0.0,0.0,1.0,0.0,2.0,7.0,0.0,0.0,0.0,0.0,4.0,0.0,1.0,88.9,2.6,1.0,1.0,18.0,10.0,0.0,0.0,455.0,0.0,17.0,9.4,3.0,0.0,7.0,0.0,0.0,0.0,2.0,1.0,0.0,90.0,2.0,24.0,4.0,21.0
2025,Round 2,2025-03-23,Sydney,home,CD_M20250140208,30,Tom McCartin,CD_I1008198,0.0,0.0,0.0,0.0,4.0,100.0,2.0,2.0,0.0,0.0,0.0,1.0,43.8,7.0,5.0,80.0,15.0,12.0,7.0,0.0,2.0,1.0,0.0,0.0,0.0,5.0,5.0,0.0,0.0,0.0,0.0,0.0,4.0,9.0,70.0,2.0,0.0,0.0,10.0,5.0,0.0,0.0,246.0,6.0,5.0,15.4,5.0,0.0,1.0,0.0,0.0,6.0,0.0,1.0,0.0,94.0,0.0,16.0,5.0,9.0
2025,Round 2,2025-03-23,Sydney,home,CD_M20250140208,2,Hayden McLean,CD_I1003203,1.0,0.0,0.0,0.0,3.0,0.0,0.0,0.0,3.0,1.0,33.3,0.0,55.6,5.0,3.0,66.7,9.0,6.0,3.0,4.0,1.0,1.0,50.0,1.0,2.0,4.0,3.0,100.0,33.3,1.0,1.0,3.0,0.0,0.0,50.0,2.0,0.0,0.0,6.0,1.0,0.0,0.0,183.0,2.0,9.0,10.4,0.0,3.0,7.0,0.0,4.0,2.0,0.0,5.0,4.0,78.0,0.0,9.0,3.0,4.0
2025,Round 2,2025-03-23,Sydney,home,CD_M20250140208,11,Tom Papley,CD_I996765,2.0,1.0,1.0,0.0,3.0,0.0,0.0,0.0,0.0,0.0,0.0,0.0,40.0,8.0,3.0,63.2,19.0,12.0,8.0,2.0,2.0,0.0,0.0,1.0,0.0,7.0,4.0,0.0,0.0,0.0,0.0,5.0,0.0,1.0,53.3,3.8,0.0,0.0,15.0,4.0,0.0,0.0,399.0,0.0,15.0,11.1,0.0,0.0,9.0,0.0,3.0,0.0,1.0,2.0,0.0,84.0,1.0,20.0,6.0,12.0
2025,Round 2,2025-03-23,Sydney,home,CD_M20250140208,24,Dane Rampe,CD_I290307,0.0,0.0,0.0,0.0,1.0,100.0,1.0,1.0,0.0,0.0,0.0,0.0,8.3,1.0,8.0,75.0,12.0,9.0,9.0,0.0,0.0,0.0,0.0,0.0,0.0,1.0,0.0,0.0,0.0,0.0,0.0,0.0,0.0,0.0,75.0,12.0,0.0,0.0,12.0,9.0,0.0,0.0,436.0,1.0,9.0,3.3,8.0,0.0,1.0,0.0,0.0,0.0,0.0,4.0,0.0,81.0,0.0,12.0,3.0,11.0
2025,Round 2,2025-03-23,Sydney,home,CD_M20250140208,34,Matt Roberts,CD_I1012210,0.0,0.0,0.0,0.0,2.0,0.0,0.0,0.0,0.0,0.0,0.0,0.0,36.4,8.0,8.0,76.0,25.0,19.0,15.0,0.0,0.0,3.0,0.0,0.0,0.0,6.0,6.0,0.0,0.0,0.0,0.0,5.0,1.0,6.0,78.9,3.2,5.0,4.0,19.0,5.0,0.0,0.0,524.0,3.0,12.0,11.2,5.0,0.0,5.0,2.0,0.0,3.0,3.0,2.0,0.0,94.0,3.0,22.0,6.0,14.0
2025,Round 2,2025-03-23,Sydney,home,CD_M20250140208,8,James Rowbottom,CD_I1006126,0.0,0.0,12.0,3.0,4.0,0.0,0.0,0.0,0.0,0.0,0.0,0.0,54.5,12.0,9.0,81.8,22.0,18.0,7.0,0.0,1.0,1.0,0.0,2.0,0.0,9.0,11.0,0.0,0.0,0.0,0.0,3.0,0.0,7.0,63.6,1.0,0.0,0.0,11.0,3.0,0.0,0.0,294.0,2.0,25.0,16.1,2.0,0.0,5.0,3.0,0.0,1.0,1.0,4.0,0.0,76.0,4.0,22.0,2.0,10.0
2025,Round 2,2025-03-23,Sydney,home,CD_M20250140208,12,Angus Sheldrick,CD_I1020339,1.0,0.0,1.0,0.0,0.0,0.0,0.0,0.0,0.0,0.0,0.0,0.0,66.7,2.0,5.0,33.3,3.0,1.0,0.0,0.0,0.0,0.0,0.0,0.0,0.0,2.0,1.0,0.0,0.0,0.0,0.0,1.0,0.0,0.0,0.0,2.0,0.0,0.0,2.0,1.0,0.0,0.0,94.0,0.0,6.0,1.7,1.0,0.0,1.0,0.0,1.0,0.0,0.0,0.0,0.0,14.0,0.0,3.0,0.0,1.0
2025,Round 2,2025-03-23,Sydney,home,CD_M20250140208,1,Chad Warner,CD_I1012014,2.0,1.0,15.0,0.0,4.0,0.0,0.0,0.0,0.0,0.0,0.0,0.0,34.5,10.0,8.0,57.7,26.0,15.0,12.0,2.0,1.0,3.0,33.3,1.0,1.0,7.0,4.0,0.0,0.0,0.0,0.0,10.0,0.0,2.0,54.5,5.5,0.0,0.0,22.0,9.0,1.0,0.0,727.0,0.0,23.0,19.2,3.0,0.0,10.0,2.0,3.0,0.0,4.0,5.0,2.0,88.0,4.0,29.0,5.0,19.0
2025,Round 2,2025-03-23,Sydney,home,CD_M20250140208,37,Corey Warner,CD_I1018424,1.0,1.0,0.0,0.0,3.0,0.0,0.0,0.0,0.0,0.0,0.0,0.0,21.4,3.0,7.0,57.1,14.0,8.0,5.0,1.0,0.0,1.0,0.0,0.0,0.0,2.0,4.0,0.0,0.0,0.0,0.0,2.0,0.0,1.0,50.0,2.5,0.0,0.0,10.0,4.0,0.0,0.0,323.0,0.0,16.0,4.6,1.0,0.0,4.0,0.0,1.0,0.0,1.0,4.0,0.0,85.0,1.0,14.0,4.0,11.0
2025,Round 2,2025-03-23,Sydney,home,CD_M20250140208,15,Sam Wicks,CD_I1006232,0.0,1.0,0.0,0.0,1.0,0.0,0.0,0.0,0.0,0.0,0.0,0.0,6.7,1.0,9.0,66.7,15.0,10.0,3.0,0.0,0.0,0.0,0.0,0.0,0.0,1.0,8.0,0.0,0.0,0.0,0.0,1.0,0.0,0.0,42.9,0.9,0.0,0.0,7.0,1.0,0.0,0.0,265.0,1.0,10.0,2.3,3.0,0.0,2.0,0.0,0.0,1.0,1.0,1.0,0.0,81.0,1.0,15.0,2.0,14.0
2025,Round 3,2025-03-30,West Coast,away,CD_M20250140307,12,Oscar Allen,CD_I1004385,0.0,0.0,0.0,0.0,2.0,0.0,0.0,1.0,1.0,0.0,0.0,0.0,20.0,1.0,4.0,50.0,4.0,2.0,1.0,0.0,0.0,0.0,0.0,0.0,0.0,1.0,1.0,0.0,0.0,0.0,0.0,1.0,0.0,0.0,33.3,3.0,0.0,0.0,3.0,1.0,0.0,0.0,112.0,3.0,7.0,3.5,1.0,0.0,0.0,0.0,0.0,3.0,0.0,4.0,1.0,84.0,0.0,5.0,2.0,4.0
2025,Round 3,2025-03-30,West Coast,away,CD_M20250140307,3,Liam Baker,CD_I1000223,0.0,0.0,18.0,1.0,4.0,0.0,0.0,0.0,0.0,0.0,0.0,0.0,45.5,10.0,11.0,60.9,23.0,14.0,5.0,2.0,0.0,2.0,0.0,1.0,0.0,9.0,11.0,0.0,0.0,0.0,0.0,3.0,0.0,5.0,41.7,1.1,1.0,1.0,12.0,3.0,0.0,0.0,319.0,0.0,19.0,8.6,2.0,0.0,2.0,0.0,1.0,0.0,2.0,3.0,0.0,81.0,3.0,22.0,6.0,12.0
2025,Round 3,2025-03-30,West Coast,away,CD_M20250140307,10,Tyler Brockman,CD_I1013511,0.0,0.0,6.0,1.0,3.0,0.0,0.0,0.0,0.0,0.0,0.0,0.0,37.5,3.0,8.0,100.0,6.0,6.0,3.0,0.0,2.0,3.0,100.0,0.0,1.0,1.0,3.0,0.0,0.0,0.0,0.0,0.0,0.0,2.0,100.0,1.0,0.0,0.0,3.0,2.0,0.0,1.0,32.0,0.0,14.0,5.0,1.0,0.0,2.0,1.0,1.0,0.0,0.0,2.0,0.0,77.0,1.0,8.0,1.0,5.0
2025,Round 3,2025-03-30,West Coast,away,CD_M20250140307,28,Tom Cole,CD_I993820,0.0,0.0,0.0,0.0,3.0,0.0,0.0,1.0,0.0,0.0,0.0,1.0,36.4,4.0,8.0,69.2,13.0,9.0,4.0,0.0,1.0,0.0,0.0,0.0,0.0,3.0,7.0,0.0,0.0,0.0,0.0,1.0,2.0,5.0,66.7,0.9,2.0,1.0,6.0,4.0,0.0,0.0,183.0,2.0,10.0,4.6,2.0,0.0,1.0,1.0,0.0,2.0,0.0,2.0,0.0,80.0,0.0,11.0,3.0,7.0
2025,Round 3,2025-03-30,West Coast,away,CD_M20250140307,15,Jamie Cripps,CD_I290826,0.0,0.0,0.0,0.0,0.0,0.0,0.0,0.0,0.0,0.0,0.0,0.0,33.3,4.0,4.0,76.9,13.0,10.0,6.0,0.0,0.0,1.0,100.0,1.0,2.0,2.0,5.0,0.0,0.0,0.0,0.0,0.0,0.0,2.0,75.0,1.6,0.0,0.0,8.0,3.0,2.0,3.0,239.0,1.0,6.0,12.3,3.0,0.0,5.0,0.0,2.0,0.0,2.0,3.0,0.0,90.0,2.0,12.0,3.0,8.0
2025,Round 3,2025-03-30,West Coast,away,CD_M20250140307,43,Tyrell Dewar,CD_I1023142,0.0,2.0,0.0,0.0,6.0,0.0,0.0,0.0,0.0,0.0,0.0,0.0,15.8,3.0,9.0,57.9,19.0,11.0,6.0,0.0,1.0,2.0,0.0,0.0,0.0,2.0,9.0,0.0,0.0,0.0,0.0,3.0,1.0,3.0,60.0,1.1,0.0,0.0,10.0,4.0,0.0,0.0,393.0,1.0,14.0,5.5,4.0,0.0,4.0,0.0,0.0,0.0,0.0,0.0,0.0,78.0,0.0,19.0,5.0,16.0
2025,Round 3,2025-03-30,West Coast,away,CD_M20250140307,14,Liam Duggan,CD_I298268,0.0,0.0,1.0,0.0,2.0,0.0,0.0,0.0,0.0,0.0,0.0,1.0,30.0,3.0,11.0,69.2,13.0,9.0,8.0,0.0,1.0,0.0,0.0,0.0,0.0,1.0,1.0,0.0,0.0,0.0,0.0,1.0,0.0,1.0,66.7,12.0,2.0,2.0,12.0,5.0,0.0,0.0,308.0,1.0,16.0,2.8,3.0,0.0,1.0,1.0,0.0,1.0,1.0,1.0,0.0,86.0,1.0,10.0,2.0,7.0
2025,Round 3,2025-03-30,West Coast,away,CD_M20250140307,42,Harry Edwards,CD_I1011437,0.0,0.0,0.0,0.0,3.0,100.0,2.0,2.0,0.0,0.0,0.0,1.0,14.3,1.0,3.0,71.4,7.0,5.0,4.0,0.0,1.0,0.0,0.0,0.0,0.0,0.0,2.0,0.0,0.0,0.0,0.0,0.0,1.0,1.0,80.0,2.5,0.0,0.0,5.0,5.0,0.0,0.0,201.0,5.0,6.0,4.8,2.0,0.0,0.0,0.0,0.0,5.0,0.0,0.0,0.0,61.0,0.0,7.0,3.0,6.0
2025,Round 3,2025-03-30,West Coast,away,CD_M20250140307,7,Reuben Ginbey,CD_I1023025,0.0,2.0,0.0,0.0,1.0,33.3,1.0,3.0,0.0,0.0,0.0,0.0,53.8,7.0,9.0,63.6,11.0,7.0,4.0,0.0,1.0,1.0,0.0,0.0,0.0,5.0,4.0,0.0,0.0,0.0,0.0,0.0,1.0,6.0,57.1,1.8,0.0,0.0,7.0,3.0,0.0,0.0,242.0,4.0,10.0,8.7,5.0,0.0,0.0,0.0,0.0,3.0,1.0,3.0,0.0,87.0,1.0,13.0,1.0,6.0
2025,Round 3,2025-03-30,West Coast,away,CD_M20250140307,17,Jack Graham,CD_I990827,1.0,1.0,18.0,1.0,2.0,0.0,0.0,0.0,0.0,0.0,0.0,0.0,50.0,9.0,12.0,70.6,17.0,12.0,6.0,0.0,2.0,1.0,0.0,1.0,0.0,5.0,8.0,0.0,0.0,0.0,0.0,2.0,0.0,4.0,66.7,1.1,0.0,0.0,9.0,0.0,0.0,0.0,256.0,3.0,22.0,8.9,3.0,0.0,5.0,2.0,1.0,0.0,1.0,7.0,1.0,78.0,2.0,18.0,1.0,9.0
2025,Round 3,2025-03-30,West Coast,away,CD_M20250140307,8,Elijah Hewett,CD_I1020670,0.0,0.0,8.0,1.0,1.0,0.0,0.0,0.0,0.0,0.0,0.0,0.0,50.0,3.0,4.0,50.0,6.0,3.0,1.0,0.0,0.0,0.0,0.0,0.0,0.0,2.0,4.0,0.0,0.0,0.0,0.0,1.0,0.0,2.0,50.0,0.5,0.0,0.0,2.0,0.0,0.0,0.0,90.0,1.0,8.0,2.1,0.0,0.0,3.0,1.0,0.0,1.0,0.0,2.0,0.0,33.0,1.0,6.0,2.0,3.0
2025,Round 3,2025-03-30,West Coast,away,CD_M20250140307,19,Brady Hough,CD_I1023167,0.0,0.0,0.0,0.0,3.0,0.0,0.0,1.0,0.0,0.0,0.0,1.0,28.6,4.0,8.0,84.6,13.0,11.0,5.0,0.0,2.0,1.0,0.0,0.0,0.0,2.0,6.0,0.0,0.0,0.0,0.0,1.0,2.0,6.0,71.4,1.2,0.0,0.0,7.0,5.0,0.0,0.0,122.0,1.0,8.0,5.5,2.0,0.0,3.0,3.0,0.0,1.0,0.0,0.0,0.0,90.0,0.0,14.0,4.0,10.0
2025,Round 3,2025-03-30,West Coast,away,CD_M20250140307,5,Jayden Hunt,CD_I994385,2.0,0.0,0.0,0.0,4.0,100.0,1.0,1.0,0.0,0.0,0.0,0.0,35.7,5.0,5.0,50.0,14.0,7.0,4.0,1.0,1.0,0.0,33.3,0.0,1.0,5.0,3.0,0.0,0.0,0.0,0.0,2.0,1.0,3.0,36.4,3.7,0.0,0.0,11.0,3.0,1.0,1.0,457.0,0.0,7.0,8.5,3.0,0.0,5.0,4.0,3.0,0.0,2.0,0.0,0.0,87.0,2.0,14.0,6.0,9.0
2025,Round 3,2025-03-30,West Coast,away,CD_M20250140307,11,Tim Kelly,CD_I295898,1.0,0.0,18.0,1.0,3.0,0.0,0.0,0.0,0.0,0.0,0.0,0.0,36.8,7.0,8.0,66.7,18.0,12.0,6.0,2.0,2.0,0.0,0.0,1.0,0.0,4.0,6.0,0.0,0.0,0.0,0.0,3.0,0.0,1.0,50.0,2.0,0.0,0.0,12.0,3.0,0.0,1.0,265.0,0.0,16.0,8.1,1.0,0.0,4.0,1.0,1.0,0.0,3.0,2.0,0.0,77.0,4.0,19.0,5.0,12.0
2025,Round 3,2025-03-30,West Coast,away,CD_M20250140307,13,Noah Long,CD_I1023496,0.0,1.0,0.0,0.0,2.0,0.0,0.0,0.0,0.0,0.0,0.0,0.0,25.0,3.0,3.0,81.8,11.0,9.0,2.0,0.0,0.0,0.0,0.0,0.0,0.0,1.0,7.0,0.0,0.0,0.0,0.0,1.0,0.0,2.0,50.0,0.6,0.0,0.0,4.0,4.0,0.0,0.0,184.0,1.0,5.0,-0.8,1.0,0.0,4.0,0.0,0.0,0.0,1.0,0.0,0.0,85.0,1.0,12.0,0.0,9.0
2025,Round 3,2025-03-30,West Coast,away,CD_M20250140307,23,Ryan Maric,CD_I1029416,0.0,3.0,0.0,0.0,4.0,0.0,0.0,2.0,0.0,0.0,0.0,1.0,21.1,4.0,8.0,75.0,28.0,21.0,17.0,0.0,1.0,0.0,0.0,1.0,0.0,3.0,4.0,0.0,0.0,0.0,0.0,1.0,3.0,6.0,70.8,6.0,9.0,9.0,24.0,8.0,0.0,0.0,445.0,3.0,9.0,10.7,6.0,0.0,2.0,1.0,0.0,3.0,0.0,0.0,0.0,85.0,0.0,19.0,4.0,15.0
2025,Round 3,2025-03-30,West Coast,away,CD_M20250140307,20,Jeremy McGovern,CD_I294859,0.0,0.0,0.0,0.0,3.0,0.0,0.0,1.0,0.0,0.0,0.0,1.0,30.8,4.0,5.0,93.3,15.0,14.0,11.0,0.0,2.0,0.0,0.0,0.0,0.0,2.0,3.0,0.0,0.0,0.0,0.0,0.0,2.0,6.0,91.7,4.0,2.0,2.0,12.0,9.0,0.0,0.0,249.0,5.0,5.0,8.5,8.0,0.0,1.0,0.0,0.0,4.0,0.0,1.0,0.0,57.0,0.0,13.0,1.0,9.0
2025,Round 3,2025-03-30,West Coast,away,CD_M20250140307,16,Matthew Owies,CD_I1013973,0.0,0.0,0.0,0.0,2.0,0.0,0.0,0.0,1.0,0.0,0.0,0.0,33.3,2.0,2.0,50.0,6.0,3.0,1.0,1.0,0.0,0.0,100.0,0.0,1.0,2.0,4.0,0.0,0.0,0.0,0.0,1.0,0.0,0.0,50.0,0.5,0.0,0.0,2.0,1.0,1.0,0.0,84.0,0.0,14.0,1.3,0.0,0.0,2.0,0.0,1.0,0.0,0.0,3.0,3.0,76.0,0.0,6.0,3.0,4.0
2025,Round 3,2025-03-30,West Coast,away,CD_M20250140307,22,Archer Reid,CD_I1027693,2.0,0.0,5.0,0.0,0.0,0.0,0.0,1.0,3.0,2.0,66.7,3.0,80.0,8.0,2.0,62.5,8.0,5.0,4.0,0.0,0.0,2.0,40.0,1.0,2.0,1.0,1.0,33.3,37.5,6.0,2.0,2.0,1.0,2.0,57.1,7.0,0.0,0.0,7.0,5.0,4.0,0.0,134.0,4.0,9.0,13.7,0.0,16.0,7.0,0.0,5.0,1.0,1.0,1.0,0.0,83.0,1.0,10.0,0.0,2.0
2025,Round 3,2025-03-30,West Coast,away,CD_M20250140307,9,Harley Reid,CD_I1023492,1.0,2.0,13.0,0.0,6.0,0.0,0.0,0.0,0.0,0.0,0.0,1.0,38.5,5.0,5.0,60.0,15.0,9.0,5.0,1.0,3.0,1.0,50.0,1.0,1.0,2.0,4.0,0.0,0.0,0.0,0.0,3.0,0.0,2.0,45.5,2.8,0.0,0.0,11.0,3.0,1.0,0.0,382.0,0.0,14.0,6.6,1.0,0.0,5.0,0.0,2.0,0.0,1.0,3.0,1.0,85.0,1.0,13.0,5.0,8.0
2025,Round 3,2025-03-30,West Coast,away,CD_M20250140307,1,Liam Ryan,CD_I1004364,0.0,0.0,2.0,0.0,2.0,0.0,0.0,0.0,0.0,0.0,0.0,0.0,44.4,4.0,3.0,50.0,10.0,5.0,5.0,2.0,0.0,0.0,50.0,1.0,1.0,4.0,2.0,0.0,0.0,0.0,0.0,5.0,0.0,2.0,62.5,4.0,0.0,0.0,8.0,3.0,0.0,1.0,263.0,0.0,8.0,8.1,0.0,0.0,4.0,1.0,2.0,0.0,0.0,0.0,0.0,84.0,0.0,9.0,3.0,5.0
2025,Round 3,2025-03-30,West Coast,away,CD_M20250140307,32,Bailey J. Williams,CD_I1006114,0.0,0.0,22.0,4.0,1.0,0.0,0.0,0.0,0.0,0.0,0.0,0.0,91.7,11.0,10.0,69.2,13.0,9.0,3.0,0.0,0.0,2.0,0.0,0.0,0.0,8.0,6.0,27.3,40.0,22.0,6.0,4.0,0.0,4.0,42.9,1.2,0.0,0.0,7.0,1.0,0.0,1.0,209.0,2.0,17.0,16.9,0.0,55.0,3.0,2.0,1.0,1.0,1.0,4.0,1.0,75.0,5.0,12.0,2.0,1.0
2025,Round 3,2025-03-30,West Coast,away,CD_M20250140307,34,Jack Williams,CD_I1020371,0.0,0.0,1.0,0.0,1.0,0.0,0.0,0.0,1.0,0.0,0.0,1.0,37.5,3.0,1.0,87.5,8.0,7.0,4.0,1.0,1.0,0.0,100.0,1.0,1.0,2.0,4.0,0.0,20.0,1.0,0.0,2.0,0.0,0.0,100.0,1.0,0.0,0.0,4.0,4.0,1.0,1.0,122.0,0.0,6.0,7.0,0.0,5.0,3.0,0.0,1.0,0.0,0.0,5.0,3.0,81.0,0.0,8.0,1.0,5.0
2025,Round 4,2025-04-06,Western Bulldogs,home,CD_M20250140408,13,Oskar Baker,CD_I1008855,0.0,0.0,0.0,0.0,5.0,0.0,0.0,0.0,0.0,0.0,0.0,0.0,20.0,4.0,4.0,65.0,20.0,13.0,11.0,0.0,1.0,2.0,0.0,0.0,0.0,1.0,3.0,0.0,0.0,0.0,0.0,2.0,1.0,5.0,64.7,5.7,1.0,0.0,17.0,8.0,0.0,0.0,440.0,3.0,5.0,7.3,7.0,0.0,4.0,1.0,0.0,2.0,1.0,1.0,0.0,78.0,1.0,20.0,5.0,16.0
2025,Round 4,2025-04-06,Western Bulldogs,home,CD_M20250140408,29,Lachlan Bramble,CD_I1000864,0.0,0.0,0.0,0.0,2.0,0.0,0.0,0.0,0.0,0.0,0.0,1.0,28.6,4.0,9.0,75.0,16.0,12.0,7.0,0.0,0.0,2.0,0.0,0.0,0.0,2.0,6.0,0.0,0.0,0.0,0.0,1.0,1.0,3.0,70.0,1.7,2.0,2.0,10.0,3.0,0.0,0.0,230.0,0.0,13.0,4.9,3.0,0.0,0.0,0.0,0.0,0.0,1.0,3.0,0.0,76.0,1.0,14.0,2.0,10.0
2025,Round 4,2025-04-06,Western Bulldogs,home,CD_M20250140408,31,Bailey Dale,CD_I996708,0.0,1.0,0.0,0.0,0.0,100.0,1.0,1.0,0.0,0.0,0.0,1.0,38.1,8.0,4.0,92.3,26.0,24.0,17.0,0.0,0.0,1.0,0.0,1.0,0.0,6.0,8.0,0.0,0.0,0.0,0.0,6.0,1.0,6.0,94.4,2.3,4.0,4.0,18.0,4.0,0.0,0.0,518.0,1.0,9.0,16.0,2.0,0.0,4.0,2.0,0.0,0.0,2.0,1.0,1.0,85.0,2.0,21.0,3.0,13.0
2025,Round 4,2025-04-06,Western Bulldogs,home,CD_M20250140408,10,Sam Darcy,CD_I1017126,0.0,0.0,5.0,2.0,1.0,0.0,0.0,0.0,5.0,2.0,40.0,4.0,52.4,11.0,2.0,71.4,21.0,15.0,11.0,2.0,0.0,2.0,83.3,1.0,5.0,4.0,6.0,0.0,33.3,2.0,0.0,3.0,0.0,2.0,73.3,2.5,0.0,0.0,15.0,11.0,6.0,2.0,387.0,0.0,9.0,25.0,0.0,6.0,9.0,2.0,6.0,0.0,1.0,1.0,0.0,82.0,3.0,21.0,2.0,10.0
2025,Round 4,2025-04-06,Western Bulldogs,home,CD_M20250140408,42,Sam Davidson,CD_I1036123,1.0,0.0,0.0,0.0,5.0,50.0,1.0,2.0,0.0,0.0,0.0,0.0,35.0,7.0,5.0,61.1,18.0,11.0,5.0,2.0,3.0,1.0,0.0,0.0,0.0,4.0,9.0,0.0,0.0,0.0,0.0,1.0,0.0,0.0,55.6,1.0,0.0,0.0,9.0,5.0,1.0,0.0,244.0,1.0,12.0,3.1,0.0,0.0,7.0,0.0,1.0,0.0,0.0,3.0,1.0,85.0,0.0,20.0,4.0,13.0
2025,Round 4,2025-04-06,Western Bulldogs,home,CD_M20250140408,26,Josh Dolan,CD_I1034235,0.0,0.0,0.0,0.0,0.0,0.0,0.0,0.0,0.0,0.0,0.0,0.0,14.3,1.0,2.0,62.5,8.0,5.0,2.0,0.0,0.0,0.0,0.0,0.0,0.0,1.0,3.0,0.0,0.0,0.0,0.0,1.0,0.0,1.0,40.0,1.7,0.0,0.0,5.0,1.0,0.0,0.0,119.0,1.0,10.0,5.3,0.0,0.0,2.0,0.0,1.0,0.0,0.0,0.0,0.0,71.0,0.0,7.0,0.0,6.0
2025,Round 4,2025-04-06,Western Bulldogs,home,CD_M20250140408,44,Tim English,CD_I1004592,0.0,0.0,24.0,3.0,1.0,0.0,0.0,0.0,0.0,0.0,0.0,0.0,55.0,11.0,1.0,42.1,19.0,8.0,3.0,1.0,1.0,2.0,0.0,0.0,0.0,3.0,7.0,25.0,47.1,40.0,10.0,4.0,2.0,4.0,25.0,1.7,0.0,0.0,12.0,3.0,0.0,0.0,259.0,3.0,13.0,12.7,2.0,85.0,5.0,3.0,1.0,0.0,3.0,4.0,2.0,80.0,6.0,20.0,5.0,9.0
2025,Round 4,2025-04-06,Western Bulldogs,home,CD_M20250140408,27,Joel Freijah,CD_I1027704,0.0,0.0,8.0,2.0,3.0,0.0,0.0,0.0,0.0,0.0,0.0,0.0,50.0,7.0,11.0,73.3,15.0,11.0,3.0,0.0,1.0,0.0,0.0,0.0,0.0,6.0,9.0,0.0,0.0,0.0,0.0,2.0,0.0,2.0,50.0,0.7,0.0,0.0,6.0,1.0,0.0,1.0,176.0,1.0,20.0,7.6,0.0,0.0,5.0,4.0,0.0,1.0,3.0,2.0,0.0,79.0,5.0,14.0,2.0,7.0
2025,Round 4,2025-04-06,Western Bulldogs,home,CD_M20250140408,12,Harvey Gallagher,CD_I1017087,0.0,0.0,0.0,0.0,1.0,0.0,0.0,0.0,0.0,0.0,0.0,0.0,44.4,4.0,7.0,77.8,9.0,7.0,4.0,0.0,0.0,1.0,0.0,0.0,0.0,3.0,4.0,0.0,0.0,0.0,0.0,0.0,0.0,4.0,80.0,1.3,0.0,0.0,5.0,0.0,0.0,0.0,88.0,2.0,8.0,6.3,0.0,0.0,1.0,0.0,0.0,1.0,0.0,1.0,0.0,45.0,0.0,9.0,1.0,5.0
2025,Round 4,2025-04-06,Western Bulldogs,home,CD_M20250140408,22,James Harmes,CD_I297899,0.0,1.0,2.0,0.0,4.0,0.0,0.0,0.0,0.0,0.0,0.0,1.0,41.7,10.0,8.0,66.7,24.0,16.0,8.0,1.0,1.0,1.0,33.3,0.0,1.0,7.0,13.0,0.0,0.0,0.0,0.0,4.0,0.0,2.0,72.7,0.8,0.0,0.0,11.0,4.0,0.0,0.0,438.0,0.0,17.0,11.1,0.0,0.0,4.0,0.0,3.0,0.0,2.0,7.0,0.0,74.0,2.0,24.0,5.0,14.0
2025,Round 4,2025-04-06,Western Bulldogs,home,CD_M20250140408,19,Liam Jones,CD_I281078,0.0,0.0,0.0,0.0,0.0,100.0,1.0,1.0,0.0,0.0,0.0,0.0,30.8,4.0,2.0,91.7,12.0,11.0,8.0,0.0,0.0,1.0,0.0,0.0,0.0,3.0,3.0,0.0,0.0,0.0,0.0,1.0,1.0,5.0,88.9,3.0,0.0,0.0,9.0,4.0,0.0,0.0,261.0,4.0,3.0,7.8,3.0,0.0,0.0,0.0,0.0,4.0,0.0,0.0,0.0,85.0,0.0,13.0,3.0,9.0
2025,Round 4,2025-04-06,Western Bulldogs,home,CD_M20250140408,8,Matthew Kennedy,CD_I1001398,0.0,0.0,23.0,2.0,6.0,0.0,0.0,0.0,0.0,0.0,0.0,0.0,50.0,14.0,7.0,50.0,26.0,13.0,6.0,1.0,0.0,0.0,0.0,2.0,0.0,12.0,11.0,0.0,0.0,0.0,0.0,8.0,1.0,3.0,40.0,1.4,0.0,0.0,15.0,4.0,0.0,0.0,455.0,1.0,17.0,15.6,2.0,0.0,6.0,2.0,1.0,0.0,7.0,4.0,0.0,73.0,9.0,28.0,7.0,14.0
2025,Round 4,2025-04-06,Western Bulldogs,home,CD_M20250140408,24,Buku Khamis,CD_I998782,0.0,0.0,0.0,0.0,4.0,33.3,1.0,3.0,0.0,0.0,0.0,0.0,45.5,5.0,9.0,100.0,11.0,11.0,3.0,0.0,2.0,0.0,0.0,0.0,0.0,5.0,8.0,0.0,0.0,0.0,0.0,0.0,0.0,5.0,100.0,0.4,0.0,0.0,3.0,4.0,0.0,0.0,57.0,9.0,11.0,8.4,3.0,0.0,2.0,1.0,0.0,9.0,0.0,4.0,0.0,96.0,0.0,11.0,0.0,6.0
2025,Round 4,2025-04-06,Western Bulldogs,home,CD_M20250140408,21,Tom Liberatore,CD_I290799,0.0,0.0,25.0,4.0,2.0,0.0,0.0,0.0,0.0,0.0,0.0,0.0,42.9,12.0,10.0,73.3,30.0,22.0,9.0,0.0,1.0,2.0,0.0,0.0,0.0,8.0,13.0,0.0,0.0,0.0,0.0,5.0,0.0,2.0,52.9,1.3,0.0,0.0,17.0,4.0,0.0,1.0,440.0,1.0,22.0,17.9,2.0,0.0,5.0,1.0,0.0,0.0,2.0,2.0,0.0,81.0,6.0,28.0,2.0,16.0
2025,Round 4,2025-04-06,Western Bulldogs,home,CD_M20250140408,7,Rory Lobb,CD_I990740,0.0,0.0,0.0,0.0,1.0,0.0,0.0,1.0,0.0,0.0,0.0,2.0,50.0,6.0,8.0,66.7,12.0,8.0,6.0,0.0,0.0,1.0,0.0,1.0,0.0,3.0,3.0,0.0,0.0,0.0,0.0,4.0,4.0,8.0,66.7,3.0,0.0,0.0,9.0,7.0,0.0,0.0,317.0,3.0,9.0,6.6,2.0,0.0,1.0,1.0,0.0,3.0,0.0,2.0,0.0,100.0,0.0,12.0,3.0,6.0
2025,Round 4,2025-04-06,Western Bulldogs,home,CD_M20250140408,30,Lachlan McNeil,CD_I1009015,0.0,0.0,0.0,0.0,3.0,0.0,0.0,0.0,0.0,0.0,0.0,1.0,60.0,6.0,1.0,70.0,10.0,7.0,3.0,2.0,0.0,1.0,100.0,1.0,1.0,4.0,5.0,0.0,0.0,0.0,0.0,3.0,0.0,2.0,60.0,1.0,0.0,0.0,5.0,1.0,0.0,0.0,145.0,0.0,10.0,7.2,0.0,0.0,4.0,0.0,1.0,0.0,0.0,4.0,2.0,82.0,0.0,10.0,2.0,4.0
2025,Round 4,2025-04-06,Western Bulldogs,home,CD_M20250140408,33,Aaron Naughton,CD_I1002404,1.0,0.0,0.0,0.0,2.0,0.0,0.0,0.0,3.0,1.0,33.3,0.0,54.5,6.0,2.0,55.6,9.0,5.0,4.0,1.0,0.0,2.0,50.0,2.0,1.0,4.0,2.0,0.0,0.0,0.0,0.0,4.0,0.0,1.0,57.1,3.5,0.0,0.0,7.0,3.0,1.0,1.0,198.0,1.0,9.0,5.1,0.0,0.0,6.0,1.0,2.0,1.0,0.0,3.0,1.0,83.0,0.0,11.0,2.0,5.0
2025,Round 4,2025-04-06,Western Bulldogs,home,CD_M20250140408,18,James O'Donnell,CD_I1032966,1.0,1.0,2.0,0.0,2.0,0.0,0.0,0.0,0.0,0.0,0.0,0.0,50.0,5.0,0.0,60.0,10.0,6.0,4.0,0.0,0.0,4.0,50.0,0.0,1.0,1.0,3.0,25.0,33.3,4.0,1.0,3.0,0.0,0.0,57.1,2.3,0.0,0.0,7.0,1.0,0.0,1.0,201.0,0.0,8.0,1.5,1.0,12.0,3.0,0.0,2.0,0.0,0.0,0.0,0.0,84.0,0.0,10.0,3.0,5.0
2025,Round 4,2025-04-06,Western Bulldogs,home,CD_M20250140408,20,Ed Richards,CD_I1008280,0.0,1.0,26.0,1.0,3.0,0.0,0.0,0.0,0.0,0.0,0.0,0.0,54.2,13.0,12.0,65.2,23.0,15.0,6.0,3.0,0.0,1.0,0.0,2.0,0.0,11.0,12.0,0.0,0.0,0.0,0.0,6.0,2.0,3.0,54.5,0.9,0.0,0.0,11.0,3.0,0.0,0.0,437.0,1.0,27.0,19.0,0.0,0.0,6.0,1.0,0.0,0.0,3.0,4.0,0.0,81.0,4.0,24.0,4.0,11.0
2025,Round 4,2025-04-06,Western Bulldogs,home,CD_M20250140408,9,Ryley Sanders,CD_I1017939,0.0,0.0,9.0,1.0,1.0,0.0,0.0,0.0,0.0,0.0,0.0,0.0,20.0,4.0,9.0,60.0,20.0,12.0,6.0,1.0,1.0,1.0,100.0,0.0,2.0,2.0,9.0,0.0,0.0,0.0,0.0,1.0,0.0,0.0,54.5,1.2,0.0,0.0,11.0,5.0,0.0,0.0,253.0,1.0,21.0,9.2,0.0,0.0,6.0,0.0,2.0,0.0,0.0,4.0,1.0,78.0,1.0,20.0,1.0,16.0
2025,Round 4,2025-04-06,Western Bulldogs,home,CD_M20250140408,23,Laitham Vandermeer,CD_I1005000,0.0,0.0,0.0,0.0,2.0,0.0,0.0,0.0,0.0,0.0,0.0,0.0,33.3,2.0,0.0,40.0,5.0,2.0,1.0,1.0,0.0,0.0,0.0,0.0,0.0,1.0,2.0,0.0,0.0,0.0,0.0,2.0,0.0,1.0,33.3,1.5,0.0,0.0,3.0,0.0,0.0,0.0,83.0,1.0,3.0,1.9,0.0,0.0,2.0,1.0,0.0,0.0,0.0,0.0,0.0,38.0,0.0,6.0,3.0,4.0
2025,Round 4,2025-04-06,Western Bulldogs,home,CD_M20250140408,14,Rhylee West,CD_I1006127,1.0,0.0,0.0,0.0,2.0,0.0,0.0,0.0,0.0,0.0,0.0,0.0,40.0,6.0,1.0,46.7,15.0,7.0,2.0,5.0,2.0,1.0,33.3,0.0,1.0,5.0,8.0,0.0,0.0,0.0,0.0,1.0,0.0,0.0,28.6,0.9,0.0,0.0,7.0,3.0,2.0,1.0,154.0,1.0,13.0,7.0,0.0,0.0,4.0,0.0,3.0,1.0,0.0,4.0,2.0,82.0,0.0,15.0,3.0,9.0
2025,Round 4,2025-04-06,Western Bulldogs,home,CD_M20250140408,34,Bailey Williams,CD_I992351,0.0,0.0,0.0,0.0,4.0,0.0,0.0,0.0,0.0,0.0,0.0,1.0,41.2,7.0,2.0,75.0,16.0,12.0,6.0,1.0,2.0,1.0,0.0,0.0,0.0,4.0,7.0,0.0,0.0,0.0,0.0,1.0,2.0,3.0,66.7,1.3,0.0,0.0,9.0,6.0,1.0,0.0,280.0,1.0,12.0,8.7,2.0,0.0,2.0,1.0,0.0,1.0,2.0,3.0,1.0,81.0,2.0,17.0,2.0,10.0
2025,Round 5,2025-04-13,Richmond,away,CD_M20250140507,41,Sam Banks,CD_I1013197,0.0,0.0,0.0,0.0,1.0,0.0,0.0,1.0,0.0,0.0,0.0,0.0,28.6,6.0,2.0,71.4,21.0,15.0,5.0,0.0,0.0,0.0,0.0,0.0,0.0,4.0,11.0,0.0,0.0,0.0,0.0,2.0,0.0,3.0,50.0,0.9,0.0,0.0,10.0,3.0,0.0,0.0,430.0,0.0,6.0,7.3,2.0,0.0,0.0,0.0,0.0,0.0,3.0,1.0,0.0,83.0,3.0,21.0,4.0,15.0
2025,Round 5,2025-04-13,Richmond,away,CD_M20250140507,43,Jacob Bauer,CD_I1021152,0.0,0.0,0.0,0.0,1.0,0.0,0.0,0.0,0.0,0.0,0.0,0.0,0.0,0.0,1.0,66.7,3.0,2.0,0.0,0.0,1.0,0.0,0.0,0.0,0.0,0.0,2.0,0.0,0.0,0.0,0.0,1.0,0.0,0.0,0.0,0.5,0.0,0.0,1.0,0.0,0.0,0.0,57.0,0.0,2.0,0.0,0.0,0.0,0.0,0.0,0.0,0.0,0.0,0.0,0.0,23.0,0.0,3.0,1.0,3.0
2025,Round 5,2025-04-13,Richmond,away,CD_M20250140507,46,Jacob Blight,CD_I1013229,0.0,0.0,3.0,0.0,0.0,0.0,0.0,0.0,3.0,2.0,66.7,2.0,57.1,4.0,5.0,85.7,7.0,6.0,2.0,0.0,0.0,0.0,100.0,0.0,1.0,2.0,5.0,11.1,39.1,9.0,1.0,0.0,0.0,0.0,100.0,0.4,0.0,0.0,2.0,3.0,1.0,1.0,34.0,3.0,9.0,8.1,0.0,23.0,1.0,0.0,1.0,3.0,0.0,3.0,1.0,89.0,0.0,7.0,0.0,3.0
2025,Round 5,2025-04-13,Richmond,away,CD_M20250140507,35,Nathan Broad,CD_I295203,0.0,0.0,0.0,0.0,3.0,0.0,0.0,6.0,0.0,0.0,0.0,0.0,16.7,3.0,2.0,94.7,19.0,18.0,14.0,0.0,0.0,1.0,0.0,0.0,0.0,2.0,4.0,0.0,0.0,0.0,0.0,0.0,2.0,5.0,93.3,3.8,3.0,2.0,15.0,11.0,0.0,0.0,174.0,8.0,2.0,9.6,4.0,0.0,0.0,0.0,0.0,8.0,0.0,2.0,0.0,93.0,0.0,18.0,1.0,15.0
2025,Round 5,2025-04-13,Richmond,away,CD_M20250140507,30,Tom Brown,CD_I1017086,0.0,1.0,0.0,0.0,3.0,100.0,2.0,2.0,0.0,0.0,0.0,0.0,36.4,8.0,5.0,79.2,24.0,19.0,13.0,0.0,1.0,0.0,0.0,0.0,0.0,8.0,7.0,0.0,0.0,0.0,0.0,1.0,2.0,8.0,76.5,2.4,2.0,2.0,17.0,5.0,0.0,0.0,584.0,1.0,6.0,15.2,5.0,0.0,2.0,1.0,0.0,1.0,1.0,2.0,0.0,89.0,1.0,22.0,3.0,14.0
2025,Round 5,2025-04-13,Richmond,away,CD_M20250140507,44,Seth Campbell,CD_I1023275,1.0,0.0,0.0,0.0,2.0,0.0,0.0,0.0,0.0,0.0,0.0,1.0,50.0,4.0,10.0,77.8,9.0,7.0,4.0,1.0,2.0,0.0,0.0,1.0,0.0,3.0,3.0,0.0,0.0,0.0,0.0,2.0,1.0,1.0,66.7,2.0,0.0,0.0,6.0,1.0,0.0,0.0,153.0,0.0,27.0,4.7,0.0,0.0,2.0,0.0,1.0,0.0,1.0,1.0,1.0,88.0,1.0,8.0,3.0,4.0
2025,Round 5,2025-04-13,Richmond,away,CD_M20250140507,27,Thomson Dow,CD_I1009226,0.0,0.0,18.0,1.0,3.0,0.0,0.0,1.0,0.0,0.0,0.0,0.0,55.0,11.0,7.0,65.0,20.0,13.0,3.0,0.0,0.0,1.0,0.0,0.0,0.0,8.0,15.0,0.0,0.0,0.0,0.0,0.0,0.0,1.0,60.0,0.3,0.0,0.0,5.0,4.0,0.0,0.0,78.0,0.0,10.0,5.4,0.0,0.0,3.0,1.0,0.0,0.0,4.0,2.0,0.0,71.0,5.0,20.0,1.0,9.0
2025,Round 5,2025-04-13,Richmond,away,CD_M20250140507,26,Jonty Faull,CD_I1028498,1.0,0.0,0.0,0.0,3.0,0.0,0.0,0.0,1.0,0.0,0.0,0.0,33.3,2.0,0.0,33.3,6.0,2.0,1.0,1.0,1.0,0.0,0.0,0.0,0.0,2.0,1.0,0.0,0.0,0.0,0.0,1.0,0.0,1.0,20.0,5.0,0.0,0.0,5.0,2.0,1.0,0.0,164.0,1.0,4.0,-2.4,0.0,0.0,1.0,0.0,1.0,1.0,0.0,0.0,0.0,78.0,0.0,6.0,4.0,4.0
2025,Round 5,2025-04-13,Richmond,away,CD_M20250140507,48,Steely Green,CD_I1023056,1.0,0.0,0.0,0.0,3.0,0.0,0.0,0.0,1.0,0.0,0.0,0.0,40.0,4.0,4.0,66.7,9.0,6.0,3.0,2.0,1.0,0.0,50.0,0.0,1.0,4.0,4.0,0.0,0.0,0.0,0.0,1.0,0.0,0.0,60.0,1.3,0.0,0.0,5.0,1.0,0.0,1.0,107.0,1.0,8.0,8.6,0.0,0.0,4.0,0.0,2.0,1.0,1.0,1.0,0.0,85.0,1.0,10.0,3.0,6.0
2025,Round 5,2025-04-13,Richmond,away,CD_M20250140507,2,Jacob Hopper,CD_I993903,0.0,0.0,20.0,3.0,6.0,0.0,0.0,0.0,0.0,0.0,0.0,0.0,41.2,14.0,5.0,66.7,33.0,22.0,5.0,1.0,4.0,2.0,0.0,0.0,0.0,9.0,25.0,0.0,0.0,0.0,0.0,2.0,0.0,2.0,62.5,0.3,0.0,0.0,8.0,3.0,0.0,0.0,223.0,0.0,12.0,6.0,3.0,0.0,4.0,1.0,0.0,0.0,2.0,6.0,1.0,69.0,5.0,34.0,3.0,20.0
2025,Round 5,2025-04-13,Richmond,away,CD_M20250140507,19,Tom Lynch,CD_I293813,0.0,0.0,0.0,0.0,1.0,0.0,0.0,0.0,4.0,1.0,25.0,1.0,20.0,1.0,0.0,60.0,5.0,3.0,1.0,0.0,0.0,0.0,100.0,0.0,1.0,0.0,2.0,0.0,0.0,0.0,0.0,2.0,0.0,0.0,33.3,1.5,0.0,0.0,3.0,2.0,1.0,1.0,123.0,1.0,4.0,7.1,0.0,0.0,1.0,0.0,1.0,1.0,0.0,1.0,1.0,62.0,0.0,5.0,1.0,4.0
2025,Round 5,2025-04-13,Richmond,away,CD_M20250140507,33,Kamdyn McIntosh,CD_I294592,0.0,0.0,13.0,1.0,1.0,0.0,0.0,0.0,1.0,1.0,100.0,0.0,25.0,5.0,4.0,73.7,19.0,14.0,8.0,0.0,1.0,0.0,100.0,0.0,1.0,2.0,8.0,0.0,0.0,0.0,0.0,4.0,1.0,1.0,72.7,1.4,0.0,0.0,11.0,6.0,0.0,0.0,292.0,2.0,14.0,6.1,3.0,0.0,3.0,0.0,1.0,1.0,1.0,1.0,0.0,77.0,2.0,20.0,4.0,15.0
2025,Round 5,2025-04-13,Richmond,away,CD_M20250140507,12,Ben Miller,CD_I1002403,0.0,0.0,0.0,0.0,3.0,33.3,1.0,3.0,0.0,0.0,0.0,1.0,11.1,1.0,2.0,91.7,12.0,11.0,10.0,0.0,0.0,0.0,0.0,0.0,0.0,0.0,1.0,0.0,0.0,0.0,0.0,0.0,1.0,4.0,90.9,11.0,1.0,1.0,11.0,6.0,0.0,0.0,256.0,6.0,2.0,5.5,4.0,0.0,2.0,1.0,0.0,5.0,0.0,0.0,0.0,94.0,0.0,9.0,2.0,8.0
2025,Round 5,2025-04-13,Richmond,away,CD_M20250140507,25,Toby Nankervis,CD_I298174,0.0,0.0,24.0,1.0,3.0,0.0,0.0,2.0,0.0,0.0,0.0,0.0,44.4,8.0,5.0,100.0,17.0,17.0,4.0,0.0,2.0,2.0,0.0,0.0,0.0,1.0,13.0,39.4,44.6,33.0,13.0,0.0,2.0,2.0,100.0,0.3,0.0,0.0,4.0,3.0,0.0,0.0,21.0,4.0,15.0,17.4,1.0,74.0,5.0,4.0,0.0,3.0,4.0,2.0,1.0,82.0,5.0,18.0,1.0,10.0
2025,Round 5,2025-04-13,Richmond,away,CD_M20250140507,13,Hugo Ralphsmith,CD_I1011985,0.0,0.0,0.0,0.0,4.0,0.0,0.0,0.0,0.0,0.0,0.0,0.0,29.4,5.0,9.0,68.8,16.0,11.0,6.0,1.0,1.0,2.0,0.0,1.0,0.0,2.0,7.0,0.0,0.0,0.0,0.0,3.0,0.0,1.0,66.7,1.3,0.0,0.0,9.0,6.0,0.0,1.0,338.0,3.0,14.0,5.0,1.0,0.0,4.0,1.0,0.0,2.0,1.0,2.0,0.0,82.0,1.0,17.0,4.0,12.0
2025,Round 5,2025-04-13,Richmond,away,CD_M20250140507,17,Maurice Rioli,CD_I1009551,0.0,1.0,0.0,0.0,1.0,0.0,0.0,0.0,1.0,0.0,0.0,0.0,71.4,5.0,1.0,50.0,6.0,3.0,2.0,1.0,1.0,0.0,100.0,0.0,2.0,5.0,3.0,0.0,0.0,0.0,0.0,0.0,0.0,1.0,66.7,1.0,0.0,0.0,3.0,1.0,1.0,0.0,102.0,0.0,16.0,7.9,1.0,0.0,3.0,0.0,2.0,0.0,0.0,0.0,0.0,69.0,0.0,7.0,3.0,2.0
2025,Round 5,2025-04-13,Richmond,away,CD_M20250140507,5,Jack Ross,CD_I1006133,1.0,2.0,8.0,1.0,1.0,0.0,0.0,0.0,1.0,0.0,0.0,0.0,16.7,2.0,5.0,83.3,12.0,10.0,6.0,0.0,0.0,0.0,0.0,1.0,0.0,2.0,4.0,0.0,0.0,0.0,0.0,5.0,0.0,0.0,75.0,2.0,0.0,0.0,8.0,7.0,0.0,0.0,330.0,1.0,15.0,4.4,0.0,0.0,4.0,1.0,2.0,0.0,1.0,2.0,0.0,73.0,2.0,12.0,4.0,10.0
2025,Round 5,2025-04-13,Richmond,away,CD_M20250140507,15,Jayden Short,CD_I992049,0.0,0.0,0.0,0.0,3.0,0.0,0.0,0.0,0.0,0.0,0.0,0.0,13.0,3.0,5.0,80.0,25.0,20.0,15.0,0.0,0.0,1.0,0.0,0.0,0.0,1.0,5.0,0.0,0.0,0.0,0.0,1.0,0.0,2.0,75.0,4.0,4.0,3.0,20.0,8.0,0.0,1.0,538.0,2.0,7.0,5.0,8.0,0.0,2.0,0.0,0.0,0.0,0.0,2.0,1.0,77.0,0.0,23.0,4.0,20.0
2025,Round 5,2025-04-13,Richmond,away,CD_M20250140507,40,Tyler Sonsie,CD_I1017114,0.0,0.0,0.0,0.0,1.0,0.0,0.0,0.0,0.0,0.0,0.0,0.0,36.4,4.0,2.0,66.7,12.0,8.0,4.0,1.0,0.0,0.0,100.0,0.0,1.0,4.0,5.0,0.0,0.0,0.0,0.0,3.0,0.0,1.0,57.1,1.4,0.0,0.0,7.0,4.0,0.0,0.0,199.0,0.0,13.0,6.1,0.0,0.0,1.0,0.0,1.0,0.0,2.0,2.0,1.0,84.0,2.0,11.0,2.0,7.0
2025,Round 5,2025-04-13,Richmond,away,CD_M20250140507,14,Tim Taranto,CD_I998172,0.0,0.0,22.0,1.0,5.0,0.0,0.0,0.0,0.0,0.0,0.0,0.0,32.0,8.0,10.0,88.5,26.0,23.0,8.0,0.0,2.0,0.0,0.0,1.0,0.0,5.0,15.0,0.0,0.0,0.0,0.0,4.0,0.0,2.0,72.7,0.7,0.0,0.0,11.0,4.0,0.0,0.0,342.0,0.0,16.0,12.4,3.0,0.0,3.0,0.0,0.0,0.0,3.0,7.0,0.0,86.0,4.0,25.0,4.0,17.0
2025,Round 5,2025-04-13,Richmond,away,CD_M20250140507,31,Luke Trainor,CD_I1028521,0.0,0.0,0.0,0.0,3.0,0.0,0.0,0.0,0.0,0.0,0.0,1.0,18.2,4.0,3.0,54.5,22.0,12.0,10.0,0.0,1.0,2.0,0.0,0.0,0.0,2.0,5.0,0.0,0.0,0.0,0.0,2.0,2.0,5.0,58.8,3.4,0.0,0.0,17.0,10.0,0.0,1.0,412.0,0.0,8.0,3.6,6.0,0.0,0.0,0.0,0.0,0.0,0.0,0.0,0.0,81.0,0.0,22.0,6.0,18.0
2025,Round 5,2025-04-13,Richmond,away,CD_M20250140507,36,James Trezise,CD_I1031829,0.0,0.0,0.0,0.0,1.0,0.0,0.0,0.0,0.0,0.0,0.0,0.0,29.4,5.0,5.0,100.0,17.0,17.0,9.0,0.0,0.0,1.0,0.0,0.0,0.0,3.0,8.0,0.0,0.0,0.0,0.0,1.0,2.0,7.0,100.0,1.1,0.0,0.0,9.0,5.0,0.0,0.0,158.0,0.0,5.0,6.4,3.0,0.0,1.0,0.0,0.0,0.0,1.0,2.0,0.0,84.0,1.0,17.0,1.0,12.0
2025,Round 5,2025-04-13,Richmond,away,CD_M20250140507,1,Nick Vlastuin,CD_I294674,0.0,0.0,0.0,0.0,3.0,0.0,0.0,0.0,0.0,0.0,0.0,0.0,23.8,5.0,7.0,85.0,20.0,17.0,12.0,0.0,2.0,3.0,0.0,1.0,0.0,3.0,7.0,0.0,0.0,0.0,0.0,1.0,2.0,8.0,92.3,1.9,2.0,1.0,13.0,9.0,0.0,1.0,372.0,2.0,8.0,7.3,5.0,0.0,2.0,2.0,0.0,1.0,0.0,3.0,0.0,83.0,0.0,21.0,4.0,16.0
2025,Round 6,2025-04-19,Melbourne,away,CD_M20250140604,17,Jake Bowey,CD_I1012825,0.0,0.0,0.0,2.0,1.0,0.0,0.0,1.0,0.0,0.0,0.0,1.0,26.9,7.0,11.0,89.7,29.0,26.0,19.0,0.0,0.0,1.0,0.0,0.0,0.0,5.0,8.0,0.0,0.0,0.0,0.0,3.0,1.0,4.0,90.5,2.6,5.0,3.0,21.0,7.0,0.0,0.0,649.0,1.0,15.0,15.7,6.0,0.0,4.0,2.0,0.0,1.0,1.0,3.0,1.0,85.0,3.0,26.0,3.0,19.0
2025,Round 6,2025-04-19,Melbourne,away,CD_M20250140604,37,Kade Chandler,CD_I1005330,1.0,0.0,0.0,0.0,0.0,0.0,0.0,0.0,1.0,1.0,100.0,0.0,33.3,3.0,4.0,88.9,9.0,8.0,6.0,2.0,0.0,0.0,66.7,0.0,2.0,3.0,2.0,0.0,0.0,0.0,0.0,2.0,0.0,1.0,85.7,3.5,0.0,0.0,7.0,5.0,0.0,2.0,162.0,1.0,10.0,9.9,0.0,0.0,4.0,0.0,3.0,1.0,0.0,2.0,0.0,90.0,0.0,9.0,1.0,6.0
2025,Round 6,2025-04-19,Melbourne,away,CD_M20250140604,33,Tom Fullarton,CD_I1013532,0.0,0.0,4.0,0.0,2.0,0.0,0.0,0.0,1.0,1.0,100.0,0.0,71.4,5.0,0.0,66.7,6.0,4.0,2.0,1.0,1.0,3.0,0.0,0.0,0.0,2.0,3.0,50.0,50.0,6.0,3.0,1.0,0.0,0.0,66.7,1.0,0.0,0.0,3.0,1.0,0.0,0.0,52.0,0.0,7.0,2.8,0.0,12.0,3.0,1.0,1.0,0.0,0.0,1.0,0.0,60.0,0.0,7.0,2.0,2.0
2025,Round 6,2025-04-19,Melbourne,away,CD_M20250140604,11,Max Gawn,CD_I290528,2.0,0.0,30.0,7.0,2.0,0.0,0.0,1.0,1.0,0.0,0.0,1.0,64.3,18.0,2.0,64.3,28.0,18.0,6.0,1.0,0.0,3.0,0.0,1.0,0.0,5.0,16.0,12.9,41.9,31.0,4.0,3.0,3.0,6.0,50.0,0.8,0.0,0.0,12.0,7.0,0.0,1.0,146.0,2.0,5.0,13.4,1.0,74.0,12.0,11.0,2.0,2.0,3.0,0.0,0.0,86.0,10.0,28.0,2.0,10.0
2025,Round 6,2025-04-19,Melbourne,away,CD_M20250140604,22,Blake Howes,CD_I1017122,0.0,0.0,0.0,0.0,0.0,25.0,1.0,4.0,0.0,0.0,0.0,0.0,14.3,2.0,3.0,100.0,14.0,14.0,9.0,0.0,0.0,0.0,0.0,0.0,0.0,2.0,5.0,0.0,0.0,0.0,0.0,1.0,0.0,2.0,100.0,1.8,0.0,0.0,9.0,8.0,0.0,0.0,167.0,1.0,4.0,4.7,4.0,0.0,2.0,1.0,0.0,1.0,0.0,1.0,0.0,88.0,0.0,14.0,1.0,12.0
2025,Round 6,2025-04-19,Melbourne,away,CD_M20250140604,15,Ed Langdon,CD_I298264,0.0,0.0,2.0,0.0,3.0,0.0,0.0,0.0,1.0,0.0,0.0,0.0,23.8,5.0,4.0,72.7,22.0,16.0,8.0,0.0,1.0,1.0,0.0,2.0,0.0,4.0,10.0,0.0,0.0,0.0,0.0,2.0,0.0,4.0,66.7,1.2,0.0,0.0,12.0,7.0,0.0,0.0,294.0,0.0,10.0,7.7,0.0,0.0,6.0,0.0,1.0,0.0,0.0,1.0,0.0,75.0,0.0,21.0,4.0,16.0
2025,Round 6,2025-04-19,Melbourne,away,CD_M20250140604,19,Harvey Langford,CD_I1028546,0.0,2.0,0.0,0.0,3.0,0.0,0.0,0.0,0.0,0.0,0.0,0.0,27.8,5.0,8.0,76.5,17.0,13.0,9.0,0.0,2.0,0.0,100.0,1.0,2.0,5.0,7.0,0.0,0.0,0.0,0.0,5.0,0.0,2.0,90.0,1.4,0.0,0.0,10.0,2.0,0.0,0.0,432.0,1.0,14.0,16.0,1.0,0.0,6.0,0.0,2.0,1.0,0.0,2.0,1.0,86.0,0.0,18.0,4.0,13.0
2025,Round 6,2025-04-19,Melbourne,away,CD_M20250140604,20,Xavier Lindsay,CD_I1028531,0.0,0.0,0.0,1.0,1.0,0.0,0.0,0.0,0.0,0.0,0.0,0.0,33.3,5.0,6.0,75.0,16.0,12.0,7.0,0.0,0.0,1.0,0.0,0.0,0.0,4.0,6.0,0.0,0.0,0.0,0.0,2.0,0.0,4.0,70.0,1.7,0.0,0.0,10.0,4.0,0.0,0.0,128.0,0.0,10.0,4.8,1.0,0.0,1.0,0.0,0.0,0.0,1.0,2.0,0.0,80.0,2.0,15.0,3.0,10.0
2025,Round 6,2025-04-19,Melbourne,away,CD_M20250140604,25,Tom McDonald,CD_I291533,0.0,0.0,0.0,0.0,0.0,0.0,0.0,3.0,0.0,0.0,0.0,0.0,22.2,4.0,4.0,88.9,18.0,16.0,11.0,0.0,0.0,0.0,0.0,0.0,0.0,4.0,5.0,0.0,0.0,0.0,0.0,0.0,0.0,4.0,84.6,2.6,0.0,0.0,13.0,11.0,0.0,0.0,305.0,10.0,4.0,11.4,4.0,0.0,3.0,0.0,0.0,10.0,0.0,0.0,0.0,100.0,0.0,18.0,3.0,14.0
2025,Round 6,2025-04-19,Melbourne,away,CD_M20250140604,18,Jake Melksham,CD_I280824,2.0,0.0,0.0,0.0,1.0,0.0,0.0,0.0,4.0,3.0,75.0,0.0,46.2,6.0,0.0,61.5,13.0,8.0,5.0,2.0,0.0,3.0,0.0,1.0,0.0,3.0,5.0,0.0,0.0,0.0,0.0,3.0,0.0,0.0,62.5,1.6,0.0,0.0,8.0,1.0,0.0,0.0,243.0,0.0,5.0,3.8,0.0,0.0,7.0,0.0,2.0,0.0,0.0,3.0,2.0,65.0,0.0,13.0,2.0,7.0
2025,Round 6,2025-04-19,Melbourne,away,CD_M20250140604,13,Clayton Oliver,CD_I996701,0.0,0.0,21.0,2.0,2.0,0.0,0.0,0.0,0.0,0.0,0.0,0.0,52.0,13.0,8.0,72.0,25.0,18.0,3.0,2.0,1.0,2.0,0.0,0.0,0.0,8.0,20.0,0.0,0.0,0.0,0.0,3.0,0.0,4.0,60.0,0.3,0.0,0.0,5.0,1.0,0.0,0.0,81.0,1.0,23.0,9.0,1.0,0.0,5.0,2.0,0.0,0.0,3.0,6.0,1.0,72.0,5.0,25.0,4.0,12.0
2025,Round 6,2025-04-19,Melbourne,away,CD_M20250140604,5,Christian Petracca,CD_I298210,1.0,0.0,28.0,4.0,6.0,0.0,0.0,0.0,0.0,0.0,0.0,0.0,40.0,10.0,6.0,64.0,25.0,16.0,6.0,1.0,2.0,1.0,50.0,2.0,1.0,7.0,12.0,0.0,0.0,0.0,0.0,8.0,0.0,0.0,46.2,1.1,0.0,0.0,13.0,5.0,1.0,1.0,529.0,0.0,13.0,15.3,0.0,0.0,8.0,1.0,2.0,0.0,2.0,5.0,3.0,83.0,6.0,25.0,6.0,15.0
2025,Round 6,2025-04-19,Melbourne,away,CD_M20250140604,35,Harrison Petty,CD_I1008893,0.0,0.0,0.0,0.0,1.0,0.0,0.0,1.0,7.0,0.0,0.0,0.0,33.3,3.0,1.0,80.0,10.0,8.0,4.0,0.0,0.0,2.0,100.0,1.0,4.0,1.0,4.0,0.0,0.0,0.0,0.0,1.0,0.0,1.0,66.7,1.5,0.0,0.0,6.0,5.0,3.0,1.0,157.0,1.0,11.0,13.8,0.0,0.0,6.0,1.0,4.0,1.0,0.0,2.0,2.0,83.0,0.0,9.0,1.0,6.0
2025,Round 6,2025-04-19,Melbourne,away,CD_M20250140604,36,Kysaiah Pickett,CD_I1008541,2.0,2.0,23.0,1.0,5.0,0.0,0.0,0.0,1.0,1.0,100.0,1.0,37.0,10.0,0.0,79.2,24.0,19.0,11.0,2.0,2.0,1.0,62.5,1.0,5.0,6.0,8.0,0.0,0.0,0.0,0.0,6.0,0.0,2.0,68.8,2.0,0.0,0.0,16.0,5.0,2.0,0.0,475.0,2.0,10.0,21.8,1.0,0.0,10.0,1.0,8.0,0.0,3.0,3.0,2.0,88.0,4.0,27.0,3.0,17.0
2025,Round 6,2025-04-19,Melbourne,away,CD_M20250140604,24,Trent Rivers,CD_I1009378,0.0,0.0,0.0,0.0,3.0,0.0,0.0,0.0,0.0,0.0,0.0,1.0,25.0,6.0,7.0,88.5,26.0,23.0,16.0,0.0,1.0,2.0,100.0,0.0,1.0,3.0,7.0,0.0,0.0,0.0,0.0,1.0,1.0,5.0,84.2,2.7,4.0,4.0,19.0,10.0,0.0,0.0,472.0,0.0,10.0,16.8,2.0,0.0,5.0,2.0,1.0,0.0,1.0,4.0,0.0,82.0,1.0,24.0,3.0,18.0
2025,Round 6,2025-04-19,Melbourne,away,CD_M20250140604,3,Christian Salem,CD_I296359,0.0,2.0,0.0,0.0,3.0,100.0,1.0,1.0,0.0,0.0,0.0,0.0,5.3,1.0,6.0,87.0,23.0,20.0,16.0,0.0,1.0,0.0,0.0,1.0,0.0,1.0,4.0,0.0,0.0,0.0,0.0,0.0,1.0,3.0,84.2,4.8,4.0,3.0,19.0,7.0,0.0,0.0,398.0,2.0,7.0,4.7,5.0,0.0,4.0,1.0,0.0,2.0,0.0,1.0,0.0,85.0,0.0,19.0,4.0,18.0
2025,Round 6,2025-04-19,Melbourne,away,CD_M20250140604,30,Harry Sharp,CD_I1007099,0.0,0.0,0.0,0.0,1.0,0.0,0.0,0.0,1.0,1.0,100.0,0.0,66.7,2.0,2.0,66.7,3.0,2.0,0.0,1.0,1.0,0.0,0.0,1.0,0.0,2.0,3.0,0.0,0.0,0.0,0.0,0.0,0.0,1.0,0.0,0.0,0.0,0.0,0.0,1.0,0.0,0.0,-4.0,1.0,11.0,2.9,0.0,0.0,1.0,0.0,0.0,1.0,0.0,3.0,3.0,40.0,0.0,3.0,1.0,1.0
2025,Round 6,2025-04-19,Melbourne,away,CD_M20250140604,9,Charlie Spargo,CD_I1002282,1.0,0.0,0.0,0.0,1.0,0.0,0.0,0.0,1.0,0.0,0.0,0.0,31.6,6.0,2.0,63.2,19.0,12.0,4.0,2.0,1.0,0.0,0.0,0.0,0.0,6.0,9.0,0.0,0.0,0.0,0.0,6.0,0.0,0.0,40.0,1.1,0.0,0.0,10.0,3.0,1.0,0.0,364.0,0.0,14.0,6.9,0.0,0.0,7.0,1.0,1.0,0.0,1.0,4.0,3.0,83.0,1.0,19.0,3.0,13.0
2025,Round 6,2025-04-19,Melbourne,away,CD_M20250140604,32,Tom Sparrow,CD_I999391,1.0,0.0,0.0,0.0,2.0,0.0,0.0,0.0,0.0,0.0,0.0,0.0,30.8,4.0,8.0,84.6,13.0,11.0,7.0,1.0,1.0,0.0,0.0,0.0,0.0,4.0,4.0,0.0,0.0,0.0,0.0,0.0,0.0,1.0,77.8,2.3,0.0,0.0,9.0,6.0,0.0,3.0,146.0,2.0,15.0,6.8,1.0,0.0,5.0,1.0,1.0,1.0,0.0,4.0,3.0,89.0,0.0,13.0,0.0,9.0
2025,Round 6,2025-04-19,Melbourne,away,CD_M20250140604,12,Koltyn Tholstrup,CD_I1023640,0.0,0.0,0.0,0.0,1.0,0.0,0.0,0.0,0.0,0.0,0.0,0.0,16.7,1.0,0.0,100.0,6.0,6.0,4.0,1.0,0.0,0.0,0.0,0.0,0.0,1.0,2.0,0.0,0.0,0.0,0.0,1.0,0.0,0.0,100.0,2.0,0.0,0.0,4.0,5.0,0.0,2.0,122.0,2.0,10.0,3.9,2.0,0.0,3.0,0.0,0.0,2.0,0.0,4.0,2.0,68.0,0.0,6.0,0.0,5.0
2025,Round 6,2025-04-19,Melbourne,away,CD_M20250140604,10,Daniel Turner,CD_I1020959,0.0,0.0,0.0,0.0,0.0,0.0,0.0,2.0,0.0,0.0,0.0,2.0,66.7,4.0,2.0,80.0,5.0,4.0,4.0,0.0,0.0,0.0,0.0,0.0,0.0,1.0,1.0,0.0,0.0,0.0,0.0,0.0,2.0,4.0,100.0,4.0,0.0,0.0,4.0,3.0,0.0,0.0,63.0,3.0,2.0,7.2,1.0,0.0,2.0,1.0,0.0,2.0,0.0,0.0,0.0,46.0,0.0,6.0,0.0,2.0
2025,Round 6,2025-04-19,Melbourne,away,CD_M20250140604,7,Jack Viney,CD_I291902,1.0,0.0,28.0,2.0,5.0,0.0,0.0,0.0,0.0,0.0,0.0,0.0,38.5,10.0,6.0,76.0,25.0,19.0,6.0,3.0,4.0,1.0,50.0,2.0,1.0,7.0,15.0,0.0,0.0,0.0,0.0,7.0,0.0,3.0,60.0,0.7,0.0,0.0,10.0,1.0,0.0,0.0,458.0,2.0,25.0,19.9,3.0,0.0,7.0,1.0,2.0,0.0,3.0,8.0,4.0,87.0,5.0,26.0,6.0,16.0
2025,Round 6,2025-04-19,Melbourne,away,CD_M20250140604,6,Caleb Windsor,CD_I1027821,0.0,1.0,0.0,1.0,2.0,0.0,0.0,0.0,0.0,0.0,0.0,0.0,26.7,4.0,8.0,81.3,16.0,13.0,8.0,0.0,1.0,0.0,0.0,0.0,0.0,4.0,7.0,0.0,0.0,0.0,0.0,1.0,0.0,2.0,88.9,1.3,0.0,0.0,9.0,5.0,0.0,0.0,273.0,0.0,10.0,6.8,2.0,0.0,1.0,0.0,0.0,0.0,0.0,0.0,0.0,79.0,1.0,15.0,2.0,11.0
2025,Round 7,2025-04-25,Adelaide,home,CD_M20250140703,5,Matt Crouch,CD_I297401,0.0,0.0,11.0,1.0,2.0,0.0,0.0,0.0,0.0,0.0,0.0,0.0,33.3,6.0,8.0,77.8,18.0,14.0,1.0,0.0,1.0,0.0,0.0,2.0,0.0,6.0,16.0,0.0,0.0,0.0,0.0,3.0,0.0,3.0,50.0,0.1,0.0,0.0,2.0,2.0,0.0,0.0,68.0,1.0,15.0,7.5,0.0,0.0,2.0,0.0,0.0,0.0,0.0,5.0,2.0,51.0,1.0,18.0,2.0,12.0
2025,Round 7,2025-04-25,Adelaide,home,CD_M20250140703,44,Isaac Cumming,CD_I1001396,0.0,0.0,0.0,0.0,2.0,0.0,0.0,0.0,0.0,0.0,0.0,0.0,27.8,5.0,7.0,72.2,18.0,13.0,10.0,0.0,1.0,0.0,0.0,0.0,0.0,5.0,3.0,0.0,0.0,0.0,0.0,2.0,2.0,6.0,66.7,5.0,0.0,0.0,15.0,5.0,0.0,0.0,343.0,0.0,17.0,9.8,2.0,0.0,5.0,2.0,1.0,0.0,0.0,2.0,0.0,79.0,0.0,18.0,1.0,13.0
2025,Round 7,2025-04-25,Adelaide,home,CD_M20250140703,6,Daniel Curtin,CD_I1024023,1.0,0.0,0.0,0.0,2.0,0.0,0.0,0.0,1.0,1.0,100.0,0.0,50.0,4.0,3.0,75.0,8.0,6.0,3.0,0.0,2.0,2.0,0.0,1.0,0.0,2.0,3.0,0.0,0.0,0.0,0.0,4.0,0.0,0.0,60.0,1.7,0.0,0.0,5.0,3.0,1.0,1.0,194.0,0.0,14.0,2.6,0.0,1.0,5.0,0.0,1.0,0.0,0.0,3.0,2.0,84.0,0.0,8.0,1.0,4.0
2025,Round 7,2025-04-25,Adelaide,home,CD_M20250140703,12,Jordan Dawson,CD_I992242,0.0,0.0,18.0,0.0,7.0,0.0,0.0,0.0,0.0,0.0,0.0,1.0,23.8,5.0,8.0,42.9,21.0,9.0,8.0,1.0,0.0,1.0,0.0,1.0,0.0,2.0,1.0,0.0,0.0,0.0,0.0,6.0,0.0,1.0,40.0,20.0,0.0,0.0,20.0,3.0,0.0,0.0,561.0,1.0,13.0,2.5,3.0,0.0,2.0,0.0,1.0,1.0,1.0,7.0,1.0,85.0,1.0,21.0,8.0,16.0
2025,Round 7,2025-04-25,Adelaide,home,CD_M20250140703,34,Sid Draper,CD_I1022607,0.0,0.0,4.0,0.0,0.0,0.0,0.0,0.0,0.0,0.0,0.0,0.0,100.0,1.0,1.0,50.0,2.0,1.0,1.0,0.0,0.0,0.0,0.0,0.0,0.0,1.0,0.0,0.0,0.0,0.0,0.0,2.0,0.0,2.0,50.0,2.0,0.0,0.0,2.0,0.0,0.0,0.0,75.0,0.0,3.0,1.3,0.0,0.0,0.0,0.0,0.0,0.0,0.0,0.0,0.0,18.0,0.0,1.0,2.0,0.0
2025,Round 7,2025-04-25,Adelaide,home,CD_M20250140703,20,Mitchell Hinge,CD_I1004863,0.0,0.0,0.0,0.0,4.0,0.0,0.0,0.0,0.0,0.0,0.0,0.0,12.5,1.0,7.0,70.0,10.0,7.0,6.0,0.0,2.0,0.0,0.0,0.0,0.0,1.0,1.0,0.0,0.0,0.0,0.0,1.0,0.0,3.0,66.7,9.0,2.0,0.0,9.0,4.0,0.0,0.0,258.0,2.0,10.0,5.6,5.0,0.0,6.0,5.0,0.0,2.0,1.0,3.0,0.0,79.0,1.0,8.0,3.0,7.0
2025,Round 7,2025-04-25,Adelaide,home,CD_M20250140703,48,Mark Keane,CD_I1013974,0.0,1.0,0.0,0.0,4.0,33.3,1.0,3.0,0.0,0.0,0.0,0.0,50.0,3.0,0.0,91.7,12.0,11.0,10.0,0.0,2.0,2.0,0.0,0.0,0.0,1.0,1.0,0.0,0.0,0.0,0.0,0.0,0.0,3.0,90.9,11.0,7.0,6.0,11.0,1.0,0.0,0.0,330.0,7.0,1.0,9.6,6.0,0.0,3.0,1.0,0.0,6.0,0.0,0.0,0.0,97.0,0.0,6.0,1.0,3.0
2025,Round 7,2025-04-25,Adelaide,home,CD_M20250140703,2,Ben Keays,CD_I993946,1.0,0.0,4.0,1.0,1.0,0.0,0.0,0.0,0.0,0.0,0.0,0.0,50.0,7.0,5.0,64.3,14.0,9.0,4.0,0.0,0.0,2.0,0.0,0.0,0.0,5.0,5.0,0.0,0.0,0.0,0.0,0.0,0.0,3.0,44.4,1.8,0.0,0.0,9.0,3.0,1.0,0.0,188.0,0.0,17.0,7.2,0.0,0.0,3.0,0.0,1.0,0.0,2.0,6.0,2.0,91.0,3.0,14.0,2.0,7.0
2025,Round 7,2025-04-25,Adelaide,home,CD_M20250140703,29,Rory Laird,CD_I293222,0.0,0.0,0.0,0.0,3.0,0.0,0.0,0.0,0.0,0.0,0.0,0.0,23.1,6.0,9.0,74.1,27.0,20.0,9.0,0.0,1.0,1.0,0.0,0.0,0.0,4.0,11.0,0.0,0.0,0.0,0.0,0.0,0.0,2.0,56.3,1.5,0.0,0.0,16.0,5.0,0.0,0.0,354.0,0.0,11.0,6.0,6.0,0.0,3.0,1.0,0.0,0.0,2.0,4.0,0.0,82.0,2.0,26.0,3.0,20.0
2025,Round 7,2025-04-25,Adelaide,home,CD_M20250140703,16,Max Michalanney,CD_I1015370,0.0,0.0,0.0,0.0,2.0,0.0,0.0,0.0,0.0,0.0,0.0,1.0,12.5,2.0,9.0,68.8,16.0,11.0,5.0,0.0,1.0,0.0,0.0,0.0,0.0,1.0,8.0,0.0,0.0,0.0,0.0,2.0,1.0,2.0,62.5,1.0,0.0,0.0,8.0,6.0,0.0,3.0,260.0,0.0,11.0,3.2,2.0,0.0,3.0,0.0,0.0,0.0,0.0,4.0,0.0,87.0,0.0,16.0,1.0,14.0
2025,Round 7,2025-04-25,Adelaide,home,CD_M20250140703,30,Wayne Milera,CD_I990882,0.0,0.0,0.0,0.0,1.0,0.0,0.0,0.0,0.0,0.0,0.0,0.0,45.5,5.0,7.0,91.7,12.0,11.0,5.0,0.0,0.0,1.0,0.0,0.0,0.0,4.0,6.0,0.0,0.0,0.0,0.0,1.0,1.0,5.0,83.3,1.0,1.0,1.0,6.0,2.0,0.0,0.0,132.0,3.0,8.0,9.6,1.0,0.0,2.0,1.0,0.0,2.0,1.0,2.0,0.0,80.0,1.0,11.0,3.0,6.0
2025,Round 7,2025-04-25,Adelaide,home,CD_M20250140703,9,Nick Murray,CD_I1008230,0.0,0.0,0.0,0.0,4.0,0.0,0.0,0.0,0.0,0.0,0.0,0.0,18.2,2.0,3.0,80.0,10.0,8.0,6.0,0.0,2.0,2.0,0.0,0.0,0.0,0.0,2.0,0.0,0.0,0.0,0.0,0.0,0.0,3.0,75.0,4.0,0.0,0.0,8.0,3.0,0.0,0.0,139.0,5.0,4.0,3.5,3.0,0.0,3.0,0.0,0.0,4.0,0.0,1.0,0.0,84.0,0.0,11.0,2.0,9.0
2025,Round 7,2025-04-25,Adelaide,home,CD_M20250140703,27,Luke Nankervis,CD_I1021031,2.0,0.0,0.0,0.0,2.0,100.0,1.0,1.0,0.0,0.0,0.0,0.0,27.3,3.0,4.0,33.3,12.0,4.0,2.0,0.0,0.0,0.0,0.0,1.0,0.0,3.0,2.0,0.0,0.0,0.0,0.0,1.0,1.0,2.0,20.0,5.0,0.0,0.0,10.0,4.0,2.0,0.0,154.0,2.0,9.0,-0.7,2.0,0.0,4.0,1.0,2.0,2.0,1.0,2.0,0.0,80.0,1.0,11.0,2.0,8.0
2025,Round 7,2025-04-25,Adelaide,home,CD_M20250140703,28,Alex Neal-Bullen,CD_I296420,2.0,1.0,0.0,0.0,1.0,0.0,0.0,0.0,0.0,0.0,0.0,0.0,36.8,7.0,7.0,63.2,19.0,12.0,7.0,2.0,1.0,1.0,25.0,0.0,1.0,5.0,6.0,0.0,0.0,0.0,0.0,1.0,0.0,1.0,53.8,2.2,0.0,0.0,13.0,4.0,0.0,0.0,303.0,1.0,23.0,11.7,1.0,0.0,7.0,1.0,4.0,1.0,1.0,4.0,2.0,84.0,1.0,19.0,1.0,12.0
2025,Round 7,2025-04-25,Adelaide,home,CD_M20250140703,43,Reilly O'Brien,CD_I297523,0.0,0.0,21.0,0.0,4.0,0.0,0.0,0.0,0.0,0.0,0.0,1.0,62.5,10.0,5.0,71.4,14.0,10.0,6.0,0.0,3.0,4.0,0.0,0.0,0.0,4.0,6.0,23.3,43.5,30.0,7.0,4.0,1.0,4.0,75.0,1.3,0.0,0.0,8.0,6.0,0.0,0.0,173.0,6.0,13.0,6.3,3.0,69.0,4.0,3.0,0.0,5.0,1.0,5.0,1.0,86.0,1.0,16.0,3.0,6.0
2025,Round 7,2025-04-25,Adelaide,home,CD_M20250140703,25,James Peatling,CD_I1006013,0.0,0.0,10.0,1.0,4.0,0.0,0.0,0.0,0.0,0.0,0.0,0.0,31.6,6.0,11.0,61.1,18.0,11.0,4.0,0.0,2.0,0.0,0.0,1.0,0.0,4.0,9.0,0.0,0.0,0.0,0.0,2.0,0.0,0.0,44.4,1.0,0.0,0.0,9.0,4.0,0.0,0.0,279.0,0.0,18.0,2.7,0.0,0.0,3.0,0.0,0.0,0.0,4.0,5.0,0.0,84.0,5.0,19.0,3.0,13.0
2025,Round 7,2025-04-25,Adelaide,home,CD_M20250140703,8,Josh Rachele,CD_I1017051,1.0,0.0,0.0,0.0,1.0,0.0,0.0,0.0,0.0,0.0,0.0,1.0,33.3,3.0,3.0,66.7,9.0,6.0,3.0,1.0,0.0,1.0,50.0,0.0,1.0,2.0,3.0,0.0,0.0,0.0,0.0,0.0,0.0,0.0,50.0,2.0,0.0,0.0,6.0,5.0,4.0,1.0,96.0,2.0,10.0,7.9,0.0,0.0,5.0,0.0,2.0,1.0,1.0,2.0,1.0,75.0,1.0,9.0,0.0,6.0
2025,Round 7,2025-04-25,Adelaide,home,CD_M20250140703,23,Izak Rankine,CD_I1001195,1.0,0.0,10.0,0.0,4.0,0.0,0.0,0.0,2.0,1.0,50.0,1.0,63.2,12.0,7.0,68.4,19.0,13.0,6.0,3.0,1.0,1.0,33.3,1.0,1.0,9.0,8.0,0.0,0.0,0.0,0.0,4.0,0.0,3.0,54.5,1.4,0.0,0.0,11.0,5.0,1.0,3.0,303.0,2.0,21.0,13.1,0.0,0.0,6.0,2.0,3.0,2.0,3.0,6.0,1.0,85.0,3.0,19.0,4.0,7.0
2025,Round 7,2025-04-25,Adelaide,home,CD_M20250140703,14,Jake Soligo,CD_I1017109,0.0,0.0,15.0,3.0,3.0,0.0,0.0,0.0,0.0,0.0,0.0,0.0,70.6,12.0,10.0,61.1,18.0,11.0,7.0,0.0,1.0,2.0,100.0,0.0,1.0,8.0,7.0,0.0,0.0,0.0,0.0,3.0,0.0,2.0,63.6,1.6,0.0,0.0,11.0,2.0,0.0,0.0,331.0,2.0,17.0,15.0,2.0,0.0,3.0,0.0,1.0,2.0,3.0,4.0,0.0,81.0,6.0,17.0,2.0,5.0
2025,Round 7,2025-04-25,Adelaide,home,CD_M20250140703,19,Zac Taylor,CD_I1017065,0.0,0.0,0.0,0.0,0.0,0.0,0.0,0.0,0.0,0.0,0.0,0.0,25.0,2.0,2.0,100.0,8.0,8.0,3.0,0.0,0.0,1.0,0.0,0.0,0.0,1.0,5.0,0.0,0.0,0.0,0.0,1.0,0.0,0.0,100.0,0.6,0.0,0.0,3.0,3.0,0.0,2.0,71.0,0.0,9.0,5.0,1.0,0.0,3.0,1.0,0.0,0.0,2.0,5.0,4.0,59.0,2.0,8.0,0.0,6.0
2025,Round 7,2025-04-25,Adelaide,home,CD_M20250140703,7,Riley Thilthorpe,CD_I1008384,2.0,0.0,3.0,1.0,0.0,0.0,0.0,0.0,3.0,1.0,33.3,1.0,80.0,8.0,2.0,77.8,9.0,7.0,3.0,0.0,0.0,3.0,60.0,0.0,3.0,3.0,4.0,20.0,41.7,5.0,1.0,0.0,0.0,0.0,60.0,1.3,0.0,0.0,5.0,2.0,2.0,0.0,165.0,1.0,5.0,13.6,0.0,12.0,6.0,1.0,5.0,0.0,0.0,2.0,2.0,69.0,1.0,10.0,0.0,2.0
2025,Round 7,2025-04-25,Adelaide,home,CD_M20250140703,13,Taylor Walker,CD_I280506,1.0,0.0,0.0,0.0,4.0,0.0,0.0,0.0,1.0,0.0,0.0,1.0,30.8,4.0,2.0,66.7,12.0,8.0,4.0,1.0,3.0,0.0,66.7,0.0,2.0,1.0,4.0,50.0,16.7,2.0,1.0,4.0,0.0,0.0,50.0,2.0,0.0,0.0,8.0,4.0,3.0,0.0,254.0,0.0,4.0,7.9,0.0,12.0,6.0,1.0,3.0,0.0,0.0,0.0,0.0,89.0,0.0,13.0,5.0,9.0
2025,Round 7,2025-04-25,Adelaide,home,CD_M20250140703,24,Josh Worrell,CD_I1011981,0.0,0.0,0.0,0.0,1.0,0.0,0.0,3.0,0.0,0.0,0.0,1.0,47.1,8.0,6.0,90.0,20.0,18.0,10.0,0.0,1.0,1.0,0.0,1.0,0.0,6.0,8.0,0.0,0.0,0.0,0.0,1.0,2.0,9.0,83.3,1.5,3.0,3.0,12.0,5.0,0.0,0.0,332.0,3.0,7.0,15.1,3.0,0.0,5.0,2.0,0.0,3.0,0.0,0.0,0.0,90.0,0.0,17.0,1.0,9.0
2025,Round 8,2025-05-02,St Kilda,away,CD_M20250140802,38,Hugh Boxshall,CD_I1029148,0.0,0.0,9.0,0.0,5.0,0.0,0.0,0.0,0.0,0.0,0.0,0.0,58.8,10.0,5.0,50.0,16.0,8.0,3.0,2.0,1.0,2.0,0.0,0.0,0.0,8.0,6.0,0.0,0.0,0.0,0.0,4.0,0.0,2.0,30.0,1.7,0.0,0.0,10.0,3.0,0.0,0.0,255.0,1.0,11.0,6.3,1.0,0.0,2.0,1.0,0.0,1.0,4.0,6.0,1.0,59.0,4.0,17.0,3.0,7.0
2025,Round 8,2025-05-02,St Kilda,away,CD_M20250140802,13,Ryan Byrnes,CD_I1011994,0.0,0.0,0.0,0.0,5.0,0.0,0.0,1.0,1.0,0.0,0.0,0.0,35.3,6.0,2.0,43.8,16.0,7.0,3.0,2.0,0.0,0.0,0.0,3.0,0.0,5.0,5.0,0.0,0.0,0.0,0.0,6.0,0.0,0.0,27.3,2.2,0.0,0.0,11.0,2.0,1.0,0.0,410.0,3.0,15.0,11.0,2.0,0.0,6.0,0.0,1.0,1.0,2.0,5.0,0.0,79.0,2.0,17.0,5.0,11.0
2025,Round 8,2025-05-02,St Kilda,away,CD_M20250140802,47,Anthony Caminiti,CD_I1023784,1.0,0.0,0.0,0.0,1.0,0.0,0.0,1.0,2.0,1.0,50.0,0.0,41.7,5.0,2.0,75.0,12.0,9.0,4.0,2.0,0.0,2.0,33.3,1.0,1.0,3.0,6.0,0.0,0.0,0.0,0.0,2.0,0.0,1.0,66.7,1.0,0.0,0.0,6.0,3.0,1.0,1.0,170.0,1.0,11.0,12.0,0.0,0.0,7.0,0.0,3.0,0.0,0.0,2.0,1.0,94.0,0.0,12.0,2.0,7.0
2025,Round 8,2025-05-02,St Kilda,away,CD_M20250140802,4,Lance Collard,CD_I1017959,1.0,0.0,0.0,0.0,4.0,0.0,0.0,0.0,0.0,0.0,0.0,0.0,57.1,4.0,4.0,50.0,6.0,3.0,2.0,1.0,2.0,0.0,50.0,0.0,1.0,3.0,2.0,0.0,0.0,0.0,0.0,2.0,0.0,2.0,50.0,2.0,0.0,0.0,4.0,1.0,0.0,0.0,116.0,1.0,10.0,4.3,0.0,0.0,3.0,0.0,2.0,0.0,1.0,3.0,1.0,60.0,1.0,7.0,2.0,3.0
2025,Round 8,2025-05-02,St Kilda,away,CD_M20250140802,34,Hugo Garcia,CD_I1027790,0.0,0.0,18.0,3.0,9.0,0.0,0.0,0.0,0.0,0.0,0.0,0.0,47.4,9.0,8.0,42.1,19.0,8.0,2.0,1.0,4.0,2.0,50.0,0.0,1.0,5.0,9.0,0.0,0.0,0.0,0.0,2.0,0.0,2.0,20.0,1.1,0.0,0.0,10.0,0.0,0.0,0.0,309.0,0.0,19.0,3.6,2.0,0.0,3.0,0.0,2.0,0.0,2.0,10.0,2.0,78.0,5.0,19.0,6.0,10.0
2025,Round 8,2025-05-02,St Kilda,away,CD_M20250140802,40,Max Hall,CD_I1020855,1.0,0.0,0.0,0.0,2.0,0.0,0.0,0.0,1.0,0.0,0.0,0.0,50.0,7.0,4.0,80.0,15.0,12.0,5.0,0.0,0.0,3.0,0.0,0.0,0.0,5.0,9.0,0.0,0.0,0.0,0.0,3.0,0.0,2.0,83.3,0.7,0.0,0.0,6.0,3.0,1.0,0.0,183.0,0.0,18.0,5.1,0.0,0.0,4.0,1.0,1.0,0.0,4.0,5.0,1.0,76.0,4.0,14.0,4.0,7.0
2025,Round 8,2025-05-02,St Kilda,away,CD_M20250140802,1,Jack Higgins,CD_I1002227,0.0,0.0,0.0,0.0,1.0,0.0,0.0,0.0,1.0,0.0,0.0,0.0,61.5,8.0,1.0,66.7,12.0,8.0,4.0,4.0,0.0,3.0,33.3,3.0,1.0,5.0,6.0,0.0,0.0,0.0,0.0,3.0,0.0,2.0,66.7,1.0,0.0,0.0,6.0,2.0,1.0,1.0,176.0,0.0,8.0,10.9,0.0,0.0,6.0,1.0,3.0,0.0,0.0,2.0,1.0,81.0,0.0,13.0,1.0,5.0
2025,Round 8,2025-05-02,St Kilda,away,CD_M20250140802,8,Bradley Hill,CD_I295584,0.0,0.0,0.0,0.0,3.0,0.0,0.0,1.0,0.0,0.0,0.0,0.0,28.6,6.0,4.0,76.2,21.0,16.0,6.0,1.0,1.0,1.0,100.0,1.0,1.0,4.0,10.0,0.0,0.0,0.0,0.0,4.0,0.0,2.0,54.5,1.1,0.0,0.0,11.0,0.0,0.0,0.0,251.0,3.0,8.0,15.2,3.0,0.0,5.0,1.0,1.0,0.0,1.0,1.0,0.0,91.0,1.0,21.0,2.0,15.0
2025,Round 8,2025-05-02,St Kilda,away,CD_M20250140802,20,Dougal Howard,CD_I993480,0.0,0.0,0.0,0.0,1.0,0.0,0.0,2.0,0.0,0.0,0.0,0.0,20.0,2.0,4.0,100.0,11.0,11.0,9.0,0.0,0.0,2.0,0.0,0.0,0.0,0.0,2.0,0.0,0.0,0.0,0.0,0.0,0.0,3.0,100.0,4.5,0.0,0.0,9.0,7.0,0.0,0.0,246.0,4.0,5.0,5.4,2.0,0.0,2.0,0.0,0.0,4.0,0.0,1.0,0.0,75.0,0.0,10.0,1.0,8.0
2025,Round 8,2025-05-02,St Kilda,away,CD_M20250140802,6,Jack Macrae,CD_I295467,0.0,0.0,18.0,5.0,5.0,0.0,0.0,1.0,0.0,0.0,0.0,0.0,62.5,25.0,5.0,71.1,38.0,27.0,11.0,2.0,3.0,3.0,0.0,1.0,0.0,16.0,19.0,0.0,0.0,0.0,0.0,5.0,0.0,5.0,57.9,1.0,0.0,0.0,19.0,6.0,0.0,0.0,291.0,2.0,14.0,20.1,2.0,0.0,10.0,3.0,0.0,0.0,9.0,8.0,0.0,82.0,14.0,40.0,3.0,15.0
2025,Round 8,2025-05-02,St Kilda,away,CD_M20250140802,19,Rowan Marshall,CD_I992468,2.0,0.0,21.0,2.0,4.0,0.0,0.0,0.0,0.0,0.0,0.0,0.0,53.3,8.0,3.0,53.8,13.0,7.0,3.0,0.0,3.0,1.0,0.0,1.0,0.0,2.0,6.0,28.9,39.6,38.0,11.0,2.0,0.0,1.0,42.9,1.2,0.0,0.0,7.0,2.0,0.0,2.0,125.0,2.0,8.0,11.9,1.0,96.0,8.0,5.0,2.0,0.0,1.0,5.0,0.0,87.0,3.0,15.0,1.0,7.0
2025,Round 8,2025-05-02,St Kilda,away,CD_M20250140802,45,Liam O'Connell,CD_I1035198,0.0,0.0,0.0,0.0,1.0,100.0,1.0,1.0,0.0,0.0,0.0,0.0,16.7,1.0,7.0,83.3,6.0,5.0,4.0,0.0,1.0,0.0,0.0,0.0,0.0,1.0,1.0,0.0,0.0,0.0,0.0,1.0,0.0,1.0,80.0,5.0,0.0,0.0,5.0,2.0,0.0,0.0,68.0,1.0,9.0,2.2,0.0,0.0,2.0,0.0,0.0,1.0,0.0,5.0,0.0,83.0,0.0,6.0,0.0,5.0
2025,Round 8,2025-05-02,St Kilda,away,CD_M20250140802,10,Mitch Owens,CD_I1023272,0.0,0.0,2.0,2.0,7.0,0.0,0.0,0.0,2.0,1.0,50.0,1.0,54.5,12.0,1.0,55.6,18.0,10.0,5.0,2.0,3.0,3.0,60.0,1.0,3.0,6.0,7.0,0.0,0.0,0.0,0.0,5.0,0.0,1.0,45.5,1.6,0.0,0.0,11.0,5.0,3.0,1.0,317.0,4.0,4.0,17.0,0.0,12.0,6.0,1.0,5.0,1.0,2.0,2.0,0.0,85.0,4.0,22.0,8.0,10.0
2025,Round 8,2025-05-02,St Kilda,away,CD_M20250140802,43,Cooper Sharman,CD_I1018018,2.0,1.0,0.0,0.0,2.0,0.0,0.0,0.0,1.0,0.0,0.0,2.0,37.5,6.0,3.0,68.8,16.0,11.0,9.0,2.0,0.0,1.0,57.1,1.0,4.0,3.0,4.0,0.0,0.0,0.0,0.0,3.0,1.0,2.0,75.0,3.0,0.0,0.0,12.0,9.0,5.0,1.0,265.0,2.0,13.0,14.8,0.0,0.0,8.0,0.0,7.0,1.0,0.0,2.0,1.0,79.0,0.0,16.0,3.0,10.0
2025,Round 8,2025-05-02,St Kilda,away,CD_M20250140802,35,Jack Sinclair,CD_I994389,0.0,0.0,0.0,0.0,0.0,0.0,0.0,0.0,0.0,0.0,0.0,0.0,35.3,6.0,4.0,100.0,19.0,19.0,10.0,1.0,0.0,1.0,0.0,0.0,0.0,5.0,9.0,0.0,0.0,0.0,0.0,2.0,1.0,5.0,100.0,1.1,2.0,2.0,10.0,2.0,0.0,0.0,172.0,0.0,6.0,11.3,2.0,0.0,4.0,2.0,0.0,0.0,1.0,1.0,0.0,82.0,1.0,17.0,1.0,11.0
2025,Round 8,2025-05-02,St Kilda,away,CD_M20250140802,9,Jack Steele,CD_I296205,0.0,0.0,23.0,1.0,1.0,0.0,0.0,0.0,0.0,0.0,0.0,0.0,36.4,8.0,10.0,77.3,22.0,17.0,9.0,0.0,1.0,4.0,100.0,0.0,1.0,5.0,10.0,0.0,0.0,0.0,0.0,4.0,0.0,2.0,75.0,1.2,0.0,0.0,12.0,2.0,1.0,0.0,277.0,0.0,16.0,12.1,0.0,0.0,6.0,2.0,1.0,0.0,3.0,11.0,0.0,81.0,4.0,22.0,2.0,14.0
2025,Round 8,2025-05-02,St Kilda,away,CD_M20250140802,14,Liam Stocker,CD_I1008312,0.0,0.0,0.0,0.0,2.0,0.0,0.0,0.0,0.0,0.0,0.0,1.0,40.0,4.0,2.0,63.6,11.0,7.0,6.0,0.0,0.0,1.0,0.0,0.0,0.0,2.0,1.0,0.0,0.0,0.0,0.0,1.0,2.0,4.0,60.0,10.0,0.0,0.0,10.0,6.0,0.0,1.0,293.0,2.0,3.0,5.3,3.0,0.0,2.0,1.0,0.0,1.0,2.0,2.0,1.0,87.0,2.0,10.0,4.0,6.0
2025,Round 8,2025-05-02,St Kilda,away,CD_M20250140802,5,Tobie Travaglia,CD_I1028538,0.0,0.0,0.0,0.0,0.0,0.0,0.0,0.0,0.0,0.0,0.0,0.0,0.0,0.0,0.0,0.0,0.0,0.0,0.0,0.0,0.0,0.0,0.0,0.0,0.0,0.0,0.0,0.0,0.0,0.0,0.0,0.0,0.0,0.0,0.0,0.0,0.0,0.0,0.0,0.0,0.0,0.0,0.0,0.0,0.0,0.0,0.0,0.0,0.0,0.0,0.0,0.0,0.0,0.0,0.0,0.0,0.0,0.0,0.0,0.0
2025,Round 8,2025-05-02,St Kilda,away,CD_M20250140802,7,Nasiah Wanganeen-Milera,CD_I1015507,0.0,1.0,0.0,0.0,5.0,0.0,0.0,0.0,0.0,0.0,0.0,0.0,18.5,5.0,5.0,78.6,28.0,22.0,15.0,0.0,1.0,0.0,0.0,0.0,0.0,5.0,8.0,0.0,0.0,0.0,0.0,4.0,2.0,6.0,75.0,2.5,1.0,1.0,20.0,10.0,0.0,1.0,577.0,0.0,7.0,15.3,5.0,0.0,3.0,0.0,0.0,0.0,2.0,0.0,0.0,90.0,2.0,27.0,5.0,22.0
2025,Round 8,2025-05-02,St Kilda,away,CD_M20250140802,29,Jimmy Webster,CD_I290757,0.0,0.0,0.0,0.0,3.0,0.0,0.0,0.0,0.0,0.0,0.0,0.0,28.6,6.0,6.0,85.7,21.0,18.0,12.0,0.0,1.0,0.0,0.0,0.0,0.0,6.0,7.0,0.0,0.0,0.0,0.0,1.0,2.0,7.0,85.7,2.0,0.0,0.0,14.0,7.0,0.0,1.0,231.0,2.0,8.0,8.0,3.0,0.0,2.0,1.0,0.0,2.0,0.0,2.0,0.0,82.0,0.0,21.0,2.0,15.0
2025,Round 8,2025-05-02,St Kilda,away,CD_M20250140802,44,Callum Wilkie,CD_I296422,0.0,1.0,0.0,0.0,2.0,33.3,1.0,3.0,0.0,0.0,0.0,0.0,20.8,5.0,3.0,83.3,24.0,20.0,16.0,0.0,0.0,1.0,0.0,0.0,0.0,4.0,4.0,0.0,0.0,0.0,0.0,0.0,2.0,8.0,80.0,5.0,0.0,0.0,20.0,14.0,0.0,1.0,298.0,3.0,5.0,9.7,0.0,0.0,7.0,3.0,0.0,2.0,0.0,3.0,0.0,97.0,0.0,24.0,2.0,19.0
2025,Round 8,2025-05-02,St Kilda,away,CD_M20250140802,22,Darcy Wilson,CD_I1027875,1.0,0.0,1.0,0.0,3.0,0.0,0.0,0.0,0.0,0.0,0.0,0.0,38.5,5.0,2.0,61.5,13.0,8.0,3.0,2.0,0.0,0.0,50.0,0.0,1.0,5.0,7.0,0.0,0.0,0.0,0.0,1.0,1.0,1.0,50.0,0.9,0.0,0.0,6.0,3.0,1.0,0.0,92.0,0.0,9.0,5.9,0.0,0.0,4.0,1.0,2.0,0.0,2.0,0.0,0.0,90.0,2.0,13.0,2.0,8.0
2025,Round 8,2025-05-02,St Kilda,away,CD_M20250140802,2,Marcus Windhager,CD_I1023270,1.0,0.0,0.0,0.0,1.0,0.0,0.0,0.0,0.0,0.0,0.0,0.0,14.3,3.0,2.0,81.0,21.0,17.0,8.0,0.0,0.0,0.0,0.0,0.0,0.0,3.0,9.0,0.0,0.0,0.0,0.0,6.0,0.0,1.0,66.7,1.3,0.0,0.0,12.0,6.0,1.0,0.0,494.0,1.0,5.0,7.7,2.0,0.0,3.0,1.0,1.0,0.0,1.0,0.0,0.0,83.0,1.0,21.0,1.0,18.0
2025,Round 9,2025-05-08,Collingwood,home,CD_M20250140901,16,Edward Allan,CD_I1022915,0.0,0.0,4.0,0.0,0.0,0.0,0.0,0.0,0.0,0.0,0.0,0.0,27.3,3.0,9.0,81.8,11.0,9.0,2.0,0.0,0.0,0.0,0.0,0.0,0.0,3.0,7.0,0.0,0.0,0.0,0.0,0.0,2.0,2.0,50.0,0.6,0.0,0.0,4.0,2.0,0.0,0.0,168.0,0.0,13.0,7.1,4.0,0.0,1.0,0.0,0.0,0.0,1.0,3.0,0.0,77.0,1.0,11.0,0.0,8.0
2025,Round 9,2025-05-08,Collingwood,home,CD_M20250140901,14,Darcy Cameron,CD_I990291,0.0,0.0,23.0,1.0,3.0,0.0,0.0,0.0,1.0,1.0,100.0,3.0,55.6,10.0,4.0,52.6,19.0,10.0,6.0,0.0,0.0,1.0,0.0,0.0,0.0,6.0,9.0,28.6,44.4,28.0,8.0,1.0,4.0,6.0,60.0,1.1,0.0,0.0,10.0,8.0,0.0,0.0,142.0,4.0,6.0,14.1,2.0,63.0,2.0,2.0,0.0,4.0,0.0,3.0,0.0,82.0,1.0,18.0,3.0,8.0
2025,Round 9,2025-05-08,Collingwood,home,CD_M20250140901,46,Mason Cox,CD_I998647,0.0,0.0,8.0,1.0,2.0,0.0,0.0,0.0,1.0,1.0,100.0,0.0,83.3,5.0,3.0,62.5,8.0,5.0,2.0,1.0,0.0,2.0,100.0,0.0,1.0,2.0,3.0,0.0,33.3,7.0,0.0,1.0,0.0,0.0,40.0,1.7,0.0,0.0,5.0,1.0,0.0,0.0,84.0,3.0,8.0,9.8,0.0,21.0,2.0,0.0,1.0,1.0,0.0,3.0,1.0,76.0,1.0,6.0,1.0,1.0
2025,Round 9,2025-05-08,Collingwood,home,CD_M20250140901,25,Jack Crisp,CD_I293871,0.0,0.0,19.0,1.0,1.0,0.0,0.0,0.0,0.0,0.0,0.0,0.0,62.1,18.0,11.0,72.4,29.0,21.0,12.0,2.0,0.0,0.0,100.0,1.0,2.0,16.0,13.0,0.0,0.0,0.0,0.0,5.0,0.0,4.0,75.0,1.2,0.0,0.0,16.0,3.0,0.0,0.0,709.0,1.0,22.0,28.6,1.0,0.0,6.0,3.0,2.0,0.0,6.0,6.0,0.0,84.0,7.0,29.0,5.0,11.0
2025,Round 9,2025-05-08,Collingwood,home,CD_M20250140901,7,Josh Daicos,CD_I1005054,0.0,0.0,1.0,0.0,2.0,0.0,0.0,0.0,0.0,0.0,0.0,0.0,33.3,6.0,9.0,84.2,19.0,16.0,12.0,0.0,0.0,0.0,0.0,0.0,0.0,5.0,6.0,0.0,0.0,0.0,0.0,1.0,1.0,5.0,92.3,2.2,2.0,2.0,13.0,5.0,0.0,1.0,413.0,1.0,14.0,11.0,8.0,0.0,2.0,2.0,0.0,0.0,1.0,1.0,0.0,87.0,1.0,18.0,1.0,12.0
2025,Round 9,2025-05-08,Collingwood,home,CD_M20250140901,35,Nick Daicos,CD_I1023261,1.0,0.0,21.0,2.0,5.0,0.0,0.0,0.0,2.0,2.0,100.0,0.0,56.3,9.0,5.0,61.1,18.0,11.0,5.0,1.0,2.0,2.0,33.3,2.0,1.0,7.0,8.0,0.0,0.0,0.0,0.0,2.0,0.0,2.0,50.0,1.3,0.0,0.0,10.0,2.0,2.0,2.0,233.0,0.0,10.0,6.0,1.0,0.0,6.0,2.0,3.0,0.0,2.0,3.0,1.0,87.0,4.0,16.0,3.0,7.0
2025,Round 9,2025-05-08,Collingwood,home,CD_M20250140901,5,Jamie Elliott,CD_I293801,2.0,0.0,0.0,0.0,1.0,0.0,0.0,0.0,1.0,0.0,0.0,1.0,23.1,3.0,0.0,71.4,14.0,10.0,9.0,1.0,0.0,1.0,75.0,1.0,6.0,1.0,1.0,0.0,0.0,0.0,0.0,3.0,0.0,1.0,69.2,13.0,0.0,0.0,13.0,8.0,5.0,1.0,401.0,1.0,5.0,20.8,0.0,0.0,9.0,0.0,8.0,0.0,1.0,1.0,1.0,79.0,1.0,13.0,1.0,10.0
2025,Round 9,2025-05-08,Collingwood,home,CD_M20250140901,17,Billy Frampton,CD_I991773,0.0,0.0,0.0,0.0,3.0,50.0,1.0,2.0,0.0,0.0,0.0,2.0,46.7,7.0,4.0,66.7,15.0,10.0,8.0,0.0,1.0,0.0,0.0,0.0,0.0,5.0,5.0,0.0,0.0,0.0,0.0,0.0,3.0,8.0,80.0,2.0,0.0,0.0,10.0,9.0,0.0,0.0,269.0,4.0,4.0,7.2,5.0,0.0,0.0,0.0,0.0,3.0,0.0,0.0,0.0,96.0,0.0,15.0,6.0,8.0
2025,Round 9,2025-05-08,Collingwood,home,CD_M20250140901,23,Bobby Hill,CD_I1006148,1.0,2.0,0.0,0.0,2.0,0.0,0.0,0.0,0.0,0.0,0.0,0.0,38.5,5.0,5.0,64.3,14.0,9.0,6.0,2.0,0.0,2.0,75.0,1.0,3.0,3.0,4.0,0.0,0.0,0.0,0.0,3.0,1.0,4.0,60.0,2.5,0.0,0.0,10.0,5.0,3.0,0.0,354.0,2.0,17.0,18.9,0.0,0.0,7.0,3.0,4.0,1.0,0.0,3.0,1.0,79.0,0.0,13.0,3.0,8.0
2025,Round 9,2025-05-08,Collingwood,home,CD_M20250140901,32,Will Hoskin-Elliott,CD_I291720,0.0,0.0,0.0,0.0,1.0,0.0,0.0,0.0,1.0,0.0,0.0,1.0,28.6,2.0,2.0,85.7,7.0,6.0,4.0,0.0,1.0,0.0,100.0,0.0,1.0,1.0,3.0,0.0,0.0,0.0,0.0,2.0,0.0,0.0,100.0,1.3,0.0,0.0,4.0,4.0,1.0,1.0,76.0,1.0,3.0,5.1,0.0,0.0,3.0,0.0,1.0,1.0,0.0,0.0,0.0,79.0,0.0,7.0,1.0,5.0
2025,Round 9,2025-05-08,Collingwood,home,CD_M20250140901,9,Dan Houston,CD_I994295,0.0,0.0,0.0,0.0,1.0,0.0,0.0,0.0,0.0,0.0,0.0,0.0,45.5,5.0,10.0,66.7,12.0,8.0,5.0,0.0,0.0,0.0,0.0,0.0,0.0,4.0,5.0,0.0,0.0,0.0,0.0,0.0,1.0,4.0,71.4,1.4,2.0,2.0,7.0,3.0,0.0,0.0,153.0,3.0,10.0,7.9,2.0,0.0,1.0,0.0,0.0,2.0,1.0,3.0,0.0,86.0,1.0,11.0,3.0,6.0
2025,Round 9,2025-05-08,Collingwood,home,CD_M20250140901,38,Jeremy Howe,CD_I291313,0.0,0.0,0.0,0.0,2.0,50.0,2.0,4.0,0.0,0.0,0.0,0.0,9.1,1.0,6.0,82.4,17.0,14.0,14.0,0.0,1.0,0.0,0.0,0.0,0.0,0.0,1.0,0.0,0.0,0.0,0.0,1.0,2.0,3.0,87.5,16.0,7.0,7.0,16.0,7.0,0.0,0.0,453.0,3.0,6.0,6.3,7.0,0.0,1.0,0.0,0.0,2.0,0.0,2.0,0.0,96.0,0.0,11.0,4.0,10.0
2025,Round 9,2025-05-08,Collingwood,home,CD_M20250140901,1,Patrick Lipinski,CD_I1003130,0.0,0.0,0.0,0.0,4.0,100.0,1.0,1.0,0.0,0.0,0.0,0.0,37.5,6.0,8.0,53.3,15.0,8.0,3.0,1.0,1.0,0.0,0.0,0.0,0.0,4.0,6.0,0.0,0.0,0.0,0.0,0.0,0.0,1.0,33.3,1.5,0.0,0.0,9.0,3.0,0.0,0.0,298.0,0.0,11.0,3.1,1.0,0.0,1.0,0.0,1.0,0.0,2.0,4.0,1.0,77.0,2.0,16.0,3.0,10.0
2025,Round 9,2025-05-08,Collingwood,home,CD_M20250140901,44,Ned Long,CD_I1017124,0.0,0.0,20.0,1.0,2.0,0.0,0.0,0.0,0.0,0.0,0.0,0.0,38.5,5.0,12.0,66.7,12.0,8.0,4.0,0.0,1.0,1.0,100.0,0.0,1.0,3.0,7.0,0.0,0.0,0.0,0.0,0.0,0.0,0.0,80.0,0.7,0.0,0.0,5.0,2.0,1.0,1.0,145.0,1.0,23.0,8.2,0.0,0.0,3.0,0.0,1.0,0.0,2.0,7.0,1.0,71.0,3.0,13.0,3.0,8.0
2025,Round 9,2025-05-08,Collingwood,home,CD_M20250140901,37,Oleg Markov,CD_I298358,0.0,0.0,0.0,0.0,0.0,0.0,0.0,1.0,0.0,0.0,0.0,0.0,0.0,0.0,2.0,100.0,1.0,1.0,0.0,0.0,0.0,0.0,0.0,0.0,0.0,0.0,1.0,0.0,0.0,0.0,0.0,0.0,0.0,0.0,0.0,0.0,0.0,0.0,0.0,0.0,0.0,0.0,-1.0,0.0,4.0,0.3,0.0,0.0,0.0,0.0,0.0,0.0,0.0,1.0,0.0,25.0,0.0,1.0,0.0,1.0
2025,Round 9,2025-05-08,Collingwood,home,CD_M20250140901,31,Beau McCreery,CD_I1004757,0.0,0.0,3.0,1.0,2.0,0.0,0.0,0.0,1.0,1.0,100.0,1.0,38.5,5.0,9.0,92.3,13.0,12.0,9.0,0.0,2.0,1.0,0.0,1.0,0.0,3.0,3.0,0.0,0.0,0.0,0.0,4.0,1.0,2.0,90.0,3.3,0.0,0.0,10.0,4.0,0.0,0.0,326.0,0.0,27.0,15.3,0.0,0.0,6.0,2.0,0.0,0.0,0.0,5.0,1.0,81.0,1.0,13.0,2.0,8.0
2025,Round 9,2025-05-08,Collingwood,home,CD_M20250140901,28,Tim Membrey,CD_I294596,1.0,0.0,0.0,0.0,5.0,0.0,0.0,0.0,1.0,0.0,0.0,0.0,35.7,5.0,2.0,41.7,12.0,5.0,2.0,3.0,2.0,1.0,0.0,1.0,0.0,3.0,5.0,0.0,0.0,0.0,0.0,2.0,0.0,1.0,28.6,1.4,0.0,0.0,7.0,4.0,1.0,2.0,214.0,2.0,10.0,3.1,0.0,8.0,3.0,1.0,1.0,1.0,0.0,2.0,1.0,84.0,0.0,14.0,5.0,9.0
2025,Round 9,2025-05-08,Collingwood,home,CD_M20250140901,30,Darcy Moore,CD_I298288,0.0,0.0,0.0,0.0,1.0,0.0,0.0,3.0,0.0,0.0,0.0,1.0,40.0,4.0,1.0,100.0,9.0,9.0,5.0,0.0,1.0,0.0,0.0,0.0,0.0,3.0,4.0,0.0,0.0,0.0,0.0,1.0,4.0,6.0,100.0,1.3,0.0,0.0,5.0,6.0,0.0,0.0,237.0,9.0,2.0,11.0,3.0,0.0,0.0,0.0,0.0,8.0,0.0,1.0,0.0,95.0,0.0,10.0,3.0,6.0
2025,Round 9,2025-05-08,Collingwood,home,CD_M20250140901,12,Harry Perryman,CD_I998205,0.0,0.0,9.0,0.0,2.0,0.0,0.0,1.0,0.0,0.0,0.0,0.0,35.3,6.0,8.0,81.3,16.0,13.0,8.0,2.0,1.0,1.0,0.0,0.0,0.0,5.0,6.0,0.0,0.0,0.0,0.0,1.0,2.0,5.0,80.0,1.7,0.0,0.0,10.0,6.0,0.0,1.0,197.0,1.0,14.0,8.6,6.0,0.0,2.0,2.0,0.0,1.0,2.0,6.0,0.0,78.0,2.0,17.0,3.0,11.0
2025,Round 9,2025-05-08,Collingwood,home,CD_M20250140901,3,Isaac Quaynor,CD_I1008089,0.0,0.0,0.0,0.0,0.0,100.0,1.0,1.0,0.0,0.0,0.0,0.0,20.0,1.0,7.0,80.0,5.0,4.0,4.0,0.0,0.0,1.0,0.0,0.0,0.0,0.0,0.0,0.0,0.0,0.0,0.0,0.0,1.0,1.0,80.0,5.0,0.0,0.0,5.0,4.0,0.0,0.0,141.0,3.0,8.0,4.3,3.0,0.0,2.0,1.0,0.0,2.0,0.0,2.0,0.0,81.0,0.0,5.0,2.0,4.0
2025,Round 9,2025-05-08,Collingwood,home,CD_M20250140901,8,Lachie Schultz,CD_I1000860,0.0,0.0,0.0,0.0,3.0,0.0,0.0,0.0,0.0,0.0,0.0,0.0,45.5,5.0,7.0,60.0,10.0,6.0,3.0,1.0,2.0,1.0,0.0,3.0,0.0,4.0,6.0,0.0,0.0,0.0,0.0,4.0,0.0,2.0,75.0,0.7,0.0,0.0,4.0,2.0,0.0,1.0,176.0,3.0,21.0,10.5,0.0,0.0,3.0,3.0,1.0,1.0,2.0,2.0,1.0,66.0,2.0,11.0,1.0,6.0
2025,Round 9,2025-05-08,Collingwood,home,CD_M20250140901,22,Steele Sidebottom,CD_I280965,1.0,0.0,10.0,0.0,3.0,0.0,0.0,0.0,0.0,0.0,0.0,0.0,57.1,4.0,8.0,71.4,7.0,5.0,5.0,1.0,2.0,2.0,0.0,1.0,0.0,2.0,1.0,0.0,0.0,0.0,0.0,1.0,0.0,2.0,83.3,6.0,0.0,0.0,6.0,2.0,0.0,1.0,175.0,0.0,13.0,0.4,3.0,0.0,2.0,1.0,1.0,0.0,1.0,3.0,0.0,47.0,1.0,7.0,0.0,3.0
2025,Round 9,2025-05-08,Collingwood,home,CD_M20250140901,33,Lachlan Sullivan,CD_I998480,1.0,0.0,6.0,1.0,1.0,0.0,0.0,0.0,1.0,1.0,100.0,1.0,41.2,7.0,9.0,58.8,17.0,10.0,7.0,0.0,0.0,0.0,0.0,0.0,0.0,4.0,6.0,0.0,0.0,0.0,0.0,2.0,1.0,2.0,63.6,1.8,0.0,0.0,11.0,4.0,1.0,0.0,259.0,0.0,23.0,7.6,2.0,0.0,2.0,0.0,1.0,0.0,1.0,5.0,1.0,87.0,2.0,17.0,2.0,10.0
2025,Round 10,2025-05-17,Greater Western Sydney,away,CD_M20250141005,29,Cody Angove,CD_I1032619,1.0,4.0,0.0,0.0,3.0,0.0,0.0,0.0,0.0,0.0,0.0,0.0,22.2,2.0,2.0,55.6,9.0,5.0,2.0,0.0,1.0,0.0,0.0,0.0,0.0,2.0,4.0,0.0,0.0,0.0,0.0,2.0,0.0,2.0,40.0,1.3,0.0,0.0,5.0,3.0,1.0,0.0,203.0,1.0,6.0,1.8,1.0,0.0,3.0,1.0,1.0,0.0,0.0,2.0,1.0,77.0,0.0,9.0,3.0,7.0
2025,Round 10,2025-05-17,Greater Western Sydney,away,CD_M20250141005,7,Lachie Ash,CD_I1009253,0.0,1.0,3.0,0.0,6.0,0.0,0.0,1.0,0.0,0.0,0.0,0.0,15.0,3.0,9.0,79.3,29.0,23.0,18.0,0.0,2.0,1.0,0.0,1.0,0.0,3.0,8.0,0.0,0.0,0.0,0.0,2.0,0.0,4.0,85.7,2.6,8.0,8.0,21.0,8.0,0.0,1.0,634.0,1.0,16.0,7.2,5.0,0.0,5.0,1.0,0.0,1.0,0.0,3.0,0.0,80.0,0.0,20.0,7.0,17.0
2025,Round 10,2025-05-17,Greater Western Sydney,away,CD_M20250141005,14,Toby Bedford,CD_I1008139,0.0,0.0,8.0,1.0,0.0,0.0,0.0,0.0,0.0,0.0,0.0,0.0,50.0,4.0,8.0,87.5,8.0,7.0,3.0,1.0,0.0,2.0,0.0,1.0,0.0,3.0,4.0,0.0,0.0,0.0,0.0,1.0,0.0,1.0,75.0,1.0,0.0,0.0,4.0,1.0,0.0,0.0,77.0,0.0,22.0,5.8,0.0,0.0,3.0,0.0,0.0,0.0,0.0,6.0,3.0,79.0,1.0,8.0,0.0,4.0
2025,Round 10,2025-05-17,Greater Western Sydney,away,CD_M20250141005,32,Kieren Briggs,CD_I1008436,1.0,0.0,17.0,1.0,2.0,66.7,2.0,3.0,0.0,0.0,0.0,0.0,50.0,8.0,5.0,53.8,13.0,7.0,5.0,0.0,0.0,1.0,0.0,0.0,0.0,3.0,3.0,30.8,41.3,26.0,8.0,3.0,1.0,3.0,50.0,3.3,0.0,0.0,10.0,3.0,1.0,0.0,254.0,5.0,7.0,10.8,3.0,63.0,5.0,1.0,1.0,2.0,2.0,3.0,0.0,67.0,3.0,16.0,4.0,8.0
2025,Round 10,2025-05-17,Greater Western Sydney,away,CD_M20250141005,46,Callum Brown,CD_I1014038,1.0,0.0,2.0,0.0,2.0,0.0,0.0,0.0,5.0,0.0,0.0,0.0,38.5,5.0,1.0,76.9,13.0,10.0,6.0,3.0,1.0,1.0,66.7,1.0,2.0,4.0,5.0,0.0,20.0,2.0,0.0,5.0,0.0,0.0,75.0,1.6,0.0,0.0,8.0,5.0,1.0,1.0,251.0,1.0,9.0,12.9,0.0,10.0,8.0,0.0,3.0,1.0,1.0,3.0,1.0,85.0,1.0,13.0,0.0,8.0
2025,Round 10,2025-05-17,Greater Western Sydney,away,CD_M20250141005,44,Jack Buckley,CD_I1009708,0.0,1.0,0.0,0.0,1.0,0.0,0.0,2.0,0.0,0.0,0.0,1.0,25.0,4.0,3.0,93.8,16.0,15.0,7.0,0.0,0.0,1.0,0.0,0.0,0.0,3.0,8.0,0.0,0.0,0.0,0.0,0.0,2.0,6.0,87.5,1.0,0.0,0.0,8.0,9.0,0.0,0.0,236.0,9.0,3.0,12.6,3.0,0.0,3.0,1.0,0.0,9.0,0.0,0.0,0.0,98.0,0.0,16.0,1.0,12.0
2025,Round 10,2025-05-17,Greater Western Sydney,away,CD_M20250141005,5,Aaron Cadman,CD_I1019038,0.0,0.0,0.0,0.0,1.0,0.0,0.0,0.0,1.0,1.0,100.0,2.0,60.0,3.0,1.0,80.0,5.0,4.0,4.0,0.0,0.0,1.0,100.0,0.0,1.0,0.0,0.0,0.0,0.0,0.0,0.0,2.0,0.0,0.0,80.0,5.0,0.0,0.0,5.0,3.0,1.0,1.0,140.0,2.0,5.0,7.6,0.0,0.0,3.0,0.0,1.0,2.0,0.0,0.0,0.0,74.0,0.0,5.0,0.0,2.0
2025,Round 10,2025-05-17,Greater Western Sydney,away,CD_M20250141005,17,Finn Callaghan,CD_I1023266,1.0,1.0,18.0,2.0,5.0,0.0,0.0,0.0,0.0,0.0,0.0,0.0,33.3,8.0,11.0,62.5,24.0,15.0,6.0,0.0,1.0,1.0,0.0,1.0,0.0,3.0,13.0,0.0,0.0,0.0,0.0,7.0,1.0,1.0,54.5,0.8,0.0,0.0,11.0,4.0,0.0,1.0,497.0,1.0,26.0,8.9,1.0,0.0,7.0,1.0,1.0,0.0,5.0,8.0,1.0,74.0,7.0,24.0,6.0,16.0
2025,Round 10,2025-05-17,Greater Western Sydney,away,CD_M20250141005,37,Joe Fonti,CD_I1032629,0.0,0.0,0.0,1.0,3.0,0.0,0.0,0.0,0.0,0.0,0.0,0.0,58.3,7.0,8.0,100.0,11.0,11.0,6.0,0.0,3.0,3.0,0.0,0.0,0.0,4.0,5.0,0.0,0.0,0.0,0.0,0.0,0.0,5.0,100.0,1.2,0.0,0.0,6.0,3.0,0.0,0.0,72.0,3.0,14.0,9.6,1.0,0.0,1.0,0.0,0.0,3.0,1.0,8.0,0.0,80.0,2.0,12.0,3.0,5.0
2025,Round 10,2025-05-17,Greater Western Sydney,away,CD_M20250141005,12,Tom Green,CD_I1009528,0.0,0.0,18.0,1.0,1.0,0.0,0.0,0.0,0.0,0.0,0.0,0.0,34.6,9.0,9.0,88.0,25.0,22.0,9.0,0.0,0.0,2.0,100.0,0.0,1.0,6.0,15.0,0.0,0.0,0.0,0.0,4.0,0.0,1.0,90.0,0.7,0.0,0.0,10.0,2.0,0.0,0.0,486.0,1.0,13.0,19.1,3.0,0.0,6.0,1.0,1.0,0.0,4.0,1.0,0.0,84.0,5.0,26.0,3.0,17.0
2025,Round 10,2025-05-17,Greater Western Sydney,away,CD_M20250141005,4,Toby Greene,CD_I295344,2.0,0.0,12.0,0.0,3.0,0.0,0.0,0.0,3.0,1.0,33.3,1.0,52.9,9.0,3.0,50.0,16.0,8.0,6.0,3.0,1.0,1.0,33.3,0.0,1.0,4.0,5.0,0.0,0.0,0.0,0.0,5.0,0.0,0.0,54.5,2.2,0.0,0.0,11.0,3.0,1.0,1.0,336.0,0.0,10.0,5.3,0.0,0.0,7.0,0.0,3.0,0.0,2.0,2.0,0.0,92.0,2.0,17.0,2.0,8.0
2025,Round 10,2025-05-17,Greater Western Sydney,away,CD_M20250141005,27,Harry Himmelberg,CD_I993107,0.0,0.0,0.0,0.0,3.0,0.0,0.0,0.0,2.0,1.0,50.0,0.0,42.9,6.0,1.0,53.8,13.0,7.0,3.0,1.0,2.0,1.0,0.0,0.0,0.0,5.0,6.0,0.0,0.0,0.0,0.0,2.0,0.0,3.0,42.9,1.2,0.0,0.0,7.0,4.0,1.0,0.0,180.0,0.0,8.0,0.3,1.0,2.0,4.0,1.0,1.0,0.0,1.0,3.0,0.0,87.0,1.0,14.0,3.0,8.0
2025,Round 10,2025-05-17,Greater Western Sydney,away,CD_M20250141005,23,Jesse Hogan,CD_I296324,1.0,0.0,0.0,0.0,2.0,0.0,0.0,0.0,1.0,0.0,0.0,1.0,45.5,5.0,1.0,72.7,11.0,8.0,5.0,1.0,0.0,1.0,33.3,0.0,1.0,3.0,3.0,0.0,0.0,0.0,0.0,3.0,1.0,2.0,62.5,2.7,0.0,0.0,8.0,6.0,2.0,0.0,149.0,1.0,4.0,0.8,0.0,0.0,4.0,1.0,3.0,0.0,1.0,2.0,1.0,89.0,1.0,11.0,3.0,6.0
2025,Round 10,2025-05-17,Greater Western Sydney,away,CD_M20250141005,39,Connor Idun,CD_I1008083,0.0,2.0,0.0,0.0,0.0,0.0,0.0,0.0,0.0,0.0,0.0,0.0,29.4,5.0,10.0,88.9,18.0,16.0,10.0,0.0,0.0,1.0,0.0,0.0,0.0,3.0,7.0,0.0,0.0,0.0,0.0,1.0,2.0,7.0,90.9,1.6,1.0,1.0,11.0,7.0,0.0,0.0,306.0,5.0,12.0,12.7,5.0,0.0,4.0,3.0,0.0,3.0,1.0,4.0,1.0,84.0,1.0,17.0,1.0,12.0
2025,Round 10,2025-05-17,Greater Western Sydney,away,CD_M20250141005,2,Darcy Jones,CD_I1020650,1.0,0.0,0.0,1.0,2.0,0.0,0.0,0.0,0.0,0.0,0.0,0.0,44.4,8.0,4.0,58.8,17.0,10.0,4.0,3.0,0.0,1.0,50.0,0.0,2.0,7.0,7.0,0.0,0.0,0.0,0.0,1.0,0.0,2.0,40.0,1.4,0.0,0.0,10.0,1.0,1.0,1.0,235.0,0.0,14.0,13.1,0.0,0.0,8.0,2.0,4.0,0.0,0.0,2.0,1.0,82.0,1.0,18.0,3.0,10.0
2025,Round 10,2025-05-17,Greater Western Sydney,away,CD_M20250141005,31,Toby McMullin,CD_I1027971,0.0,0.0,5.0,0.0,1.0,0.0,0.0,0.0,0.0,0.0,0.0,0.0,40.0,2.0,4.0,60.0,5.0,3.0,1.0,0.0,0.0,0.0,0.0,0.0,0.0,1.0,3.0,0.0,0.0,0.0,0.0,1.0,0.0,1.0,50.0,0.7,0.0,0.0,2.0,0.0,0.0,0.0,84.0,0.0,6.0,2.0,0.0,0.0,2.0,1.0,0.0,0.0,0.0,0.0,0.0,33.0,0.0,5.0,2.0,3.0
2025,Round 10,2025-05-17,Greater Western Sydney,away,CD_M20250141005,33,Xavier O'Halloran,CD_I1006135,2.0,0.0,11.0,0.0,2.0,0.0,0.0,0.0,0.0,0.0,0.0,0.0,41.7,5.0,10.0,76.9,13.0,10.0,5.0,1.0,1.0,0.0,0.0,0.0,0.0,5.0,5.0,0.0,0.0,0.0,0.0,2.0,0.0,1.0,62.5,1.6,0.0,0.0,8.0,2.0,1.0,1.0,293.0,1.0,20.0,10.6,1.0,0.0,6.0,1.0,2.0,0.0,3.0,3.0,1.0,84.0,3.0,12.0,2.0,7.0
2025,Round 10,2025-05-17,Greater Western Sydney,away,CD_M20250141005,26,Jake Riccardi,CD_I1008123,0.0,0.0,6.0,1.0,5.0,0.0,0.0,0.0,1.0,0.0,0.0,0.0,45.5,5.0,3.0,63.6,11.0,7.0,4.0,0.0,2.0,2.0,0.0,0.0,0.0,3.0,5.0,33.3,50.0,9.0,3.0,2.0,0.0,2.0,66.7,1.2,0.0,0.0,6.0,4.0,2.0,1.0,161.0,1.0,6.0,0.4,1.0,18.0,4.0,1.0,1.0,0.0,0.0,1.0,0.0,62.0,1.0,11.0,4.0,6.0
2025,Round 10,2025-05-17,Greater Western Sydney,away,CD_M20250141005,15,Sam Taylor,CD_I1005247,0.0,0.0,0.0,0.0,3.0,0.0,0.0,3.0,0.0,0.0,0.0,0.0,42.9,6.0,10.0,64.3,14.0,9.0,5.0,0.0,1.0,0.0,0.0,0.0,0.0,6.0,5.0,0.0,0.0,0.0,0.0,0.0,3.0,8.0,55.6,1.8,0.0,0.0,9.0,6.0,0.0,1.0,143.0,7.0,11.0,9.7,7.0,0.0,3.0,3.0,0.0,7.0,1.0,3.0,0.0,100.0,1.0,14.0,4.0,8.0
2025,Round 10,2025-05-17,Greater Western Sydney,away,CD_M20250141005,1,Harvey Thomas,CD_I1027925,0.0,0.0,0.0,0.0,2.0,0.0,0.0,0.0,0.0,0.0,0.0,0.0,33.3,1.0,3.0,33.3,3.0,1.0,1.0,1.0,0.0,0.0,0.0,1.0,0.0,1.0,0.0,0.0,0.0,0.0,0.0,0.0,0.0,0.0,33.3,3.0,0.0,0.0,3.0,0.0,0.0,0.0,82.0,2.0,3.0,0.3,0.0,0.0,2.0,0.0,0.0,1.0,0.0,0.0,0.0,44.0,0.0,3.0,1.0,2.0
2025,Round 10,2025-05-17,Greater Western Sydney,away,CD_M20250141005,8,Callan Ward,CD_I280109,0.0,0.0,0.0,0.0,2.0,0.0,0.0,0.0,0.0,0.0,0.0,0.0,10.0,1.0,0.0,72.7,11.0,8.0,4.0,0.0,2.0,0.0,0.0,0.0,0.0,1.0,4.0,0.0,0.0,0.0,0.0,0.0,0.0,1.0,57.1,1.8,0.0,0.0,7.0,4.0,0.0,0.0,179.0,0.0,1.0,0.9,2.0,0.0,0.0,0.0,0.0,0.0,1.0,0.0,0.0,83.0,1.0,10.0,0.0,9.0
2025,Round 10,2025-05-17,Greater Western Sydney,away,CD_M20250141005,10,Jacob Wehr,CD_I1004530,0.0,0.0,0.0,0.0,0.0,0.0,0.0,1.0,0.0,0.0,0.0,0.0,20.0,2.0,9.0,91.7,12.0,11.0,8.0,0.0,0.0,1.0,0.0,0.0,0.0,1.0,4.0,0.0,0.0,0.0,0.0,1.0,0.0,2.0,100.0,2.0,2.0,2.0,8.0,1.0,0.0,0.0,342.0,1.0,13.0,6.6,5.0,0.0,3.0,1.0,0.0,1.0,0.0,6.0,0.0,83.0,0.0,10.0,1.0,8.0
2025,Round 10,2025-05-17,Greater Western Sydney,away,CD_M20250141005,6,Lachie Whitfield,CD_I294305,0.0,2.0,0.0,0.0,3.0,0.0,0.0,0.0,0.0,0.0,0.0,0.0,20.0,4.0,6.0,92.0,25.0,23.0,14.0,0.0,2.0,0.0,0.0,0.0,0.0,3.0,9.0,0.0,0.0,0.0,0.0,1.0,0.0,3.0,87.5,1.8,6.0,5.0,16.0,8.0,0.0,0.0,324.0,2.0,6.0,7.3,3.0,0.0,2.0,1.0,0.0,2.0,1.0,2.0,0.0,79.0,1.0,20.0,3.0,16.0
2025,Round 11,2025-05-24,Port Adelaide,home,CD_M20250141106,21,Aliir Aliir,CD_I294469,0.0,0.0,0.0,0.0,1.0,50.0,2.0,4.0,0.0,0.0,0.0,1.0,30.8,4.0,6.0,83.3,12.0,10.0,6.0,0.0,0.0,1.0,0.0,0.0,0.0,2.0,4.0,0.0,0.0,0.0,0.0,0.0,3.0,6.0,75.0,2.0,0.0,0.0,8.0,7.0,0.0,0.0,49.0,11.0,7.0,13.2,3.0,0.0,2.0,2.0,0.0,10.0,0.0,4.0,0.0,93.0,0.0,13.0,2.0,9.0
2025,Round 11,2025-05-24,Port Adelaide,home,CD_M20250141106,32,Rory Atkins,CD_I294472,0.0,0.0,0.0,0.0,2.0,0.0,0.0,2.0,0.0,0.0,0.0,0.0,26.1,6.0,5.0,80.0,25.0,20.0,11.0,0.0,1.0,1.0,0.0,0.0,0.0,6.0,9.0,0.0,0.0,0.0,0.0,3.0,1.0,9.0,68.8,1.8,2.0,1.0,16.0,7.0,0.0,1.0,540.0,3.0,7.0,12.6,8.0,0.0,3.0,2.0,1.0,3.0,0.0,1.0,0.0,90.0,0.0,23.0,2.0,17.0
2025,Round 11,2025-05-24,Port Adelaide,home,CD_M20250141106,14,Miles Bergman,CD_I1009191,0.0,0.0,14.0,0.0,5.0,0.0,0.0,1.0,0.0,0.0,0.0,0.0,36.4,8.0,15.0,78.3,23.0,18.0,11.0,1.0,1.0,0.0,100.0,1.0,1.0,7.0,10.0,0.0,0.0,0.0,0.0,7.0,0.0,5.0,84.6,1.3,0.0,0.0,13.0,6.0,1.0,0.0,548.0,1.0,24.0,9.8,3.0,0.0,7.0,3.0,1.0,0.0,2.0,2.0,0.0,86.0,2.0,22.0,4.0,14.0
2025,Round 11,2025-05-24,Port Adelaide,home,CD_M20250141106,10,Travis Boak,CD_I250365,0.0,0.0,2.0,2.0,1.0,0.0,0.0,0.0,0.0,0.0,0.0,0.0,33.3,7.0,7.0,71.4,21.0,15.0,5.0,1.0,0.0,0.0,0.0,0.0,0.0,4.0,12.0,0.0,0.0,0.0,0.0,4.0,0.0,3.0,55.6,0.8,0.0,0.0,9.0,1.0,0.0,0.0,173.0,0.0,13.0,6.2,0.0,0.0,1.0,0.0,1.0,0.0,1.0,1.0,1.0,82.0,3.0,21.0,6.0,14.0
2025,Round 11,2025-05-24,Port Adelaide,home,CD_M20250141106,7,Jase Burgoyne,CD_I1013462,0.0,0.0,0.0,0.0,5.0,0.0,0.0,0.0,0.0,0.0,0.0,1.0,41.2,7.0,9.0,55.6,18.0,10.0,6.0,0.0,0.0,0.0,0.0,1.0,0.0,6.0,5.0,0.0,0.0,0.0,0.0,3.0,1.0,6.0,46.2,2.6,0.0,0.0,13.0,4.0,0.0,0.0,271.0,2.0,10.0,3.3,5.0,0.0,2.0,0.0,0.0,2.0,1.0,2.0,0.0,91.0,1.0,17.0,5.0,10.0
2025,Round 11,2025-05-24,Port Adelaide,home,CD_M20250141106,3,Ryan Burton,CD_I992128,0.0,0.0,0.0,0.0,2.0,100.0,1.0,1.0,0.0,0.0,0.0,0.0,25.0,3.0,2.0,66.7,18.0,12.0,9.0,0.0,2.0,0.0,0.0,0.0,0.0,3.0,4.0,0.0,0.0,0.0,0.0,2.0,1.0,5.0,64.3,3.5,4.0,4.0,14.0,3.0,0.0,0.0,363.0,0.0,3.0,8.2,2.0,0.0,2.0,1.0,1.0,0.0,0.0,0.0,0.0,72.0,0.0,12.0,4.0,9.0
2025,Round 11,2025-05-24,Port Adelaide,home,CD_M20250141106,9,Zak Butters,CD_I1006121,1.0,2.0,17.0,2.0,5.0,0.0,0.0,0.0,0.0,0.0,0.0,0.0,62.5,15.0,14.0,62.5,24.0,15.0,5.0,0.0,2.0,2.0,0.0,0.0,0.0,9.0,11.0,0.0,0.0,0.0,0.0,5.0,0.0,3.0,38.5,1.2,0.0,0.0,13.0,1.0,0.0,0.0,452.0,3.0,28.0,18.7,3.0,0.0,5.0,2.0,1.0,0.0,7.0,6.0,1.0,81.0,9.0,24.0,3.0,9.0
2025,Round 11,2025-05-24,Port Adelaide,home,CD_M20250141106,33,Darcy Byrne-Jones,CD_I991930,0.0,0.0,0.0,0.0,5.0,0.0,0.0,0.0,1.0,1.0,100.0,0.0,70.0,7.0,2.0,33.3,9.0,3.0,2.0,2.0,0.0,1.0,0.0,0.0,0.0,6.0,3.0,0.0,0.0,0.0,0.0,2.0,0.0,1.0,33.3,2.0,0.0,0.0,6.0,2.0,1.0,0.0,234.0,0.0,12.0,3.7,0.0,0.0,3.0,1.0,2.0,0.0,1.0,0.0,0.0,39.0,1.0,10.0,5.0,3.0
2025,Round 11,2025-05-24,Port Adelaide,home,CD_M20250141106,28,Willem Drew,CD_I1000972,0.0,0.0,16.0,1.0,1.0,0.0,0.0,0.0,0.0,0.0,0.0,0.0,43.5,10.0,16.0,65.2,23.0,15.0,6.0,1.0,1.0,1.0,0.0,0.0,0.0,7.0,11.0,0.0,0.0,0.0,0.0,5.0,0.0,2.0,50.0,1.1,0.0,0.0,12.0,2.0,0.0,0.0,385.0,2.0,33.0,16.2,1.0,0.0,3.0,0.0,0.0,0.0,5.0,10.0,1.0,79.0,6.0,23.0,3.0,13.0
2025,Round 11,2025-05-24,Port Adelaide,home,CD_M20250141106,22,Logan Evans,CD_I1019938,0.0,0.0,0.0,0.0,2.0,0.0,0.0,1.0,0.0,0.0,0.0,0.0,26.3,5.0,5.0,71.4,21.0,15.0,7.0,0.0,0.0,2.0,0.0,0.0,0.0,3.0,11.0,0.0,0.0,0.0,0.0,0.0,1.0,4.0,70.0,0.9,1.0,1.0,10.0,4.0,0.0,0.0,209.0,4.0,7.0,5.8,3.0,0.0,4.0,0.0,0.0,4.0,0.0,5.0,0.0,82.0,0.0,19.0,3.0,14.0
2025,Round 11,2025-05-24,Port Adelaide,home,CD_M20250141106,11,Jeremy Finlayson,CD_I298111,2.0,0.0,4.0,2.0,3.0,0.0,0.0,0.0,4.0,0.0,0.0,0.0,54.5,6.0,0.0,54.5,11.0,6.0,1.0,1.0,1.0,0.0,25.0,0.0,1.0,3.0,5.0,25.0,23.5,4.0,1.0,1.0,0.0,1.0,16.7,1.2,0.0,0.0,6.0,1.0,0.0,0.0,134.0,1.0,4.0,3.8,0.0,17.0,3.0,0.0,4.0,1.0,2.0,1.0,1.0,74.0,4.0,11.0,2.0,5.0
2025,Round 11,2025-05-24,Port Adelaide,home,CD_M20250141106,19,Mitch Georgiades,CD_I1010174,0.0,1.0,0.0,0.0,2.0,0.0,0.0,0.0,3.0,1.0,33.3,1.0,50.0,4.0,3.0,50.0,8.0,4.0,3.0,1.0,0.0,2.0,100.0,0.0,3.0,1.0,2.0,0.0,0.0,0.0,0.0,2.0,0.0,0.0,50.0,3.0,0.0,0.0,6.0,3.0,1.0,1.0,157.0,1.0,7.0,8.3,0.0,0.0,3.0,0.0,3.0,1.0,0.0,0.0,0.0,83.0,0.0,8.0,2.0,4.0
2025,Round 11,2025-05-24,Port Adelaide,home,CD_M20250141106,39,Hugh Jackson,CD_I1015330,1.0,0.0,3.0,0.0,1.0,0.0,0.0,0.0,0.0,0.0,0.0,0.0,37.5,3.0,1.0,87.5,8.0,7.0,1.0,0.0,0.0,0.0,0.0,0.0,0.0,3.0,6.0,0.0,0.0,0.0,0.0,0.0,0.0,0.0,50.0,0.3,0.0,0.0,2.0,1.0,0.0,1.0,133.0,0.0,6.0,5.4,1.0,0.0,3.0,1.0,1.0,0.0,2.0,1.0,0.0,43.0,2.0,8.0,0.0,5.0
2025,Round 11,2025-05-24,Port Adelaide,home,CD_M20250141106,30,Ollie Lord,CD_I1012881,1.0,0.0,0.0,0.0,1.0,0.0,0.0,0.0,1.0,0.0,0.0,0.0,40.0,2.0,1.0,75.0,4.0,3.0,0.0,0.0,0.0,0.0,0.0,0.0,0.0,1.0,3.0,0.0,0.0,0.0,0.0,0.0,0.0,0.0,0.0,0.3,0.0,0.0,1.0,1.0,1.0,0.0,45.0,4.0,3.0,-0.7,0.0,0.0,2.0,0.0,1.0,3.0,0.0,1.0,0.0,65.0,0.0,5.0,0.0,3.0
2025,Round 11,2025-05-24,Port Adelaide,home,CD_M20250141106,44,Jackson Mead,CD_I1005326,0.0,0.0,0.0,0.0,1.0,0.0,0.0,0.0,0.0,0.0,0.0,0.0,33.3,2.0,4.0,80.0,5.0,4.0,1.0,0.0,0.0,0.0,0.0,0.0,0.0,1.0,3.0,0.0,0.0,0.0,0.0,1.0,0.0,1.0,50.0,0.7,0.0,0.0,2.0,3.0,0.0,0.0,53.0,3.0,10.0,3.6,0.0,0.0,2.0,1.0,0.0,2.0,0.0,1.0,0.0,81.0,0.0,6.0,0.0,4.0
2025,Round 11,2025-05-24,Port Adelaide,home,CD_M20250141106,31,Christian Moraes,CD_I1028563,0.0,0.0,0.0,0.0,1.0,0.0,0.0,0.0,0.0,0.0,0.0,0.0,16.7,2.0,4.0,78.6,14.0,11.0,4.0,0.0,0.0,0.0,0.0,1.0,0.0,2.0,7.0,0.0,0.0,0.0,0.0,4.0,0.0,2.0,57.1,1.0,0.0,0.0,7.0,4.0,0.0,0.0,242.0,1.0,9.0,3.2,1.0,0.0,2.0,0.0,0.0,0.0,0.0,5.0,1.0,79.0,0.0,12.0,5.0,10.0
2025,Round 11,2025-05-24,Port Adelaide,home,CD_M20250141106,2,Sam Powell-Pepper,CD_I993979,1.0,0.0,4.0,0.0,2.0,0.0,0.0,0.0,1.0,0.0,0.0,0.0,30.0,3.0,2.0,55.6,9.0,5.0,2.0,0.0,1.0,0.0,0.0,0.0,0.0,3.0,4.0,0.0,0.0,0.0,0.0,4.0,0.0,1.0,40.0,1.3,0.0,0.0,5.0,1.0,1.0,1.0,94.0,1.0,14.0,-0.9,0.0,0.0,2.0,1.0,1.0,1.0,1.0,3.0,1.0,84.0,1.0,10.0,1.0,7.0
2025,Round 11,2025-05-24,Port Adelaide,home,CD_M20250141106,35,Joe Richards,CD_I1008239,1.0,0.0,0.0,1.0,5.0,0.0,0.0,0.0,0.0,0.0,0.0,0.0,53.8,7.0,3.0,30.8,13.0,4.0,3.0,1.0,0.0,1.0,0.0,0.0,0.0,6.0,6.0,0.0,0.0,0.0,0.0,3.0,0.0,2.0,42.9,1.2,0.0,0.0,7.0,3.0,0.0,0.0,273.0,0.0,9.0,-3.1,1.0,0.0,1.0,0.0,1.0,0.0,2.0,1.0,0.0,81.0,3.0,13.0,5.0,6.0
2025,Round 11,2025-05-24,Port Adelaide,home,CD_M20250141106,15,Willie Rioli,CD_I296225,0.0,0.0,0.0,0.0,2.0,0.0,0.0,0.0,2.0,0.0,0.0,0.0,37.5,3.0,0.0,66.7,9.0,6.0,5.0,1.0,2.0,0.0,100.0,1.0,2.0,3.0,1.0,0.0,0.0,0.0,0.0,2.0,0.0,1.0,62.5,8.0,0.0,0.0,8.0,2.0,1.0,1.0,200.0,0.0,11.0,13.1,0.0,0.0,3.0,0.0,2.0,0.0,0.0,4.0,3.0,84.0,0.0,8.0,2.0,5.0
2025,Round 11,2025-05-24,Port Adelaide,home,CD_M20250141106,1,Connor Rozee,CD_I1001299,0.0,0.0,0.0,0.0,4.0,0.0,0.0,0.0,1.0,0.0,0.0,0.0,31.8,7.0,15.0,66.7,27.0,18.0,9.0,1.0,0.0,1.0,0.0,0.0,0.0,6.0,10.0,0.0,0.0,0.0,0.0,3.0,0.0,6.0,52.9,1.7,3.0,3.0,17.0,3.0,0.0,0.0,496.0,3.0,19.0,13.5,5.0,0.0,4.0,0.0,0.0,1.0,1.0,6.0,0.0,92.0,1.0,22.0,7.0,15.0
2025,Round 11,2025-05-24,Port Adelaide,home,CD_M20250141106,38,Dante Visentini,CD_I1017128,0.0,0.0,21.0,1.0,9.0,100.0,1.0,1.0,0.0,0.0,0.0,0.0,69.2,9.0,9.0,42.9,14.0,6.0,0.0,1.0,2.0,0.0,0.0,0.0,0.0,7.0,11.0,30.6,40.0,36.0,11.0,0.0,0.0,2.0,0.0,0.3,0.0,0.0,3.0,1.0,0.0,0.0,78.0,6.0,18.0,11.5,1.0,90.0,2.0,0.0,0.0,4.0,2.0,1.0,0.0,81.0,3.0,13.0,2.0,4.0
2025,Round 11,2025-05-24,Port Adelaide,home,CD_M20250141106,16,Ollie Wines,CD_I294318,0.0,0.0,19.0,2.0,6.0,0.0,0.0,0.0,0.0,0.0,0.0,0.0,42.4,14.0,7.0,51.5,33.0,17.0,1.0,3.0,0.0,1.0,0.0,1.0,0.0,11.0,21.0,0.0,0.0,0.0,0.0,4.0,0.0,1.0,8.3,0.6,0.0,0.0,12.0,0.0,0.0,0.0,410.0,1.0,18.0,8.5,2.0,0.0,3.0,1.0,0.0,0.0,5.0,8.0,1.0,70.0,7.0,33.0,9.0,19.0
2025,Round 11,2025-05-24,Port Adelaide,home,CD_M20250141106,25,Brandon Zerk-Thatcher,CD_I1004034,0.0,0.0,0.0,0.0,0.0,0.0,0.0,5.0,0.0,0.0,0.0,0.0,28.6,4.0,5.0,92.3,13.0,12.0,10.0,0.0,0.0,0.0,0.0,0.0,0.0,3.0,3.0,0.0,0.0,0.0,0.0,1.0,1.0,5.0,100.0,3.3,0.0,0.0,10.0,8.0,0.0,0.0,125.0,7.0,5.0,10.2,1.0,0.0,3.0,1.0,0.0,5.0,0.0,1.0,0.0,86.0,0.0,14.0,1.0,10.0
2025,Round 12,2025-05-31,Gold Coast,away,CD_M20250141203,9,Ben Ainsworth,CD_I998130,0.0,0.0,0.0,0.0,3.0,0.0,0.0,0.0,0.0,0.0,0.0,0.0,14.3,2.0,0.0,53.8,13.0,7.0,4.0,2.0,2.0,0.0,0.0,1.0,0.0,2.0,6.0,0.0,0.0,0.0,0.0,3.0,0.0,0.0,57.1,1.2,0.0,0.0,7.0,6.0,3.0,0.0,248.0,0.0,8.0,0.5,1.0,0.0,4.0,0.0,2.0,0.0,0.0,1.0,0.0,77.0,0.0,14.0,5.0,12.0
2025,Round 12,2025-05-31,Gold Coast,away,CD_M20250141203,15,Noah Anderson,CD_I1009199,1.0,0.0,21.0,5.0,4.0,0.0,0.0,0.0,0.0,0.0,0.0,0.0,55.0,22.0,11.0,64.1,39.0,25.0,13.0,0.0,1.0,2.0,0.0,1.0,0.0,16.0,17.0,0.0,0.0,0.0,0.0,7.0,0.0,4.0,59.1,1.3,0.0,0.0,22.0,4.0,0.0,0.0,840.0,3.0,20.0,16.9,5.0,0.0,8.0,4.0,1.0,0.0,7.0,1.0,1.0,84.0,12.0,40.0,5.0,18.0
2025,Round 12,2025-05-31,Gold Coast,away,CD_M20250141203,1,Mac Andrew,CD_I1017396,1.0,0.0,0.0,0.0,2.0,16.7,1.0,6.0,2.0,0.0,0.0,0.0,22.2,4.0,9.0,65.0,20.0,13.0,7.0,0.0,1.0,0.0,0.0,0.0,0.0,4.0,9.0,0.0,0.0,0.0,0.0,1.0,2.0,8.0,63.6,1.2,0.0,0.0,11.0,6.0,1.0,1.0,284.0,11.0,13.0,13.3,5.0,0.0,3.0,1.0,1.0,11.0,0.0,4.0,0.0,94.0,0.0,18.0,4.0,14.0
2025,Round 12,2025-05-31,Gold Coast,away,CD_M20250141203,33,Sam Clohesy,CD_I1013257,0.0,0.0,0.0,0.0,3.0,0.0,0.0,0.0,0.0,0.0,0.0,0.0,41.2,7.0,12.0,72.2,18.0,13.0,6.0,0.0,0.0,1.0,0.0,0.0,0.0,6.0,9.0,0.0,0.0,0.0,0.0,2.0,0.0,4.0,66.7,1.0,0.0,0.0,9.0,2.0,0.0,0.0,365.0,1.0,20.0,9.4,3.0,0.0,2.0,1.0,1.0,0.0,2.0,6.0,2.0,82.0,2.0,17.0,5.0,10.0
2025,Round 12,2025-05-31,Gold Coast,away,CD_M20250141203,25,Sam Collins,CD_I295446,0.0,0.0,0.0,0.0,2.0,50.0,1.0,2.0,0.0,0.0,0.0,1.0,70.0,7.0,5.0,80.0,10.0,8.0,5.0,0.0,0.0,2.0,0.0,0.0,0.0,3.0,4.0,0.0,0.0,0.0,0.0,1.0,2.0,9.0,83.3,1.5,0.0,0.0,6.0,3.0,0.0,0.0,108.0,9.0,6.0,12.7,1.0,0.0,0.0,0.0,0.0,8.0,0.0,2.0,0.0,93.0,0.0,10.0,2.0,3.0
2025,Round 12,2025-05-31,Gold Coast,away,CD_M20250141203,8,Brayden Fiorini,CD_I993799,0.0,0.0,0.0,0.0,1.0,0.0,0.0,0.0,0.0,0.0,0.0,0.0,52.6,10.0,7.0,63.2,19.0,12.0,5.0,0.0,0.0,2.0,0.0,0.0,0.0,9.0,9.0,0.0,0.0,0.0,0.0,0.0,0.0,7.0,50.0,1.1,0.0,0.0,10.0,0.0,0.0,0.0,299.0,2.0,15.0,12.8,6.0,0.0,1.0,1.0,0.0,1.0,3.0,3.0,1.0,89.0,3.0,19.0,5.0,9.0
2025,Round 12,2025-05-31,Gold Coast,away,CD_M20250141203,3,Sam Flanders,CD_I1009260,1.0,0.0,1.0,1.0,0.0,0.0,0.0,0.0,0.0,0.0,0.0,0.0,50.0,7.0,4.0,81.3,16.0,13.0,6.0,1.0,0.0,2.0,75.0,0.0,3.0,5.0,7.0,0.0,0.0,0.0,0.0,6.0,0.0,1.0,66.7,1.3,0.0,0.0,9.0,3.0,1.0,0.0,257.0,0.0,8.0,15.6,0.0,0.0,5.0,2.0,4.0,0.0,3.0,1.0,1.0,80.0,4.0,14.0,3.0,7.0
2025,Round 12,2025-05-31,Gold Coast,away,CD_M20250141203,7,Nick Holman,CD_I297456,0.0,0.0,0.0,0.0,6.0,0.0,0.0,0.0,3.0,1.0,33.3,1.0,38.5,5.0,6.0,41.7,12.0,5.0,0.0,0.0,2.0,0.0,0.0,0.0,0.0,3.0,9.0,0.0,0.0,0.0,0.0,1.0,0.0,2.0,0.0,0.3,0.0,0.0,3.0,1.0,0.0,0.0,146.0,2.0,16.0,4.7,0.0,0.0,1.0,0.0,0.0,0.0,0.0,7.0,2.0,80.0,0.0,13.0,6.0,8.0
2025,Round 12,2025-05-31,Gold Coast,away,CD_M20250141203,19,Bailey Humphrey,CD_I1023500,0.0,0.0,12.0,1.0,3.0,0.0,0.0,0.0,1.0,1.0,100.0,0.0,25.0,3.0,7.0,83.3,12.0,10.0,4.0,0.0,2.0,0.0,0.0,0.0,0.0,3.0,8.0,0.0,0.0,0.0,0.0,2.0,0.0,0.0,100.0,0.5,0.0,0.0,4.0,1.0,0.0,0.0,220.0,1.0,25.0,7.0,1.0,0.0,3.0,1.0,0.0,0.0,0.0,9.0,1.0,82.0,1.0,12.0,0.0,9.0
2025,Round 12,2025-05-31,Gold Coast,away,CD_M20250141203,40,Joel Jeffrey,CD_I1005992,0.0,0.0,0.0,0.0,1.0,0.0,0.0,1.0,0.0,0.0,0.0,0.0,14.3,2.0,7.0,86.7,15.0,13.0,11.0,0.0,0.0,2.0,0.0,0.0,0.0,1.0,3.0,0.0,0.0,0.0,0.0,0.0,0.0,3.0,91.7,4.0,2.0,2.0,12.0,5.0,0.0,0.0,422.0,4.0,9.0,3.5,7.0,0.0,2.0,0.0,0.0,3.0,0.0,4.0,0.0,82.0,0.0,14.0,2.0,12.0
2025,Round 12,2025-05-31,Gold Coast,away,CD_M20250141203,34,Ben King,CD_I1006144,1.0,0.0,0.0,0.0,3.0,0.0,0.0,0.0,3.0,1.0,33.3,0.0,66.7,4.0,0.0,28.6,7.0,2.0,1.0,1.0,0.0,2.0,33.3,0.0,1.0,2.0,2.0,0.0,0.0,0.0,0.0,3.0,1.0,1.0,20.0,2.5,0.0,0.0,5.0,2.0,1.0,1.0,153.0,0.0,4.0,2.6,0.0,0.0,2.0,0.0,3.0,0.0,0.0,2.0,1.0,82.0,0.0,6.0,3.0,2.0
2025,Round 12,2025-05-31,Gold Coast,away,CD_M20250141203,30,Leonardo Lombard,CD_I1029301,0.0,0.0,0.0,0.0,1.0,0.0,0.0,0.0,0.0,0.0,0.0,0.0,42.9,3.0,7.0,50.0,8.0,4.0,1.0,0.0,0.0,0.0,100.0,0.0,1.0,2.0,6.0,0.0,0.0,0.0,0.0,1.0,0.0,0.0,50.0,0.3,0.0,0.0,2.0,0.0,0.0,0.0,38.0,0.0,14.0,3.8,1.0,0.0,1.0,0.0,1.0,0.0,3.0,1.0,0.0,54.0,3.0,7.0,2.0,4.0
2025,Round 12,2025-05-31,Gold Coast,away,CD_M20250141203,22,Ben Long,CD_I993917,3.0,0.0,0.0,0.0,0.0,0.0,0.0,0.0,2.0,1.0,50.0,1.0,37.5,3.0,1.0,63.6,11.0,7.0,5.0,0.0,0.0,2.0,25.0,0.0,1.0,0.0,2.0,0.0,0.0,0.0,0.0,2.0,1.0,1.0,55.6,4.5,0.0,0.0,9.0,5.0,3.0,2.0,165.0,0.0,8.0,5.4,0.0,0.0,5.0,0.0,4.0,0.0,0.0,1.0,1.0,87.0,0.0,8.0,0.0,5.0
2025,Round 12,2025-05-31,Gold Coast,away,CD_M20250141203,11,Touk Miller,CD_I298272,1.0,0.0,16.0,2.0,3.0,0.0,0.0,0.0,0.0,0.0,0.0,0.0,56.0,14.0,5.0,54.2,24.0,13.0,4.0,3.0,0.0,2.0,0.0,0.0,0.0,12.0,12.0,0.0,0.0,0.0,0.0,7.0,0.0,2.0,33.3,1.0,0.0,0.0,12.0,0.0,0.0,0.0,356.0,2.0,16.0,13.5,3.0,0.0,5.0,2.0,1.0,1.0,7.0,3.0,1.0,81.0,9.0,25.0,5.0,11.0
2025,Round 12,2025-05-31,Gold Coast,away,CD_M20250141203,21,Ned Moyle,CD_I1021013,0.0,0.0,4.0,0.0,0.0,0.0,0.0,1.0,0.0,0.0,0.0,1.0,66.7,2.0,4.0,100.0,3.0,3.0,1.0,0.0,0.0,2.0,0.0,0.0,0.0,0.0,2.0,13.3,40.5,15.0,2.0,2.0,0.0,0.0,100.0,0.5,0.0,0.0,1.0,1.0,0.0,0.0,65.0,5.0,6.0,6.4,0.0,37.0,1.0,0.0,0.0,5.0,0.0,2.0,0.0,54.0,0.0,3.0,0.0,1.0
2025,Round 12,2025-05-31,Gold Coast,away,CD_M20250141203,2,John Noble,CD_I1000072,0.0,1.0,0.0,0.0,5.0,0.0,0.0,1.0,0.0,0.0,0.0,0.0,26.3,5.0,9.0,86.4,22.0,19.0,11.0,0.0,0.0,1.0,0.0,1.0,0.0,4.0,9.0,0.0,0.0,0.0,0.0,5.0,1.0,6.0,84.6,1.4,3.0,3.0,13.0,4.0,0.0,0.0,419.0,3.0,12.0,7.5,3.0,0.0,4.0,1.0,0.0,2.0,0.0,4.0,0.0,87.0,0.0,19.0,4.0,14.0
2025,Round 12,2025-05-31,Gold Coast,away,CD_M20250141203,27,Wil Powell,CD_I1007881,0.0,1.0,0.0,0.0,3.0,0.0,0.0,1.0,0.0,0.0,0.0,0.0,36.4,4.0,10.0,70.0,10.0,7.0,7.0,0.0,3.0,2.0,0.0,0.0,0.0,2.0,3.0,0.0,0.0,0.0,0.0,4.0,1.0,4.0,100.0,2.3,1.0,1.0,7.0,3.0,0.0,0.0,320.0,2.0,12.0,3.8,2.0,0.0,0.0,0.0,0.0,2.0,0.0,3.0,0.0,87.0,0.0,11.0,2.0,7.0
2025,Round 12,2025-05-31,Gold Coast,away,CD_M20250141203,17,Daniel Rioli,CD_I1000981,0.0,2.0,0.0,0.0,3.0,0.0,0.0,0.0,0.0,0.0,0.0,0.0,37.0,10.0,13.0,77.8,27.0,21.0,7.0,1.0,1.0,0.0,0.0,0.0,0.0,8.0,18.0,0.0,0.0,0.0,0.0,2.0,0.0,7.0,77.8,0.5,1.0,0.0,9.0,3.0,0.0,0.0,335.0,2.0,16.0,16.8,3.0,0.0,1.0,1.0,0.0,1.0,3.0,5.0,0.0,82.0,3.0,27.0,4.0,17.0
2025,Round 12,2025-05-31,Gold Coast,away,CD_M20250141203,18,Matt Rowell,CD_I1009208,0.0,1.0,22.0,0.0,6.0,0.0,0.0,0.0,0.0,0.0,0.0,0.0,57.7,15.0,18.0,55.6,27.0,15.0,7.0,0.0,3.0,2.0,0.0,0.0,0.0,10.0,12.0,0.0,0.0,0.0,0.0,0.0,1.0,4.0,46.7,1.3,0.0,0.0,15.0,1.0,0.0,0.0,439.0,2.0,33.0,10.1,3.0,0.0,2.0,0.0,1.0,0.0,8.0,13.0,0.0,84.0,8.0,26.0,8.0,11.0
2025,Round 12,2025-05-31,Gold Coast,away,CD_M20250141203,24,David Swallow,CD_I290832,0.0,0.0,0.0,0.0,0.0,0.0,0.0,0.0,0.0,0.0,0.0,0.0,0.0,0.0,1.0,33.3,3.0,1.0,1.0,0.0,0.0,0.0,0.0,0.0,0.0,0.0,0.0,0.0,0.0,0.0,0.0,0.0,0.0,1.0,33.3,3.0,0.0,0.0,3.0,0.0,0.0,0.0,13.0,1.0,4.0,1.0,0.0,0.0,1.0,1.0,0.0,1.0,0.0,1.0,0.0,23.0,0.0,0.0,1.0,0.0
2025,Round 12,2025-05-31,Gold Coast,away,CD_M20250141203,32,Bodhi Uwland,CD_I1017665,0.0,0.0,0.0,0.0,2.0,0.0,0.0,2.0,0.0,0.0,0.0,0.0,35.7,5.0,5.0,86.7,15.0,13.0,8.0,0.0,1.0,0.0,100.0,0.0,1.0,5.0,5.0,0.0,0.0,0.0,0.0,1.0,2.0,7.0,80.0,2.0,2.0,2.0,10.0,4.0,0.0,0.0,298.0,2.0,7.0,11.5,3.0,0.0,2.0,0.0,1.0,2.0,0.0,2.0,0.0,83.0,0.0,14.0,3.0,9.0
2025,Round 12,2025-05-31,Gold Coast,away,CD_M20250141203,4,Jed Walter,CD_I1023736,0.0,0.0,0.0,0.0,5.0,0.0,0.0,0.0,0.0,0.0,0.0,1.0,80.0,8.0,1.0,90.0,10.0,9.0,4.0,2.0,2.0,2.0,100.0,0.0,2.0,5.0,6.0,0.0,0.0,0.0,0.0,1.0,0.0,2.0,100.0,0.7,0.0,0.0,4.0,2.0,0.0,0.0,85.0,2.0,6.0,10.3,1.0,0.0,3.0,1.0,2.0,2.0,0.0,2.0,0.0,80.0,0.0,10.0,3.0,2.0
2025,Round 12,2025-05-31,Gold Coast,away,CD_M20250141203,28,Jarrod Witts,CD_I291975,0.0,0.0,20.0,0.0,6.0,0.0,0.0,0.0,1.0,0.0,0.0,1.0,75.0,9.0,8.0,40.0,10.0,4.0,0.0,0.0,2.0,2.0,0.0,1.0,0.0,5.0,7.0,17.5,51.3,40.0,7.0,1.0,0.0,2.0,0.0,0.4,0.0,0.0,3.0,1.0,0.0,0.0,63.0,5.0,13.0,9.1,1.0,78.0,2.0,3.0,0.0,4.0,1.0,6.0,1.0,71.0,1.0,12.0,2.0,3.0
2025,Round 14,2025-06-14,North Melbourne,away,CD_M20250141405,25,Paul Curtis,CD_I1002947,2.0,0.0,0.0,0.0,3.0,0.0,0.0,0.0,3.0,2.0,66.7,0.0,50.0,7.0,0.0,58.3,12.0,7.0,2.0,3.0,1.0,1.0,0.0,0.0,0.0,4.0,5.0,0.0,0.0,0.0,0.0,3.0,0.0,0.0,28.6,1.4,0.0,0.0,7.0,3.0,2.0,1.0,198.0,3.0,17.0,3.8,0.0,0.0,3.0,0.0,2.0,1.0,2.0,9.0,9.0,80.0,2.0,14.0,3.0,7.0
2025,Round 14,2025-06-14,North Melbourne,away,CD_M20250141405,5,Caleb Daniel,CD_I295136,0.0,0.0,0.0,0.0,1.0,0.0,0.0,0.0,0.0,0.0,0.0,0.0,21.1,4.0,15.0,87.0,23.0,20.0,14.0,0.0,0.0,1.0,0.0,0.0,0.0,2.0,8.0,0.0,0.0,0.0,0.0,0.0,1.0,4.0,93.3,1.9,4.0,4.0,15.0,4.0,0.0,0.0,291.0,2.0,21.0,6.1,6.0,0.0,2.0,1.0,0.0,2.0,0.0,1.0,0.0,83.0,0.0,19.0,1.0,15.0
2025,Round 14,2025-06-14,North Melbourne,away,CD_M20250141405,28,Jack Darling,CD_I290838,0.0,0.0,2.0,0.0,0.0,0.0,0.0,0.0,4.0,1.0,25.0,1.0,50.0,4.0,5.0,88.9,9.0,8.0,5.0,1.0,0.0,1.0,100.0,0.0,1.0,2.0,3.0,0.0,11.1,1.0,0.0,1.0,0.0,1.0,83.3,2.0,0.0,0.0,6.0,5.0,0.0,1.0,227.0,2.0,13.0,12.5,0.0,9.0,1.0,0.0,1.0,1.0,0.0,2.0,1.0,77.0,0.0,8.0,0.0,4.0
2025,Round 14,2025-06-14,North Melbourne,away,CD_M20250141405,9,Luke Davies-Uniacke,CD_I1002267,0.0,0.0,20.0,2.0,8.0,0.0,0.0,0.0,0.0,0.0,0.0,0.0,46.4,13.0,7.0,74.1,27.0,20.0,7.0,2.0,6.0,1.0,100.0,0.0,1.0,11.0,16.0,0.0,0.0,0.0,0.0,5.0,0.0,5.0,63.6,0.7,0.0,0.0,11.0,0.0,0.0,0.0,272.0,1.0,20.0,17.9,0.0,0.0,2.0,0.0,1.0,1.0,4.0,5.0,0.0,87.0,6.0,28.0,5.0,15.0
2025,Round 14,2025-06-14,North Melbourne,away,CD_M20250141405,42,Kallan Dawson,CD_I1012144,0.0,0.0,0.0,0.0,1.0,0.0,0.0,0.0,0.0,0.0,0.0,0.0,14.3,1.0,5.0,100.0,8.0,8.0,3.0,0.0,1.0,0.0,0.0,0.0,0.0,1.0,5.0,0.0,0.0,0.0,0.0,0.0,0.0,2.0,100.0,0.6,0.0,0.0,3.0,4.0,0.0,0.0,113.0,5.0,9.0,4.1,2.0,0.0,0.0,0.0,0.0,5.0,0.0,3.0,0.0,57.0,0.0,7.0,1.0,6.0
2025,Round 14,2025-06-14,North Melbourne,away,CD_M20250141405,16,Zac Fisher,CD_I999827,0.0,1.0,0.0,0.0,1.0,0.0,0.0,0.0,1.0,0.0,0.0,0.0,30.8,4.0,6.0,69.2,13.0,9.0,3.0,0.0,0.0,1.0,50.0,0.0,1.0,3.0,7.0,0.0,0.0,0.0,0.0,1.0,0.0,1.0,50.0,0.9,0.0,0.0,6.0,1.0,0.0,0.0,153.0,0.0,20.0,9.9,1.0,0.0,3.0,1.0,2.0,0.0,0.0,6.0,2.0,71.0,0.0,13.0,2.0,9.0
2025,Round 14,2025-06-14,North Melbourne,away,CD_M20250141405,46,Robert Hansen Jr,CD_I1023144,0.0,2.0,0.0,0.0,1.0,0.0,0.0,0.0,0.0,0.0,0.0,0.0,42.9,3.0,1.0,71.4,7.0,5.0,3.0,0.0,0.0,0.0,0.0,3.0,0.0,3.0,2.0,0.0,0.0,0.0,0.0,2.0,0.0,2.0,60.0,2.5,0.0,0.0,5.0,2.0,0.0,0.0,224.0,0.0,3.0,8.9,1.0,0.0,5.0,2.0,0.0,0.0,0.0,0.0,0.0,30.0,0.0,7.0,0.0,4.0
2025,Round 14,2025-06-14,North Melbourne,away,CD_M20250141405,17,Riley Hardeman,CD_I1023625,0.0,0.0,0.0,0.0,0.0,0.0,0.0,0.0,0.0,0.0,0.0,0.0,45.5,5.0,7.0,90.9,11.0,10.0,6.0,0.0,0.0,1.0,0.0,1.0,0.0,3.0,4.0,0.0,0.0,0.0,0.0,2.0,0.0,3.0,85.7,1.8,1.0,1.0,7.0,1.0,0.0,0.0,348.0,5.0,11.0,10.6,4.0,0.0,1.0,0.0,0.0,2.0,1.0,2.0,0.0,72.0,1.0,11.0,1.0,6.0
2025,Round 14,2025-06-14,North Melbourne,away,CD_M20250141405,41,Jacob Konstanty,CD_I1023530,0.0,0.0,0.0,0.0,6.0,0.0,0.0,0.0,0.0,0.0,0.0,0.0,58.3,7.0,5.0,66.7,12.0,8.0,3.0,1.0,2.0,2.0,100.0,0.0,1.0,4.0,5.0,0.0,0.0,0.0,0.0,3.0,0.0,3.0,42.9,1.4,0.0,0.0,7.0,0.0,0.0,0.0,208.0,1.0,16.0,7.6,0.0,0.0,3.0,1.0,1.0,0.0,1.0,5.0,2.0,62.0,1.0,12.0,4.0,5.0
2025,Round 14,2025-06-14,North Melbourne,away,CD_M20250141405,20,Nick Larkey,CD_I1001017,0.0,0.0,0.0,0.0,4.0,0.0,0.0,0.0,1.0,1.0,100.0,0.0,58.3,7.0,0.0,75.0,12.0,9.0,4.0,4.0,0.0,3.0,75.0,0.0,3.0,4.0,6.0,0.0,0.0,0.0,0.0,0.0,0.0,0.0,66.7,1.0,0.0,0.0,6.0,3.0,2.0,1.0,43.0,2.0,5.0,9.2,0.0,0.0,3.0,0.0,4.0,1.0,0.0,2.0,2.0,96.0,0.0,12.0,3.0,5.0
2025,Round 14,2025-06-14,North Melbourne,away,CD_M20250141405,19,Griffin Logue,CD_I997933,0.0,0.0,0.0,0.0,0.0,25.0,1.0,4.0,0.0,0.0,0.0,0.0,50.0,5.0,5.0,100.0,10.0,10.0,4.0,0.0,0.0,3.0,0.0,0.0,0.0,2.0,6.0,0.0,0.0,0.0,0.0,0.0,1.0,7.0,100.0,0.7,0.0,0.0,4.0,3.0,0.0,0.0,22.0,9.0,7.0,13.3,1.0,0.0,0.0,0.0,0.0,9.0,0.0,3.0,0.0,94.0,0.0,10.0,0.0,5.0
2025,Round 14,2025-06-14,North Melbourne,away,CD_M20250141405,11,Luke McDonald,CD_I296355,0.0,0.0,0.0,0.0,2.0,50.0,1.0,2.0,1.0,1.0,100.0,1.0,30.8,8.0,5.0,74.1,27.0,20.0,15.0,0.0,1.0,2.0,0.0,0.0,0.0,5.0,8.0,0.0,0.0,0.0,0.0,4.0,2.0,12.0,78.9,2.4,1.0,0.0,19.0,8.0,0.0,0.0,580.0,1.0,5.0,10.3,5.0,0.0,1.0,1.0,0.0,1.0,0.0,1.0,0.0,94.0,0.0,26.0,5.0,18.0
2025,Round 14,2025-06-14,North Melbourne,away,CD_M20250141405,10,Colby McKercher,CD_I1024272,0.0,1.0,0.0,0.0,7.0,0.0,0.0,0.0,0.0,0.0,0.0,0.0,14.3,3.0,5.0,55.6,27.0,15.0,13.0,0.0,1.0,0.0,0.0,0.0,0.0,2.0,3.0,0.0,0.0,0.0,0.0,3.0,0.0,2.0,54.2,8.0,6.0,5.0,24.0,2.0,0.0,0.0,626.0,1.0,8.0,9.1,3.0,0.0,2.0,0.0,1.0,0.0,0.0,1.0,0.0,82.0,0.0,21.0,6.0,18.0
2025,Round 14,2025-06-14,North Melbourne,away,CD_M20250141405,2,Finn O'Sullivan,CD_I1028495,0.0,0.0,0.0,0.0,4.0,0.0,0.0,0.0,0.0,0.0,0.0,0.0,6.7,1.0,5.0,85.7,14.0,12.0,9.0,0.0,2.0,1.0,0.0,0.0,0.0,0.0,3.0,0.0,0.0,0.0,0.0,0.0,2.0,3.0,81.8,3.7,0.0,0.0,11.0,6.0,0.0,1.0,261.0,2.0,15.0,-0.2,3.0,0.0,2.0,1.0,0.0,2.0,0.0,1.0,0.0,75.0,0.0,15.0,4.0,14.0
2025,Round 14,2025-06-14,North Melbourne,away,CD_M20250141405,26,Luke Parker,CD_I290778,0.0,0.0,9.0,4.0,4.0,0.0,0.0,0.0,0.0,0.0,0.0,1.0,63.6,14.0,3.0,30.0,20.0,6.0,5.0,1.0,3.0,1.0,66.7,0.0,2.0,8.0,3.0,0.0,0.0,0.0,0.0,7.0,0.0,1.0,29.4,5.7,0.0,0.0,17.0,4.0,1.0,0.0,580.0,1.0,13.0,16.9,0.0,0.0,6.0,0.0,3.0,0.0,3.0,3.0,1.0,80.0,7.0,22.0,7.0,8.0
2025,Round 14,2025-06-14,North Melbourne,away,CD_M20250141405,32,Toby Pink,CD_I1002138,0.0,1.0,0.0,0.0,5.0,40.0,2.0,5.0,0.0,0.0,0.0,0.0,0.0,0.0,4.0,80.0,10.0,8.0,5.0,0.0,0.0,0.0,0.0,0.0,0.0,0.0,3.0,0.0,0.0,0.0,0.0,2.0,1.0,2.0,71.4,2.3,0.0,0.0,7.0,6.0,0.0,0.0,220.0,10.0,5.0,-1.9,3.0,0.0,0.0,0.0,0.0,10.0,0.0,1.0,0.0,100.0,0.0,10.0,2.0,10.0
2025,Round 14,2025-06-14,North Melbourne,away,CD_M20250141405,24,Tom Powell,CD_I1011659,0.0,0.0,19.0,1.0,2.0,0.0,0.0,0.0,0.0,0.0,0.0,0.0,40.9,9.0,10.0,82.6,23.0,19.0,7.0,1.0,1.0,0.0,0.0,0.0,0.0,6.0,12.0,0.0,0.0,0.0,0.0,5.0,0.0,4.0,63.6,0.9,0.0,0.0,11.0,2.0,0.0,0.0,318.0,0.0,15.0,12.3,2.0,0.0,3.0,0.0,0.0,0.0,6.0,3.0,0.0,80.0,7.0,22.0,1.0,13.0
2025,Round 14,2025-06-14,North Melbourne,away,CD_M20250141405,3,Harry Sheezel,CD_I1023518,0.0,0.0,4.0,0.0,9.0,0.0,0.0,0.0,0.0,0.0,0.0,0.0,42.4,14.0,9.0,59.4,32.0,19.0,5.0,4.0,2.0,1.0,50.0,0.0,1.0,12.0,17.0,0.0,0.0,0.0,0.0,7.0,0.0,5.0,33.3,0.9,0.0,0.0,15.0,9.0,1.0,1.0,279.0,2.0,21.0,8.5,3.0,0.0,3.0,2.0,2.0,0.0,3.0,6.0,3.0,83.0,3.0,33.0,9.0,19.0
2025,Round 14,2025-06-14,North Melbourne,away,CD_M20250141405,12,Jy Simpkin,CD_I993998,0.0,0.0,4.0,0.0,2.0,0.0,0.0,1.0,0.0,0.0,0.0,0.0,66.7,8.0,7.0,63.6,11.0,7.0,2.0,1.0,1.0,1.0,0.0,0.0,0.0,5.0,6.0,0.0,0.0,0.0,0.0,1.0,0.0,0.0,40.0,0.8,0.0,0.0,5.0,1.0,0.0,0.0,141.0,3.0,21.0,6.5,0.0,0.0,3.0,0.0,0.0,1.0,2.0,4.0,2.0,87.0,2.0,12.0,3.0,4.0
2025,Round 14,2025-06-14,North Melbourne,away,CD_M20250141405,15,Dylan Stephens,CD_I1004848,1.0,0.0,0.0,0.0,5.0,0.0,0.0,1.0,0.0,0.0,0.0,0.0,40.7,11.0,4.0,55.6,27.0,15.0,4.0,1.0,0.0,1.0,0.0,1.0,0.0,10.0,15.0,0.0,0.0,0.0,0.0,3.0,0.0,8.0,33.3,0.8,0.0,0.0,12.0,2.0,0.0,0.0,404.0,3.0,11.0,8.7,2.0,0.0,4.0,2.0,1.0,2.0,0.0,3.0,0.0,83.0,0.0,27.0,5.0,16.0
2025,Round 14,2025-06-14,North Melbourne,away,CD_M20250141405,6,George Wardlaw,CD_I1023477,0.0,0.0,13.0,2.0,3.0,0.0,0.0,0.0,0.0,0.0,0.0,0.0,43.8,7.0,10.0,35.3,17.0,6.0,4.0,1.0,1.0,2.0,0.0,1.0,0.0,5.0,3.0,0.0,0.0,0.0,0.0,6.0,2.0,3.0,28.6,4.7,0.0,0.0,14.0,3.0,0.0,0.0,476.0,2.0,22.0,13.6,0.0,0.0,3.0,1.0,1.0,0.0,4.0,6.0,3.0,61.0,6.0,16.0,6.0,9.0
2025,Round 14,2025-06-14,North Melbourne,away,CD_M20250141405,38,Tristan Xerri,CD_I1004965,0.0,0.0,21.0,3.0,4.0,0.0,0.0,0.0,0.0,0.0,0.0,1.0,84.6,11.0,7.0,84.6,13.0,11.0,2.0,1.0,2.0,0.0,0.0,2.0,0.0,7.0,10.0,27.8,42.4,36.0,10.0,1.0,0.0,3.0,66.7,0.3,0.0,0.0,3.0,2.0,0.0,0.0,84.0,2.0,20.0,18.1,1.0,85.0,3.0,3.0,0.0,0.0,3.0,7.0,2.0,88.0,6.0,13.0,2.0,2.0
2025,Round 14,2025-06-14,North Melbourne,away,CD_M20250141405,44,Cameron Zurhaar,CD_I998484,1.0,0.0,0.0,0.0,2.0,0.0,0.0,0.0,3.0,0.0,0.0,0.0,37.5,3.0,0.0,50.0,8.0,4.0,3.0,1.0,1.0,0.0,0.0,0.0,0.0,3.0,2.0,0.0,0.0,0.0,0.0,4.0,0.0,2.0,50.0,3.0,0.0,0.0,6.0,1.0,0.0,1.0,191.0,0.0,7.0,4.5,0.0,0.0,2.0,1.0,1.0,0.0,0.0,3.0,2.0,77.0,0.0,8.0,2.0,5.0
2025,Round 15,2025-06-19,Essendon,home,CD_M20250141501,46,Lachlan Blakiston,CD_I1028196,0.0,0.0,0.0,0.0,2.0,25.0,1.0,4.0,0.0,0.0,0.0,0.0,72.7,8.0,6.0,72.7,11.0,8.0,2.0,0.0,0.0,0.0,0.0,0.0,0.0,7.0,8.0,0.0,0.0,0.0,0.0,0.0,0.0,9.0,66.7,0.4,0.0,0.0,3.0,0.0,0.0,0.0,52.0,5.0,6.0,10.6,1.0,0.0,2.0,2.0,0.0,4.0,0.0,2.0,0.0,88.0,0.0,11.0,2.0,3.0
2025,Round 15,2025-06-19,Essendon,home,CD_M20250141501,30,Nate Caddy,CD_I1027899,0.0,2.0,0.0,0.0,1.0,0.0,0.0,0.0,1.0,0.0,0.0,1.0,37.5,6.0,2.0,73.3,15.0,11.0,7.0,2.0,0.0,0.0,50.0,2.0,1.0,4.0,6.0,0.0,0.0,0.0,0.0,4.0,0.0,1.0,77.8,1.5,0.0,0.0,9.0,8.0,2.0,5.0,303.0,1.0,8.0,12.0,0.0,0.0,8.0,1.0,2.0,0.0,0.0,2.0,1.0,100.0,0.0,16.0,3.0,10.0
2025,Round 15,2025-06-19,Essendon,home,CD_M20250141501,6,Jye Caldwell,CD_I1006103,1.0,0.0,18.0,2.0,1.0,0.0,0.0,0.0,0.0,0.0,0.0,0.0,38.7,12.0,18.0,78.1,32.0,25.0,12.0,0.0,0.0,1.0,0.0,0.0,0.0,9.0,15.0,0.0,0.0,0.0,0.0,6.0,0.0,2.0,70.6,1.1,0.0,0.0,17.0,2.0,1.0,0.0,482.0,1.0,25.0,11.6,3.0,0.0,4.0,2.0,1.0,1.0,6.0,5.0,0.0,77.0,8.0,31.0,5.0,19.0
2025,Round 15,2025-06-19,Essendon,home,CD_M20250141501,36,Angus Clarke,CD_I1027284,0.0,0.0,0.0,0.0,2.0,0.0,0.0,1.0,1.0,0.0,0.0,0.0,33.3,7.0,2.0,66.7,21.0,14.0,7.0,0.0,0.0,1.0,0.0,0.0,0.0,6.0,10.0,0.0,0.0,0.0,0.0,0.0,0.0,7.0,63.6,1.1,0.0,0.0,11.0,4.0,0.0,0.0,130.0,2.0,5.0,6.2,3.0,0.0,1.0,0.0,0.0,2.0,0.0,0.0,0.0,86.0,0.0,21.0,4.0,14.0
2025,Round 15,2025-06-19,Essendon,home,CD_M20250141501,28,Xavier Duursma,CD_I1006096,0.0,0.0,0.0,0.0,2.0,0.0,0.0,0.0,0.0,0.0,0.0,0.0,30.0,3.0,0.0,72.7,11.0,8.0,4.0,0.0,1.0,1.0,100.0,0.0,1.0,2.0,5.0,0.0,0.0,0.0,0.0,0.0,1.0,3.0,66.7,1.2,0.0,0.0,6.0,3.0,1.0,0.0,153.0,0.0,3.0,5.4,1.0,0.0,2.0,0.0,1.0,0.0,1.0,0.0,0.0,40.0,1.0,10.0,3.0,7.0
2025,Round 15,2025-06-19,Essendon,home,CD_M20250141501,11,Jade Gresham,CD_I298421,1.0,1.0,0.0,0.0,2.0,0.0,0.0,0.0,0.0,0.0,0.0,0.0,0.0,0.0,7.0,55.6,9.0,5.0,3.0,0.0,1.0,0.0,50.0,0.0,1.0,0.0,2.0,0.0,0.0,0.0,0.0,1.0,0.0,0.0,42.9,3.5,0.0,0.0,7.0,3.0,2.0,1.0,184.0,0.0,14.0,2.2,0.0,0.0,6.0,0.0,2.0,0.0,0.0,3.0,0.0,66.0,0.0,10.0,2.0,10.0
2025,Round 15,2025-06-19,Essendon,home,CD_M20250141501,35,Matt Guelfi,CD_I996232,1.0,0.0,0.0,0.0,3.0,0.0,0.0,0.0,2.0,0.0,0.0,0.0,0.0,0.0,5.0,71.4,7.0,5.0,1.0,0.0,3.0,0.0,0.0,0.0,0.0,0.0,4.0,0.0,0.0,0.0,0.0,0.0,0.0,0.0,33.3,0.8,0.0,0.0,3.0,0.0,0.0,0.0,73.0,0.0,19.0,-0.5,0.0,0.0,3.0,0.0,1.0,0.0,0.0,3.0,2.0,78.0,0.0,7.0,3.0,7.0
2025,Round 15,2025-06-19,Essendon,home,CD_M20250141501,8,Ben Hobbs,CD_I1017088,0.0,0.0,4.0,1.0,3.0,0.0,0.0,0.0,0.0,0.0,0.0,0.0,50.0,8.0,13.0,87.5,16.0,14.0,5.0,0.0,2.0,3.0,0.0,0.0,0.0,6.0,10.0,0.0,0.0,0.0,0.0,0.0,0.0,3.0,83.3,0.6,0.0,0.0,6.0,1.0,0.0,0.0,122.0,0.0,20.0,9.4,2.0,0.0,1.0,1.0,0.0,0.0,0.0,5.0,1.0,62.0,1.0,16.0,3.0,8.0
2025,Round 15,2025-06-19,Essendon,home,CD_M20250141501,40,Zak Johnson,CD_I1028519,0.0,1.0,0.0,0.0,1.0,0.0,0.0,0.0,0.0,0.0,0.0,0.0,12.5,1.0,6.0,55.6,9.0,5.0,3.0,0.0,0.0,0.0,0.0,0.0,0.0,1.0,2.0,0.0,0.0,0.0,0.0,2.0,1.0,2.0,42.9,3.5,1.0,1.0,7.0,2.0,0.0,0.0,179.0,2.0,6.0,3.9,0.0,0.0,1.0,0.0,0.0,2.0,0.0,1.0,0.0,68.0,0.0,8.0,2.0,7.0
2025,Round 15,2025-06-19,Essendon,home,CD_M20250141501,10,Isaac Kako,CD_I1028554,1.0,1.0,0.0,0.0,1.0,0.0,0.0,0.0,0.0,0.0,0.0,1.0,41.7,5.0,6.0,58.3,12.0,7.0,3.0,2.0,0.0,0.0,50.0,1.0,1.0,4.0,5.0,0.0,0.0,0.0,0.0,1.0,0.0,1.0,42.9,1.4,0.0,0.0,7.0,2.0,1.0,1.0,103.0,0.0,27.0,6.9,0.0,0.0,5.0,1.0,2.0,0.0,0.0,2.0,0.0,85.0,0.0,12.0,1.0,7.0
2025,Round 15,2025-06-19,Essendon,home,CD_M20250141501,15,Jayden Laverde,CD_I298280,0.0,0.0,0.0,0.0,1.0,50.0,1.0,2.0,0.0,0.0,0.0,0.0,16.7,3.0,5.0,77.8,18.0,14.0,9.0,0.0,1.0,0.0,0.0,0.0,0.0,3.0,6.0,0.0,0.0,0.0,0.0,0.0,0.0,2.0,75.0,2.0,0.0,0.0,12.0,9.0,0.0,0.0,185.0,2.0,5.0,4.4,3.0,0.0,1.0,0.0,0.0,2.0,0.0,3.0,0.0,96.0,0.0,18.0,2.0,15.0
2025,Round 15,2025-06-19,Essendon,home,CD_M20250141501,34,Luamon Lual,CD_I1027706,0.0,1.0,0.0,0.0,2.0,0.0,0.0,0.0,0.0,0.0,0.0,0.0,0.0,0.0,14.0,88.9,9.0,8.0,4.0,0.0,1.0,0.0,100.0,1.0,2.0,0.0,4.0,0.0,0.0,0.0,0.0,4.0,0.0,1.0,80.0,1.3,0.0,0.0,5.0,2.0,1.0,0.0,165.0,2.0,18.0,8.4,0.0,0.0,4.0,1.0,2.0,2.0,0.0,2.0,1.0,65.0,0.0,8.0,1.0,8.0
2025,Round 15,2025-06-19,Essendon,home,CD_M20250141501,37,Nic Martin,CD_I1012013,0.0,0.0,7.0,0.0,1.0,0.0,0.0,0.0,0.0,0.0,0.0,0.0,10.0,2.0,5.0,71.4,21.0,15.0,10.0,0.0,0.0,0.0,0.0,0.0,0.0,2.0,7.0,0.0,0.0,0.0,0.0,2.0,1.0,2.0,71.4,2.0,0.0,0.0,14.0,7.0,0.0,1.0,382.0,4.0,6.0,4.8,4.0,0.0,1.0,0.0,0.0,4.0,0.0,2.0,0.0,83.0,0.0,20.0,2.0,18.0
2025,Round 15,2025-06-19,Essendon,home,CD_M20250141501,26,Archer May,CD_I1029084,0.0,0.0,0.0,0.0,3.0,0.0,0.0,0.0,5.0,3.0,60.0,2.0,57.1,8.0,5.0,78.6,14.0,11.0,8.0,1.0,2.0,2.0,100.0,0.0,2.0,4.0,6.0,0.0,0.0,0.0,0.0,3.0,0.0,1.0,100.0,1.3,0.0,0.0,8.0,6.0,2.0,1.0,230.0,4.0,13.0,11.7,0.0,3.0,5.0,0.0,2.0,3.0,0.0,3.0,1.0,78.0,0.0,14.0,3.0,6.0
2025,Round 15,2025-06-19,Essendon,home,CD_M20250141501,1,Andrew McGrath,CD_I998102,0.0,0.0,0.0,0.0,1.0,0.0,0.0,0.0,0.0,0.0,0.0,0.0,23.8,5.0,4.0,95.5,22.0,21.0,7.0,0.0,1.0,0.0,0.0,1.0,0.0,4.0,14.0,0.0,0.0,0.0,0.0,1.0,0.0,5.0,87.5,0.6,3.0,3.0,8.0,3.0,0.0,0.0,181.0,1.0,5.0,8.1,1.0,0.0,2.0,2.0,0.0,0.0,0.0,0.0,0.0,93.0,0.0,21.0,3.0,16.0
2025,Round 15,2025-06-19,Essendon,home,CD_M20250141501,7,Zach Merrett,CD_I992016,0.0,0.0,14.0,1.0,0.0,0.0,0.0,1.0,0.0,0.0,0.0,0.0,47.1,8.0,5.0,94.1,17.0,16.0,6.0,2.0,0.0,2.0,0.0,1.0,0.0,6.0,11.0,0.0,0.0,0.0,0.0,4.0,0.0,2.0,100.0,0.5,0.0,0.0,6.0,1.0,0.0,0.0,190.0,0.0,22.0,18.5,0.0,0.0,7.0,2.0,0.0,0.0,1.0,3.0,0.0,92.0,2.0,17.0,1.0,9.0
2025,Round 15,2025-06-19,Essendon,home,CD_M20250141501,3,Darcy Parish,CD_I993817,1.0,1.0,20.0,2.0,1.0,0.0,0.0,0.0,0.0,0.0,0.0,0.0,46.9,15.0,14.0,71.0,31.0,22.0,4.0,1.0,1.0,1.0,0.0,1.0,0.0,11.0,20.0,0.0,0.0,0.0,0.0,2.0,0.0,3.0,36.4,0.6,0.0,0.0,11.0,4.0,0.0,1.0,353.0,0.0,21.0,11.9,3.0,0.0,6.0,1.0,2.0,0.0,4.0,3.0,0.0,79.0,6.0,32.0,3.0,17.0
2025,Round 15,2025-06-19,Essendon,home,CD_M20250141501,16,Archie Perkins,CD_I1015873,0.0,0.0,2.0,0.0,6.0,0.0,0.0,0.0,0.0,0.0,0.0,1.0,50.0,5.0,3.0,50.0,10.0,5.0,3.0,0.0,2.0,0.0,0.0,0.0,0.0,4.0,4.0,0.0,0.0,0.0,0.0,1.0,0.0,2.0,50.0,1.5,0.0,0.0,6.0,2.0,0.0,0.0,254.0,1.0,7.0,1.4,3.0,0.0,1.0,1.0,0.0,1.0,1.0,0.0,0.0,40.0,1.0,10.0,5.0,5.0
2025,Round 15,2025-06-19,Essendon,home,CD_M20250141501,25,Jaxon Prior,CD_I1009386,0.0,0.0,0.0,0.0,2.0,0.0,0.0,4.0,0.0,0.0,0.0,3.0,50.0,6.0,6.0,100.0,15.0,15.0,11.0,0.0,1.0,0.0,0.0,0.0,0.0,3.0,4.0,0.0,0.0,0.0,0.0,1.0,3.0,5.0,100.0,2.8,3.0,3.0,11.0,6.0,0.0,0.0,225.0,9.0,6.0,13.2,6.0,0.0,1.0,1.0,0.0,9.0,1.0,2.0,0.0,100.0,1.0,12.0,1.0,6.0
2025,Round 15,2025-06-19,Essendon,home,CD_M20250141501,21,Archie Roberts,CD_I1023515,0.0,0.0,0.0,0.0,1.0,0.0,0.0,0.0,0.0,0.0,0.0,0.0,16.7,4.0,4.0,80.0,25.0,20.0,8.0,0.0,0.0,2.0,0.0,0.0,0.0,2.0,13.0,0.0,0.0,0.0,0.0,0.0,1.0,4.0,66.7,0.9,1.0,1.0,12.0,8.0,0.0,0.0,286.0,0.0,5.0,8.8,6.0,0.0,3.0,0.0,0.0,0.0,1.0,2.0,0.0,77.0,1.0,24.0,2.0,20.0
2025,Round 15,2025-06-19,Essendon,home,CD_M20250141501,12,Will Setterfield,CD_I998215,0.0,0.0,22.0,1.0,6.0,0.0,0.0,0.0,0.0,0.0,0.0,0.0,21.1,4.0,13.0,76.5,17.0,13.0,7.0,0.0,3.0,0.0,0.0,0.0,0.0,2.0,6.0,0.0,0.0,0.0,0.0,1.0,0.0,2.0,63.6,1.8,0.0,0.0,11.0,4.0,0.0,0.0,231.0,2.0,21.0,0.1,2.0,0.0,1.0,1.0,0.0,0.0,0.0,5.0,0.0,82.0,1.0,19.0,2.0,15.0
2025,Round 15,2025-06-19,Essendon,home,CD_M20250141501,39,Vigo Visentini,CD_I1027966,0.0,0.0,25.0,1.0,5.0,0.0,0.0,1.0,0.0,0.0,0.0,0.0,47.1,8.0,12.0,66.7,15.0,10.0,2.0,0.0,3.0,3.0,0.0,0.0,0.0,5.0,10.0,17.6,25.4,17.0,3.0,1.0,3.0,5.0,40.0,0.5,0.0,0.0,5.0,3.0,0.0,0.0,125.0,5.0,23.0,6.3,1.0,67.0,2.0,2.0,0.0,4.0,3.0,2.0,0.0,79.0,4.0,17.0,0.0,9.0
2025,Round 15,2025-06-19,Essendon,home,CD_M20250141501,20,Peter Wright,CD_I298289,1.0,0.0,4.0,0.0,2.0,0.0,0.0,0.0,3.0,2.0,66.7,2.0,50.0,4.0,3.0,62.5,8.0,5.0,3.0,2.0,1.0,0.0,33.3,0.0,1.0,2.0,3.0,42.9,41.2,7.0,3.0,0.0,1.0,1.0,60.0,1.7,0.0,0.0,5.0,5.0,3.0,2.0,166.0,4.0,10.0,8.3,1.0,17.0,3.0,0.0,3.0,3.0,0.0,2.0,0.0,85.0,0.0,8.0,2.0,4.0
2025,Round 16,2025-06-29,St Kilda,home,CD_M20250141605,16,Dan Butler,CD_I992374,1.0,0.0,0.0,0.0,5.0,0.0,0.0,0.0,0.0,0.0,0.0,0.0,50.0,3.0,3.0,33.3,6.0,2.0,1.0,1.0,1.0,1.0,50.0,0.0,1.0,2.0,1.0,0.0,0.0,0.0,0.0,0.0,0.0,0.0,20.0,5.0,0.0,0.0,5.0,0.0,0.0,0.0,111.0,0.0,13.0,1.4,0.0,0.0,2.0,0.0,2.0,0.0,0.0,2.0,1.0,69.0,0.0,6.0,4.0,3.0
2025,Round 16,2025-06-29,St Kilda,home,CD_M20250141605,47,Anthony Caminiti,CD_I1023784,0.0,0.0,0.0,0.0,1.0,0.0,0.0,0.0,0.0,0.0,0.0,1.0,33.3,5.0,8.0,71.4,14.0,10.0,6.0,0.0,0.0,0.0,0.0,0.0,0.0,3.0,7.0,0.0,0.0,0.0,0.0,1.0,2.0,6.0,85.7,1.0,0.0,0.0,7.0,9.0,0.0,0.0,156.0,9.0,9.0,7.1,3.0,0.0,2.0,2.0,0.0,8.0,0.0,1.0,0.0,100.0,0.0,15.0,3.0,10.0
2025,Round 16,2025-06-29,St Kilda,home,CD_M20250141605,18,Jack Carroll,CD_I1013233,0.0,0.0,0.0,0.0,0.0,0.0,0.0,0.0,0.0,0.0,0.0,0.0,0.0,0.0,0.0,0.0,0.0,0.0,0.0,0.0,0.0,0.0,0.0,0.0,0.0,0.0,0.0,0.0,0.0,0.0,0.0,0.0,0.0,0.0,0.0,0.0,0.0,0.0,0.0,0.0,0.0,0.0,0.0,0.0,2.0,0.0,0.0,0.0,0.0,0.0,0.0,0.0,0.0,0.0,0.0,16.0,0.0,0.0,0.0,0.0
2025,Round 16,2025-06-29,St Kilda,home,CD_M20250141605,11,Hunter Clark,CD_I1002264,1.0,0.0,11.0,1.0,2.0,0.0,0.0,0.0,0.0,0.0,0.0,0.0,50.0,7.0,8.0,87.5,16.0,14.0,5.0,0.0,2.0,0.0,0.0,1.0,0.0,6.0,9.0,0.0,0.0,0.0,0.0,3.0,0.0,1.0,71.4,0.8,0.0,0.0,7.0,3.0,0.0,0.0,187.0,0.0,16.0,8.0,2.0,0.0,5.0,1.0,1.0,0.0,5.0,5.0,3.0,55.0,6.0,14.0,1.0,7.0
2025,Round 16,2025-06-29,St Kilda,home,CD_M20250141605,34,Hugo Garcia,CD_I1027790,1.0,2.0,18.0,6.0,2.0,0.0,0.0,0.0,0.0,0.0,0.0,0.0,54.5,12.0,9.0,79.2,24.0,19.0,6.0,0.0,0.0,1.0,0.0,0.0,0.0,7.0,14.0,0.0,0.0,0.0,0.0,3.0,0.0,2.0,60.0,0.7,0.0,0.0,10.0,1.0,0.0,0.0,314.0,0.0,16.0,14.2,4.0,0.0,6.0,2.0,1.0,0.0,4.0,1.0,1.0,83.0,10.0,22.0,0.0,10.0
2025,Round 16,2025-06-29,St Kilda,home,CD_M20250141605,40,Max Hall,CD_I1020855,1.0,0.0,0.0,0.0,5.0,0.0,0.0,0.0,0.0,0.0,0.0,0.0,34.8,8.0,3.0,76.2,21.0,16.0,10.0,2.0,3.0,3.0,33.3,1.0,1.0,5.0,6.0,0.0,0.0,0.0,0.0,6.0,0.0,3.0,66.7,2.5,0.0,0.0,15.0,2.0,0.0,0.0,406.0,0.0,16.0,16.7,1.0,0.0,11.0,2.0,3.0,0.0,3.0,6.0,2.0,79.0,3.0,23.0,4.0,15.0
2025,Round 16,2025-06-29,St Kilda,home,CD_M20250141605,23,Liam Henry,CD_I1005988,0.0,0.0,0.0,0.0,1.0,0.0,0.0,0.0,0.0,0.0,0.0,1.0,33.3,4.0,2.0,91.7,12.0,11.0,4.0,1.0,0.0,0.0,100.0,0.0,1.0,3.0,8.0,0.0,0.0,0.0,0.0,2.0,0.0,1.0,100.0,0.5,0.0,0.0,4.0,4.0,0.0,0.0,88.0,2.0,5.0,9.6,0.0,0.0,5.0,0.0,1.0,1.0,0.0,0.0,0.0,64.0,0.0,12.0,1.0,8.0
2025,Round 16,2025-06-29,St Kilda,home,CD_M20250141605,1,Jack Higgins,CD_I1002227,2.0,0.0,0.0,0.0,3.0,0.0,0.0,0.0,1.0,0.0,0.0,0.0,26.7,4.0,2.0,53.3,15.0,8.0,2.0,3.0,0.0,0.0,33.3,0.0,1.0,4.0,10.0,0.0,0.0,0.0,0.0,1.0,0.0,1.0,40.0,0.5,0.0,0.0,5.0,5.0,2.0,3.0,137.0,0.0,7.0,2.8,0.0,0.0,4.0,0.0,3.0,0.0,0.0,1.0,0.0,82.0,0.0,15.0,5.0,11.0
2025,Round 16,2025-06-29,St Kilda,home,CD_M20250141605,17,Isaac Keeler,CD_I1015323,0.0,0.0,3.0,0.0,2.0,0.0,0.0,0.0,1.0,0.0,0.0,0.0,40.0,2.0,5.0,66.7,3.0,2.0,2.0,0.0,1.0,0.0,100.0,0.0,2.0,1.0,0.0,0.0,0.0,0.0,0.0,0.0,0.0,0.0,66.7,3.0,0.0,0.0,3.0,2.0,2.0,2.0,48.0,2.0,8.0,7.4,0.0,13.0,3.0,0.0,2.0,1.0,0.0,2.0,0.0,64.0,0.0,5.0,1.0,3.0
2025,Round 16,2025-06-29,St Kilda,home,CD_M20250141605,6,Jack Macrae,CD_I295467,0.0,0.0,19.0,1.0,5.0,0.0,0.0,0.0,0.0,0.0,0.0,0.0,57.7,15.0,5.0,53.8,26.0,14.0,4.0,0.0,0.0,2.0,0.0,0.0,0.0,12.0,13.0,0.0,0.0,0.0,0.0,1.0,0.0,3.0,30.8,1.0,0.0,0.0,13.0,2.0,0.0,1.0,233.0,2.0,18.0,10.1,2.0,0.0,3.0,0.0,0.0,1.0,6.0,4.0,1.0,82.0,7.0,26.0,7.0,11.0
2025,Round 16,2025-06-29,St Kilda,home,CD_M20250141605,19,Rowan Marshall,CD_I992468,1.0,0.0,20.0,4.0,6.0,0.0,0.0,2.0,2.0,0.0,0.0,2.0,61.9,13.0,11.0,59.1,22.0,13.0,9.0,0.0,4.0,1.0,50.0,1.0,1.0,7.0,5.0,34.6,28.0,26.0,9.0,3.0,2.0,4.0,52.9,3.4,0.0,0.0,17.0,4.0,0.0,2.0,343.0,5.0,16.0,22.6,1.0,93.0,10.0,6.0,2.0,3.0,6.0,6.0,1.0,87.0,10.0,21.0,4.0,8.0
2025,Round 16,2025-06-29,St Kilda,home,CD_M20250141605,10,Mitch Owens,CD_I1023272,1.0,0.0,0.0,0.0,1.0,0.0,0.0,0.0,2.0,1.0,50.0,1.0,40.0,6.0,2.0,85.7,14.0,12.0,5.0,3.0,0.0,1.0,50.0,0.0,1.0,3.0,7.0,0.0,0.0,0.0,0.0,3.0,0.0,1.0,71.4,1.0,0.0,0.0,7.0,3.0,0.0,0.0,183.0,1.0,10.0,8.0,0.0,0.0,8.0,2.0,2.0,0.0,1.0,1.0,0.0,88.0,1.0,15.0,1.0,9.0
2025,Round 16,2025-06-29,St Kilda,home,CD_M20250141605,43,Cooper Sharman,CD_I1018018,1.0,0.0,0.0,0.0,2.0,0.0,0.0,0.0,1.0,0.0,0.0,0.0,10.0,1.0,0.0,80.0,10.0,8.0,5.0,0.0,1.0,0.0,0.0,2.0,0.0,1.0,3.0,0.0,0.0,0.0,0.0,2.0,0.0,1.0,71.4,2.3,0.0,0.0,7.0,4.0,1.0,3.0,206.0,2.0,5.0,1.6,0.0,0.0,6.0,1.0,1.0,2.0,0.0,0.0,0.0,94.0,0.0,10.0,2.0,9.0
2025,Round 16,2025-06-29,St Kilda,home,CD_M20250141605,35,Jack Sinclair,CD_I994389,0.0,3.0,0.0,0.0,0.0,0.0,0.0,0.0,0.0,0.0,0.0,1.0,13.3,2.0,4.0,81.8,22.0,18.0,15.0,0.0,0.0,0.0,0.0,0.0,0.0,1.0,4.0,0.0,0.0,0.0,0.0,5.0,1.0,2.0,83.3,4.5,7.0,7.0,18.0,3.0,0.0,0.0,462.0,0.0,6.0,6.2,3.0,0.0,4.0,1.0,0.0,0.0,0.0,2.0,1.0,92.0,0.0,15.0,1.0,13.0
2025,Round 16,2025-06-29,St Kilda,home,CD_M20250141605,9,Jack Steele,CD_I296205,0.0,0.0,21.0,1.0,4.0,0.0,0.0,0.0,0.0,0.0,0.0,1.0,50.0,11.0,10.0,59.1,22.0,13.0,4.0,3.0,2.0,0.0,0.0,0.0,0.0,8.0,12.0,0.0,0.0,0.0,0.0,1.0,0.0,2.0,40.0,0.8,0.0,0.0,10.0,3.0,0.0,0.0,248.0,1.0,24.0,11.9,1.0,0.0,6.0,0.0,0.0,1.0,3.0,9.0,1.0,81.0,4.0,22.0,6.0,11.0
2025,Round 16,2025-06-29,St Kilda,home,CD_M20250141605,14,Liam Stocker,CD_I1008312,0.0,0.0,0.0,0.0,2.0,0.0,0.0,0.0,0.0,0.0,0.0,0.0,30.0,3.0,5.0,80.0,10.0,8.0,6.0,0.0,2.0,1.0,0.0,0.0,0.0,2.0,3.0,0.0,0.0,0.0,0.0,1.0,1.0,3.0,85.7,2.3,0.0,0.0,7.0,7.0,0.0,1.0,50.0,4.0,7.0,1.6,2.0,0.0,2.0,1.0,0.0,4.0,0.0,2.0,0.0,83.0,0.0,10.0,2.0,7.0
2025,Round 16,2025-06-29,St Kilda,home,CD_M20250141605,26,Alix Tauru,CD_I1030433,0.0,0.0,0.0,0.0,4.0,0.0,0.0,0.0,0.0,0.0,0.0,2.0,60.0,6.0,9.0,88.9,9.0,8.0,4.0,0.0,1.0,1.0,0.0,0.0,0.0,3.0,4.0,0.0,0.0,0.0,0.0,0.0,1.0,3.0,80.0,1.3,0.0,0.0,5.0,5.0,0.0,0.0,65.0,14.0,11.0,8.6,1.0,0.0,1.0,1.0,0.0,14.0,1.0,3.0,0.0,95.0,1.0,10.0,0.0,4.0
2025,Round 16,2025-06-29,St Kilda,home,CD_M20250141605,5,Tobie Travaglia,CD_I1028538,0.0,0.0,0.0,0.0,1.0,100.0,1.0,1.0,0.0,0.0,0.0,0.0,30.8,4.0,7.0,83.3,12.0,10.0,5.0,0.0,0.0,1.0,0.0,0.0,0.0,3.0,5.0,0.0,0.0,0.0,0.0,1.0,0.0,3.0,71.4,1.4,0.0,0.0,7.0,5.0,0.0,1.0,227.0,0.0,8.0,6.3,2.0,0.0,0.0,0.0,0.0,0.0,0.0,4.0,0.0,55.0,0.0,13.0,5.0,9.0
2025,Round 16,2025-06-29,St Kilda,home,CD_M20250141605,7,Nasiah Wanganeen-Milera,CD_I1015507,0.0,6.0,0.0,0.0,6.0,0.0,0.0,0.0,0.0,0.0,0.0,0.0,9.1,2.0,5.0,75.0,28.0,21.0,18.0,0.0,1.0,0.0,100.0,1.0,1.0,2.0,3.0,0.0,0.0,0.0,0.0,1.0,0.0,1.0,72.0,8.3,7.0,7.0,25.0,7.0,1.0,0.0,796.0,0.0,7.0,9.9,10.0,0.0,6.0,0.0,1.0,0.0,0.0,1.0,0.0,83.0,0.0,22.0,5.0,20.0
2025,Round 16,2025-06-29,St Kilda,home,CD_M20250141605,44,Callum Wilkie,CD_I296422,0.0,0.0,0.0,0.0,1.0,0.0,0.0,1.0,1.0,0.0,0.0,1.0,13.3,2.0,8.0,93.8,16.0,15.0,13.0,0.0,1.0,0.0,0.0,0.0,0.0,1.0,2.0,0.0,0.0,0.0,0.0,1.0,4.0,5.0,92.9,7.0,1.0,1.0,14.0,11.0,0.0,0.0,264.0,4.0,10.0,7.7,1.0,0.0,2.0,2.0,0.0,3.0,0.0,2.0,0.0,100.0,0.0,15.0,1.0,13.0
2025,Round 16,2025-06-29,St Kilda,home,CD_M20250141605,22,Darcy Wilson,CD_I1027875,0.0,0.0,0.0,0.0,3.0,0.0,0.0,0.0,1.0,0.0,0.0,0.0,0.0,0.0,3.0,75.0,12.0,9.0,3.0,0.0,0.0,0.0,0.0,0.0,0.0,0.0,7.0,0.0,0.0,0.0,0.0,1.0,0.0,0.0,60.0,0.7,0.0,0.0,5.0,2.0,0.0,0.0,139.0,1.0,12.0,1.4,1.0,0.0,3.0,0.0,0.0,0.0,0.0,2.0,1.0,82.0,0.0,11.0,3.0,11.0
2025,Round 16,2025-06-29,St Kilda,home,CD_M20250141605,2,Marcus Windhager,CD_I1023270,0.0,1.0,0.0,0.0,2.0,100.0,1.0,1.0,0.0,0.0,0.0,0.0,28.6,6.0,9.0,81.0,21.0,17.0,8.0,1.0,1.0,3.0,0.0,0.0,0.0,4.0,9.0,0.0,0.0,0.0,0.0,3.0,0.0,2.0,66.7,1.3,0.0,0.0,12.0,5.0,0.0,1.0,424.0,0.0,16.0,8.9,2.0,0.0,4.0,1.0,0.0,0.0,4.0,3.0,0.0,77.0,4.0,21.0,5.0,15.0
2025,Round 16,2025-06-29,St Kilda,home,CD_M20250141605,32,Mason Wood,CD_I295340,2.0,0.0,0.0,0.0,2.0,0.0,0.0,0.0,0.0,0.0,0.0,1.0,56.3,9.0,3.0,53.3,15.0,8.0,5.0,2.0,1.0,2.0,0.0,1.0,0.0,4.0,5.0,0.0,0.0,0.0,0.0,2.0,0.0,4.0,50.0,2.0,0.0,0.0,10.0,4.0,1.0,1.0,317.0,4.0,11.0,3.8,0.0,0.0,8.0,2.0,4.0,2.0,0.0,2.0,1.0,91.0,0.0,16.0,2.0,7.0
2025,Round 17,2025-07-06,Sydney,away,CD_M20250141708,36,Joel Amartey,CD_I1008091,1.0,0.0,0.0,2.0,1.0,0.0,0.0,0.0,2.0,0.0,0.0,0.0,33.3,3.0,0.0,75.0,8.0,6.0,4.0,0.0,1.0,2.0,66.7,0.0,2.0,1.0,3.0,0.0,0.0,0.0,0.0,2.0,0.0,0.0,80.0,1.7,0.0,0.0,5.0,4.0,3.0,1.0,141.0,1.0,3.0,5.6,0.0,0.0,5.0,1.0,3.0,1.0,0.0,3.0,1.0,76.0,2.0,9.0,2.0,6.0
2025,Round 17,2025-07-06,Sydney,away,CD_M20250141708,22,Nick Blakey,CD_I1006028,0.0,1.0,0.0,1.0,0.0,0.0,0.0,1.0,0.0,0.0,0.0,0.0,21.4,3.0,1.0,84.2,19.0,16.0,14.0,0.0,0.0,0.0,100.0,0.0,1.0,3.0,2.0,0.0,0.0,0.0,0.0,3.0,2.0,5.0,82.4,8.5,4.0,4.0,17.0,7.0,0.0,0.0,423.0,3.0,2.0,16.2,3.0,0.0,3.0,0.0,1.0,3.0,0.0,2.0,0.0,83.0,1.0,14.0,3.0,11.0
2025,Round 17,2025-07-06,Sydney,away,CD_M20250141708,39,Jack Buller,CD_I1009392,0.0,0.0,0.0,0.0,2.0,0.0,0.0,0.0,2.0,1.0,50.0,1.0,60.0,3.0,2.0,100.0,5.0,5.0,3.0,0.0,1.0,1.0,0.0,0.0,0.0,1.0,2.0,0.0,0.0,0.0,0.0,2.0,0.0,0.0,100.0,1.5,0.0,0.0,3.0,3.0,0.0,1.0,80.0,0.0,7.0,-1.1,0.0,0.0,2.0,0.0,0.0,0.0,0.0,1.0,1.0,63.0,0.0,5.0,3.0,2.0
2025,Round 17,2025-07-06,Sydney,away,CD_M20250141708,16,Braeden Campbell,CD_I1013133,1.0,0.0,0.0,0.0,0.0,0.0,0.0,0.0,1.0,0.0,0.0,0.0,25.0,3.0,4.0,66.7,12.0,8.0,5.0,1.0,0.0,0.0,0.0,1.0,0.0,3.0,3.0,0.0,0.0,0.0,0.0,4.0,0.0,0.0,55.6,3.0,0.0,0.0,9.0,7.0,0.0,4.0,215.0,0.0,13.0,8.7,1.0,0.0,3.0,0.0,1.0,0.0,0.0,4.0,1.0,82.0,0.0,12.0,4.0,9.0
2025,Round 17,2025-07-06,Sydney,away,CD_M20250141708,7,Harry Cunningham,CD_I291978,0.0,0.0,0.0,0.0,2.0,100.0,1.0,1.0,0.0,0.0,0.0,0.0,18.8,3.0,3.0,87.5,16.0,14.0,9.0,0.0,1.0,1.0,0.0,0.0,0.0,2.0,6.0,0.0,0.0,0.0,0.0,2.0,0.0,3.0,90.0,1.7,0.0,0.0,10.0,6.0,0.0,0.0,186.0,0.0,5.0,4.8,1.0,0.0,3.0,0.0,0.0,0.0,0.0,2.0,0.0,76.0,0.0,16.0,2.0,13.0
2025,Round 17,2025-07-06,Sydney,away,CD_M20250141708,4,Brodie Grundy,CD_I293957,0.0,1.0,23.0,2.0,5.0,0.0,0.0,0.0,0.0,0.0,0.0,0.0,66.7,14.0,2.0,70.0,20.0,14.0,6.0,2.0,3.0,5.0,100.0,0.0,1.0,5.0,11.0,27.3,42.3,33.0,9.0,2.0,1.0,1.0,66.7,0.8,0.0,0.0,9.0,3.0,0.0,0.0,243.0,3.0,8.0,18.1,2.0,78.0,8.0,6.0,1.0,1.0,10.0,5.0,1.0,83.0,12.0,21.0,3.0,7.0
2025,Round 17,2025-07-06,Sydney,away,CD_M20250141708,21,Errol Gulden,CD_I1013128,0.0,0.0,4.0,1.0,5.0,0.0,0.0,0.0,0.0,0.0,0.0,0.0,37.5,9.0,10.0,72.0,25.0,18.0,13.0,3.0,1.0,2.0,100.0,2.0,1.0,7.0,6.0,0.0,0.0,0.0,0.0,3.0,1.0,5.0,68.4,3.2,0.0,0.0,19.0,7.0,0.0,1.0,414.0,1.0,19.0,14.3,2.0,0.0,8.0,2.0,1.0,1.0,4.0,8.0,2.0,88.0,5.0,24.0,5.0,15.0
2025,Round 17,2025-07-06,Sydney,away,CD_M20250141708,29,Joel Hamling,CD_I295222,0.0,0.0,0.0,0.0,0.0,0.0,0.0,3.0,0.0,0.0,0.0,1.0,27.3,3.0,4.0,81.8,11.0,9.0,6.0,0.0,0.0,1.0,0.0,0.0,0.0,0.0,4.0,0.0,0.0,0.0,0.0,0.0,2.0,5.0,85.7,1.8,0.0,0.0,7.0,6.0,0.0,1.0,105.0,7.0,5.0,7.4,3.0,0.0,2.0,0.0,0.0,5.0,0.0,1.0,0.0,91.0,0.0,11.0,2.0,8.0
2025,Round 17,2025-07-06,Sydney,away,CD_M20250141708,9,Will Hayward,CD_I997100,1.0,0.0,0.0,0.0,2.0,0.0,0.0,0.0,1.0,0.0,0.0,1.0,84.6,11.0,5.0,50.0,12.0,6.0,3.0,5.0,0.0,1.0,50.0,1.0,1.0,9.0,7.0,0.0,0.0,0.0,0.0,1.0,0.0,0.0,60.0,0.7,0.0,0.0,5.0,1.0,0.0,0.0,68.0,1.0,22.0,12.0,0.0,0.0,3.0,1.0,2.0,1.0,0.0,8.0,7.0,80.0,0.0,13.0,2.0,2.0
2025,Round 17,2025-07-06,Sydney,away,CD_M20250141708,5,Isaac Heeney,CD_I298539,1.0,0.0,22.0,1.0,1.0,0.0,0.0,0.0,1.0,0.0,0.0,2.0,52.4,11.0,4.0,57.1,21.0,12.0,5.0,0.0,0.0,1.0,0.0,1.0,0.0,3.0,7.0,0.0,0.0,0.0,0.0,1.0,1.0,1.0,35.7,2.0,0.0,0.0,14.0,3.0,0.0,0.0,340.0,1.0,20.0,8.8,0.0,0.0,8.0,1.0,2.0,0.0,4.0,7.0,1.0,84.0,5.0,21.0,3.0,10.0
2025,Round 17,2025-07-06,Sydney,away,CD_M20250141708,17,James Jordon,CD_I1013409,0.0,0.0,18.0,2.0,1.0,0.0,0.0,0.0,0.0,0.0,0.0,0.0,44.4,4.0,10.0,66.7,9.0,6.0,3.0,0.0,1.0,0.0,100.0,0.0,2.0,4.0,4.0,0.0,0.0,0.0,0.0,3.0,0.0,0.0,60.0,1.3,0.0,0.0,5.0,0.0,0.0,0.0,175.0,2.0,20.0,12.1,0.0,0.0,5.0,3.0,2.0,1.0,1.0,6.0,0.0,84.0,3.0,9.0,1.0,5.0
2025,Round 17,2025-07-06,Sydney,away,CD_M20250141708,44,Jake Lloyd,CD_I295342,0.0,1.0,0.0,1.0,0.0,0.0,0.0,0.0,1.0,0.0,0.0,0.0,20.0,4.0,10.0,85.0,20.0,17.0,11.0,0.0,0.0,1.0,100.0,0.0,2.0,3.0,6.0,0.0,0.0,0.0,0.0,1.0,1.0,3.0,78.6,2.3,0.0,0.0,14.0,9.0,2.0,1.0,343.0,2.0,19.0,17.4,1.0,0.0,6.0,1.0,2.0,1.0,0.0,4.0,2.0,85.0,1.0,20.0,1.0,16.0
2025,Round 17,2025-07-06,Sydney,away,CD_M20250141708,30,Tom McCartin,CD_I1008198,0.0,0.0,0.0,0.0,2.0,50.0,1.0,2.0,0.0,0.0,0.0,0.0,20.0,3.0,7.0,93.3,15.0,14.0,11.0,0.0,2.0,1.0,0.0,0.0,0.0,2.0,4.0,0.0,0.0,0.0,0.0,0.0,3.0,7.0,100.0,2.8,0.0,0.0,11.0,8.0,0.0,0.0,152.0,7.0,8.0,10.2,3.0,0.0,2.0,0.0,0.0,6.0,0.0,2.0,0.0,96.0,0.0,15.0,2.0,12.0
2025,Round 17,2025-07-06,Sydney,away,CD_M20250141708,27,Justin McInerney,CD_I1011936,3.0,0.0,4.0,0.0,2.0,0.0,0.0,0.0,0.0,0.0,0.0,0.0,36.8,7.0,6.0,65.0,20.0,13.0,7.0,1.0,0.0,0.0,0.0,3.0,0.0,7.0,9.0,0.0,0.0,0.0,0.0,5.0,0.0,3.0,63.6,1.2,0.0,0.0,11.0,4.0,1.0,0.0,334.0,3.0,13.0,6.9,2.0,0.0,9.0,1.0,3.0,3.0,1.0,1.0,0.0,84.0,1.0,19.0,3.0,12.0
2025,Round 17,2025-07-06,Sydney,away,CD_M20250141708,2,Hayden McLean,CD_I1003203,0.0,0.0,5.0,0.0,2.0,0.0,0.0,0.0,1.0,1.0,100.0,1.0,27.3,3.0,4.0,81.8,11.0,9.0,7.0,0.0,1.0,1.0,100.0,2.0,3.0,1.0,2.0,0.0,25.0,4.0,0.0,2.0,0.0,0.0,77.8,4.5,0.0,0.0,9.0,6.0,5.0,3.0,164.0,1.0,7.0,11.8,0.0,16.0,7.0,0.0,3.0,1.0,0.0,2.0,1.0,80.0,0.0,11.0,1.0,8.0
2025,Round 17,2025-07-06,Sydney,away,CD_M20250141708,43,Lewis Melican,CD_I996743,0.0,0.0,0.0,0.0,1.0,0.0,0.0,1.0,0.0,0.0,0.0,1.0,30.8,4.0,4.0,83.3,12.0,10.0,6.0,0.0,0.0,0.0,0.0,0.0,0.0,3.0,4.0,0.0,0.0,0.0,0.0,2.0,3.0,6.0,75.0,2.0,0.0,0.0,8.0,7.0,0.0,0.0,212.0,4.0,6.0,11.2,1.0,0.0,2.0,0.0,0.0,4.0,0.0,1.0,1.0,83.0,0.0,13.0,1.0,9.0
2025,Round 17,2025-07-06,Sydney,away,CD_M20250141708,14,Callum Mills,CD_I993905,0.0,2.0,0.0,1.0,1.0,33.3,1.0,3.0,0.0,0.0,0.0,0.0,33.3,6.0,10.0,92.3,26.0,24.0,16.0,0.0,0.0,2.0,0.0,0.0,0.0,3.0,8.0,0.0,0.0,0.0,0.0,0.0,1.0,5.0,88.9,2.3,7.0,7.0,18.0,5.0,0.0,0.0,355.0,3.0,11.0,11.0,10.0,0.0,3.0,1.0,0.0,2.0,0.0,2.0,0.0,85.0,1.0,18.0,1.0,12.0
2025,Round 17,2025-07-06,Sydney,away,CD_M20250141708,11,Tom Papley,CD_I996765,0.0,1.0,1.0,0.0,2.0,0.0,0.0,0.0,0.0,0.0,0.0,0.0,25.0,2.0,1.0,37.5,8.0,3.0,2.0,0.0,1.0,0.0,0.0,0.0,0.0,1.0,1.0,0.0,0.0,0.0,0.0,3.0,0.0,0.0,28.6,7.0,0.0,0.0,7.0,2.0,1.0,1.0,114.0,0.0,10.0,0.0,1.0,0.0,0.0,0.0,0.0,0.0,1.0,2.0,2.0,37.0,1.0,8.0,4.0,6.0
2025,Round 17,2025-07-06,Sydney,away,CD_M20250141708,34,Matt Roberts,CD_I1012210,0.0,0.0,0.0,0.0,1.0,0.0,0.0,0.0,0.0,0.0,0.0,0.0,0.0,0.0,4.0,75.0,8.0,6.0,3.0,0.0,0.0,0.0,0.0,0.0,0.0,0.0,3.0,0.0,0.0,0.0,0.0,1.0,2.0,3.0,60.0,1.7,0.0,0.0,5.0,5.0,0.0,0.0,155.0,1.0,6.0,3.7,0.0,0.0,3.0,1.0,0.0,1.0,0.0,0.0,0.0,45.0,0.0,8.0,1.0,8.0
2025,Round 17,2025-07-06,Sydney,away,CD_M20250141708,8,James Rowbottom,CD_I1006126,0.0,0.0,6.0,1.0,0.0,0.0,0.0,0.0,0.0,0.0,0.0,0.0,18.2,2.0,4.0,72.7,11.0,8.0,5.0,0.0,0.0,1.0,0.0,0.0,0.0,2.0,4.0,0.0,0.0,0.0,0.0,1.0,0.0,0.0,71.4,1.8,0.0,0.0,7.0,5.0,0.0,0.0,134.0,0.0,19.0,2.7,2.0,0.0,1.0,0.0,0.0,0.0,1.0,6.0,1.0,77.0,2.0,11.0,3.0,9.0
2025,Round 17,2025-07-06,Sydney,away,CD_M20250141708,12,Angus Sheldrick,CD_I1020339,0.0,0.0,11.0,0.0,3.0,0.0,0.0,0.0,1.0,1.0,100.0,0.0,78.6,11.0,9.0,50.0,12.0,6.0,2.0,2.0,3.0,1.0,0.0,0.0,0.0,8.0,6.0,0.0,0.0,0.0,0.0,2.0,0.0,4.0,33.3,1.0,0.0,0.0,6.0,1.0,0.0,0.0,89.0,0.0,18.0,7.9,0.0,0.0,2.0,1.0,0.0,0.0,2.0,6.0,1.0,68.0,2.0,14.0,4.0,3.0
2025,Round 17,2025-07-06,Sydney,away,CD_M20250141708,1,Chad Warner,CD_I1012014,0.0,2.0,18.0,2.0,4.0,0.0,0.0,0.0,1.0,0.0,0.0,0.0,56.5,13.0,9.0,54.2,24.0,13.0,9.0,1.0,2.0,1.0,100.0,0.0,1.0,11.0,6.0,0.0,0.0,0.0,0.0,5.0,0.0,4.0,50.0,3.0,0.0,0.0,18.0,2.0,0.0,0.0,427.0,1.0,18.0,15.7,2.0,0.0,7.0,3.0,1.0,1.0,3.0,6.0,1.0,83.0,5.0,23.0,8.0,10.0
2025,Round 17,2025-07-06,Sydney,away,CD_M20250141708,15,Sam Wicks,CD_I1006232,0.0,1.0,0.0,0.0,1.0,0.0,0.0,0.0,0.0,0.0,0.0,0.0,6.7,1.0,5.0,85.7,14.0,12.0,10.0,0.0,1.0,0.0,0.0,0.0,0.0,1.0,2.0,0.0,0.0,0.0,0.0,3.0,0.0,1.0,83.3,6.0,0.0,0.0,12.0,4.0,0.0,0.0,616.0,0.0,8.0,5.3,5.0,0.0,4.0,1.0,0.0,0.0,0.0,2.0,0.0,86.0,0.0,15.0,2.0,14.0
2025,Round 18,2025-07-12,Hawthorn,home,CD_M20250141809,10,Karl Amon,CD_I297354,0.0,0.0,0.0,0.0,4.0,0.0,0.0,0.0,0.0,0.0,0.0,0.0,25.0,7.0,13.0,60.0,30.0,18.0,9.0,0.0,1.0,2.0,0.0,0.0,0.0,6.0,9.0,0.0,0.0,0.0,0.0,5.0,2.0,7.0,42.9,2.3,1.0,1.0,21.0,9.0,0.0,0.0,693.0,0.0,17.0,9.9,8.0,0.0,4.0,3.0,0.0,0.0,3.0,3.0,0.0,90.0,3.0,28.0,7.0,21.0
2025,Round 18,2025-07-12,Hawthorn,home,CD_M20250141809,37,Tom Barrass,CD_I990290,0.0,0.0,0.0,0.0,3.0,0.0,0.0,2.0,0.0,0.0,0.0,0.0,42.9,6.0,3.0,76.9,13.0,10.0,6.0,0.0,1.0,2.0,0.0,1.0,0.0,4.0,5.0,0.0,0.0,0.0,0.0,1.0,3.0,9.0,75.0,1.6,0.0,0.0,8.0,3.0,0.0,0.0,88.0,7.0,5.0,10.3,3.0,0.0,2.0,2.0,0.0,7.0,0.0,1.0,0.0,89.0,0.0,14.0,2.0,8.0
2025,Round 18,2025-07-12,Hawthorn,home,CD_M20250141809,24,Josh Battle,CD_I998134,0.0,0.0,0.0,0.0,2.0,33.3,1.0,3.0,0.0,0.0,0.0,1.0,36.4,4.0,3.0,86.7,15.0,13.0,8.0,0.0,2.0,0.0,0.0,0.0,0.0,3.0,6.0,0.0,0.0,0.0,0.0,1.0,1.0,5.0,88.9,1.5,2.0,2.0,9.0,5.0,0.0,0.0,300.0,1.0,4.0,5.4,3.0,0.0,2.0,1.0,0.0,1.0,0.0,2.0,0.0,88.0,0.0,11.0,1.0,7.0
2025,Round 18,2025-07-12,Hawthorn,home,CD_M20250141809,18,Mabior Chol,CD_I994077,1.0,0.0,2.0,0.0,2.0,0.0,0.0,0.0,3.0,2.0,66.7,1.0,16.7,1.0,0.0,42.9,7.0,3.0,2.0,0.0,2.0,0.0,0.0,0.0,0.0,0.0,1.0,0.0,0.0,0.0,0.0,2.0,0.0,1.0,33.3,6.0,0.0,0.0,6.0,3.0,1.0,0.0,207.0,1.0,6.0,0.3,0.0,2.0,2.0,1.0,2.0,1.0,0.0,3.0,1.0,78.0,0.0,6.0,2.0,5.0
2025,Round 18,2025-07-12,Hawthorn,home,CD_M20250141809,16,Massimo D'Ambrosio,CD_I1005144,0.0,1.0,0.0,0.0,3.0,0.0,0.0,0.0,1.0,1.0,100.0,0.0,19.0,4.0,7.0,65.0,20.0,13.0,8.0,0.0,1.0,0.0,0.0,0.0,0.0,3.0,5.0,0.0,0.0,0.0,0.0,3.0,1.0,2.0,53.3,3.0,0.0,0.0,15.0,5.0,0.0,0.0,442.0,2.0,9.0,3.8,4.0,0.0,2.0,0.0,0.0,1.0,1.0,1.0,0.0,77.0,1.0,21.0,4.0,17.0
2025,Round 18,2025-07-12,Hawthorn,home,CD_M20250141809,35,Calsher Dear,CD_I1032100,0.0,0.0,0.0,0.0,0.0,0.0,0.0,0.0,2.0,0.0,0.0,0.0,44.4,4.0,2.0,77.8,9.0,7.0,4.0,2.0,0.0,0.0,75.0,1.0,3.0,3.0,4.0,0.0,0.0,0.0,0.0,0.0,0.0,0.0,80.0,1.3,0.0,0.0,5.0,3.0,2.0,0.0,160.0,3.0,11.0,15.9,0.0,0.0,5.0,1.0,4.0,2.0,1.0,1.0,1.0,76.0,1.0,9.0,1.0,5.0
2025,Round 18,2025-07-12,Hawthorn,home,CD_M20250141809,33,Jack Ginnivan,CD_I1012857,1.0,2.0,0.0,0.0,3.0,0.0,0.0,0.0,1.0,1.0,100.0,0.0,42.3,11.0,3.0,55.6,27.0,15.0,8.0,5.0,1.0,0.0,33.3,0.0,1.0,11.0,11.0,0.0,0.0,0.0,0.0,4.0,0.0,1.0,50.0,1.5,0.0,0.0,16.0,4.0,1.0,1.0,278.0,2.0,10.0,13.7,1.0,0.0,6.0,1.0,3.0,2.0,2.0,3.0,1.0,86.0,2.0,26.0,3.0,15.0
2025,Round 18,2025-07-12,Hawthorn,home,CD_M20250141809,19,Jack Gunston,CD_I291351,1.0,0.0,0.0,0.0,1.0,0.0,0.0,0.0,3.0,1.0,33.3,1.0,63.6,7.0,1.0,36.4,11.0,4.0,2.0,2.0,0.0,1.0,33.3,0.0,1.0,5.0,4.0,0.0,0.0,0.0,0.0,2.0,0.0,1.0,28.6,1.8,0.0,0.0,7.0,3.0,2.0,1.0,281.0,2.0,9.0,9.6,0.0,0.0,4.0,0.0,3.0,1.0,0.0,3.0,3.0,90.0,0.0,11.0,2.0,4.0
2025,Round 18,2025-07-12,Hawthorn,home,CD_M20250141809,15,Blake Hardwick,CD_I993794,0.0,0.0,0.0,0.0,3.0,0.0,0.0,0.0,0.0,0.0,0.0,1.0,66.7,8.0,5.0,76.9,13.0,10.0,4.0,0.0,1.0,1.0,0.0,0.0,0.0,6.0,6.0,0.0,0.0,0.0,0.0,0.0,1.0,8.0,57.1,1.2,0.0,0.0,7.0,1.0,0.0,0.0,134.0,1.0,9.0,8.8,1.0,0.0,0.0,0.0,0.0,1.0,0.0,2.0,0.0,91.0,0.0,12.0,2.0,4.0
2025,Round 18,2025-07-12,Hawthorn,home,CD_M20250141809,4,Jarman Impey,CD_I296254,0.0,0.0,0.0,0.0,3.0,0.0,0.0,1.0,0.0,0.0,0.0,0.0,26.3,5.0,7.0,61.9,21.0,13.0,10.0,0.0,1.0,1.0,0.0,0.0,0.0,3.0,5.0,0.0,0.0,0.0,0.0,6.0,2.0,10.0,62.5,3.2,1.0,1.0,16.0,4.0,0.0,0.0,588.0,2.0,11.0,12.0,6.0,0.0,3.0,2.0,0.0,1.0,0.0,1.0,0.0,78.0,0.0,19.0,4.0,14.0
2025,Round 18,2025-07-12,Hawthorn,home,CD_M20250141809,9,Changkuoth Jiath,CD_I998390,0.0,0.0,0.0,0.0,3.0,0.0,0.0,0.0,0.0,0.0,0.0,0.0,50.0,5.0,8.0,77.8,9.0,7.0,1.0,0.0,0.0,0.0,0.0,0.0,0.0,5.0,8.0,0.0,0.0,0.0,0.0,1.0,0.0,2.0,100.0,0.1,0.0,0.0,1.0,1.0,0.0,0.0,85.0,4.0,12.0,6.6,0.0,0.0,1.0,0.0,0.0,2.0,2.0,3.0,0.0,72.0,2.0,10.0,3.0,5.0
2025,Round 18,2025-07-12,Hawthorn,home,CD_M20250141809,31,Connor Macdonald,CD_I1017094,0.0,0.0,0.0,0.0,4.0,0.0,0.0,0.0,1.0,0.0,0.0,0.0,41.7,5.0,5.0,78.6,14.0,11.0,7.0,2.0,0.0,2.0,100.0,2.0,1.0,4.0,4.0,0.0,0.0,0.0,0.0,3.0,1.0,4.0,70.0,2.5,0.0,0.0,10.0,1.0,0.0,0.0,192.0,3.0,25.0,10.8,0.0,0.0,5.0,3.0,1.0,1.0,1.0,5.0,5.0,83.0,1.0,12.0,3.0,7.0
2025,Round 18,2025-07-12,Hawthorn,home,CD_M20250141809,28,Cam Mackenzie,CD_I1023482,0.0,0.0,9.0,1.0,5.0,0.0,0.0,0.0,0.0,0.0,0.0,0.0,50.0,4.0,3.0,50.0,8.0,4.0,1.0,0.0,1.0,0.0,0.0,0.0,0.0,3.0,4.0,0.0,0.0,0.0,0.0,1.0,0.0,0.0,25.0,1.0,0.0,0.0,4.0,1.0,0.0,0.0,96.0,0.0,12.0,1.3,0.0,0.0,1.0,0.0,0.0,0.0,0.0,2.0,0.0,38.0,1.0,8.0,1.0,4.0
2025,Round 18,2025-07-12,Hawthorn,home,CD_M20250141809,20,Finn Maginness,CD_I1009421,0.0,0.0,0.0,0.0,1.0,0.0,0.0,0.0,0.0,0.0,0.0,1.0,62.5,5.0,2.0,37.5,8.0,3.0,2.0,1.0,0.0,0.0,100.0,0.0,1.0,4.0,4.0,0.0,0.0,0.0,0.0,1.0,0.0,2.0,50.0,1.0,0.0,0.0,4.0,1.0,1.0,0.0,123.0,0.0,10.0,7.7,0.0,0.0,1.0,0.0,1.0,0.0,1.0,0.0,0.0,36.0,1.0,8.0,3.0,3.0
2025,Round 18,2025-07-12,Hawthorn,home,CD_M20250141809,17,Lloyd Meek,CD_I1000980,1.0,0.0,23.0,1.0,4.0,0.0,0.0,1.0,0.0,0.0,0.0,2.0,64.3,9.0,7.0,72.7,11.0,8.0,3.0,1.0,1.0,3.0,0.0,0.0,0.0,1.0,7.0,33.3,46.6,48.0,16.0,1.0,2.0,4.0,75.0,0.6,0.0,0.0,4.0,3.0,0.0,0.0,85.0,4.0,23.0,13.1,0.0,103.0,2.0,1.0,1.0,1.0,3.0,13.0,6.0,87.0,4.0,14.0,1.0,5.0
2025,Round 18,2025-07-12,Hawthorn,home,CD_M20250141809,13,Dylan Moore,CD_I1006314,1.0,0.0,2.0,0.0,6.0,0.0,0.0,0.0,0.0,0.0,0.0,0.0,43.8,7.0,9.0,29.4,17.0,5.0,2.0,2.0,2.0,1.0,25.0,0.0,1.0,6.0,6.0,0.0,0.0,0.0,0.0,1.0,0.0,2.0,18.2,1.8,0.0,0.0,11.0,1.0,0.0,0.0,368.0,0.0,23.0,7.4,1.0,0.0,3.0,1.0,4.0,0.0,1.0,5.0,2.0,85.0,1.0,16.0,6.0,9.0
2025,Round 18,2025-07-12,Hawthorn,home,CD_M20250141809,1,Harry Morrison,CD_I1000963,0.0,0.0,0.0,1.0,2.0,0.0,0.0,1.0,0.0,0.0,0.0,1.0,35.3,6.0,3.0,88.9,18.0,16.0,6.0,0.0,2.0,0.0,0.0,0.0,0.0,5.0,10.0,0.0,0.0,0.0,0.0,4.0,2.0,6.0,75.0,0.8,0.0,0.0,8.0,2.0,0.0,0.0,197.0,0.0,17.0,10.9,2.0,0.0,2.0,2.0,0.0,0.0,2.0,8.0,3.0,81.0,3.0,17.0,1.0,11.0
2025,Round 18,2025-07-12,Hawthorn,home,CD_M20250141809,11,Conor Nash,CD_I1007124,0.0,0.0,17.0,2.0,7.0,0.0,0.0,0.0,0.0,0.0,0.0,0.0,57.9,11.0,10.0,40.9,22.0,9.0,2.0,3.0,0.0,0.0,0.0,0.0,0.0,7.0,10.0,0.0,21.4,3.0,0.0,3.0,0.0,2.0,16.7,1.2,0.0,0.0,12.0,0.0,0.0,0.0,159.0,2.0,17.0,0.9,2.0,14.0,1.0,0.0,0.0,0.0,2.0,5.0,1.0,77.0,4.0,19.0,5.0,8.0
2025,Round 18,2025-07-12,Hawthorn,home,CD_M20250141809,3,Jai Newcombe,CD_I1020895,0.0,0.0,21.0,5.0,3.0,0.0,0.0,0.0,0.0,0.0,0.0,0.0,56.0,14.0,6.0,66.7,24.0,16.0,4.0,1.0,1.0,2.0,0.0,0.0,0.0,7.0,17.0,0.0,0.0,0.0,0.0,2.0,0.0,2.0,57.1,0.4,0.0,0.0,7.0,2.0,0.0,0.0,165.0,1.0,14.0,8.4,2.0,0.0,1.0,0.0,0.0,1.0,2.0,2.0,0.0,80.0,7.0,25.0,2.0,11.0
2025,Round 18,2025-07-12,Hawthorn,home,CD_M20250141809,6,James Sicily,CD_I297566,0.0,0.0,0.0,0.0,3.0,50.0,1.0,2.0,0.0,0.0,0.0,1.0,39.1,9.0,4.0,81.0,21.0,17.0,12.0,1.0,1.0,2.0,0.0,0.0,0.0,6.0,5.0,0.0,0.0,0.0,0.0,4.0,2.0,7.0,75.0,3.2,1.0,1.0,16.0,7.0,0.0,0.0,319.0,10.0,9.0,13.3,5.0,0.0,1.0,0.0,1.0,10.0,0.0,1.0,0.0,93.0,0.0,23.0,5.0,14.0
2025,Round 18,2025-07-12,Hawthorn,home,CD_M20250141809,25,Josh Ward,CD_I1017110,0.0,0.0,12.0,0.0,2.0,0.0,0.0,0.0,0.0,0.0,0.0,0.0,41.2,7.0,7.0,76.5,17.0,13.0,3.0,1.0,0.0,0.0,0.0,2.0,0.0,4.0,10.0,0.0,0.0,0.0,0.0,0.0,0.0,2.0,42.9,0.7,0.0,0.0,7.0,4.0,1.0,0.0,136.0,0.0,14.0,4.5,0.0,0.0,3.0,0.0,0.0,0.0,3.0,5.0,0.0,79.0,3.0,17.0,3.0,10.0
2025,Round 18,2025-07-12,Hawthorn,home,CD_M20250141809,34,Nick Watson,CD_I1023473,1.0,0.0,0.0,0.0,3.0,0.0,0.0,0.0,0.0,0.0,0.0,0.0,70.0,7.0,1.0,62.5,8.0,5.0,2.0,3.0,2.0,0.0,50.0,0.0,1.0,7.0,4.0,0.0,0.0,0.0,0.0,2.0,0.0,1.0,50.0,1.0,0.0,0.0,4.0,0.0,0.0,0.0,175.0,0.0,8.0,7.4,1.0,0.0,2.0,0.0,2.0,0.0,0.0,1.0,1.0,81.0,0.0,10.0,3.0,3.0
2025,Round 18,2025-07-12,Hawthorn,home,CD_M20250141809,5,James Worpel,CD_I1002222,0.0,0.0,14.0,1.0,5.0,0.0,0.0,0.0,0.0,0.0,0.0,0.0,45.5,10.0,11.0,59.1,22.0,13.0,5.0,1.0,3.0,1.0,0.0,0.0,0.0,8.0,12.0,0.0,0.0,0.0,0.0,4.0,0.0,2.0,50.0,0.8,0.0,0.0,10.0,1.0,0.0,0.0,211.0,1.0,24.0,8.2,0.0,0.0,1.0,0.0,0.0,1.0,4.0,8.0,1.0,69.0,5.0,22.0,6.0,12.0
2025,Round 19,2025-07-20,Collingwood,away,CD_M20250141905,16,Edward Allan,CD_I1022915,0.0,0.0,0.0,0.0,0.0,0.0,0.0,0.0,0.0,0.0,0.0,0.0,27.3,3.0,2.0,81.8,11.0,9.0,4.0,1.0,0.0,1.0,100.0,0.0,1.0,3.0,6.0,0.0,0.0,0.0,0.0,1.0,0.0,2.0,80.0,0.8,0.0,0.0,5.0,1.0,0.0,0.0,237.0,0.0,5.0,10.3,0.0,0.0,4.0,1.0,1.0,0.0,0.0,0.0,0.0,78.0,0.0,11.0,1.0,8.0
2025,Round 19,2025-07-20,Collingwood,away,CD_M20250141905,14,Darcy Cameron,CD_I990291,0.0,0.0,21.0,1.0,3.0,33.3,1.0,3.0,0.0,0.0,0.0,3.0,58.8,10.0,2.0,75.0,20.0,15.0,9.0,0.0,1.0,2.0,0.0,0.0,0.0,4.0,9.0,43.8,49.2,32.0,14.0,0.0,5.0,8.0,81.8,1.2,0.0,0.0,11.0,8.0,0.0,0.0,62.0,0.0,9.0,19.4,1.0,65.0,6.0,5.0,0.0,0.0,1.0,0.0,0.0,83.0,2.0,17.0,1.0,7.0
2025,Round 19,2025-07-20,Collingwood,away,CD_M20250141905,46,Mason Cox,CD_I998647,1.0,0.0,5.0,1.0,3.0,0.0,0.0,0.0,0.0,0.0,0.0,0.0,57.1,4.0,0.0,50.0,8.0,4.0,1.0,0.0,1.0,1.0,0.0,0.0,0.0,2.0,3.0,26.7,50.0,15.0,4.0,2.0,0.0,3.0,20.0,1.7,0.0,0.0,5.0,2.0,1.0,0.0,75.0,2.0,5.0,0.8,0.0,30.0,1.0,0.0,1.0,1.0,1.0,1.0,1.0,52.0,2.0,7.0,1.0,3.0
2025,Round 19,2025-07-20,Collingwood,away,CD_M20250141905,25,Jack Crisp,CD_I293871,0.0,0.0,10.0,1.0,9.0,0.0,0.0,0.0,0.0,0.0,0.0,0.0,47.8,11.0,5.0,43.5,23.0,10.0,4.0,0.0,2.0,1.0,0.0,0.0,0.0,7.0,8.0,0.0,0.0,0.0,0.0,7.0,1.0,3.0,26.7,1.9,0.0,0.0,15.0,3.0,0.0,2.0,457.0,1.0,21.0,6.3,4.0,0.0,0.0,0.0,0.0,0.0,5.0,5.0,3.0,85.0,6.0,23.0,6.0,12.0
2025,Round 19,2025-07-20,Collingwood,away,CD_M20250141905,7,Josh Daicos,CD_I1005054,0.0,0.0,6.0,1.0,5.0,0.0,0.0,1.0,0.0,0.0,0.0,0.0,37.5,9.0,4.0,56.0,25.0,14.0,8.0,0.0,2.0,1.0,0.0,0.0,0.0,7.0,7.0,0.0,0.0,0.0,0.0,5.0,2.0,6.0,44.4,2.6,2.0,2.0,18.0,6.0,0.0,1.0,438.0,1.0,7.0,6.9,4.0,0.0,3.0,1.0,0.0,1.0,1.0,1.0,0.0,89.0,2.0,24.0,3.0,15.0
2025,Round 19,2025-07-20,Collingwood,away,CD_M20250141905,35,Nick Daicos,CD_I1023261,0.0,3.0,13.0,2.0,3.0,100.0,1.0,1.0,0.0,0.0,0.0,0.0,36.8,14.0,10.0,69.8,43.0,30.0,16.0,2.0,0.0,2.0,100.0,0.0,1.0,8.0,15.0,0.0,0.0,0.0,0.0,7.0,0.0,4.0,57.1,1.9,3.0,3.0,28.0,4.0,0.0,0.0,781.0,0.0,19.0,17.1,6.0,0.0,8.0,2.0,1.0,0.0,6.0,7.0,0.0,80.0,8.0,38.0,7.0,24.0
2025,Round 19,2025-07-20,Collingwood,away,CD_M20250141905,43,Charlie Dean,CD_I1009197,0.0,0.0,0.0,0.0,1.0,0.0,0.0,1.0,0.0,0.0,0.0,0.0,50.0,5.0,1.0,90.9,11.0,10.0,1.0,0.0,0.0,0.0,0.0,0.0,0.0,5.0,10.0,0.0,0.0,0.0,0.0,0.0,0.0,6.0,100.0,0.1,0.0,0.0,1.0,0.0,0.0,0.0,108.0,2.0,2.0,8.9,1.0,0.0,0.0,0.0,0.0,2.0,0.0,1.0,0.0,90.0,0.0,10.0,1.0,5.0
2025,Round 19,2025-07-20,Collingwood,away,CD_M20250141905,5,Jamie Elliott,CD_I293801,2.0,0.0,0.0,0.0,6.0,0.0,0.0,0.0,0.0,0.0,0.0,0.0,44.4,4.0,1.0,22.2,9.0,2.0,2.0,2.0,2.0,2.0,50.0,0.0,2.0,2.0,2.0,0.0,0.0,0.0,0.0,0.0,0.0,0.0,28.6,3.5,0.0,0.0,7.0,2.0,2.0,2.0,144.0,2.0,20.0,4.0,0.0,0.0,5.0,0.0,4.0,0.0,1.0,5.0,5.0,83.0,1.0,9.0,5.0,5.0
2025,Round 19,2025-07-20,Collingwood,away,CD_M20250141905,32,Will Hoskin-Elliott,CD_I291720,0.0,0.0,0.0,0.0,1.0,0.0,0.0,0.0,0.0,0.0,0.0,0.0,33.3,1.0,0.0,100.0,3.0,3.0,1.0,0.0,0.0,0.0,100.0,0.0,1.0,1.0,2.0,0.0,0.0,0.0,0.0,0.0,0.0,0.0,100.0,0.5,0.0,0.0,1.0,1.0,1.0,0.0,-13.0,0.0,1.0,3.8,0.0,0.0,2.0,0.0,1.0,0.0,0.0,0.0,0.0,26.0,0.0,3.0,0.0,2.0
2025,Round 19,2025-07-20,Collingwood,away,CD_M20250141905,1,Patrick Lipinski,CD_I1003130,1.0,0.0,0.0,1.0,1.0,0.0,0.0,0.0,0.0,0.0,0.0,0.0,33.3,5.0,2.0,46.2,13.0,6.0,2.0,1.0,0.0,0.0,0.0,0.0,0.0,4.0,6.0,0.0,0.0,0.0,0.0,5.0,0.0,1.0,28.6,1.2,0.0,0.0,7.0,1.0,0.0,0.0,224.0,1.0,17.0,7.8,0.0,0.0,3.0,1.0,1.0,0.0,0.0,4.0,4.0,82.0,1.0,15.0,3.0,10.0
2025,Round 19,2025-07-20,Collingwood,away,CD_M20250141905,44,Ned Long,CD_I1017124,0.0,0.0,21.0,0.0,4.0,0.0,0.0,0.0,0.0,0.0,0.0,0.0,45.0,9.0,12.0,57.9,19.0,11.0,3.0,1.0,1.0,0.0,0.0,1.0,0.0,8.0,13.0,0.0,0.0,0.0,0.0,7.0,0.0,1.0,50.0,0.5,0.0,0.0,6.0,2.0,0.0,0.0,270.0,0.0,27.0,7.2,0.0,0.0,6.0,0.0,0.0,0.0,3.0,12.0,3.0,82.0,3.0,20.0,2.0,11.0
2025,Round 19,2025-07-20,Collingwood,away,CD_M20250141905,37,Oleg Markov,CD_I298358,0.0,1.0,0.0,0.0,3.0,100.0,1.0,1.0,0.0,0.0,0.0,0.0,33.3,4.0,4.0,75.0,12.0,9.0,3.0,0.0,1.0,0.0,0.0,1.0,0.0,3.0,8.0,0.0,0.0,0.0,0.0,2.0,1.0,4.0,75.0,0.5,0.0,0.0,4.0,2.0,0.0,0.0,215.0,0.0,8.0,6.9,0.0,0.0,3.0,1.0,0.0,0.0,1.0,5.0,0.0,84.0,1.0,12.0,2.0,8.0
2025,Round 19,2025-07-20,Collingwood,away,CD_M20250141905,4,Brayden Maynard,CD_I992010,0.0,1.0,0.0,0.0,1.0,0.0,0.0,1.0,0.0,0.0,0.0,0.0,28.6,4.0,5.0,64.3,14.0,9.0,7.0,0.0,0.0,1.0,0.0,0.0,0.0,2.0,2.0,0.0,0.0,0.0,0.0,4.0,0.0,3.0,58.3,6.0,1.0,1.0,12.0,4.0,0.0,0.0,430.0,5.0,6.0,7.8,2.0,0.0,1.0,0.0,0.0,3.0,0.0,2.0,0.0,77.0,0.0,14.0,2.0,10.0
2025,Round 19,2025-07-20,Collingwood,away,CD_M20250141905,31,Beau McCreery,CD_I1004757,1.0,1.0,12.0,3.0,4.0,0.0,0.0,0.0,1.0,1.0,100.0,0.0,62.5,10.0,7.0,60.0,15.0,9.0,3.0,0.0,1.0,4.0,0.0,1.0,0.0,4.0,9.0,0.0,0.0,0.0,0.0,4.0,0.0,2.0,50.0,0.7,0.0,0.0,6.0,0.0,0.0,0.0,218.0,3.0,34.0,13.4,0.0,0.0,6.0,2.0,1.0,0.0,2.0,15.0,7.0,82.0,5.0,16.0,4.0,6.0
2025,Round 19,2025-07-20,Collingwood,away,CD_M20250141905,11,Daniel McStay,CD_I297504,1.0,0.0,1.0,0.0,1.0,0.0,0.0,0.0,0.0,0.0,0.0,1.0,75.0,6.0,0.0,75.0,8.0,6.0,3.0,2.0,0.0,1.0,0.0,1.0,0.0,4.0,4.0,0.0,22.2,2.0,0.0,3.0,0.0,1.0,75.0,1.0,0.0,0.0,4.0,3.0,0.0,0.0,164.0,1.0,3.0,6.9,0.0,9.0,5.0,2.0,1.0,1.0,1.0,1.0,0.0,77.0,1.0,8.0,1.0,2.0
2025,Round 19,2025-07-20,Collingwood,away,CD_M20250141905,41,Brody Mihocek,CD_I291849,3.0,0.0,0.0,0.0,2.0,0.0,0.0,0.0,2.0,0.0,0.0,0.0,75.0,9.0,1.0,50.0,12.0,6.0,5.0,4.0,2.0,4.0,40.0,0.0,2.0,4.0,3.0,0.0,0.0,0.0,0.0,0.0,0.0,2.0,55.6,3.0,0.0,0.0,9.0,1.0,0.0,1.0,228.0,1.0,11.0,7.2,0.0,3.0,5.0,2.0,5.0,1.0,2.0,3.0,3.0,79.0,2.0,12.0,2.0,3.0
2025,Round 19,2025-07-20,Collingwood,away,CD_M20250141905,30,Darcy Moore,CD_I298288,0.0,0.0,0.0,0.0,3.0,33.3,2.0,6.0,0.0,0.0,0.0,0.0,55.6,5.0,2.0,81.8,11.0,9.0,6.0,0.0,2.0,0.0,0.0,0.0,0.0,5.0,5.0,0.0,0.0,0.0,0.0,2.0,3.0,10.0,100.0,1.2,0.0,0.0,6.0,4.0,0.0,0.0,188.0,11.0,3.0,8.4,2.0,0.0,2.0,2.0,0.0,10.0,0.0,0.0,0.0,92.0,0.0,9.0,2.0,4.0
2025,Round 19,2025-07-20,Collingwood,away,CD_M20250141905,10,Scott Pendlebury,CD_I260257,0.0,0.0,18.0,2.0,3.0,0.0,0.0,0.0,1.0,0.0,0.0,0.0,47.8,11.0,10.0,71.4,21.0,15.0,2.0,1.0,1.0,0.0,0.0,1.0,0.0,10.0,17.0,0.0,0.0,0.0,0.0,1.0,0.0,1.0,50.0,0.2,0.0,0.0,4.0,3.0,1.0,1.0,155.0,0.0,22.0,11.8,0.0,0.0,6.0,2.0,0.0,0.0,2.0,5.0,2.0,86.0,4.0,23.0,2.0,12.0
2025,Round 19,2025-07-20,Collingwood,away,CD_M20250141905,12,Harry Perryman,CD_I998205,0.0,0.0,0.0,0.0,4.0,0.0,0.0,1.0,0.0,0.0,0.0,1.0,28.6,4.0,11.0,43.8,16.0,7.0,5.0,0.0,1.0,0.0,0.0,1.0,0.0,3.0,2.0,0.0,0.0,0.0,0.0,7.0,1.0,6.0,35.7,7.0,0.0,0.0,14.0,3.0,1.0,0.0,398.0,2.0,21.0,8.9,2.0,0.0,3.0,0.0,1.0,2.0,0.0,3.0,0.0,81.0,0.0,14.0,5.0,10.0
2025,Round 19,2025-07-20,Collingwood,away,CD_M20250141905,3,Isaac Quaynor,CD_I1008089,0.0,0.0,0.0,0.0,1.0,0.0,0.0,0.0,0.0,0.0,0.0,1.0,27.8,5.0,7.0,72.2,18.0,13.0,7.0,0.0,0.0,2.0,0.0,0.0,0.0,1.0,6.0,0.0,0.0,0.0,0.0,1.0,1.0,5.0,58.3,2.0,1.0,1.0,12.0,4.0,0.0,0.0,362.0,2.0,7.0,8.7,5.0,0.0,1.0,0.0,1.0,1.0,0.0,1.0,0.0,81.0,0.0,18.0,5.0,13.0
2025,Round 19,2025-07-20,Collingwood,away,CD_M20250141905,8,Lachie Schultz,CD_I1000860,0.0,0.0,0.0,0.0,2.0,0.0,0.0,0.0,0.0,0.0,0.0,0.0,54.5,6.0,6.0,70.0,10.0,7.0,1.0,0.0,1.0,1.0,50.0,0.0,1.0,3.0,7.0,0.0,0.0,0.0,0.0,0.0,0.0,0.0,33.3,0.4,0.0,0.0,3.0,1.0,1.0,1.0,122.0,2.0,24.0,8.9,0.0,0.0,3.0,0.0,2.0,1.0,2.0,7.0,4.0,73.0,2.0,11.0,2.0,5.0
2025,Round 19,2025-07-20,Collingwood,away,CD_M20250141905,22,Steele Sidebottom,CD_I280965,0.0,0.0,1.0,0.0,3.0,0.0,0.0,1.0,1.0,1.0,100.0,1.0,47.1,8.0,4.0,58.8,17.0,10.0,4.0,1.0,1.0,0.0,100.0,0.0,2.0,3.0,8.0,0.0,0.0,0.0,0.0,1.0,0.0,6.0,44.4,1.1,0.0,0.0,9.0,3.0,1.0,0.0,175.0,5.0,14.0,13.5,1.0,0.0,3.0,1.0,2.0,1.0,2.0,4.0,1.0,85.0,2.0,17.0,2.0,9.0
2025,Round 19,2025-07-20,Collingwood,away,CD_M20250141905,33,Lachlan Sullivan,CD_I998480,0.0,0.0,0.0,0.0,3.0,0.0,0.0,0.0,0.0,0.0,0.0,0.0,36.4,4.0,0.0,72.7,11.0,8.0,3.0,1.0,1.0,1.0,100.0,1.0,1.0,1.0,6.0,0.0,0.0,0.0,0.0,4.0,1.0,2.0,60.0,0.8,0.0,0.0,5.0,1.0,0.0,0.0,153.0,0.0,13.0,9.8,0.0,0.0,4.0,1.0,1.0,0.0,1.0,4.0,2.0,74.0,1.0,11.0,3.0,7.0
2025,Round 20,2025-07-26,West Coast,home,CD_M20250142009,3,Liam Baker,CD_I1000223,0.0,1.0,11.0,2.0,7.0,0.0,0.0,0.0,0.0,0.0,0.0,0.0,45.8,11.0,7.0,79.2,24.0,19.0,9.0,2.0,3.0,5.0,100.0,1.0,2.0,8.0,13.0,0.0,0.0,0.0,0.0,2.0,0.0,5.0,81.8,0.8,0.0,0.0,11.0,4.0,1.0,1.0,371.0,1.0,26.0,19.5,1.0,0.0,5.0,3.0,2.0,0.0,3.0,10.0,3.0,88.0,5.0,24.0,6.0,13.0
2025,Round 20,2025-07-26,West Coast,home,CD_M20250142009,33,Rhett Bazzo,CD_I1017718,0.0,0.0,0.0,0.0,1.0,0.0,0.0,1.0,0.0,0.0,0.0,2.0,45.5,5.0,3.0,90.0,10.0,9.0,5.0,0.0,0.0,0.0,0.0,1.0,0.0,2.0,4.0,0.0,0.0,0.0,0.0,2.0,2.0,5.0,83.3,1.5,0.0,0.0,6.0,6.0,0.0,0.0,147.0,8.0,3.0,8.6,1.0,0.0,3.0,3.0,0.0,7.0,0.0,1.0,0.0,85.0,0.0,11.0,2.0,6.0
2025,Round 20,2025-07-26,West Coast,home,CD_M20250142009,41,Sandy Brock,CD_I1013315,0.0,0.0,0.0,0.0,2.0,33.3,1.0,3.0,0.0,0.0,0.0,0.0,16.7,1.0,3.0,66.7,6.0,4.0,4.0,0.0,0.0,0.0,0.0,0.0,0.0,1.0,1.0,0.0,0.0,0.0,0.0,0.0,1.0,1.0,80.0,5.0,0.0,0.0,5.0,3.0,0.0,0.0,163.0,7.0,4.0,5.2,2.0,0.0,2.0,0.0,0.0,6.0,0.0,1.0,0.0,86.0,0.0,6.0,1.0,5.0
2025,Round 20,2025-07-26,West Coast,home,CD_M20250142009,10,Tyler Brockman,CD_I1013511,0.0,0.0,2.0,0.0,1.0,0.0,0.0,0.0,0.0,0.0,0.0,0.0,20.0,2.0,5.0,80.0,10.0,8.0,4.0,0.0,1.0,1.0,50.0,0.0,1.0,1.0,5.0,0.0,0.0,0.0,0.0,1.0,0.0,0.0,80.0,1.0,0.0,0.0,5.0,5.0,1.0,0.0,93.0,0.0,17.0,1.4,0.0,0.0,2.0,0.0,2.0,0.0,0.0,1.0,0.0,74.0,0.0,10.0,2.0,8.0
2025,Round 20,2025-07-26,West Coast,home,CD_M20250142009,28,Tom Cole,CD_I993820,0.0,0.0,0.0,0.0,2.0,0.0,0.0,0.0,0.0,0.0,0.0,0.0,33.3,5.0,5.0,88.2,17.0,15.0,8.0,0.0,1.0,0.0,0.0,0.0,0.0,4.0,8.0,0.0,0.0,0.0,0.0,1.0,2.0,6.0,88.9,1.1,3.0,3.0,9.0,7.0,0.0,0.0,323.0,5.0,10.0,12.3,4.0,0.0,1.0,0.0,0.0,4.0,0.0,1.0,0.0,87.0,0.0,15.0,3.0,10.0
2025,Round 20,2025-07-26,West Coast,home,CD_M20250142009,15,Jamie Cripps,CD_I290826,1.0,0.0,0.0,0.0,4.0,0.0,0.0,0.0,0.0,0.0,0.0,1.0,46.7,7.0,2.0,62.5,16.0,10.0,5.0,3.0,1.0,0.0,50.0,1.0,2.0,6.0,7.0,0.0,0.0,0.0,0.0,7.0,0.0,5.0,55.6,1.3,0.0,0.0,9.0,2.0,1.0,0.0,242.0,1.0,11.0,12.2,2.0,0.0,5.0,0.0,4.0,0.0,0.0,4.0,2.0,84.0,0.0,15.0,3.0,8.0
2025,Round 20,2025-07-26,West Coast,home,CD_M20250142009,43,Tyrell Dewar,CD_I1023142,0.0,0.0,0.0,0.0,0.0,0.0,0.0,0.0,0.0,0.0,0.0,0.0,50.0,1.0,0.0,50.0,2.0,1.0,1.0,0.0,0.0,0.0,100.0,0.0,1.0,0.0,0.0,0.0,0.0,0.0,0.0,0.0,0.0,0.0,50.0,2.0,0.0,0.0,2.0,1.0,1.0,0.0,50.0,0.0,2.0,2.0,0.0,0.0,1.0,0.0,1.0,0.0,0.0,0.0,0.0,28.0,0.0,2.0,0.0,1.0
2025,Round 20,2025-07-26,West Coast,home,CD_M20250142009,14,Liam Duggan,CD_I298268,0.0,0.0,0.0,0.0,0.0,0.0,0.0,0.0,0.0,0.0,0.0,0.0,18.2,2.0,6.0,90.9,11.0,10.0,7.0,0.0,0.0,0.0,0.0,0.0,0.0,2.0,3.0,0.0,0.0,0.0,0.0,1.0,0.0,3.0,87.5,2.7,1.0,1.0,8.0,4.0,0.0,0.0,144.0,0.0,9.0,3.4,1.0,0.0,0.0,0.0,0.0,0.0,0.0,2.0,0.0,75.0,0.0,11.0,0.0,9.0
2025,Round 20,2025-07-26,West Coast,home,CD_M20250142009,25,Matt Flynn,CD_I993902,0.0,0.0,22.0,2.0,3.0,0.0,0.0,0.0,0.0,0.0,0.0,0.0,50.0,6.0,11.0,37.5,8.0,3.0,1.0,0.0,2.0,2.0,0.0,0.0,0.0,3.0,5.0,15.4,40.6,26.0,4.0,5.0,1.0,1.0,33.3,0.6,0.0,0.0,3.0,2.0,0.0,0.0,88.0,1.0,12.0,3.3,0.0,64.0,0.0,0.0,0.0,0.0,0.0,2.0,0.0,79.0,2.0,12.0,1.0,6.0
2025,Round 20,2025-07-26,West Coast,home,CD_M20250142009,7,Reuben Ginbey,CD_I1023025,0.0,2.0,0.0,0.0,5.0,0.0,0.0,2.0,0.0,0.0,0.0,0.0,25.0,4.0,8.0,57.1,14.0,8.0,6.0,0.0,2.0,1.0,0.0,0.0,0.0,3.0,3.0,0.0,0.0,0.0,0.0,1.0,0.0,4.0,54.5,3.7,0.0,0.0,11.0,6.0,0.0,0.0,301.0,8.0,9.0,7.5,3.0,0.0,2.0,1.0,0.0,8.0,0.0,1.0,0.0,95.0,0.0,16.0,6.0,12.0
2025,Round 20,2025-07-26,West Coast,home,CD_M20250142009,29,Clay Hall,CD_I1024188,0.0,2.0,0.0,0.0,2.0,0.0,0.0,0.0,0.0,0.0,0.0,0.0,28.6,4.0,6.0,85.7,14.0,12.0,8.0,0.0,1.0,0.0,0.0,1.0,0.0,3.0,4.0,0.0,0.0,0.0,0.0,2.0,0.0,4.0,80.0,2.5,0.0,0.0,10.0,6.0,0.0,1.0,311.0,3.0,10.0,7.8,2.0,0.0,2.0,0.0,0.0,2.0,0.0,1.0,0.0,80.0,0.0,14.0,1.0,10.0
2025,Round 20,2025-07-26,West Coast,home,CD_M20250142009,8,Elijah Hewett,CD_I1020670,1.0,0.0,10.0,2.0,3.0,0.0,0.0,0.0,0.0,0.0,0.0,0.0,50.0,7.0,6.0,71.4,14.0,10.0,4.0,1.0,1.0,3.0,50.0,0.0,1.0,5.0,7.0,0.0,0.0,0.0,0.0,0.0,0.0,0.0,57.1,1.0,0.0,0.0,7.0,1.0,1.0,0.0,201.0,0.0,12.0,6.3,0.0,0.0,2.0,1.0,2.0,0.0,2.0,4.0,1.0,75.0,4.0,14.0,2.0,7.0
2025,Round 20,2025-07-26,West Coast,home,CD_M20250142009,19,Brady Hough,CD_I1023167,0.0,0.0,26.0,0.0,2.0,0.0,0.0,0.0,0.0,0.0,0.0,1.0,28.6,4.0,4.0,69.2,13.0,9.0,7.0,0.0,0.0,0.0,0.0,0.0,0.0,2.0,3.0,0.0,0.0,0.0,0.0,3.0,0.0,0.0,70.0,3.3,0.0,0.0,10.0,6.0,0.0,1.0,208.0,2.0,7.0,7.4,2.0,0.0,4.0,0.0,0.0,1.0,0.0,3.0,1.0,84.0,0.0,14.0,3.0,10.0
2025,Round 20,2025-07-26,West Coast,home,CD_M20250142009,44,Jack Hutchinson,CD_I1036098,0.0,0.0,0.0,0.0,5.0,0.0,0.0,0.0,0.0,0.0,0.0,0.0,41.2,7.0,8.0,62.5,16.0,10.0,6.0,0.0,3.0,1.0,0.0,1.0,0.0,5.0,8.0,0.0,0.0,0.0,0.0,2.0,0.0,3.0,75.0,1.0,0.0,0.0,8.0,5.0,0.0,1.0,300.0,1.0,10.0,0.1,3.0,0.0,3.0,2.0,0.0,0.0,2.0,1.0,1.0,82.0,2.0,17.0,4.0,10.0
2025,Round 20,2025-07-26,West Coast,home,CD_M20250142009,11,Tim Kelly,CD_I295898,0.0,0.0,18.0,3.0,4.0,0.0,0.0,0.0,0.0,0.0,0.0,0.0,59.3,16.0,9.0,73.1,26.0,19.0,6.0,1.0,3.0,2.0,100.0,0.0,2.0,13.0,15.0,0.0,0.0,0.0,0.0,4.0,0.0,3.0,54.5,0.7,0.0,0.0,11.0,2.0,0.0,1.0,336.0,0.0,14.0,18.5,2.0,0.0,7.0,5.0,2.0,0.0,5.0,1.0,1.0,76.0,8.0,27.0,3.0,11.0
2025,Round 20,2025-07-26,West Coast,home,CD_M20250142009,23,Ryan Maric,CD_I1029416,0.0,3.0,0.0,0.0,2.0,0.0,0.0,0.0,0.0,0.0,0.0,0.0,14.3,2.0,4.0,81.0,21.0,17.0,12.0,0.0,1.0,1.0,0.0,0.0,0.0,1.0,7.0,0.0,0.0,0.0,0.0,0.0,0.0,2.0,85.7,2.0,8.0,8.0,14.0,1.0,0.0,0.0,412.0,2.0,8.0,3.8,5.0,0.0,2.0,0.0,0.0,2.0,0.0,3.0,0.0,86.0,0.0,14.0,2.0,12.0
2025,Round 20,2025-07-26,West Coast,home,CD_M20250142009,45,Tom McCarthy,CD_I1036124,0.0,3.0,0.0,0.0,3.0,0.0,0.0,0.0,0.0,0.0,0.0,0.0,6.7,1.0,9.0,81.0,21.0,17.0,14.0,0.0,0.0,0.0,0.0,1.0,0.0,1.0,3.0,0.0,0.0,0.0,0.0,3.0,2.0,5.0,77.8,6.0,6.0,4.0,18.0,6.0,0.0,0.0,615.0,1.0,15.0,8.6,8.0,0.0,5.0,2.0,0.0,1.0,0.0,1.0,0.0,86.0,0.0,15.0,3.0,14.0
2025,Round 20,2025-07-26,West Coast,home,CD_M20250142009,16,Matthew Owies,CD_I1013973,0.0,0.0,0.0,0.0,0.0,0.0,0.0,0.0,0.0,0.0,0.0,0.0,100.0,3.0,1.0,100.0,3.0,3.0,1.0,0.0,0.0,1.0,0.0,0.0,0.0,2.0,2.0,0.0,0.0,0.0,0.0,0.0,0.0,1.0,100.0,0.5,0.0,0.0,1.0,0.0,0.0,0.0,7.0,0.0,10.0,3.2,0.0,0.0,0.0,0.0,0.0,0.0,0.0,2.0,1.0,51.0,0.0,3.0,0.0,0.0
2025,Round 20,2025-07-26,West Coast,home,CD_M20250142009,22,Archer Reid,CD_I1027693,0.0,0.0,0.0,0.0,1.0,0.0,0.0,0.0,3.0,1.0,33.3,1.0,100.0,3.0,0.0,100.0,2.0,2.0,0.0,1.0,0.0,0.0,0.0,0.0,0.0,1.0,2.0,0.0,0.0,0.0,0.0,0.0,0.0,0.0,0.0,0.0,0.0,0.0,0.0,1.0,0.0,0.0,1.0,1.0,2.0,0.9,0.0,0.0,0.0,0.0,0.0,0.0,0.0,0.0,0.0,72.0,0.0,3.0,0.0,0.0
2025,Round 20,2025-07-26,West Coast,home,CD_M20250142009,9,Harley Reid,CD_I1023492,0.0,3.0,22.0,2.0,9.0,0.0,0.0,0.0,0.0,0.0,0.0,0.0,27.8,5.0,9.0,73.3,15.0,11.0,6.0,0.0,6.0,2.0,100.0,0.0,2.0,2.0,5.0,0.0,0.0,0.0,0.0,3.0,0.0,1.0,60.0,2.0,0.0,0.0,10.0,4.0,1.0,2.0,374.0,0.0,18.0,8.7,1.0,0.0,2.0,0.0,2.0,0.0,1.0,1.0,0.0,76.0,3.0,18.0,6.0,13.0
2025,Round 20,2025-07-26,West Coast,home,CD_M20250142009,1,Liam Ryan,CD_I1004364,3.0,2.0,7.0,0.0,0.0,0.0,0.0,0.0,0.0,0.0,0.0,1.0,50.0,5.0,4.0,36.4,11.0,4.0,3.0,2.0,0.0,3.0,25.0,1.0,1.0,3.0,1.0,0.0,0.0,0.0,0.0,2.0,1.0,2.0,30.0,10.0,0.0,0.0,10.0,3.0,2.0,1.0,219.0,1.0,13.0,4.2,0.0,0.0,5.0,0.0,4.0,1.0,0.0,1.0,1.0,83.0,0.0,10.0,1.0,5.0
2025,Round 20,2025-07-26,West Coast,home,CD_M20250142009,35,Jobe Shanahan,CD_I1031913,0.0,0.0,0.0,0.0,3.0,0.0,0.0,0.0,2.0,0.0,0.0,2.0,40.0,2.0,3.0,60.0,5.0,3.0,3.0,0.0,0.0,0.0,0.0,0.0,0.0,0.0,1.0,0.0,0.0,0.0,0.0,0.0,0.0,0.0,75.0,4.0,0.0,0.0,4.0,4.0,2.0,1.0,10.0,0.0,9.0,-3.7,0.0,0.0,1.0,0.0,1.0,0.0,0.0,2.0,1.0,80.0,0.0,5.0,3.0,3.0
2025,Round 20,2025-07-26,West Coast,home,CD_M20250142009,32,Bailey J. Williams,CD_I1006114,0.0,0.0,10.0,3.0,3.0,0.0,0.0,0.0,2.0,0.0,0.0,0.0,50.0,5.0,3.0,70.0,10.0,7.0,2.0,0.0,1.0,3.0,0.0,0.0,0.0,2.0,6.0,28.6,29.2,7.0,2.0,3.0,0.0,0.0,50.0,0.7,0.0,0.0,4.0,0.0,0.0,0.0,178.0,0.0,9.0,5.4,0.0,24.0,1.0,0.0,0.0,0.0,0.0,2.0,1.0,86.0,3.0,10.0,3.0,5.0
2025,Round 21,2025-08-03,Carlton,home,CD_M20250142108,13,Blake Acres,CD_I296294,0.0,0.0,0.0,0.0,3.0,0.0,0.0,0.0,0.0,0.0,0.0,0.0,26.3,5.0,7.0,75.0,16.0,12.0,6.0,0.0,1.0,0.0,100.0,0.0,1.0,4.0,6.0,0.0,0.0,0.0,0.0,5.0,0.0,3.0,60.0,1.7,0.0,0.0,10.0,3.0,0.0,0.0,305.0,2.0,13.0,9.2,0.0,0.0,3.0,1.0,1.0,0.0,1.0,2.0,0.0,79.0,1.0,19.0,5.0,14.0
2025,Round 21,2025-08-03,Carlton,home,CD_M20250142108,32,Matthew Carroll,CD_I1027964,0.0,0.0,0.0,0.0,3.0,0.0,0.0,1.0,0.0,0.0,0.0,0.0,11.1,1.0,3.0,50.0,8.0,4.0,4.0,0.0,1.0,1.0,0.0,1.0,0.0,0.0,0.0,0.0,0.0,0.0,0.0,1.0,4.0,5.0,50.0,8.0,0.0,0.0,8.0,4.0,0.0,0.0,231.0,1.0,6.0,1.7,4.0,0.0,2.0,1.0,0.0,1.0,0.0,1.0,0.0,81.0,0.0,9.0,4.0,8.0
2025,Round 21,2025-08-03,Carlton,home,CD_M20250142108,2,Lachlan Cowan,CD_I1021353,0.0,0.0,0.0,0.0,1.0,0.0,0.0,1.0,0.0,0.0,0.0,0.0,18.8,3.0,5.0,93.8,16.0,15.0,11.0,0.0,1.0,1.0,0.0,0.0,0.0,2.0,4.0,0.0,0.0,0.0,0.0,0.0,4.0,7.0,91.7,3.0,0.0,0.0,12.0,6.0,0.0,0.0,278.0,3.0,9.0,8.4,4.0,0.0,0.0,0.0,0.0,3.0,0.0,4.0,0.0,81.0,0.0,16.0,2.0,13.0
2025,Round 21,2025-08-03,Carlton,home,CD_M20250142108,9,Patrick Cripps,CD_I990704,0.0,0.0,25.0,5.0,3.0,0.0,0.0,0.0,1.0,1.0,100.0,1.0,61.8,21.0,10.0,52.8,36.0,19.0,7.0,1.0,1.0,2.0,0.0,0.0,0.0,12.0,18.0,0.0,0.0,0.0,0.0,8.0,0.0,4.0,38.9,1.0,0.0,0.0,18.0,3.0,0.0,0.0,452.0,0.0,21.0,15.3,0.0,2.0,7.0,1.0,0.0,0.0,4.0,9.0,0.0,83.0,9.0,34.0,4.0,13.0
2025,Round 21,2025-08-03,Carlton,home,CD_M20250142108,12,Tom De Koning,CD_I1004912,0.0,0.0,8.0,2.0,7.0,0.0,0.0,0.0,2.0,1.0,50.0,2.0,50.0,8.0,3.0,77.8,18.0,14.0,7.0,1.0,3.0,0.0,0.0,0.0,0.0,4.0,10.0,25.9,50.9,27.0,7.0,3.0,1.0,1.0,87.5,0.8,0.0,0.0,8.0,4.0,0.0,0.0,188.0,1.0,8.0,6.7,1.0,53.0,2.0,1.0,0.0,1.0,2.0,3.0,0.0,81.0,4.0,16.0,4.0,8.0
2025,Round 21,2025-08-03,Carlton,home,CD_M20250142108,19,Corey Durdin,CD_I1008510,1.0,0.0,0.0,0.0,1.0,0.0,0.0,0.0,0.0,0.0,0.0,0.0,44.4,4.0,1.0,45.5,11.0,5.0,4.0,0.0,0.0,0.0,50.0,0.0,1.0,4.0,2.0,0.0,0.0,0.0,0.0,2.0,0.0,0.0,44.4,4.5,0.0,0.0,9.0,2.0,2.0,0.0,212.0,1.0,5.0,3.5,0.0,0.0,4.0,0.0,2.0,0.0,1.0,1.0,0.0,41.0,1.0,9.0,1.0,5.0
2025,Round 21,2025-08-03,Carlton,home,CD_M20250142108,44,Francis Evans,CD_I1017255,1.0,0.0,0.0,1.0,3.0,0.0,0.0,0.0,1.0,1.0,100.0,2.0,63.6,7.0,3.0,66.7,12.0,8.0,4.0,2.0,2.0,0.0,66.7,1.0,2.0,5.0,5.0,0.0,0.0,0.0,0.0,2.0,0.0,1.0,57.1,1.4,0.0,0.0,7.0,3.0,2.0,0.0,156.0,0.0,16.0,13.0,0.0,0.0,4.0,0.0,3.0,0.0,0.0,5.0,1.0,74.0,1.0,11.0,2.0,4.0
2025,Round 21,2025-08-03,Carlton,home,CD_M20250142108,8,Lachie Fogarty,CD_I1002228,0.0,0.0,0.0,1.0,3.0,0.0,0.0,0.0,1.0,1.0,100.0,0.0,41.2,7.0,9.0,58.8,17.0,10.0,2.0,0.0,1.0,2.0,100.0,0.0,1.0,5.0,11.0,0.0,0.0,0.0,0.0,1.0,0.0,2.0,33.3,0.5,0.0,0.0,6.0,0.0,0.0,0.0,183.0,2.0,21.0,11.2,1.0,0.0,4.0,1.0,1.0,0.0,0.0,4.0,1.0,81.0,1.0,17.0,5.0,10.0
2025,Round 21,2025-08-03,Carlton,home,CD_M20250142108,26,Nick Haynes,CD_I295265,0.0,0.0,0.0,0.0,4.0,0.0,0.0,2.0,0.0,0.0,0.0,0.0,21.7,5.0,4.0,65.2,23.0,15.0,6.0,0.0,0.0,1.0,0.0,0.0,0.0,4.0,9.0,0.0,0.0,0.0,0.0,2.0,5.0,9.0,42.9,1.6,0.0,0.0,14.0,7.0,0.0,0.0,364.0,2.0,6.0,6.5,2.0,0.0,2.0,2.0,1.0,2.0,1.0,2.0,0.0,90.0,1.0,23.0,7.0,18.0
2025,Round 21,2025-08-03,Carlton,home,CD_M20250142108,29,George Hewett,CD_I294036,0.0,0.0,24.0,1.0,5.0,0.0,0.0,0.0,0.0,0.0,0.0,0.0,42.9,15.0,8.0,66.7,36.0,24.0,12.0,1.0,0.0,2.0,0.0,1.0,0.0,6.0,15.0,0.0,0.0,0.0,0.0,5.0,0.0,3.0,57.1,1.4,0.0,0.0,21.0,1.0,0.0,0.0,394.0,1.0,21.0,13.4,2.0,0.0,5.0,0.0,0.0,0.0,6.0,6.0,1.0,84.0,7.0,35.0,4.0,20.0
2025,Round 21,2025-08-03,Carlton,home,CD_M20250142108,4,Oliver Hollands,CD_I1023495,0.0,0.0,0.0,0.0,4.0,0.0,0.0,0.0,0.0,0.0,0.0,0.0,30.0,6.0,12.0,57.9,19.0,11.0,3.0,0.0,2.0,1.0,0.0,0.0,0.0,6.0,10.0,0.0,0.0,0.0,0.0,4.0,0.0,3.0,33.3,0.9,0.0,0.0,9.0,1.0,0.0,0.0,383.0,1.0,20.0,7.7,0.0,0.0,1.0,0.0,0.0,0.0,1.0,3.0,0.0,90.0,1.0,20.0,5.0,14.0
2025,Round 21,2025-08-03,Carlton,home,CD_M20250142108,36,Cooper Lord,CD_I1032108,0.0,0.0,20.0,2.0,3.0,0.0,0.0,0.0,0.0,0.0,0.0,0.0,53.8,14.0,5.0,81.8,22.0,18.0,5.0,2.0,2.0,2.0,0.0,0.0,0.0,9.0,16.0,0.0,0.0,0.0,0.0,2.0,0.0,3.0,83.3,0.4,0.0,0.0,6.0,3.0,0.0,0.0,214.0,1.0,22.0,17.2,0.0,0.0,2.0,2.0,0.0,0.0,1.0,8.0,1.0,89.0,3.0,26.0,2.0,12.0
2025,Round 21,2025-08-03,Carlton,home,CD_M20250142108,10,Harry McKay,CD_I1000953,1.0,0.0,0.0,0.0,5.0,0.0,0.0,0.0,5.0,0.0,0.0,3.0,72.7,8.0,7.0,50.0,12.0,6.0,3.0,1.0,2.0,3.0,33.3,0.0,1.0,2.0,3.0,100.0,16.7,1.0,1.0,1.0,0.0,0.0,33.3,3.0,0.0,0.0,9.0,4.0,1.0,0.0,221.0,0.0,21.0,9.3,0.0,6.0,4.0,1.0,3.0,0.0,1.0,10.0,4.0,93.0,1.0,11.0,6.0,3.0
2025,Round 21,2025-08-03,Carlton,home,CD_M20250142108,43,Ashton Moir,CD_I1020097,1.0,0.0,2.0,0.0,1.0,0.0,0.0,0.0,2.0,0.0,0.0,0.0,45.5,5.0,2.0,45.5,11.0,5.0,1.0,2.0,0.0,0.0,33.3,0.0,1.0,5.0,5.0,0.0,0.0,0.0,0.0,0.0,0.0,0.0,16.7,1.2,0.0,0.0,6.0,3.0,1.0,2.0,109.0,0.0,9.0,3.2,0.0,0.0,2.0,0.0,3.0,0.0,0.0,3.0,1.0,75.0,0.0,11.0,2.0,6.0
2025,Round 21,2025-08-03,Carlton,home,CD_M20250142108,3,Jesse Motlop,CD_I1017700,0.0,0.0,5.0,0.0,4.0,0.0,0.0,0.0,1.0,0.0,0.0,1.0,44.4,4.0,4.0,57.1,7.0,4.0,2.0,1.0,3.0,1.0,50.0,0.0,1.0,1.0,2.0,0.0,0.0,0.0,0.0,1.0,0.0,0.0,40.0,2.5,0.0,0.0,5.0,2.0,1.0,0.0,111.0,0.0,19.0,6.0,0.0,0.0,2.0,0.0,2.0,0.0,2.0,5.0,0.0,82.0,2.0,9.0,6.0,5.0
2025,Round 21,2025-08-03,Carlton,home,CD_M20250142108,22,Harry O'Farrell,CD_I1028526,0.0,0.0,0.0,0.0,1.0,100.0,1.0,1.0,0.0,0.0,0.0,0.0,0.0,0.0,1.0,100.0,4.0,4.0,3.0,0.0,1.0,0.0,100.0,0.0,1.0,0.0,1.0,0.0,0.0,0.0,0.0,1.0,2.0,2.0,100.0,3.0,0.0,0.0,3.0,2.0,0.0,0.0,151.0,2.0,1.0,5.9,2.0,0.0,2.0,1.0,1.0,2.0,0.0,0.0,0.0,37.0,0.0,4.0,0.0,4.0
2025,Round 21,2025-08-03,Carlton,home,CD_M20250142108,27,Marc Pittonet,CD_I298290,0.0,0.0,20.0,1.0,4.0,0.0,0.0,1.0,0.0,0.0,0.0,0.0,46.7,7.0,3.0,73.3,15.0,11.0,1.0,0.0,3.0,0.0,0.0,1.0,0.0,5.0,12.0,52.2,39.0,23.0,12.0,2.0,1.0,4.0,33.3,0.3,0.0,0.0,3.0,2.0,1.0,0.0,142.0,2.0,5.0,15.9,1.0,59.0,3.0,2.0,0.0,1.0,1.0,4.0,0.0,60.0,2.0,15.0,1.0,8.0
2025,Round 21,2025-08-03,Carlton,home,CD_M20250142108,42,Adam Saad,CD_I295461,0.0,0.0,0.0,1.0,2.0,0.0,0.0,0.0,0.0,0.0,0.0,0.0,27.3,3.0,12.0,81.3,16.0,13.0,7.0,1.0,0.0,1.0,0.0,0.0,0.0,2.0,6.0,0.0,0.0,0.0,0.0,0.0,0.0,5.0,70.0,1.7,4.0,2.0,10.0,1.0,0.0,0.0,181.0,2.0,18.0,7.3,2.0,0.0,2.0,2.0,0.0,2.0,1.0,6.0,0.0,78.0,2.0,11.0,3.0,8.0
2025,Round 21,2025-08-03,Carlton,home,CD_M20250142108,23,Jacob Weitering,CD_I993832,0.0,0.0,0.0,0.0,2.0,25.0,1.0,4.0,0.0,0.0,0.0,1.0,40.0,6.0,8.0,84.6,13.0,11.0,5.0,0.0,1.0,2.0,0.0,0.0,0.0,3.0,6.0,0.0,0.0,0.0,0.0,0.0,1.0,5.0,71.4,1.2,0.0,0.0,7.0,4.0,0.0,0.0,171.0,9.0,9.0,9.3,4.0,0.0,1.0,0.0,0.0,5.0,1.0,0.0,0.0,100.0,1.0,15.0,2.0,9.0
2025,Round 21,2025-08-03,Carlton,home,CD_M20250142108,38,Will White,CD_I1027713,1.0,0.0,0.0,0.0,1.0,0.0,0.0,0.0,0.0,0.0,0.0,0.0,30.0,3.0,6.0,62.5,8.0,5.0,1.0,2.0,0.0,0.0,0.0,0.0,0.0,3.0,6.0,0.0,0.0,0.0,0.0,1.0,0.0,2.0,50.0,0.3,0.0,0.0,2.0,1.0,1.0,0.0,33.0,0.0,17.0,0.2,0.0,0.0,1.0,0.0,1.0,0.0,0.0,5.0,1.0,73.0,0.0,10.0,1.0,7.0
2025,Round 21,2025-08-03,Carlton,home,CD_M20250142108,6,Zac Williams,CD_I294685,0.0,0.0,8.0,1.0,4.0,0.0,0.0,0.0,0.0,0.0,0.0,0.0,35.3,6.0,7.0,66.7,18.0,12.0,8.0,2.0,0.0,0.0,100.0,2.0,1.0,3.0,4.0,0.0,0.0,0.0,0.0,3.0,1.0,3.0,57.1,3.5,0.0,0.0,14.0,4.0,1.0,2.0,328.0,1.0,13.0,11.0,1.0,0.0,4.0,1.0,1.0,0.0,2.0,2.0,0.0,82.0,3.0,17.0,3.0,11.0
2025,Round 21,2025-08-03,Carlton,home,CD_M20250142108,45,Flynn Young,CD_I1020877,0.0,0.0,0.0,1.0,0.0,0.0,0.0,0.0,0.0,0.0,0.0,0.0,61.5,8.0,9.0,50.0,12.0,6.0,0.0,1.0,0.0,0.0,0.0,0.0,0.0,6.0,7.0,0.0,0.0,0.0,0.0,2.0,0.0,2.0,0.0,0.7,0.0,0.0,5.0,1.0,0.0,0.0,151.0,1.0,18.0,7.1,0.0,0.0,1.0,1.0,0.0,0.0,2.0,4.0,1.0,71.0,3.0,13.0,2.0,5.0
2025,Round 21,2025-08-03,Carlton,home,CD_M20250142108,33,Lewis Young,CD_I997316,0.0,0.0,0.0,0.0,5.0,0.0,0.0,0.0,0.0,0.0,0.0,1.0,41.2,7.0,3.0,81.3,16.0,13.0,5.0,0.0,3.0,2.0,0.0,0.0,0.0,4.0,9.0,0.0,0.0,0.0,0.0,0.0,2.0,9.0,71.4,0.8,0.0,0.0,7.0,5.0,0.0,0.0,215.0,10.0,3.0,9.6,5.0,0.0,1.0,0.0,0.0,10.0,0.0,1.0,0.0,92.0,0.0,17.0,4.0,10.0
2025,Round 22,2025-08-09,Port Adelaide,away,CD_M20250142201,21,Aliir Aliir,CD_I294469,0.0,1.0,0.0,0.0,3.0,25.0,1.0,4.0,0.0,0.0,0.0,5.0,42.9,9.0,8.0,95.5,22.0,21.0,17.0,0.0,2.0,1.0,100.0,0.0,1.0,3.0,4.0,0.0,0.0,0.0,0.0,2.0,6.0,12.0,94.4,4.5,0.0,0.0,18.0,17.0,0.0,0.0,412.0,9.0,9.0,14.6,3.0,0.0,5.0,3.0,1.0,8.0,0.0,1.0,0.0,100.0,0.0,21.0,3.0,12.0
2025,Round 22,2025-08-09,Port Adelaide,away,CD_M20250142201,5,Joe Berry,CD_I1028529,0.0,0.0,0.0,0.0,2.0,0.0,0.0,0.0,0.0,0.0,0.0,0.0,38.5,5.0,5.0,69.2,13.0,9.0,5.0,1.0,0.0,1.0,50.0,0.0,1.0,4.0,6.0,0.0,0.0,0.0,0.0,1.0,1.0,1.0,71.4,1.2,0.0,0.0,7.0,3.0,0.0,0.0,66.0,0.0,13.0,6.0,1.0,0.0,3.0,0.0,2.0,0.0,1.0,5.0,1.0,75.0,1.0,13.0,3.0,8.0
2025,Round 22,2025-08-09,Port Adelaide,away,CD_M20250142201,10,Travis Boak,CD_I250365,0.0,0.0,1.0,0.0,3.0,0.0,0.0,0.0,0.0,0.0,0.0,1.0,23.8,5.0,5.0,90.9,22.0,20.0,9.0,1.0,1.0,1.0,0.0,2.0,0.0,3.0,11.0,0.0,0.0,0.0,0.0,3.0,0.0,2.0,81.8,1.0,0.0,0.0,11.0,10.0,0.0,2.0,303.0,0.0,14.0,9.7,1.0,0.0,3.0,0.0,0.0,0.0,0.0,5.0,0.0,80.0,0.0,21.0,1.0,16.0
2025,Round 22,2025-08-09,Port Adelaide,away,CD_M20250142201,9,Zak Butters,CD_I1006121,1.0,2.0,25.0,5.0,0.0,0.0,0.0,0.0,0.0,0.0,0.0,1.0,31.0,9.0,14.0,75.9,29.0,22.0,14.0,0.0,0.0,3.0,0.0,2.0,0.0,3.0,9.0,0.0,0.0,0.0,0.0,7.0,0.0,0.0,70.0,2.2,0.0,0.0,20.0,8.0,0.0,1.0,660.0,0.0,18.0,18.9,5.0,0.0,8.0,1.0,1.0,0.0,0.0,4.0,1.0,84.0,5.0,29.0,5.0,20.0
2025,Round 22,2025-08-09,Port Adelaide,away,CD_M20250142201,33,Darcy Byrne-Jones,CD_I991930,0.0,0.0,0.0,0.0,3.0,0.0,0.0,0.0,0.0,0.0,0.0,0.0,36.8,7.0,16.0,73.7,19.0,14.0,9.0,0.0,1.0,2.0,0.0,0.0,0.0,5.0,7.0,0.0,0.0,0.0,0.0,2.0,3.0,11.0,75.0,1.7,0.0,0.0,12.0,7.0,0.0,0.0,210.0,1.0,17.0,8.0,5.0,0.0,1.0,0.0,0.0,1.0,0.0,3.0,0.0,83.0,0.0,19.0,4.0,12.0
2025,Round 22,2025-08-09,Port Adelaide,away,CD_M20250142201,28,Willem Drew,CD_I1000972,1.0,0.0,22.0,1.0,3.0,0.0,0.0,0.0,1.0,1.0,100.0,0.0,27.8,5.0,10.0,64.7,17.0,11.0,3.0,0.0,1.0,0.0,0.0,0.0,0.0,3.0,11.0,0.0,0.0,0.0,0.0,3.0,0.0,1.0,50.0,0.5,0.0,0.0,6.0,2.0,1.0,0.0,199.0,2.0,26.0,5.5,0.0,0.0,6.0,1.0,1.0,1.0,1.0,6.0,2.0,85.0,2.0,18.0,2.0,13.0
2025,Round 22,2025-08-09,Port Adelaide,away,CD_M20250142201,6,Kane Farrell,CD_I1002253,0.0,1.0,0.0,0.0,4.0,0.0,0.0,1.0,0.0,0.0,0.0,0.0,23.5,4.0,9.0,80.0,25.0,20.0,18.0,0.0,0.0,1.0,0.0,0.0,0.0,2.0,4.0,0.0,0.0,0.0,0.0,0.0,1.0,3.0,85.7,5.3,8.0,8.0,21.0,7.0,0.0,0.0,588.0,3.0,9.0,9.0,8.0,0.0,1.0,0.0,0.0,3.0,1.0,3.0,0.0,86.0,1.0,17.0,6.0,13.0
2025,Round 22,2025-08-09,Port Adelaide,away,CD_M20250142201,19,Mitch Georgiades,CD_I1010174,1.0,0.0,0.0,0.0,5.0,0.0,0.0,0.0,3.0,1.0,33.3,3.0,30.8,4.0,0.0,58.3,12.0,7.0,6.0,0.0,2.0,2.0,50.0,0.0,2.0,0.0,2.0,0.0,0.0,0.0,0.0,3.0,0.0,0.0,60.0,5.0,0.0,0.0,10.0,9.0,3.0,5.0,266.0,3.0,3.0,6.6,0.0,0.0,5.0,0.0,4.0,3.0,0.0,0.0,0.0,89.0,0.0,13.0,7.0,9.0
2025,Round 22,2025-08-09,Port Adelaide,away,CD_M20250142201,50,Mani Liddy,CD_I1008649,0.0,0.0,0.0,0.0,2.0,0.0,0.0,0.0,0.0,0.0,0.0,0.0,25.0,4.0,7.0,62.5,16.0,10.0,7.0,1.0,0.0,1.0,0.0,1.0,0.0,3.0,4.0,0.0,0.0,0.0,0.0,2.0,0.0,5.0,58.3,3.0,0.0,0.0,12.0,4.0,0.0,0.0,315.0,1.0,11.0,3.0,2.0,0.0,3.0,0.0,0.0,1.0,0.0,2.0,0.0,89.0,0.0,16.0,1.0,12.0
2025,Round 22,2025-08-09,Port Adelaide,away,CD_M20250142201,30,Ollie Lord,CD_I1012881,0.0,0.0,0.0,0.0,1.0,0.0,0.0,0.0,0.0,0.0,0.0,1.0,42.9,3.0,2.0,83.3,6.0,5.0,2.0,0.0,0.0,0.0,0.0,0.0,0.0,1.0,3.0,0.0,0.0,0.0,0.0,0.0,1.0,3.0,66.7,1.0,0.0,0.0,3.0,5.0,0.0,0.0,-14.0,7.0,2.0,6.0,0.0,0.0,0.0,0.0,0.0,6.0,0.0,0.0,0.0,82.0,0.0,7.0,1.0,4.0
2025,Round 22,2025-08-09,Port Adelaide,away,CD_M20250142201,36,Will Lorenz,CD_I1029262,1.0,0.0,0.0,0.0,3.0,0.0,0.0,0.0,0.0,0.0,0.0,0.0,45.0,9.0,8.0,60.0,20.0,12.0,4.0,1.0,0.0,2.0,0.0,0.0,0.0,7.0,9.0,0.0,0.0,0.0,0.0,0.0,0.0,5.0,36.4,1.2,0.0,0.0,11.0,4.0,1.0,1.0,321.0,2.0,19.0,9.0,1.0,0.0,4.0,0.0,2.0,1.0,1.0,0.0,0.0,75.0,1.0,20.0,4.0,11.0
2025,Round 22,2025-08-09,Port Adelaide,away,CD_M20250142201,12,Jack Lukosius,CD_I1004095,0.0,0.0,0.0,0.0,2.0,0.0,0.0,0.0,1.0,0.0,0.0,0.0,33.3,3.0,0.0,88.9,9.0,8.0,5.0,1.0,0.0,0.0,100.0,0.0,2.0,3.0,3.0,0.0,0.0,0.0,0.0,4.0,0.0,1.0,83.3,2.0,0.0,0.0,6.0,5.0,1.0,3.0,218.0,0.0,1.0,9.5,0.0,0.0,4.0,0.0,2.0,0.0,0.0,0.0,0.0,57.0,0.0,9.0,3.0,6.0
2025,Round 22,2025-08-09,Port Adelaide,away,CD_M20250142201,41,Jed McEntee,CD_I1004819,1.0,0.0,0.0,0.0,5.0,0.0,0.0,0.0,0.0,0.0,0.0,0.0,66.7,8.0,6.0,50.0,12.0,6.0,2.0,3.0,1.0,2.0,66.7,0.0,2.0,6.0,5.0,0.0,0.0,0.0,0.0,2.0,0.0,2.0,28.6,1.4,0.0,0.0,7.0,1.0,1.0,0.0,184.0,0.0,20.0,8.9,0.0,0.0,6.0,1.0,3.0,0.0,0.0,4.0,2.0,76.0,0.0,12.0,3.0,4.0
2025,Round 22,2025-08-09,Port Adelaide,away,CD_M20250142201,44,Jackson Mead,CD_I1005326,0.0,0.0,0.0,0.0,5.0,0.0,0.0,0.0,0.0,0.0,0.0,1.0,38.5,5.0,7.0,57.1,14.0,8.0,2.0,0.0,1.0,0.0,0.0,0.0,0.0,4.0,7.0,0.0,0.0,0.0,0.0,1.0,1.0,5.0,28.6,1.0,2.0,0.0,7.0,2.0,0.0,1.0,190.0,2.0,9.0,5.6,2.0,0.0,0.0,0.0,0.0,2.0,0.0,2.0,1.0,87.0,0.0,13.0,4.0,8.0
2025,Round 22,2025-08-09,Port Adelaide,away,CD_M20250142201,31,Christian Moraes,CD_I1028563,0.0,0.0,0.0,0.0,0.0,0.0,0.0,0.0,0.0,0.0,0.0,0.0,100.0,1.0,2.0,100.0,1.0,1.0,0.0,0.0,0.0,0.0,0.0,0.0,0.0,1.0,1.0,0.0,0.0,0.0,0.0,0.0,0.0,0.0,0.0,0.0,0.0,0.0,0.0,0.0,0.0,0.0,-6.0,0.0,5.0,1.9,0.0,0.0,0.0,0.0,0.0,0.0,0.0,1.0,0.0,17.0,0.0,1.0,0.0,0.0
2025,Round 22,2025-08-09,Port Adelaide,away,CD_M20250142201,35,Joe Richards,CD_I1008239,1.0,1.0,0.0,0.0,3.0,0.0,0.0,0.0,1.0,0.0,0.0,0.0,25.0,3.0,2.0,69.2,13.0,9.0,6.0,3.0,0.0,0.0,50.0,1.0,1.0,3.0,3.0,0.0,0.0,0.0,0.0,2.0,0.0,2.0,60.0,3.3,0.0,0.0,10.0,2.0,0.0,0.0,234.0,0.0,8.0,9.4,0.0,0.0,6.0,1.0,2.0,0.0,0.0,1.0,0.0,77.0,0.0,12.0,2.0,9.0
2025,Round 22,2025-08-09,Port Adelaide,away,CD_M20250142201,15,Willie Rioli,CD_I296225,0.0,0.0,0.0,0.0,0.0,0.0,0.0,0.0,0.0,0.0,0.0,0.0,85.7,6.0,1.0,62.5,8.0,5.0,3.0,3.0,0.0,1.0,100.0,0.0,2.0,5.0,2.0,0.0,0.0,0.0,0.0,2.0,0.0,2.0,50.0,3.0,0.0,0.0,6.0,0.0,0.0,0.0,122.0,2.0,7.0,6.8,1.0,0.0,4.0,2.0,2.0,1.0,2.0,3.0,2.0,84.0,2.0,7.0,0.0,1.0
2025,Round 22,2025-08-09,Port Adelaide,away,CD_M20250142201,1,Connor Rozee,CD_I1001299,0.0,0.0,22.0,0.0,3.0,0.0,0.0,0.0,0.0,0.0,0.0,0.0,33.3,6.0,11.0,73.7,19.0,14.0,7.0,4.0,1.0,1.0,100.0,0.0,2.0,5.0,9.0,0.0,0.0,0.0,0.0,1.0,0.0,1.0,70.0,1.1,1.0,1.0,10.0,7.0,2.0,2.0,67.0,1.0,26.0,8.1,1.0,0.0,4.0,1.0,2.0,1.0,1.0,6.0,2.0,80.0,1.0,18.0,0.0,12.0
2025,Round 22,2025-08-09,Port Adelaide,away,CD_M20250142201,8,Josh Sinn,CD_I1017078,0.0,0.0,0.0,0.0,3.0,0.0,0.0,1.0,0.0,0.0,0.0,0.0,28.6,4.0,3.0,76.5,17.0,13.0,9.0,0.0,1.0,2.0,0.0,0.0,0.0,2.0,5.0,0.0,0.0,0.0,0.0,1.0,0.0,4.0,75.0,2.4,2.0,2.0,12.0,3.0,0.0,0.0,310.0,3.0,4.0,2.6,2.0,0.0,1.0,1.0,0.0,2.0,1.0,2.0,0.0,65.0,1.0,14.0,3.0,10.0
2025,Round 22,2025-08-09,Port Adelaide,away,CD_M20250142201,24,Jordon Sweet,CD_I992330,0.0,0.0,26.0,2.0,4.0,0.0,0.0,0.0,1.0,0.0,0.0,0.0,35.7,5.0,8.0,57.1,14.0,8.0,3.0,0.0,0.0,2.0,0.0,0.0,0.0,1.0,8.0,30.3,55.9,33.0,10.0,4.0,0.0,1.0,50.0,0.8,0.0,0.0,6.0,1.0,1.0,0.0,271.0,5.0,15.0,8.4,3.0,59.0,6.0,5.0,1.0,5.0,2.0,0.0,0.0,87.0,4.0,14.0,4.0,9.0
2025,Round 22,2025-08-09,Port Adelaide,away,CD_M20250142201,17,Jack Whitlock,CD_I1032053,1.0,0.0,4.0,1.0,1.0,0.0,0.0,0.0,3.0,0.0,0.0,0.0,50.0,4.0,7.0,42.9,7.0,3.0,1.0,1.0,0.0,2.0,0.0,0.0,0.0,2.0,4.0,0.0,8.3,1.0,0.0,0.0,0.0,0.0,33.3,0.8,0.0,0.0,3.0,1.0,1.0,0.0,74.0,2.0,13.0,3.3,1.0,12.0,4.0,1.0,1.0,2.0,0.0,3.0,0.0,75.0,1.0,8.0,2.0,4.0
2025,Round 22,2025-08-09,Port Adelaide,away,CD_M20250142201,16,Ollie Wines,CD_I294318,0.0,0.0,20.0,1.0,2.0,0.0,0.0,0.0,1.0,0.0,0.0,0.0,53.6,15.0,8.0,68.0,25.0,17.0,6.0,1.0,0.0,5.0,0.0,0.0,0.0,6.0,15.0,0.0,0.0,0.0,0.0,5.0,1.0,5.0,60.0,0.7,0.0,0.0,10.0,3.0,0.0,0.0,359.0,1.0,17.0,9.5,1.0,0.0,6.0,2.0,0.0,0.0,5.0,4.0,0.0,69.0,6.0,28.0,4.0,13.0
2025,Round 22,2025-08-09,Port Adelaide,away,CD_M20250142201,25,Brandon Zerk-Thatcher,CD_I1004034,0.0,0.0,0.0,0.0,3.0,0.0,0.0,1.0,0.0,0.0,0.0,1.0,20.0,2.0,8.0,81.8,11.0,9.0,8.0,0.0,1.0,0.0,0.0,0.0,0.0,1.0,1.0,0.0,0.0,0.0,0.0,1.0,2.0,3.0,80.0,10.0,1.0,1.0,10.0,6.0,0.0,0.0,204.0,4.0,8.0,6.0,2.0,0.0,2.0,2.0,0.0,4.0,0.0,1.0,0.0,97.0,0.0,10.0,2.0,8.0
2025,Round 23,2025-08-15,Brisbane Lions,home,CD_M20250142308,4,Callum Ah Chee,CD_I298437,1.0,0.0,0.0,0.0,2.0,0.0,0.0,0.0,0.0,0.0,0.0,0.0,14.3,2.0,2.0,85.7,14.0,12.0,10.0,1.0,1.0,0.0,50.0,1.0,1.0,2.0,2.0,0.0,0.0,0.0,0.0,3.0,1.0,2.0,83.3,6.0,0.0,0.0,12.0,9.0,2.0,1.0,174.0,0.0,5.0,5.2,1.0,0.0,7.0,1.0,2.0,0.0,0.0,1.0,0.0,77.0,0.0,14.0,1.0,12.0
2025,Round 23,2025-08-15,Brisbane Lions,home,CD_M20250142308,31,Harris Andrews,CD_I996059,0.0,0.0,0.0,0.0,1.0,0.0,0.0,2.0,0.0,0.0,0.0,2.0,27.8,5.0,5.0,88.2,17.0,15.0,14.0,0.0,0.0,2.0,0.0,1.0,0.0,1.0,3.0,0.0,0.0,0.0,0.0,1.0,4.0,7.0,100.0,4.7,1.0,0.0,14.0,13.0,0.0,0.0,236.0,7.0,5.0,14.2,3.0,0.0,7.0,5.0,0.0,6.0,0.0,0.0,0.0,97.0,0.0,18.0,2.0,13.0
2025,Round 23,2025-08-15,Brisbane Lions,home,CD_M20250142308,10,Levi Ashcroft,CD_I1028560,0.0,0.0,7.0,1.0,2.0,0.0,0.0,0.0,0.0,0.0,0.0,0.0,50.0,10.0,1.0,63.2,19.0,12.0,9.0,1.0,0.0,1.0,0.0,0.0,0.0,6.0,4.0,0.0,0.0,0.0,0.0,4.0,0.0,1.0,60.0,3.8,0.0,0.0,15.0,5.0,0.0,0.0,387.0,4.0,8.0,7.3,3.0,0.0,2.0,1.0,0.0,1.0,5.0,2.0,2.0,86.0,6.0,20.0,7.0,10.0
2025,Round 23,2025-08-15,Brisbane Lions,home,CD_M20250142308,8,Will Ashcroft,CD_I1023517,1.0,1.0,11.0,0.0,3.0,0.0,0.0,0.0,0.0,0.0,0.0,0.0,27.3,6.0,7.0,65.2,23.0,15.0,8.0,1.0,0.0,0.0,0.0,0.0,0.0,6.0,11.0,0.0,0.0,0.0,0.0,5.0,0.0,1.0,66.7,1.1,0.0,0.0,12.0,7.0,0.0,1.0,220.0,0.0,14.0,1.7,0.0,0.0,4.0,0.0,1.0,0.0,2.0,1.0,0.0,86.0,2.0,22.0,5.0,16.0
2025,Round 23,2025-08-15,Brisbane Lions,home,CD_M20250142308,33,Zac Bailey,CD_I1002312,2.0,1.0,9.0,1.0,3.0,0.0,0.0,0.0,0.0,0.0,0.0,0.0,34.6,9.0,5.0,71.4,28.0,20.0,12.0,3.0,1.0,2.0,40.0,1.0,2.0,7.0,11.0,0.0,0.0,0.0,0.0,5.0,1.0,4.0,70.6,1.5,0.0,0.0,17.0,10.0,2.0,1.0,443.0,1.0,15.0,16.8,1.0,0.0,10.0,3.0,5.0,1.0,2.0,2.0,2.0,82.0,3.0,26.0,2.0,17.0
2025,Round 23,2025-08-15,Brisbane Lions,home,CD_M20250142308,17,Luke Beecken,CD_I1008805,0.0,0.0,0.0,0.0,0.0,0.0,0.0,0.0,0.0,0.0,0.0,0.0,0.0,0.0,1.0,66.7,3.0,2.0,1.0,0.0,0.0,0.0,0.0,0.0,0.0,0.0,2.0,0.0,0.0,0.0,0.0,0.0,0.0,0.0,100.0,0.5,0.0,0.0,1.0,1.0,0.0,1.0,48.0,1.0,2.0,0.9,0.0,0.0,0.0,0.0,0.0,0.0,0.0,0.0,0.0,11.0,0.0,3.0,1.0,3.0
2025,Round 23,2025-08-15,Brisbane Lions,home,CD_M20250142308,7,Jarrod Berry,CD_I998133,0.0,0.0,0.0,0.0,3.0,0.0,0.0,0.0,0.0,0.0,0.0,0.0,38.1,8.0,10.0,90.0,20.0,18.0,12.0,1.0,2.0,2.0,0.0,0.0,0.0,7.0,8.0,0.0,0.0,0.0,0.0,2.0,1.0,7.0,100.0,1.5,0.0,0.0,12.0,7.0,0.0,0.0,358.0,0.0,14.0,9.3,4.0,0.0,3.0,3.0,0.0,0.0,1.0,2.0,0.0,74.0,1.0,21.0,3.0,13.0
2025,Round 23,2025-08-15,Brisbane Lions,home,CD_M20250142308,23,Charlie Cameron,CD_I990609,1.0,0.0,0.0,0.0,4.0,0.0,0.0,0.0,2.0,0.0,0.0,0.0,38.5,5.0,1.0,61.5,13.0,8.0,6.0,2.0,2.0,1.0,75.0,1.0,3.0,4.0,3.0,0.0,0.0,0.0,0.0,3.0,0.0,1.0,60.0,3.3,0.0,0.0,10.0,4.0,1.0,2.0,201.0,0.0,6.0,8.0,0.0,0.0,6.0,1.0,4.0,0.0,0.0,2.0,2.0,81.0,0.0,13.0,6.0,8.0
2025,Round 23,2025-08-15,Brisbane Lions,home,CD_M20250142308,14,Sam Day,CD_I291753,0.0,0.0,4.0,0.0,3.0,0.0,0.0,1.0,3.0,0.0,0.0,1.0,25.0,2.0,2.0,62.5,8.0,5.0,3.0,0.0,3.0,0.0,0.0,0.0,0.0,1.0,2.0,0.0,25.0,2.0,0.0,1.0,1.0,2.0,50.0,3.0,0.0,0.0,6.0,5.0,0.0,0.0,147.0,2.0,4.0,1.4,1.0,8.0,2.0,0.0,0.0,2.0,0.0,0.0,0.0,67.0,0.0,8.0,2.0,6.0
2025,Round 23,2025-08-15,Brisbane Lions,home,CD_M20250142308,5,Josh Dunkley,CD_I993834,0.0,0.0,16.0,0.0,2.0,0.0,0.0,0.0,0.0,0.0,0.0,0.0,41.7,10.0,7.0,87.5,24.0,21.0,8.0,3.0,1.0,1.0,0.0,0.0,0.0,10.0,14.0,0.0,0.0,0.0,0.0,1.0,0.0,2.0,80.0,0.7,0.0,0.0,10.0,5.0,0.0,0.0,206.0,1.0,21.0,14.4,1.0,0.0,7.0,3.0,0.0,1.0,4.0,5.0,0.0,80.0,4.0,24.0,4.0,14.0
2025,Round 23,2025-08-15,Brisbane Lions,home,CD_M20250142308,3,Jaspa Fletcher,CD_I1023708,0.0,0.0,0.0,0.0,3.0,0.0,0.0,0.0,0.0,0.0,0.0,2.0,21.9,7.0,10.0,81.3,32.0,26.0,17.0,1.0,1.0,0.0,0.0,0.0,0.0,5.0,11.0,0.0,0.0,0.0,0.0,4.0,3.0,7.0,81.0,1.9,1.0,0.0,21.0,17.0,0.0,0.0,256.0,1.0,13.0,9.3,3.0,0.0,2.0,1.0,0.0,0.0,0.0,2.0,0.0,85.0,0.0,32.0,4.0,25.0
2025,Round 23,2025-08-15,Brisbane Lions,home,CD_M20250142308,32,Darcy Fort,CD_I298211,0.0,0.0,19.0,1.0,3.0,100.0,2.0,2.0,0.0,0.0,0.0,2.0,73.3,11.0,10.0,69.2,13.0,9.0,6.0,1.0,2.0,1.0,100.0,0.0,1.0,4.0,4.0,17.6,29.3,17.0,3.0,1.0,0.0,2.0,66.7,2.3,0.0,0.0,9.0,4.0,1.0,0.0,175.0,6.0,20.0,15.2,1.0,58.0,3.0,2.0,1.0,2.0,4.0,2.0,0.0,81.0,5.0,15.0,3.0,4.0
2025,Round 23,2025-08-15,Brisbane Lions,home,CD_M20250142308,27,Darcy Gardiner,CD_I296269,0.0,0.0,0.0,0.0,2.0,50.0,1.0,2.0,1.0,0.0,0.0,0.0,23.1,3.0,2.0,69.2,13.0,9.0,6.0,0.0,0.0,0.0,0.0,0.0,0.0,3.0,3.0,0.0,0.0,0.0,0.0,0.0,0.0,3.0,60.0,3.3,0.0,0.0,10.0,8.0,0.0,0.0,95.0,6.0,6.0,3.6,5.0,0.0,1.0,0.0,0.0,6.0,0.0,0.0,0.0,90.0,0.0,13.0,3.0,10.0
2025,Round 23,2025-08-15,Brisbane Lions,home,CD_M20250142308,30,Eric Hipwood,CD_I993953,0.0,0.0,0.0,0.0,1.0,0.0,0.0,0.0,2.0,0.0,0.0,0.0,0.0,0.0,1.0,100.0,3.0,3.0,3.0,0.0,1.0,0.0,0.0,0.0,0.0,0.0,0.0,0.0,0.0,0.0,0.0,2.0,0.0,0.0,100.0,3.0,0.0,0.0,3.0,3.0,0.0,1.0,69.0,1.0,7.0,0.5,0.0,0.0,1.0,0.0,0.0,1.0,0.0,2.0,1.0,76.0,0.0,3.0,1.0,3.0
2025,Round 23,2025-08-15,Brisbane Lions,home,CD_M20250142308,35,Ryan Lester,CD_I291548,0.0,0.0,0.0,0.0,1.0,0.0,0.0,0.0,0.0,0.0,0.0,1.0,25.0,4.0,7.0,82.4,17.0,14.0,10.0,0.0,0.0,0.0,100.0,0.0,1.0,3.0,4.0,0.0,0.0,0.0,0.0,3.0,2.0,6.0,76.9,3.3,1.0,0.0,13.0,10.0,0.0,1.0,352.0,3.0,8.0,17.9,3.0,0.0,5.0,2.0,1.0,3.0,0.0,2.0,0.0,87.0,0.0,16.0,3.0,12.0
2025,Round 23,2025-08-15,Brisbane Lions,home,CD_M20250142308,20,Sam Marshall,CD_I1028520,1.0,0.0,0.0,0.0,1.0,0.0,0.0,0.0,0.0,0.0,0.0,0.0,19.0,4.0,4.0,71.4,21.0,15.0,9.0,0.0,0.0,1.0,0.0,1.0,0.0,3.0,7.0,0.0,0.0,0.0,0.0,2.0,0.0,2.0,64.3,2.0,0.0,0.0,14.0,8.0,1.0,0.0,270.0,0.0,7.0,4.4,3.0,0.0,6.0,0.0,1.0,0.0,1.0,3.0,0.0,76.0,1.0,21.0,3.0,17.0
2025,Round 23,2025-08-15,Brisbane Lions,home,CD_M20250142308,6,Hugh McCluggage,CD_I1000978,1.0,1.0,21.0,3.0,2.0,0.0,0.0,0.0,0.0,0.0,0.0,0.0,37.9,11.0,3.0,71.4,28.0,20.0,7.0,0.0,0.0,0.0,50.0,0.0,1.0,9.0,14.0,0.0,0.0,0.0,0.0,3.0,0.0,0.0,50.0,1.0,0.0,0.0,14.0,4.0,3.0,0.0,425.0,1.0,17.0,13.5,3.0,0.0,4.0,0.0,2.0,0.0,5.0,1.0,0.0,77.0,8.0,29.0,4.0,18.0
2025,Round 23,2025-08-15,Brisbane Lions,home,CD_M20250142308,13,Logan Morris,CD_I1028019,2.0,2.0,0.0,0.0,3.0,0.0,0.0,0.0,3.0,1.0,33.3,2.0,61.5,8.0,0.0,66.7,12.0,8.0,6.0,1.0,1.0,4.0,57.1,1.0,4.0,3.0,3.0,0.0,0.0,0.0,0.0,3.0,0.0,0.0,66.7,3.0,0.0,0.0,9.0,3.0,2.0,0.0,301.0,1.0,5.0,15.0,0.0,0.0,9.0,0.0,7.0,1.0,0.0,1.0,1.0,83.0,0.0,13.0,3.0,5.0
2025,Round 23,2025-08-15,Brisbane Lions,home,CD_M20250142308,16,Cam Rayner,CD_I1002235,0.0,0.0,5.0,1.0,3.0,0.0,0.0,0.0,0.0,0.0,0.0,1.0,28.6,4.0,8.0,84.6,13.0,11.0,6.0,0.0,2.0,2.0,66.7,0.0,2.0,1.0,5.0,0.0,0.0,0.0,0.0,1.0,0.0,1.0,75.0,1.6,0.0,0.0,8.0,3.0,1.0,0.0,200.0,0.0,13.0,11.0,0.0,0.0,5.0,0.0,3.0,0.0,0.0,3.0,0.0,92.0,1.0,14.0,2.0,10.0
2025,Round 23,2025-08-15,Brisbane Lions,home,CD_M20250142308,38,Bruce Reville,CD_I1009317,1.0,0.0,0.0,0.0,1.0,0.0,0.0,0.0,0.0,0.0,0.0,0.0,33.3,4.0,1.0,61.5,13.0,8.0,6.0,2.0,0.0,0.0,0.0,2.0,0.0,4.0,3.0,0.0,0.0,0.0,0.0,2.0,1.0,3.0,60.0,3.3,0.0,0.0,10.0,4.0,1.0,1.0,382.0,0.0,5.0,7.2,0.0,0.0,3.0,0.0,1.0,0.0,0.0,1.0,0.0,70.0,0.0,12.0,1.0,8.0
2025,Round 23,2025-08-15,Brisbane Lions,home,CD_M20250142308,37,Brandon Starcevich,CD_I1002401,0.0,0.0,0.0,0.0,1.0,100.0,1.0,1.0,0.0,0.0,0.0,0.0,16.7,2.0,8.0,92.3,13.0,12.0,10.0,0.0,1.0,1.0,0.0,0.0,0.0,2.0,2.0,0.0,0.0,0.0,0.0,1.0,0.0,3.0,90.9,5.5,0.0,0.0,11.0,9.0,0.0,0.0,251.0,2.0,10.0,3.9,3.0,0.0,2.0,0.0,0.0,2.0,1.0,1.0,0.0,75.0,1.0,12.0,2.0,10.0
2025,Round 23,2025-08-15,Brisbane Lions,home,CD_M20250142308,44,Darcy Wilmot,CD_I1017067,0.0,3.0,0.0,0.0,0.0,0.0,0.0,1.0,0.0,0.0,0.0,1.0,44.4,8.0,5.0,85.7,21.0,18.0,14.0,0.0,0.0,2.0,0.0,1.0,0.0,5.0,6.0,0.0,0.0,0.0,0.0,3.0,2.0,10.0,93.3,2.5,2.0,2.0,15.0,8.0,0.0,0.0,399.0,1.0,5.0,12.4,2.0,0.0,6.0,2.0,0.0,1.0,0.0,2.0,0.0,84.0,0.0,18.0,2.0,10.0
2025,Round 23,2025-08-15,Brisbane Lions,home,CD_M20250142308,15,Dayne Zorko,CD_I261224,0.0,0.0,0.0,0.0,0.0,0.0,0.0,0.0,0.0,0.0,0.0,0.0,15.0,3.0,9.0,88.9,27.0,24.0,20.0,0.0,0.0,0.0,0.0,0.0,0.0,3.0,5.0,0.0,0.0,0.0,0.0,1.0,0.0,1.0,90.9,4.4,9.0,7.0,22.0,12.0,0.0,0.0,549.0,1.0,13.0,9.7,5.0,0.0,6.0,2.0,0.0,1.0,0.0,2.0,1.0,81.0,0.0,20.0,2.0,17.0
2025,Round 24,2025-08-24,Western Bulldogs,away,CD_M20250142404,13,Oskar Baker,CD_I1008855,1.0,2.0,0.0,0.0,2.0,0.0,0.0,0.0,0.0,0.0,0.0,0.0,23.8,5.0,9.0,80.0,20.0,16.0,8.0,1.0,0.0,0.0,50.0,2.0,1.0,4.0,10.0,0.0,0.0,0.0,0.0,3.0,0.0,0.0,80.0,1.0,0.0,0.0,10.0,1.0,0.0,0.0,393.0,1.0,16.0,13.9,0.0,0.0,10.0,1.0,2.0,0.0,2.0,4.0,1.0,74.0,2.0,21.0,2.0,16.0
2025,Round 24,2025-08-24,Western Bulldogs,away,CD_M20250142404,4,Marcus Bontempelli,CD_I297373,1.0,1.0,29.0,5.0,4.0,0.0,0.0,0.0,0.0,0.0,0.0,1.0,51.4,18.0,10.0,69.7,33.0,23.0,11.0,0.0,1.0,1.0,66.7,0.0,2.0,10.0,14.0,0.0,0.0,0.0,0.0,9.0,1.0,2.0,57.9,1.4,0.0,0.0,19.0,7.0,1.0,0.0,680.0,3.0,24.0,28.7,1.0,0.0,8.0,1.0,3.0,0.0,6.0,6.0,2.0,90.0,11.0,35.0,5.0,17.0
2025,Round 24,2025-08-24,Western Bulldogs,away,CD_M20250142404,29,Lachlan Bramble,CD_I1000864,0.0,0.0,0.0,0.0,2.0,0.0,0.0,2.0,0.0,0.0,0.0,0.0,21.4,3.0,6.0,71.4,14.0,10.0,5.0,0.0,0.0,2.0,0.0,0.0,0.0,1.0,5.0,0.0,0.0,0.0,0.0,3.0,0.0,3.0,55.6,1.8,0.0,0.0,9.0,5.0,0.0,0.0,319.0,0.0,7.0,3.6,4.0,0.0,3.0,0.0,0.0,0.0,0.0,2.0,0.0,76.0,0.0,14.0,4.0,11.0
2025,Round 24,2025-08-24,Western Bulldogs,away,CD_M20250142404,5,Jedd Busslinger,CD_I1023017,0.0,0.0,0.0,0.0,4.0,0.0,0.0,2.0,0.0,0.0,0.0,0.0,66.7,6.0,3.0,87.5,8.0,7.0,5.0,0.0,2.0,0.0,0.0,0.0,0.0,6.0,2.0,0.0,0.0,0.0,0.0,2.0,0.0,7.0,83.3,3.0,0.0,0.0,6.0,2.0,0.0,0.0,139.0,4.0,3.0,0.7,1.0,0.0,2.0,2.0,0.0,4.0,0.0,0.0,0.0,47.0,0.0,9.0,3.0,3.0
2025,Round 24,2025-08-24,Western Bulldogs,away,CD_M20250142404,36,Luke Cleary,CD_I1015929,0.0,1.0,0.0,0.0,0.0,0.0,0.0,1.0,0.0,0.0,0.0,2.0,40.0,4.0,7.0,72.7,11.0,8.0,4.0,0.0,0.0,0.0,0.0,0.0,0.0,2.0,5.0,0.0,0.0,0.0,0.0,0.0,2.0,4.0,66.7,1.2,2.0,1.0,6.0,4.0,0.0,0.0,194.0,0.0,8.0,5.9,3.0,0.0,3.0,1.0,0.0,0.0,0.0,1.0,0.0,79.0,0.0,10.0,2.0,6.0
2025,Round 24,2025-08-24,Western Bulldogs,away,CD_M20250142404,16,Jordan Croft,CD_I1013996,2.0,0.0,0.0,0.0,3.0,0.0,0.0,0.0,0.0,0.0,0.0,1.0,38.5,5.0,4.0,61.5,13.0,8.0,3.0,1.0,1.0,2.0,50.0,0.0,2.0,2.0,8.0,0.0,0.0,0.0,0.0,1.0,0.0,1.0,60.0,0.6,0.0,0.0,5.0,6.0,3.0,1.0,123.0,2.0,9.0,-0.2,0.0,0.0,7.0,0.0,4.0,2.0,1.0,1.0,0.0,81.0,1.0,13.0,1.0,8.0
2025,Round 24,2025-08-24,Western Bulldogs,away,CD_M20250142404,31,Bailey Dale,CD_I996708,0.0,3.0,0.0,0.0,5.0,0.0,0.0,0.0,0.0,0.0,0.0,0.0,20.0,4.0,4.0,69.6,23.0,16.0,11.0,1.0,1.0,1.0,0.0,1.0,0.0,4.0,6.0,0.0,0.0,0.0,0.0,1.0,1.0,4.0,64.7,2.8,4.0,3.0,17.0,4.0,0.0,0.0,538.0,0.0,9.0,5.8,6.0,0.0,8.0,6.0,1.0,0.0,1.0,1.0,0.0,81.0,1.0,20.0,3.0,16.0
2025,Round 24,2025-08-24,Western Bulldogs,away,CD_M20250142404,10,Sam Darcy,CD_I1017126,1.0,0.0,5.0,1.0,3.0,0.0,0.0,0.0,7.0,3.0,42.9,5.0,85.7,12.0,5.0,50.0,14.0,7.0,3.0,1.0,3.0,0.0,0.0,0.0,0.0,5.0,7.0,0.0,22.2,4.0,0.0,3.0,0.0,2.0,42.9,1.0,0.0,0.0,7.0,5.0,1.0,0.0,165.0,1.0,7.0,7.4,0.0,18.0,4.0,1.0,2.0,1.0,2.0,1.0,0.0,85.0,3.0,14.0,5.0,2.0
2025,Round 24,2025-08-24,Western Bulldogs,away,CD_M20250142404,42,Sam Davidson,CD_I1036123,1.0,0.0,0.0,0.0,3.0,0.0,0.0,0.0,0.0,0.0,0.0,2.0,45.5,5.0,7.0,66.7,12.0,8.0,6.0,1.0,1.0,0.0,0.0,0.0,0.0,3.0,2.0,0.0,0.0,0.0,0.0,1.0,0.0,2.0,60.0,5.0,0.0,0.0,10.0,4.0,0.0,0.0,260.0,1.0,17.0,5.8,1.0,0.0,4.0,1.0,1.0,0.0,1.0,4.0,2.0,71.0,1.0,11.0,3.0,6.0
2025,Round 24,2025-08-24,Western Bulldogs,away,CD_M20250142404,44,Tim English,CD_I1004592,0.0,0.0,30.0,2.0,3.0,0.0,0.0,0.0,0.0,0.0,0.0,2.0,57.1,8.0,5.0,60.0,15.0,9.0,5.0,1.0,0.0,1.0,0.0,1.0,0.0,2.0,5.0,27.5,44.9,40.0,11.0,6.0,2.0,4.0,50.0,2.0,0.0,0.0,10.0,6.0,0.0,2.0,255.0,5.0,12.0,15.8,1.0,89.0,6.0,3.0,0.0,3.0,0.0,7.0,2.0,86.0,2.0,14.0,3.0,6.0
2025,Round 24,2025-08-24,Western Bulldogs,away,CD_M20250142404,27,Joel Freijah,CD_I1027704,0.0,0.0,3.0,0.0,2.0,0.0,0.0,0.0,1.0,0.0,0.0,0.0,27.8,5.0,10.0,77.8,18.0,14.0,9.0,1.0,1.0,0.0,100.0,1.0,3.0,4.0,7.0,0.0,0.0,0.0,0.0,4.0,0.0,2.0,81.8,1.6,0.0,0.0,11.0,4.0,1.0,2.0,423.0,1.0,20.0,22.8,3.0,0.0,10.0,1.0,3.0,0.0,0.0,5.0,0.0,81.0,0.0,18.0,5.0,13.0
2025,Round 24,2025-08-24,Western Bulldogs,away,CD_M20250142404,38,Riley Garcia,CD_I1006533,2.0,0.0,4.0,0.0,4.0,0.0,0.0,0.0,0.0,0.0,0.0,0.0,88.9,8.0,6.0,55.6,9.0,5.0,2.0,1.0,2.0,1.0,0.0,0.0,0.0,6.0,4.0,0.0,0.0,0.0,0.0,1.0,0.0,2.0,40.0,1.3,0.0,0.0,5.0,0.0,0.0,0.0,122.0,1.0,15.0,4.7,1.0,0.0,2.0,1.0,2.0,0.0,2.0,4.0,4.0,55.0,2.0,9.0,2.0,1.0
2025,Round 24,2025-08-24,Western Bulldogs,away,CD_M20250142404,39,Jason Johannisen,CD_I294101,0.0,0.0,0.0,0.0,1.0,0.0,0.0,0.0,0.0,0.0,0.0,0.0,38.9,7.0,5.0,84.2,19.0,16.0,12.0,0.0,0.0,0.0,0.0,0.0,0.0,7.0,6.0,0.0,0.0,0.0,0.0,1.0,1.0,6.0,92.3,2.2,1.0,1.0,13.0,3.0,0.0,0.0,297.0,0.0,8.0,10.5,2.0,0.0,3.0,0.0,0.0,0.0,2.0,0.0,0.0,82.0,2.0,18.0,0.0,11.0
2025,Round 24,2025-08-24,Western Bulldogs,away,CD_M20250142404,32,Arthur Jones,CD_I1020586,0.0,0.0,0.0,0.0,0.0,0.0,0.0,0.0,1.0,0.0,0.0,1.0,66.7,4.0,0.0,83.3,6.0,5.0,3.0,2.0,0.0,0.0,100.0,0.0,2.0,3.0,3.0,0.0,0.0,0.0,0.0,0.0,0.0,0.0,100.0,1.0,0.0,0.0,3.0,2.0,1.0,0.0,95.0,0.0,6.0,10.0,0.0,0.0,5.0,1.0,2.0,0.0,1.0,0.0,0.0,42.0,1.0,6.0,0.0,2.0
2025,Round 24,2025-08-24,Western Bulldogs,away,CD_M20250142404,8,Matthew Kennedy,CD_I1001398,1.0,0.0,16.0,0.0,2.0,0.0,0.0,0.0,0.0,0.0,0.0,0.0,27.3,6.0,7.0,73.9,23.0,17.0,7.0,0.0,0.0,0.0,0.0,0.0,0.0,5.0,12.0,0.0,0.0,0.0,0.0,5.0,0.0,3.0,63.6,0.9,0.0,0.0,11.0,5.0,0.0,0.0,275.0,1.0,15.0,9.0,1.0,0.0,8.0,0.0,1.0,1.0,1.0,5.0,0.0,76.0,1.0,22.0,2.0,16.0
2025,Round 24,2025-08-24,Western Bulldogs,away,CD_M20250142404,21,Tom Liberatore,CD_I290799,2.0,1.0,25.0,4.0,9.0,0.0,0.0,0.0,0.0,0.0,0.0,0.0,50.0,14.0,8.0,63.0,27.0,17.0,4.0,1.0,1.0,0.0,0.0,0.0,0.0,11.0,17.0,0.0,0.0,0.0,0.0,4.0,0.0,4.0,40.0,0.6,0.0,0.0,10.0,4.0,0.0,0.0,344.0,1.0,24.0,7.4,3.0,0.0,7.0,2.0,2.0,0.0,4.0,2.0,0.0,83.0,8.0,28.0,9.0,14.0
2025,Round 24,2025-08-24,Western Bulldogs,away,CD_M20250142404,7,Rory Lobb,CD_I990740,0.0,0.0,0.0,0.0,1.0,66.7,4.0,6.0,0.0,0.0,0.0,0.0,11.1,1.0,8.0,90.9,11.0,10.0,8.0,0.0,1.0,0.0,0.0,0.0,0.0,1.0,2.0,0.0,0.0,0.0,0.0,1.0,1.0,3.0,88.9,4.5,1.0,1.0,9.0,5.0,0.0,0.0,280.0,6.0,8.0,3.0,2.0,0.0,3.0,2.0,0.0,6.0,0.0,1.0,0.0,100.0,0.0,9.0,3.0,8.0
2025,Round 24,2025-08-24,Western Bulldogs,away,CD_M20250142404,30,Lachlan McNeil,CD_I1009015,0.0,0.0,0.0,0.0,0.0,0.0,0.0,0.0,0.0,0.0,0.0,0.0,75.0,3.0,2.0,75.0,4.0,3.0,1.0,2.0,0.0,0.0,0.0,1.0,0.0,3.0,3.0,0.0,0.0,0.0,0.0,2.0,0.0,0.0,100.0,0.3,0.0,0.0,1.0,0.0,0.0,0.0,43.0,1.0,6.0,1.3,0.0,0.0,1.0,0.0,0.0,0.0,0.0,2.0,1.0,63.0,0.0,4.0,0.0,1.0
2025,Round 24,2025-08-24,Western Bulldogs,away,CD_M20250142404,33,Aaron Naughton,CD_I1002404,1.0,0.0,0.0,0.0,1.0,0.0,0.0,0.0,0.0,0.0,0.0,1.0,50.0,3.0,0.0,66.7,9.0,6.0,4.0,1.0,0.0,0.0,66.7,2.0,2.0,2.0,2.0,0.0,100.0,1.0,0.0,2.0,0.0,0.0,57.1,3.5,0.0,0.0,7.0,3.0,2.0,0.0,107.0,0.0,9.0,11.2,0.0,1.0,6.0,0.0,3.0,0.0,0.0,4.0,4.0,87.0,0.0,6.0,1.0,3.0
2025,Round 24,2025-08-24,Western Bulldogs,away,CD_M20250142404,18,James O'Donnell,CD_I1032966,0.0,0.0,0.0,0.0,0.0,0.0,0.0,5.0,0.0,0.0,0.0,1.0,37.5,3.0,4.0,100.0,8.0,8.0,4.0,0.0,0.0,1.0,0.0,0.0,0.0,2.0,4.0,0.0,0.0,0.0,0.0,0.0,1.0,4.0,100.0,1.0,0.0,0.0,4.0,2.0,0.0,0.0,52.0,8.0,4.0,8.7,1.0,0.0,2.0,0.0,0.0,7.0,0.0,0.0,0.0,100.0,0.0,8.0,0.0,5.0
2025,Round 24,2025-08-24,Western Bulldogs,away,CD_M20250142404,20,Ed Richards,CD_I1008280,0.0,2.0,27.0,1.0,1.0,0.0,0.0,0.0,1.0,0.0,0.0,0.0,36.4,8.0,8.0,76.2,21.0,16.0,8.0,0.0,0.0,1.0,0.0,2.0,0.0,7.0,9.0,0.0,0.0,0.0,0.0,5.0,0.0,3.0,66.7,1.3,0.0,0.0,12.0,3.0,0.0,1.0,424.0,1.0,16.0,12.7,3.0,0.0,6.0,2.0,0.0,0.0,2.0,1.0,0.0,85.0,3.0,22.0,5.0,14.0
2025,Round 24,2025-08-24,Western Bulldogs,away,CD_M20250142404,14,Rhylee West,CD_I1006127,0.0,0.0,1.0,0.0,5.0,0.0,0.0,0.0,2.0,0.0,0.0,0.0,52.9,9.0,1.0,64.7,17.0,11.0,6.0,6.0,2.0,2.0,66.7,1.0,2.0,8.0,6.0,0.0,0.0,0.0,0.0,1.0,1.0,3.0,54.5,1.8,0.0,0.0,11.0,4.0,3.0,0.0,277.0,0.0,24.0,15.9,3.0,0.0,6.0,1.0,3.0,0.0,4.0,10.0,9.0,88.0,4.0,17.0,5.0,8.0
2025,Round 24,2025-08-24,Western Bulldogs,away,CD_M20250142404,34,Bailey Williams,CD_I992351,0.0,0.0,0.0,0.0,1.0,0.0,0.0,2.0,0.0,0.0,0.0,0.0,25.0,4.0,5.0,100.0,16.0,16.0,7.0,0.0,1.0,0.0,0.0,0.0,0.0,4.0,9.0,0.0,0.0,0.0,0.0,0.0,1.0,5.0,100.0,0.8,0.0,0.0,7.0,2.0,0.0,0.0,211.0,2.0,8.0,13.2,2.0,0.0,5.0,1.0,0.0,1.0,0.0,0.0,0.0,87.0,0.0,16.0,1.0,12.0
2025,Finals Week 1,2025-09-06,Gold Coast,home,CD_M20250142504,9,Ben Ainsworth,CD_I998130,0.0,0.0,0.0,0.0,1.0,0.0,0.0,0.0,0.0,0.0,0.0,0.0,20.0,1.0,1.0,60.0,5.0,3.0,1.0,0.0,0.0,0.0,0.0,0.0,0.0,1.0,2.0,0.0,0.0,0.0,0.0,1.0,0.0,0.0,33.3,1.5,0.0,0.0,3.0,1.0,0.0,0.0,121.0,0.0,7.0,1.1,1.0,0.0,2.0,0.0,1.0,0.0,1.0,1.0,1.0,65.0,1.0,5.0,0.0,4.0
2025,Finals Week 1,2025-09-06,Gold Coast,home,CD_M20250142504,15,Noah Anderson,CD_I1009199,2.0,1.0,26.0,3.0,6.0,0.0,0.0,0.0,0.0,0.0,0.0,0.0,43.3,13.0,15.0,62.5,32.0,20.0,11.0,1.0,4.0,1.0,0.0,0.0,0.0,10.0,11.0,0.0,0.0,0.0,0.0,8.0,0.0,3.0,52.4,1.9,0.0,0.0,21.0,4.0,0.0,0.0,753.0,1.0,29.0,16.6,3.0,0.0,11.0,4.0,3.0,0.0,3.0,3.0,0.0,92.0,6.0,30.0,7.0,17.0
2025,Finals Week 1,2025-09-06,Gold Coast,home,CD_M20250142504,1,Mac Andrew,CD_I1017396,0.0,0.0,0.0,0.0,2.0,40.0,2.0,5.0,0.0,0.0,0.0,0.0,25.0,5.0,0.0,85.0,20.0,17.0,7.0,0.0,1.0,1.0,100.0,0.0,1.0,5.0,12.0,0.0,0.0,0.0,0.0,0.0,0.0,5.0,87.5,0.7,0.0,0.0,8.0,8.0,1.0,0.0,269.0,12.0,1.0,10.0,3.0,0.0,3.0,1.0,1.0,10.0,0.0,0.0,0.0,95.0,0.0,20.0,1.0,15.0
2025,Finals Week 1,2025-09-06,Gold Coast,home,CD_M20250142504,35,Connor Budarick,CD_I1008454,0.0,0.0,0.0,0.0,1.0,100.0,1.0,1.0,0.0,0.0,0.0,0.0,22.2,2.0,6.0,60.0,10.0,6.0,3.0,2.0,0.0,0.0,100.0,0.0,2.0,2.0,5.0,0.0,0.0,0.0,0.0,1.0,0.0,0.0,60.0,1.0,0.0,0.0,5.0,1.0,0.0,0.0,122.0,1.0,14.0,9.7,1.0,0.0,3.0,0.0,2.0,1.0,0.0,6.0,4.0,76.0,0.0,9.0,3.0,7.0
2025,Finals Week 1,2025-09-06,Gold Coast,home,CD_M20250142504,25,Sam Collins,CD_I295446,0.0,0.0,0.0,0.0,1.0,66.7,2.0,3.0,0.0,0.0,0.0,0.0,69.2,9.0,2.0,92.3,13.0,12.0,5.0,0.0,1.0,1.0,0.0,0.0,0.0,8.0,7.0,0.0,0.0,0.0,0.0,0.0,2.0,10.0,83.3,0.9,0.0,0.0,6.0,3.0,0.0,0.0,86.0,4.0,2.0,17.6,3.0,0.0,3.0,1.0,0.0,4.0,1.0,1.0,0.0,100.0,1.0,13.0,1.0,4.0
2025,Finals Week 1,2025-09-06,Gold Coast,home,CD_M20250142504,5,Alex Davies,CD_I1013268,0.0,0.0,18.0,3.0,2.0,0.0,0.0,0.0,0.0,0.0,0.0,0.0,77.8,14.0,4.0,84.2,19.0,16.0,4.0,3.0,1.0,1.0,100.0,0.0,1.0,12.0,15.0,0.0,0.0,0.0,0.0,1.0,0.0,6.0,100.0,0.3,0.0,0.0,4.0,0.0,0.0,0.0,168.0,0.0,19.0,19.8,3.0,0.0,7.0,4.0,1.0,0.0,3.0,7.0,2.0,67.0,6.0,18.0,1.0,4.0
2025,Finals Week 1,2025-09-06,Gold Coast,home,CD_M20250142504,50,Jy Farrar,CD_I999715,0.0,0.0,0.0,0.0,1.0,0.0,0.0,0.0,0.0,0.0,0.0,0.0,50.0,4.0,2.0,88.9,9.0,8.0,4.0,2.0,0.0,0.0,100.0,1.0,1.0,4.0,5.0,0.0,0.0,0.0,0.0,0.0,1.0,1.0,100.0,0.8,0.0,0.0,4.0,1.0,0.0,0.0,109.0,2.0,9.0,13.2,0.0,0.0,4.0,0.0,1.0,1.0,0.0,2.0,1.0,69.0,0.0,8.0,1.0,4.0
2025,Finals Week 1,2025-09-06,Gold Coast,home,CD_M20250142504,8,Brayden Fiorini,CD_I993799,1.0,0.0,0.0,0.0,2.0,0.0,0.0,0.0,0.0,0.0,0.0,0.0,23.1,3.0,10.0,71.4,14.0,10.0,5.0,1.0,0.0,1.0,50.0,0.0,1.0,2.0,6.0,0.0,0.0,0.0,0.0,2.0,0.0,3.0,62.5,1.3,0.0,0.0,8.0,1.0,0.0,0.0,251.0,1.0,19.0,8.9,1.0,0.0,4.0,0.0,2.0,0.0,0.0,4.0,0.0,86.0,0.0,13.0,4.0,10.0
2025,Finals Week 1,2025-09-06,Gold Coast,home,CD_M20250142504,3,Sam Flanders,CD_I1009260,0.0,0.0,0.0,0.0,3.0,0.0,0.0,0.0,0.0,0.0,0.0,0.0,35.7,5.0,2.0,64.3,14.0,9.0,3.0,0.0,0.0,0.0,0.0,0.0,0.0,5.0,7.0,0.0,0.0,0.0,0.0,2.0,0.0,2.0,42.9,1.0,0.0,0.0,7.0,0.0,0.0,0.0,177.0,0.0,8.0,4.4,2.0,0.0,0.0,0.0,0.0,0.0,2.0,0.0,0.0,73.0,2.0,14.0,3.0,9.0
2025,Finals Week 1,2025-09-06,Gold Coast,home,CD_M20250142504,19,Bailey Humphrey,CD_I1023500,1.0,0.0,6.0,0.0,2.0,0.0,0.0,0.0,2.0,1.0,50.0,1.0,50.0,5.0,3.0,60.0,10.0,6.0,4.0,3.0,1.0,0.0,75.0,0.0,3.0,4.0,2.0,0.0,0.0,0.0,0.0,1.0,0.0,0.0,50.0,4.0,0.0,0.0,8.0,2.0,2.0,0.0,220.0,0.0,16.0,12.4,0.0,0.0,6.0,1.0,4.0,0.0,1.0,3.0,0.0,78.0,1.0,10.0,1.0,5.0
2025,Finals Week 1,2025-09-06,Gold Coast,home,CD_M20250142504,40,Joel Jeffrey,CD_I1005992,0.0,2.0,0.0,0.0,3.0,0.0,0.0,1.0,0.0,0.0,0.0,0.0,12.5,2.0,8.0,89.5,19.0,17.0,13.0,0.0,2.0,2.0,0.0,0.0,0.0,1.0,4.0,0.0,0.0,0.0,0.0,4.0,0.0,2.0,86.7,3.8,2.0,2.0,15.0,4.0,0.0,0.0,520.0,3.0,9.0,7.5,8.0,0.0,4.0,0.0,0.0,3.0,0.0,4.0,1.0,72.0,0.0,16.0,1.0,14.0
2025,Finals Week 1,2025-09-06,Gold Coast,home,CD_M20250142504,34,Ben King,CD_I1006144,3.0,0.0,0.0,0.0,1.0,0.0,0.0,0.0,2.0,1.0,50.0,2.0,50.0,5.0,0.0,63.6,11.0,7.0,4.0,0.0,0.0,2.0,0.0,1.0,0.0,1.0,3.0,0.0,0.0,0.0,0.0,4.0,0.0,0.0,50.0,2.7,0.0,0.0,8.0,3.0,1.0,1.0,277.0,1.0,5.0,1.2,0.0,0.0,5.0,0.0,4.0,1.0,0.0,0.0,0.0,90.0,0.0,10.0,3.0,5.0
2025,Finals Week 1,2025-09-06,Gold Coast,home,CD_M20250142504,22,Ben Long,CD_I993917,1.0,0.0,0.0,0.0,3.0,0.0,0.0,0.0,4.0,0.0,0.0,1.0,33.3,3.0,0.0,66.7,9.0,6.0,4.0,2.0,2.0,0.0,50.0,0.0,2.0,2.0,2.0,0.0,0.0,0.0,0.0,3.0,0.0,0.0,57.1,3.5,0.0,0.0,7.0,5.0,2.0,3.0,252.0,1.0,10.0,8.1,0.0,0.0,3.0,0.0,4.0,1.0,0.0,1.0,0.0,79.0,0.0,9.0,4.0,6.0
2025,Finals Week 1,2025-09-06,Gold Coast,home,CD_M20250142504,11,Touk Miller,CD_I298272,0.0,0.0,6.0,0.0,1.0,0.0,0.0,0.0,0.0,0.0,0.0,0.0,29.4,5.0,7.0,100.0,18.0,18.0,8.0,0.0,0.0,0.0,0.0,0.0,0.0,4.0,10.0,0.0,0.0,0.0,0.0,2.0,0.0,2.0,100.0,0.8,0.0,0.0,8.0,4.0,0.0,2.0,304.0,1.0,29.0,15.2,2.0,0.0,5.0,0.0,0.0,0.0,3.0,11.0,2.0,81.0,3.0,17.0,1.0,12.0
2025,Finals Week 1,2025-09-06,Gold Coast,home,CD_M20250142504,2,John Noble,CD_I1000072,0.0,2.0,0.0,0.0,3.0,0.0,0.0,1.0,0.0,0.0,0.0,0.0,38.9,7.0,11.0,90.0,20.0,18.0,9.0,1.0,0.0,2.0,0.0,0.0,0.0,5.0,9.0,0.0,0.0,0.0,0.0,1.0,1.0,4.0,81.8,1.2,3.0,3.0,11.0,5.0,0.0,0.0,392.0,2.0,13.0,13.4,4.0,0.0,3.0,1.0,0.0,1.0,2.0,3.0,0.0,79.0,2.0,18.0,4.0,11.0
2025,Finals Week 1,2025-09-06,Gold Coast,home,CD_M20250142504,27,Wil Powell,CD_I1007881,0.0,2.0,0.0,0.0,2.0,0.0,0.0,0.0,0.0,0.0,0.0,1.0,44.4,8.0,6.0,66.7,18.0,12.0,6.0,0.0,0.0,1.0,0.0,0.0,0.0,7.0,10.0,0.0,0.0,0.0,0.0,1.0,3.0,12.0,75.0,0.8,1.0,1.0,8.0,5.0,0.0,0.0,330.0,5.0,7.0,14.5,4.0,0.0,3.0,4.0,0.0,5.0,0.0,1.0,0.0,82.0,0.0,18.0,6.0,10.0
2025,Finals Week 1,2025-09-06,Gold Coast,home,CD_M20250142504,20,Ethan Read,CD_I1027033,0.0,0.0,1.0,1.0,4.0,100.0,1.0,1.0,1.0,0.0,0.0,0.0,42.9,3.0,2.0,57.1,7.0,4.0,3.0,0.0,2.0,1.0,0.0,0.0,0.0,2.0,1.0,0.0,33.3,5.0,0.0,1.0,0.0,0.0,50.0,6.0,0.0,0.0,6.0,3.0,0.0,1.0,188.0,2.0,10.0,-2.1,0.0,15.0,0.0,0.0,0.0,2.0,1.0,1.0,1.0,64.0,2.0,7.0,2.0,4.0
2025,Finals Week 1,2025-09-06,Gold Coast,home,CD_M20250142504,17,Daniel Rioli,CD_I1000981,0.0,3.0,0.0,0.0,1.0,0.0,0.0,0.0,0.0,0.0,0.0,0.0,50.0,6.0,5.0,84.6,13.0,11.0,4.0,0.0,0.0,1.0,0.0,0.0,0.0,4.0,7.0,0.0,0.0,0.0,0.0,0.0,1.0,4.0,66.7,0.9,0.0,0.0,6.0,3.0,0.0,0.0,177.0,1.0,7.0,10.1,5.0,0.0,1.0,0.0,0.0,0.0,2.0,2.0,0.0,85.0,2.0,12.0,1.0,6.0
2025,Finals Week 1,2025-09-06,Gold Coast,home,CD_M20250142504,18,Matt Rowell,CD_I1009208,1.0,1.0,23.0,1.0,3.0,0.0,0.0,0.0,0.0,0.0,0.0,0.0,34.3,12.0,13.0,61.8,34.0,21.0,6.0,1.0,1.0,0.0,0.0,0.0,0.0,10.0,20.0,0.0,0.0,0.0,0.0,11.0,0.0,1.0,42.9,0.7,0.0,0.0,14.0,2.0,0.0,0.0,638.0,0.0,25.0,10.4,0.0,0.0,10.0,2.0,1.0,0.0,3.0,6.0,0.0,89.0,4.0,35.0,5.0,23.0
2025,Finals Week 1,2025-09-06,Gold Coast,home,CD_M20250142504,24,David Swallow,CD_I290832,1.0,1.0,1.0,0.0,0.0,0.0,0.0,0.0,0.0,0.0,0.0,0.0,75.0,3.0,1.0,50.0,4.0,2.0,1.0,0.0,0.0,1.0,0.0,0.0,0.0,1.0,1.0,0.0,0.0,0.0,0.0,0.0,0.0,1.0,33.3,3.0,0.0,0.0,3.0,0.0,0.0,0.0,116.0,0.0,2.0,1.8,0.0,0.0,1.0,0.0,1.0,0.0,1.0,1.0,0.0,18.0,1.0,4.0,2.0,1.0
2025,Finals Week 1,2025-09-06,Gold Coast,home,CD_M20250142504,32,Bodhi Uwland,CD_I1017665,0.0,0.0,0.0,0.0,1.0,0.0,0.0,0.0,0.0,0.0,0.0,2.0,61.5,8.0,1.0,92.3,13.0,12.0,9.0,0.0,1.0,5.0,0.0,1.0,0.0,2.0,3.0,0.0,0.0,0.0,0.0,2.0,3.0,7.0,90.0,3.3,1.0,1.0,10.0,3.0,0.0,0.0,332.0,11.0,3.0,17.2,4.0,0.0,3.0,3.0,0.0,10.0,1.0,2.0,0.0,88.0,1.0,13.0,1.0,5.0
2025,Finals Week 1,2025-09-06,Gold Coast,home,CD_M20250142504,14,Lachie Weller,CD_I298524,0.0,1.0,1.0,1.0,3.0,0.0,0.0,0.0,0.0,0.0,0.0,0.0,15.8,3.0,4.0,70.6,17.0,12.0,5.0,0.0,0.0,1.0,0.0,2.0,0.0,2.0,9.0,0.0,0.0,0.0,0.0,3.0,0.0,1.0,62.5,0.9,0.0,0.0,8.0,1.0,0.0,0.0,358.0,0.0,11.0,5.5,1.0,0.0,3.0,0.0,0.0,0.0,0.0,3.0,0.0,82.0,1.0,19.0,3.0,16.0
2025,Finals Week 1,2025-09-06,Gold Coast,home,CD_M20250142504,28,Jarrod Witts,CD_I291975,0.0,0.0,26.0,2.0,7.0,0.0,0.0,0.0,0.0,0.0,0.0,1.0,71.4,15.0,2.0,57.1,21.0,12.0,1.0,0.0,2.0,1.0,0.0,0.0,0.0,8.0,15.0,18.2,44.4,44.0,8.0,1.0,0.0,0.0,16.7,0.4,0.0,0.0,6.0,1.0,0.0,0.0,112.0,7.0,7.0,14.5,0.0,99.0,4.0,4.0,0.0,7.0,6.0,3.0,0.0,90.0,8.0,21.0,0.0,6.0
2026,Round 1,2026-03-14,Geelong,away,CD_M20260140104,30,Tom Atkins,CD_I994386,0.0,0.0,23.0,0.0,1.0,0.0,0.0,0.0,0.0,0.0,0.0,0.0,50.0,8.0,10.0,86.7,15.0,13.0,7.0,0.0,1.0,1.0,0.0,0.0,0.0,4.0,6.0,0.0,0.0,0.0,0.0,6.0,0.0,3.0,77.8,1.5,0.0,0.0,9.0,2.0,0.0,0.0,281.0,2.0,27.0,15.1,1.0,0.0,3.0,0.0,0.0,0.0,4.0,10.0,2.0,74.0,4.0,16.0,1.0,8.0
2026,Round 1,2026-03-14,Geelong,away,CD_M20260140104,46,Mark Blicavs,CD_I296733,0.0,0.0,12.0,1.0,2.0,0.0,0.0,1.0,1.0,1.0,100.0,0.0,50.0,8.0,6.0,70.6,17.0,12.0,3.0,0.0,1.0,2.0,0.0,0.0,0.0,6.0,12.0,11.1,27.3,9.0,1.0,0.0,0.0,5.0,60.0,0.4,0.0,0.0,5.0,2.0,0.0,0.0,119.0,6.0,11.0,6.0,1.0,33.0,4.0,3.0,0.0,3.0,1.0,4.0,0.0,76.0,2.0,16.0,4.0,8.0
2026,Round 1,2026-03-14,Geelong,away,CD_M20260140104,4,Tanner Bruhn,CD_I1012805,1.0,2.0,8.0,2.0,3.0,0.0,0.0,0.0,0.0,0.0,0.0,0.0,28.0,7.0,5.0,75.0,24.0,18.0,9.0,0.0,0.0,3.0,0.0,0.0,0.0,5.0,10.0,0.0,0.0,0.0,0.0,3.0,1.0,2.0,64.3,1.4,2.0,0.0,14.0,4.0,1.0,0.0,365.0,3.0,11.0,6.0,4.0,0.0,4.0,2.0,1.0,0.0,2.0,4.0,1.0,63.0,4.0,25.0,5.0,18.0
2026,Round 1,2026-03-14,Geelong,away,CD_M20260140104,5,Jeremy Cameron,CD_I293845,4.0,0.0,0.0,0.0,2.0,0.0,0.0,0.0,1.0,0.0,0.0,1.0,13.6,3.0,3.0,60.9,23.0,14.0,11.0,2.0,1.0,0.0,42.9,0.0,3.0,2.0,4.0,0.0,100.0,1.0,0.0,4.0,1.0,1.0,57.9,4.8,0.0,0.0,19.0,10.0,3.0,2.0,527.0,2.0,5.0,13.2,0.0,1.0,11.0,0.0,7.0,2.0,0.0,2.0,1.0,87.0,0.0,22.0,5.0,19.0
2026,Round 1,2026-03-14,Geelong,away,CD_M20260140104,13,Jhye Clark,CD_I1023537,1.0,0.0,5.0,0.0,5.0,0.0,0.0,0.0,1.0,0.0,0.0,0.0,44.4,4.0,8.0,44.4,9.0,4.0,2.0,2.0,2.0,2.0,33.3,0.0,1.0,2.0,4.0,0.0,0.0,0.0,0.0,0.0,0.0,1.0,40.0,1.3,0.0,0.0,5.0,2.0,1.0,1.0,131.0,2.0,16.0,1.3,0.0,0.0,4.0,1.0,3.0,2.0,0.0,1.0,0.0,69.0,0.0,9.0,5.0,5.0
2026,Round 1,2026-03-14,Geelong,away,CD_M20260140104,45,Brad Close,CD_I999326,0.0,0.0,0.0,0.0,0.0,0.0,0.0,0.0,0.0,0.0,0.0,0.0,50.0,2.0,2.0,50.0,4.0,2.0,0.0,0.0,0.0,0.0,0.0,0.0,0.0,1.0,2.0,0.0,0.0,0.0,0.0,1.0,0.0,2.0,0.0,1.0,0.0,0.0,2.0,0.0,0.0,0.0,34.0,1.0,13.0,3.2,0.0,0.0,1.0,0.0,0.0,0.0,0.0,2.0,1.0,83.0,0.0,4.0,1.0,2.0
2026,Round 1,2026-03-14,Geelong,away,CD_M20260140104,35,Patrick Dangerfield,CD_I270917,0.0,0.0,0.0,0.0,0.0,0.0,0.0,0.0,1.0,0.0,0.0,2.0,75.0,3.0,0.0,75.0,4.0,3.0,2.0,0.0,0.0,1.0,100.0,1.0,1.0,0.0,1.0,0.0,0.0,0.0,0.0,1.0,0.0,0.0,66.7,3.0,0.0,0.0,3.0,2.0,2.0,0.0,87.0,0.0,5.0,6.8,0.0,0.0,2.0,0.0,1.0,0.0,0.0,0.0,0.0,55.0,0.0,4.0,0.0,1.0
2026,Round 1,2026-03-14,Geelong,away,CD_M20260140104,16,Sam De Koning,CD_I1009229,0.0,0.0,0.0,0.0,2.0,0.0,0.0,5.0,0.0,0.0,0.0,1.0,45.5,5.0,8.0,72.7,11.0,8.0,5.0,0.0,0.0,1.0,0.0,1.0,0.0,3.0,3.0,0.0,0.0,0.0,0.0,2.0,2.0,7.0,62.5,2.7,0.0,0.0,8.0,5.0,0.0,0.0,208.0,5.0,11.0,7.9,2.0,0.0,3.0,3.0,1.0,5.0,0.0,4.0,0.0,76.0,0.0,11.0,1.0,6.0
2026,Round 1,2026-03-14,Geelong,away,CD_M20260140104,28,Oliver Dempsey,CD_I1025034,1.0,0.0,0.0,0.0,4.0,0.0,0.0,0.0,0.0,0.0,0.0,0.0,43.8,7.0,1.0,56.3,16.0,9.0,1.0,3.0,2.0,0.0,0.0,0.0,0.0,7.0,12.0,0.0,0.0,0.0,0.0,3.0,0.0,1.0,25.0,0.3,0.0,0.0,4.0,2.0,0.0,0.0,177.0,1.0,4.0,2.5,0.0,0.0,5.0,0.0,1.0,1.0,1.0,1.0,1.0,84.0,1.0,16.0,4.0,9.0
2026,Round 1,2026-03-14,Geelong,away,CD_M20260140104,11,Mitchell Edwards,CD_I1024304,0.0,0.0,22.0,0.0,2.0,0.0,0.0,0.0,0.0,0.0,0.0,0.0,83.3,5.0,5.0,57.1,7.0,4.0,2.0,0.0,1.0,2.0,0.0,0.0,0.0,3.0,3.0,33.3,33.3,15.0,5.0,3.0,0.0,3.0,50.0,1.3,0.0,0.0,4.0,0.0,0.0,0.0,128.0,1.0,9.0,8.2,0.0,45.0,2.0,2.0,0.0,1.0,1.0,2.0,0.0,52.0,1.0,6.0,0.0,1.0
2026,Round 1,2026-03-14,Geelong,away,CD_M20260140104,39,Zach Guthrie,CD_I1004870,0.0,0.0,0.0,0.0,3.0,0.0,0.0,0.0,0.0,0.0,0.0,0.0,23.1,3.0,7.0,85.7,14.0,12.0,8.0,0.0,1.0,1.0,0.0,1.0,0.0,2.0,4.0,0.0,0.0,0.0,0.0,2.0,1.0,2.0,80.0,2.5,1.0,0.0,10.0,8.0,0.0,0.0,330.0,0.0,10.0,3.7,0.0,0.0,5.0,1.0,1.0,0.0,1.0,2.0,0.0,79.0,1.0,13.0,2.0,10.0
2026,Round 1,2026-03-14,Geelong,away,CD_M20260140104,38,Jack Henry,CD_I1000937,0.0,0.0,0.0,0.0,1.0,33.3,1.0,3.0,0.0,0.0,0.0,0.0,30.8,4.0,2.0,100.0,13.0,13.0,11.0,0.0,1.0,3.0,100.0,0.0,1.0,1.0,2.0,0.0,0.0,0.0,0.0,0.0,1.0,4.0,100.0,5.5,0.0,0.0,11.0,7.0,0.0,0.0,101.0,9.0,3.0,9.3,1.0,0.0,3.0,2.0,1.0,9.0,0.0,1.0,0.0,86.0,0.0,13.0,1.0,9.0
2026,Round 1,2026-03-14,Geelong,away,CD_M20260140104,9,Max Holmes,CD_I1015889,1.0,5.0,28.0,4.0,2.0,0.0,0.0,0.0,0.0,0.0,0.0,0.0,37.9,11.0,7.0,78.1,32.0,25.0,12.0,0.0,1.0,0.0,0.0,1.0,0.0,7.0,15.0,0.0,0.0,0.0,0.0,7.0,1.0,1.0,70.6,1.1,3.0,2.0,17.0,7.0,0.0,0.0,657.0,0.0,21.0,12.9,5.0,1.0,10.0,2.0,1.0,0.0,1.0,8.0,0.0,84.0,5.0,29.0,7.0,18.0
2026,Round 1,2026-03-14,Geelong,away,CD_M20260140104,17,Lawson Humphries,CD_I1013464,0.0,0.0,0.0,0.0,1.0,0.0,0.0,2.0,0.0,0.0,0.0,1.0,14.3,3.0,10.0,86.4,22.0,19.0,10.0,2.0,0.0,0.0,0.0,0.0,0.0,2.0,10.0,0.0,0.0,0.0,0.0,0.0,1.0,3.0,83.3,1.2,3.0,1.0,12.0,9.0,0.0,0.0,259.0,2.0,12.0,8.2,4.0,0.0,5.0,2.0,0.0,2.0,0.0,2.0,0.0,90.0,0.0,21.0,1.0,18.0
2026,Round 1,2026-03-14,Geelong,away,CD_M20260140104,7,Shaun Mannagh,CD_I993878,2.0,0.0,0.0,0.0,3.0,0.0,0.0,0.0,0.0,0.0,0.0,0.0,43.8,7.0,4.0,50.0,16.0,8.0,6.0,2.0,0.0,2.0,50.0,1.0,3.0,4.0,3.0,0.0,0.0,0.0,0.0,5.0,1.0,3.0,46.2,4.3,0.0,0.0,13.0,3.0,2.0,1.0,368.0,1.0,13.0,15.6,0.0,0.0,8.0,2.0,6.0,0.0,1.0,1.0,1.0,88.0,1.0,16.0,4.0,9.0
2026,Round 1,2026-03-14,Geelong,away,CD_M20260140104,19,Jack Martin,CD_I296190,2.0,0.0,0.0,0.0,1.0,0.0,0.0,0.0,3.0,0.0,0.0,1.0,41.7,5.0,1.0,72.7,11.0,8.0,5.0,1.0,0.0,1.0,33.3,1.0,1.0,2.0,3.0,0.0,0.0,0.0,0.0,1.0,0.0,2.0,62.5,2.7,0.0,0.0,8.0,6.0,4.0,3.0,184.0,3.0,9.0,8.1,0.0,0.0,8.0,2.0,3.0,0.0,1.0,2.0,0.0,69.0,1.0,12.0,0.0,7.0
2026,Round 1,2026-03-14,Geelong,away,CD_M20260140104,32,Gryan Miers,CD_I1004938,0.0,0.0,6.0,1.0,1.0,0.0,0.0,0.0,0.0,0.0,0.0,0.0,20.8,5.0,1.0,88.0,25.0,22.0,15.0,1.0,0.0,0.0,0.0,3.0,0.0,5.0,8.0,0.0,0.0,0.0,0.0,5.0,0.0,3.0,88.2,2.1,0.0,0.0,17.0,5.0,0.0,0.0,309.0,0.0,7.0,11.2,2.0,0.0,8.0,0.0,1.0,0.0,1.0,2.0,1.0,83.0,2.0,24.0,2.0,19.0
2026,Round 1,2026-03-14,Geelong,away,CD_M20260140104,34,Oisin Mullin,CD_I1024982,0.0,0.0,5.0,0.0,2.0,0.0,0.0,0.0,0.0,0.0,0.0,0.0,30.0,3.0,6.0,81.8,11.0,9.0,6.0,0.0,1.0,1.0,0.0,0.0,0.0,2.0,4.0,0.0,0.0,0.0,0.0,3.0,1.0,3.0,85.7,1.8,0.0,0.0,7.0,5.0,0.0,1.0,251.0,0.0,10.0,6.0,0.0,0.0,4.0,2.0,0.0,0.0,1.0,1.0,0.0,77.0,1.0,10.0,1.0,7.0
2026,Round 1,2026-03-14,Geelong,away,CD_M20260140104,33,Shannon Neale,CD_I1016433,1.0,0.0,0.0,0.0,1.0,0.0,0.0,0.0,2.0,0.0,0.0,4.0,71.4,5.0,0.0,77.8,9.0,7.0,5.0,0.0,0.0,1.0,83.3,0.0,5.0,0.0,2.0,0.0,11.1,1.0,0.0,1.0,0.0,0.0,71.4,3.5,0.0,0.0,7.0,5.0,5.0,1.0,161.0,1.0,6.0,17.2,0.0,9.0,7.0,1.0,6.0,1.0,1.0,1.0,1.0,95.0,1.0,7.0,0.0,2.0
2026,Round 1,2026-03-14,Geelong,away,CD_M20260140104,42,Mark O'Connor,CD_I1007102,0.0,0.0,0.0,0.0,3.0,0.0,0.0,0.0,0.0,0.0,0.0,0.0,25.0,2.0,5.0,50.0,8.0,4.0,3.0,0.0,0.0,0.0,0.0,0.0,0.0,1.0,1.0,0.0,0.0,0.0,0.0,3.0,1.0,3.0,42.9,7.0,0.0,0.0,7.0,3.0,0.0,0.0,286.0,1.0,8.0,3.9,1.0,0.0,2.0,0.0,0.0,0.0,1.0,1.0,0.0,74.0,1.0,8.0,2.0,6.0
2026,Round 1,2026-03-14,Geelong,away,CD_M20260140104,14,Connor O'Sullivan,CD_I1027877,0.0,0.0,0.0,0.0,6.0,0.0,0.0,1.0,0.0,0.0,0.0,1.0,41.7,5.0,4.0,66.7,12.0,8.0,6.0,0.0,3.0,0.0,0.0,1.0,0.0,4.0,4.0,0.0,0.0,0.0,0.0,3.0,2.0,4.0,75.0,2.0,0.0,0.0,8.0,7.0,0.0,0.0,309.0,4.0,4.0,5.7,2.0,0.0,2.0,0.0,0.0,4.0,0.0,2.0,0.0,88.0,0.0,12.0,6.0,7.0
2026,Round 1,2026-03-14,Geelong,away,CD_M20260140104,3,Bailey Smith,CD_I1006130,0.0,0.0,27.0,3.0,5.0,0.0,0.0,0.0,0.0,0.0,0.0,0.0,28.6,8.0,7.0,71.0,31.0,22.0,14.0,2.0,0.0,3.0,100.0,2.0,1.0,5.0,9.0,0.0,0.0,0.0,0.0,6.0,0.0,1.0,63.6,2.4,0.0,0.0,22.0,7.0,0.0,0.0,673.0,3.0,15.0,15.6,2.0,0.0,6.0,2.0,1.0,1.0,0.0,4.0,0.0,83.0,3.0,28.0,4.0,20.0
2026,Round 1,2026-03-14,Geelong,away,CD_M20260140104,44,Tom Stewart,CD_I291800,0.0,0.0,0.0,0.0,3.0,0.0,0.0,1.0,0.0,0.0,0.0,0.0,33.3,7.0,4.0,85.2,27.0,23.0,18.0,0.0,0.0,0.0,0.0,1.0,0.0,7.0,8.0,0.0,0.0,0.0,0.0,1.0,2.0,8.0,94.7,2.4,7.0,5.0,19.0,10.0,0.0,0.0,534.0,9.0,4.0,12.5,7.0,0.0,6.0,3.0,0.0,9.0,0.0,1.0,0.0,86.0,0.0,21.0,4.0,14.0
2026,Round 2,2026-03-21,Melbourne,home,CD_M20260140205,37,Kade Chandler,CD_I1005330,1.0,0.0,3.0,2.0,2.0,0.0,0.0,0.0,0.0,0.0,0.0,0.0,37.5,6.0,4.0,80.0,15.0,12.0,6.0,3.0,1.0,0.0,50.0,0.0,1.0,5.0,6.0,0.0,0.0,0.0,0.0,4.0,1.0,4.0,66.7,1.5,0.0,0.0,9.0,1.0,0.0,0.0,354.0,1.0,15.0,15.9,2.0,0.0,5.0,1.0,2.0,0.0,0.0,1.0,1.0,83.0,2.0,16.0,3.0,10.0
2026,Round 2,2026-03-21,Melbourne,home,CD_M20260140205,13,Jai Culley,CD_I1020802,0.0,0.0,2.0,1.0,1.0,0.0,0.0,0.0,0.0,0.0,0.0,1.0,75.0,9.0,7.0,75.0,12.0,9.0,3.0,1.0,0.0,0.0,0.0,1.0,0.0,7.0,7.0,0.0,0.0,0.0,0.0,3.0,0.0,3.0,60.0,0.7,0.0,0.0,5.0,1.0,0.0,0.0,152.0,2.0,18.0,11.6,1.0,5.0,4.0,1.0,0.0,2.0,1.0,3.0,0.0,82.0,2.0,12.0,1.0,3.0
2026,Round 2,2026-03-21,Melbourne,home,CD_M20260140205,31,Bayley Fritsch,CD_I1001438,1.0,0.0,0.0,0.0,2.0,0.0,0.0,0.0,1.0,0.0,0.0,1.0,50.0,6.0,1.0,75.0,12.0,9.0,6.0,0.0,0.0,2.0,50.0,1.0,2.0,3.0,3.0,0.0,0.0,0.0,0.0,1.0,0.0,1.0,66.7,3.0,0.0,0.0,9.0,5.0,4.0,4.0,168.0,1.0,4.0,12.8,0.0,0.0,6.0,0.0,4.0,1.0,0.0,0.0,0.0,90.0,0.0,12.0,2.0,6.0
2026,Round 2,2026-03-21,Melbourne,home,CD_M20260140205,11,Max Gawn,CD_I290528,1.0,0.0,25.0,4.0,1.0,0.0,0.0,2.0,0.0,0.0,0.0,4.0,65.2,15.0,5.0,82.6,23.0,19.0,12.0,1.0,0.0,4.0,0.0,0.0,0.0,3.0,8.0,28.6,50.0,28.0,8.0,3.0,8.0,10.0,80.0,1.9,0.0,0.0,15.0,11.0,0.0,1.0,288.0,2.0,8.0,20.8,1.0,56.0,4.0,1.0,1.0,2.0,3.0,0.0,0.0,84.0,7.0,23.0,3.0,8.0
2026,Round 2,2026-03-21,Melbourne,home,CD_M20260140205,22,Blake Howes,CD_I1017122,0.0,0.0,0.0,0.0,2.0,0.0,0.0,0.0,0.0,0.0,0.0,0.0,9.1,1.0,4.0,81.8,11.0,9.0,8.0,0.0,1.0,0.0,0.0,0.0,0.0,1.0,1.0,0.0,0.0,0.0,0.0,1.0,0.0,1.0,80.0,10.0,0.0,0.0,10.0,6.0,0.0,0.0,229.0,6.0,4.0,4.1,3.0,0.0,1.0,0.0,0.0,4.0,0.0,0.0,0.0,76.0,0.0,11.0,2.0,10.0
2026,Round 2,2026-03-21,Melbourne,home,CD_M20260140205,14,Changkuoth Jiath,CD_I998390,0.0,0.0,0.0,0.0,4.0,0.0,0.0,0.0,0.0,0.0,0.0,0.0,16.7,2.0,12.0,71.4,14.0,10.0,10.0,0.0,2.0,0.0,0.0,0.0,0.0,2.0,2.0,0.0,0.0,0.0,0.0,3.0,2.0,4.0,83.3,6.0,2.0,2.0,12.0,7.0,0.0,0.0,351.0,4.0,16.0,4.7,3.0,0.0,2.0,1.0,0.0,3.0,0.0,1.0,0.0,75.0,0.0,12.0,5.0,10.0
2026,Round 2,2026-03-21,Melbourne,home,CD_M20260140205,15,Ed Langdon,CD_I298264,1.0,0.0,0.0,0.0,2.0,0.0,0.0,0.0,0.0,0.0,0.0,0.0,43.5,10.0,9.0,63.6,22.0,14.0,4.0,1.0,1.0,0.0,66.7,1.0,2.0,8.0,14.0,0.0,0.0,0.0,0.0,5.0,1.0,7.0,50.0,0.6,0.0,0.0,8.0,7.0,2.0,1.0,284.0,2.0,11.0,13.0,0.0,0.0,6.0,1.0,3.0,0.0,0.0,2.0,1.0,89.0,0.0,23.0,5.0,13.0
2026,Round 2,2026-03-21,Melbourne,home,CD_M20260140205,4,Harvey Langford,CD_I1028546,1.0,0.0,1.0,0.0,3.0,0.0,0.0,0.0,0.0,0.0,0.0,0.0,46.7,7.0,3.0,50.0,14.0,7.0,1.0,0.0,1.0,0.0,0.0,0.0,0.0,5.0,8.0,0.0,0.0,0.0,0.0,2.0,0.0,0.0,16.7,0.8,0.0,0.0,6.0,1.0,0.0,0.0,241.0,0.0,8.0,4.6,3.0,0.0,3.0,0.0,1.0,0.0,3.0,3.0,0.0,73.0,3.0,15.0,3.0,8.0
2026,Round 2,2026-03-21,Melbourne,home,CD_M20260140205,8,Jake Lever,CD_I298281,0.0,0.0,0.0,0.0,3.0,50.0,1.0,2.0,0.0,0.0,0.0,0.0,26.7,4.0,7.0,87.5,16.0,14.0,11.0,0.0,1.0,2.0,0.0,0.0,0.0,3.0,4.0,0.0,0.0,0.0,0.0,0.0,3.0,10.0,91.7,3.0,1.0,1.0,12.0,8.0,0.0,1.0,259.0,2.0,10.0,8.5,2.0,0.0,4.0,2.0,0.0,2.0,0.0,3.0,0.0,93.0,0.0,15.0,2.0,11.0
2026,Round 2,2026-03-21,Melbourne,home,CD_M20260140205,5,Xavier Lindsay,CD_I1028531,0.0,0.0,0.0,0.0,2.0,0.0,0.0,0.0,0.0,0.0,0.0,0.0,27.3,3.0,10.0,78.6,14.0,11.0,9.0,1.0,1.0,0.0,0.0,0.0,0.0,2.0,3.0,0.0,0.0,0.0,0.0,0.0,0.0,2.0,81.8,3.7,4.0,4.0,11.0,3.0,0.0,0.0,228.0,2.0,15.0,7.5,2.0,0.0,1.0,1.0,0.0,1.0,0.0,6.0,1.0,68.0,0.0,11.0,3.0,8.0
2026,Round 2,2026-03-21,Melbourne,home,CD_M20260140205,28,Brody Mihocek,CD_I291849,1.0,0.0,0.0,0.0,2.0,0.0,0.0,0.0,1.0,0.0,0.0,0.0,22.2,2.0,2.0,75.0,8.0,6.0,6.0,1.0,1.0,1.0,50.0,1.0,1.0,1.0,0.0,0.0,0.0,0.0,0.0,3.0,0.0,0.0,75.0,8.0,0.0,0.0,8.0,5.0,2.0,0.0,245.0,0.0,2.0,0.9,0.0,1.0,6.0,0.0,2.0,0.0,0.0,2.0,0.0,82.0,0.0,9.0,2.0,7.0
2026,Round 2,2026-03-21,Melbourne,home,CD_M20260140205,35,Harrison Petty,CD_I1008893,0.0,0.0,3.0,0.0,5.0,0.0,0.0,1.0,0.0,0.0,0.0,0.0,66.7,4.0,8.0,60.0,10.0,6.0,4.0,0.0,2.0,1.0,0.0,0.0,0.0,3.0,3.0,0.0,25.0,1.0,0.0,0.0,1.0,6.0,57.1,2.3,1.0,1.0,7.0,2.0,0.0,1.0,162.0,2.0,10.0,-0.7,3.0,4.0,2.0,1.0,0.0,2.0,0.0,1.0,0.0,100.0,0.0,6.0,4.0,2.0
2026,Round 2,2026-03-21,Melbourne,home,CD_M20260140205,36,Kysaiah Pickett,CD_I1008541,1.0,1.0,13.0,1.0,2.0,0.0,0.0,0.0,0.0,0.0,0.0,0.0,37.5,6.0,7.0,68.8,16.0,11.0,6.0,2.0,0.0,0.0,50.0,0.0,1.0,6.0,6.0,0.0,0.0,0.0,0.0,2.0,0.0,0.0,60.0,1.7,0.0,0.0,10.0,3.0,1.0,0.0,221.0,3.0,20.0,13.3,0.0,0.0,4.0,0.0,2.0,1.0,0.0,5.0,1.0,88.0,1.0,16.0,2.0,10.0
2026,Round 2,2026-03-21,Melbourne,home,CD_M20260140205,33,Latrelle Pickett,CD_I1022677,0.0,2.0,0.0,1.0,3.0,0.0,0.0,0.0,0.0,0.0,0.0,0.0,28.6,2.0,3.0,42.9,7.0,3.0,1.0,0.0,0.0,1.0,0.0,0.0,0.0,1.0,2.0,0.0,0.0,0.0,0.0,2.0,0.0,2.0,20.0,2.5,0.0,0.0,5.0,1.0,0.0,1.0,150.0,0.0,8.0,-1.2,1.0,0.0,0.0,0.0,1.0,0.0,0.0,0.0,0.0,70.0,1.0,7.0,3.0,5.0
2026,Round 2,2026-03-21,Melbourne,home,CD_M20260140205,24,Trent Rivers,CD_I1009378,1.0,0.0,3.0,0.0,3.0,0.0,0.0,0.0,0.0,0.0,0.0,0.0,10.5,2.0,5.0,81.0,21.0,17.0,13.0,0.0,0.0,0.0,0.0,0.0,0.0,2.0,6.0,0.0,0.0,0.0,0.0,3.0,2.0,4.0,86.7,2.5,2.0,2.0,15.0,10.0,1.0,0.0,501.0,0.0,10.0,4.5,6.0,0.0,7.0,2.0,1.0,0.0,0.0,1.0,0.0,82.0,0.0,19.0,5.0,17.0
2026,Round 2,2026-03-21,Melbourne,home,CD_M20260140205,3,Christian Salem,CD_I296359,0.0,0.0,0.0,0.0,2.0,0.0,0.0,1.0,0.0,0.0,0.0,0.0,27.3,6.0,6.0,65.4,26.0,17.0,15.0,0.0,0.0,0.0,0.0,0.0,0.0,5.0,2.0,0.0,0.0,0.0,0.0,4.0,2.0,7.0,62.5,12.0,5.0,3.0,24.0,7.0,0.0,0.0,618.0,2.0,7.0,10.7,8.0,0.0,3.0,2.0,0.0,1.0,1.0,0.0,0.0,84.0,1.0,22.0,6.0,16.0
2026,Round 2,2026-03-21,Melbourne,home,CD_M20260140205,30,Harry Sharp,CD_I1007099,0.0,0.0,0.0,0.0,1.0,0.0,0.0,0.0,0.0,0.0,0.0,0.0,40.0,4.0,3.0,60.0,10.0,6.0,5.0,1.0,0.0,0.0,66.7,0.0,2.0,4.0,3.0,0.0,0.0,0.0,0.0,4.0,0.0,0.0,71.4,2.3,0.0,0.0,7.0,2.0,0.0,1.0,293.0,1.0,13.0,13.2,0.0,0.0,3.0,0.0,3.0,1.0,1.0,0.0,0.0,74.0,1.0,10.0,3.0,6.0
2026,Round 2,2026-03-21,Melbourne,home,CD_M20260140205,32,Tom Sparrow,CD_I999391,1.0,0.0,12.0,1.0,1.0,0.0,0.0,0.0,0.0,0.0,0.0,0.0,54.5,6.0,7.0,69.2,13.0,9.0,3.0,0.0,0.0,1.0,50.0,0.0,1.0,3.0,6.0,0.0,0.0,0.0,0.0,1.0,0.0,2.0,42.9,1.2,0.0,0.0,7.0,1.0,0.0,0.0,190.0,0.0,18.0,8.5,2.0,0.0,3.0,0.0,2.0,0.0,0.0,9.0,1.0,71.0,1.0,11.0,0.0,5.0
2026,Round 2,2026-03-21,Melbourne,home,CD_M20260140205,9,Jack Steele,CD_I296205,0.0,1.0,24.0,5.0,9.0,0.0,0.0,0.0,0.0,0.0,0.0,1.0,53.6,15.0,9.0,51.6,31.0,16.0,7.0,3.0,0.0,2.0,0.0,1.0,0.0,9.0,11.0,0.0,0.0,0.0,0.0,7.0,2.0,7.0,35.0,1.8,1.0,1.0,20.0,6.0,1.0,0.0,610.0,2.0,25.0,11.6,1.0,0.0,6.0,5.0,2.0,0.0,4.0,9.0,0.0,72.0,9.0,28.0,13.0,13.0
2026,Round 2,2026-03-21,Melbourne,home,CD_M20260140205,12,Koltyn Tholstrup,CD_I1023640,0.0,0.0,19.0,0.0,4.0,0.0,0.0,0.0,0.0,0.0,0.0,0.0,10.0,1.0,4.0,72.7,11.0,8.0,4.0,0.0,0.0,0.0,0.0,1.0,0.0,1.0,5.0,0.0,0.0,0.0,0.0,4.0,0.0,1.0,66.7,1.2,0.0,0.0,6.0,3.0,0.0,0.0,295.0,3.0,13.0,0.2,1.0,0.0,2.0,0.0,0.0,3.0,0.0,5.0,2.0,80.0,0.0,10.0,3.0,9.0
2026,Round 2,2026-03-21,Melbourne,home,CD_M20260140205,10,Daniel Turner,CD_I1020959,0.0,0.0,0.0,0.0,1.0,66.7,2.0,3.0,0.0,0.0,0.0,2.0,75.0,3.0,5.0,50.0,4.0,2.0,2.0,0.0,1.0,0.0,0.0,0.0,0.0,1.0,0.0,0.0,0.0,0.0,0.0,0.0,1.0,2.0,50.0,4.0,0.0,0.0,4.0,3.0,0.0,0.0,121.0,5.0,6.0,5.6,1.0,0.0,0.0,0.0,0.0,5.0,0.0,1.0,0.0,30.0,0.0,4.0,0.0,1.0
2026,Round 2,2026-03-21,Melbourne,home,CD_M20260140205,2,Jacob van Rooyen,CD_I1017720,0.0,0.0,3.0,0.0,3.0,0.0,0.0,0.0,1.0,0.0,0.0,1.0,40.0,4.0,0.0,80.0,10.0,8.0,3.0,1.0,0.0,0.0,0.0,1.0,0.0,3.0,6.0,20.0,45.5,5.0,1.0,0.0,1.0,2.0,75.0,0.7,0.0,0.0,4.0,4.0,1.0,2.0,168.0,0.0,3.0,3.9,0.0,11.0,2.0,0.0,1.0,0.0,0.0,0.0,0.0,84.0,0.0,10.0,3.0,6.0
2026,Round 2,2026-03-21,Melbourne,home,CD_M20260140205,6,Caleb Windsor,CD_I1027821,0.0,0.0,16.0,0.0,1.0,0.0,0.0,0.0,0.0,0.0,0.0,0.0,40.0,6.0,8.0,46.2,13.0,6.0,3.0,2.0,1.0,0.0,0.0,0.0,0.0,4.0,5.0,0.0,0.0,0.0,0.0,4.0,0.0,1.0,37.5,1.6,0.0,0.0,8.0,2.0,0.0,0.0,207.0,1.0,20.0,2.9,0.0,0.0,3.0,2.0,0.0,0.0,2.0,3.0,1.0,67.0,2.0,15.0,4.0,9.0
2026,Round 3,2026-03-28,Richmond,home,CD_M20260140304,29,Jasper Alger,CD_I1028537,1.0,0.0,0.0,0.0,1.0,0.0,0.0,0.0,0.0,0.0,0.0,0.0,66.7,2.0,0.0,33.3,3.0,1.0,0.0,2.0,1.0,0.0,0.0,0.0,0.0,2.0,2.0,0.0,0.0,0.0,0.0,0.0,0.0,0.0,0.0,0.5,0.0,0.0,1.0,1.0,1.0,0.0,20.0,2.0,4.0,-1.9,0.0,0.0,2.0,0.0,1.0,2.0,1.0,0.0,0.0,31.0,1.0,3.0,1.0,1.0
2026,Round 3,2026-03-28,Richmond,home,CD_M20260140304,34,Harry Armstrong,CD_I1028525,0.0,0.0,0.0,0.0,0.0,0.0,0.0,0.0,0.0,0.0,0.0,0.0,100.0,1.0,1.0,0.0,0.0,0.0,0.0,0.0,0.0,1.0,0.0,0.0,0.0,0.0,0.0,0.0,0.0,0.0,0.0,0.0,0.0,0.0,0.0,0.0,0.0,0.0,0.0,0.0,0.0,0.0,5.0,0.0,2.0,1.5,0.0,3.0,0.0,0.0,0.0,0.0,0.0,0.0,0.0,45.0,0.0,1.0,0.0,0.0
2026,Round 3,2026-03-28,Richmond,home,CD_M20260140304,21,Noah Balta,CD_I1002245,0.0,3.0,0.0,0.0,4.0,40.0,2.0,5.0,0.0,0.0,0.0,1.0,57.1,4.0,3.0,100.0,7.0,7.0,6.0,0.0,3.0,0.0,0.0,0.0,0.0,2.0,1.0,0.0,0.0,0.0,0.0,1.0,1.0,6.0,100.0,6.0,1.0,1.0,6.0,3.0,0.0,0.0,177.0,5.0,3.0,5.5,4.0,0.0,0.0,0.0,0.0,3.0,0.0,0.0,0.0,93.0,0.0,7.0,2.0,3.0
2026,Round 3,2026-03-28,Richmond,home,CD_M20260140304,6,Sam Banks,CD_I1013197,0.0,0.0,0.0,0.0,3.0,0.0,0.0,0.0,0.0,0.0,0.0,0.0,35.0,7.0,6.0,55.6,18.0,10.0,2.0,0.0,1.0,0.0,0.0,0.0,0.0,7.0,10.0,0.0,0.0,0.0,0.0,0.0,1.0,5.0,25.0,0.8,0.0,0.0,8.0,2.0,0.0,0.0,179.0,0.0,11.0,4.0,2.0,0.0,2.0,1.0,0.0,0.0,0.0,0.0,0.0,84.0,0.0,20.0,7.0,13.0
2026,Round 3,2026-03-28,Richmond,home,CD_M20260140304,30,Tom Brown,CD_I1017086,0.0,0.0,0.0,0.0,2.0,0.0,0.0,1.0,0.0,0.0,0.0,0.0,42.9,3.0,1.0,90.9,11.0,10.0,5.0,0.0,1.0,0.0,0.0,0.0,0.0,3.0,5.0,0.0,0.0,0.0,0.0,0.0,0.0,3.0,83.3,1.2,5.0,4.0,6.0,2.0,0.0,0.0,240.0,2.0,1.0,5.2,6.0,0.0,0.0,0.0,0.0,2.0,0.0,0.0,0.0,71.0,0.0,7.0,2.0,4.0
2026,Round 3,2026-03-28,Richmond,home,CD_M20260140304,44,Seth Campbell,CD_I1023275,0.0,2.0,3.0,0.0,0.0,0.0,0.0,0.0,0.0,0.0,0.0,0.0,14.3,1.0,13.0,57.1,7.0,4.0,1.0,0.0,0.0,0.0,0.0,0.0,0.0,1.0,4.0,0.0,0.0,0.0,0.0,2.0,0.0,2.0,33.3,0.8,0.0,0.0,3.0,0.0,0.0,0.0,102.0,0.0,20.0,1.1,0.0,0.0,2.0,0.0,0.0,0.0,0.0,2.0,1.0,79.0,0.0,7.0,0.0,6.0
2026,Round 3,2026-03-28,Richmond,home,CD_M20260140304,8,Jonty Faull,CD_I1028498,2.0,0.0,0.0,0.0,1.0,0.0,0.0,0.0,1.0,0.0,0.0,1.0,71.4,5.0,2.0,37.5,8.0,3.0,2.0,0.0,1.0,2.0,33.3,0.0,1.0,1.0,1.0,0.0,0.0,0.0,0.0,3.0,1.0,2.0,28.6,7.0,0.0,0.0,7.0,2.0,1.0,0.0,220.0,3.0,9.0,9.2,0.0,8.0,4.0,0.0,3.0,1.0,0.0,4.0,2.0,92.0,0.0,7.0,2.0,2.0
2026,Round 3,2026-03-28,Richmond,home,CD_M20260140304,50,Campbell Gray,CD_I1036103,0.0,0.0,10.0,0.0,4.0,0.0,0.0,0.0,0.0,0.0,0.0,0.0,40.0,2.0,5.0,100.0,3.0,3.0,1.0,0.0,3.0,0.0,0.0,0.0,0.0,1.0,2.0,0.0,12.2,5.0,0.0,0.0,1.0,2.0,100.0,0.5,0.0,0.0,1.0,1.0,0.0,0.0,7.0,5.0,14.0,-1.3,1.0,41.0,1.0,0.0,0.0,4.0,0.0,2.0,1.0,82.0,0.0,5.0,2.0,3.0
2026,Round 3,2026-03-28,Richmond,home,CD_M20260140304,48,Steely Green,CD_I1023056,1.0,0.0,0.0,0.0,1.0,0.0,0.0,0.0,0.0,0.0,0.0,0.0,44.4,4.0,5.0,66.7,9.0,6.0,3.0,2.0,0.0,0.0,60.0,0.0,3.0,4.0,3.0,0.0,0.0,0.0,0.0,1.0,0.0,2.0,50.0,2.0,0.0,0.0,6.0,3.0,3.0,2.0,177.0,1.0,12.0,7.4,0.0,0.0,5.0,1.0,5.0,1.0,0.0,2.0,0.0,91.0,0.0,9.0,2.0,5.0
2026,Round 3,2026-03-28,Richmond,home,CD_M20260140304,24,Sam Grlj,CD_I1036579,0.0,1.0,1.0,0.0,2.0,0.0,0.0,0.0,0.0,0.0,0.0,0.0,31.3,5.0,11.0,61.1,18.0,11.0,6.0,0.0,0.0,0.0,0.0,0.0,0.0,5.0,7.0,0.0,0.0,0.0,0.0,1.0,0.0,4.0,54.5,1.6,2.0,2.0,11.0,3.0,0.0,0.0,327.0,0.0,18.0,8.1,2.0,0.0,1.0,1.0,0.0,0.0,1.0,3.0,0.0,77.0,1.0,16.0,3.0,11.0
2026,Round 3,2026-03-28,Richmond,home,CD_M20260140304,2,Jacob Hopper,CD_I993903,0.0,0.0,17.0,1.0,4.0,0.0,0.0,0.0,0.0,0.0,0.0,0.0,52.6,10.0,3.0,55.0,20.0,11.0,1.0,0.0,0.0,1.0,0.0,0.0,0.0,8.0,15.0,0.0,0.0,0.0,0.0,3.0,0.0,1.0,20.0,0.3,0.0,0.0,5.0,0.0,0.0,0.0,76.0,1.0,8.0,9.6,0.0,0.0,1.0,0.0,0.0,0.0,3.0,2.0,0.0,82.0,4.0,19.0,3.0,9.0
2026,Round 3,2026-03-28,Richmond,home,CD_M20260140304,4,Sam Lalor,CD_I1028491,1.0,0.0,10.0,1.0,6.0,0.0,0.0,0.0,0.0,0.0,0.0,0.0,38.9,7.0,7.0,66.7,15.0,10.0,8.0,0.0,4.0,2.0,0.0,2.0,0.0,5.0,2.0,0.0,0.0,0.0,0.0,6.0,0.0,1.0,61.5,6.5,0.0,0.0,13.0,3.0,0.0,1.0,490.0,1.0,13.0,6.8,2.0,0.0,4.0,1.0,1.0,1.0,0.0,6.0,0.0,74.0,1.0,18.0,6.0,11.0
2026,Round 3,2026-03-28,Richmond,home,CD_M20260140304,42,Mykelti Lefau,CD_I1008747,0.0,0.0,7.0,1.0,4.0,0.0,0.0,0.0,0.0,0.0,0.0,0.0,62.5,5.0,9.0,66.7,6.0,4.0,1.0,1.0,2.0,0.0,0.0,0.0,0.0,3.0,5.0,50.0,8.3,2.0,1.0,0.0,0.0,1.0,100.0,0.2,0.0,0.0,1.0,3.0,0.0,1.0,5.0,2.0,19.0,2.4,0.0,24.0,0.0,0.0,0.0,2.0,1.0,5.0,1.0,80.0,2.0,8.0,4.0,3.0
2026,Round 3,2026-03-28,Richmond,home,CD_M20260140304,12,Ben Miller,CD_I1002403,0.0,0.0,4.0,0.0,7.0,16.7,1.0,6.0,2.0,1.0,50.0,1.0,33.3,4.0,12.0,80.0,15.0,12.0,6.0,0.0,3.0,1.0,0.0,0.0,0.0,2.0,8.0,0.0,25.0,2.0,0.0,0.0,0.0,4.0,85.7,0.9,4.0,3.0,7.0,2.0,0.0,0.0,256.0,6.0,14.0,3.1,6.0,8.0,2.0,1.0,0.0,6.0,0.0,3.0,0.0,95.0,0.0,12.0,3.0,8.0
2026,Round 3,2026-03-28,Richmond,home,CD_M20260140304,3,Dion Prestia,CD_I290627,0.0,0.0,1.0,0.0,2.0,0.0,0.0,0.0,0.0,0.0,0.0,0.0,40.0,6.0,5.0,62.5,16.0,10.0,3.0,0.0,0.0,0.0,0.0,0.0,0.0,6.0,8.0,0.0,0.0,0.0,0.0,5.0,0.0,3.0,37.5,1.0,0.0,0.0,8.0,4.0,0.0,1.0,265.0,0.0,13.0,5.1,0.0,0.0,3.0,3.0,0.0,0.0,2.0,3.0,0.0,74.0,2.0,15.0,3.0,9.0
2026,Round 3,2026-03-28,Richmond,home,CD_M20260140304,13,Hugo Ralphsmith,CD_I1011985,0.0,0.0,0.0,0.0,3.0,0.0,0.0,0.0,0.0,0.0,0.0,0.0,46.2,6.0,10.0,71.4,14.0,10.0,2.0,1.0,0.0,1.0,0.0,0.0,0.0,5.0,10.0,0.0,0.0,0.0,0.0,0.0,0.0,3.0,50.0,0.4,0.0,0.0,4.0,1.0,0.0,0.0,139.0,2.0,13.0,6.0,2.0,0.0,1.0,0.0,0.0,0.0,1.0,1.0,0.0,88.0,1.0,13.0,3.0,7.0
2026,Round 3,2026-03-28,Richmond,home,CD_M20260140304,17,Maurice Rioli,CD_I1009551,0.0,0.0,0.0,0.0,5.0,0.0,0.0,0.0,0.0,0.0,0.0,0.0,27.3,3.0,5.0,70.0,10.0,7.0,5.0,2.0,3.0,0.0,0.0,2.0,0.0,3.0,4.0,0.0,0.0,0.0,0.0,3.0,0.0,1.0,83.3,1.5,0.0,0.0,6.0,3.0,0.0,0.0,191.0,1.0,18.0,2.4,1.0,0.0,2.0,1.0,0.0,1.0,0.0,1.0,0.0,77.0,0.0,11.0,2.0,8.0
2026,Round 3,2026-03-28,Richmond,home,CD_M20260140304,5,Jack Ross,CD_I1006133,1.0,1.0,13.0,3.0,1.0,0.0,0.0,0.0,0.0,0.0,0.0,0.0,50.0,12.0,7.0,87.0,23.0,20.0,5.0,4.0,0.0,3.0,0.0,1.0,0.0,9.0,16.0,0.0,0.0,0.0,0.0,3.0,1.0,3.0,71.4,0.4,0.0,0.0,7.0,2.0,0.0,0.0,238.0,1.0,18.0,16.2,1.0,0.0,6.0,3.0,1.0,0.0,2.0,3.0,0.0,78.0,5.0,24.0,1.0,12.0
2026,Round 3,2026-03-28,Richmond,home,CD_M20260140304,15,Jayden Short,CD_I992049,0.0,0.0,0.0,0.0,5.0,0.0,0.0,0.0,0.0,0.0,0.0,0.0,11.8,2.0,10.0,75.0,20.0,15.0,12.0,0.0,2.0,0.0,0.0,0.0,0.0,1.0,3.0,0.0,0.0,0.0,0.0,0.0,0.0,1.0,70.6,5.7,4.0,3.0,17.0,10.0,0.0,0.0,441.0,1.0,11.0,0.9,7.0,0.0,0.0,0.0,0.0,0.0,0.0,3.0,0.0,76.0,0.0,17.0,3.0,15.0
2026,Round 3,2026-03-28,Richmond,home,CD_M20260140304,40,Tyler Sonsie,CD_I1017114,1.0,0.0,0.0,0.0,3.0,0.0,0.0,0.0,0.0,0.0,0.0,0.0,37.5,6.0,7.0,65.0,20.0,13.0,5.0,0.0,0.0,2.0,0.0,1.0,0.0,4.0,9.0,0.0,0.0,0.0,0.0,2.0,0.0,3.0,45.5,1.2,0.0,0.0,11.0,1.0,0.0,0.0,263.0,0.0,10.0,5.1,2.0,0.0,6.0,1.0,2.0,0.0,4.0,1.0,0.0,86.0,4.0,16.0,4.0,10.0
2026,Round 3,2026-03-28,Richmond,home,CD_M20260140304,14,Tim Taranto,CD_I998172,0.0,1.0,18.0,1.0,3.0,0.0,0.0,0.0,2.0,1.0,50.0,1.0,56.5,13.0,9.0,58.3,24.0,14.0,4.0,3.0,1.0,1.0,100.0,0.0,2.0,11.0,17.0,0.0,0.0,0.0,0.0,5.0,0.0,2.0,57.1,0.4,0.0,0.0,7.0,3.0,2.0,0.0,148.0,1.0,22.0,13.0,0.0,0.0,4.0,0.0,2.0,0.0,2.0,10.0,2.0,85.0,3.0,23.0,2.0,10.0
2026,Round 3,2026-03-28,Richmond,home,CD_M20260140304,11,Luke Trainor,CD_I1028521,0.0,0.0,0.0,0.0,5.0,75.0,3.0,4.0,0.0,0.0,0.0,0.0,22.7,5.0,3.0,75.0,28.0,21.0,15.0,0.0,2.0,1.0,0.0,0.0,0.0,4.0,8.0,0.0,0.0,0.0,0.0,1.0,1.0,4.0,75.0,2.5,6.0,6.0,20.0,9.0,0.0,0.0,491.0,6.0,3.0,4.8,8.0,0.0,1.0,0.0,0.0,6.0,1.0,1.0,0.0,80.0,1.0,22.0,6.0,17.0
2026,Round 3,2026-03-28,Richmond,home,CD_M20260140304,1,Nick Vlastuin,CD_I294674,0.0,1.0,0.0,0.0,1.0,0.0,0.0,2.0,0.0,0.0,0.0,0.0,31.3,5.0,6.0,89.5,19.0,17.0,13.0,0.0,0.0,4.0,0.0,0.0,0.0,2.0,4.0,0.0,0.0,0.0,0.0,0.0,0.0,4.0,86.7,3.8,3.0,3.0,15.0,6.0,0.0,1.0,342.0,1.0,6.0,3.0,6.0,0.0,1.0,0.0,0.0,1.0,1.0,1.0,0.0,82.0,1.0,16.0,2.0,11.0
2026,Round 4,2026-04-03,Adelaide,away,CD_M20260140403,24,Josh Worrell,CD_I1011981,0.0,0.0,0.0,0.0,1.0,0.0,0.0,1.0,0.0,0.0,0.0,1.0,38.9,7.0,7.0,100.0,23.0,23.0,16.0,0.0,1.0,1.0,0.0,0.0,0.0,4.0,7.0,0.0,0.0,0.0,0.0,3.0,5.0,11.0,100.0,2.3,5.0,5.0,16.0,7.0,0.0,0.0,577.0,9.0,8.0,18.5,8.0,0.0,2.0,1.0,0.0,8.0,1.0,1.0,0.0,92.0,1.0,18.0,2.0,11.0
2026,Round 4,2026-04-03,Adelaide,away,CD_M20260140403,3,Sam Berry,CD_I1012807,0.0,0.0,17.0,0.0,3.0,0.0,0.0,0.0,0.0,0.0,0.0,0.0,47.6,10.0,9.0,71.4,21.0,15.0,4.0,0.0,0.0,0.0,100.0,0.0,1.0,9.0,15.0,0.0,0.0,0.0,0.0,1.0,0.0,2.0,66.7,0.4,0.0,0.0,6.0,0.0,0.0,0.0,220.0,0.0,19.0,10.4,3.0,0.0,3.0,0.0,1.0,0.0,4.0,5.0,0.0,67.0,4.0,21.0,3.0,11.0
2026,Round 4,2026-04-03,Adelaide,away,CD_M20260140403,21,Hugh Bond,CD_I1023534,1.0,0.0,0.0,1.0,2.0,0.0,0.0,1.0,0.0,0.0,0.0,0.0,28.6,2.0,13.0,71.4,7.0,5.0,3.0,0.0,0.0,0.0,0.0,0.0,0.0,2.0,2.0,0.0,0.0,0.0,0.0,0.0,1.0,2.0,60.0,2.5,0.0,0.0,5.0,2.0,1.0,0.0,136.0,0.0,16.0,0.0,1.0,0.0,2.0,2.0,1.0,0.0,0.0,2.0,0.0,87.0,1.0,7.0,2.0,5.0
2026,Round 4,2026-04-03,Adelaide,away,CD_M20260140403,35,James Borlase,CD_I1009029,1.0,0.0,0.0,0.0,1.0,12.5,1.0,8.0,0.0,0.0,0.0,2.0,50.0,2.0,4.0,50.0,4.0,2.0,1.0,0.0,0.0,0.0,0.0,0.0,0.0,0.0,1.0,0.0,0.0,0.0,0.0,0.0,2.0,2.0,33.3,3.0,0.0,0.0,3.0,3.0,0.0,0.0,34.0,15.0,5.0,6.1,0.0,0.0,2.0,1.0,1.0,14.0,0.0,1.0,0.0,90.0,0.0,4.0,1.0,2.0
2026,Round 4,2026-04-03,Adelaide,away,CD_M20260140403,15,Brayden Cook,CD_I1018335,0.0,0.0,0.0,0.0,1.0,0.0,0.0,0.0,0.0,0.0,0.0,0.0,30.0,3.0,3.0,70.0,10.0,7.0,7.0,1.0,0.0,0.0,100.0,1.0,1.0,3.0,0.0,0.0,0.0,0.0,0.0,1.0,2.0,3.0,70.0,10.0,0.0,0.0,10.0,4.0,1.0,0.0,332.0,2.0,12.0,11.1,2.0,0.0,3.0,1.0,1.0,1.0,0.0,2.0,0.0,80.0,0.0,10.0,2.0,7.0
2026,Round 4,2026-04-03,Adelaide,away,CD_M20260140403,12,Jordan Dawson,CD_I992242,0.0,0.0,17.0,0.0,4.0,0.0,0.0,0.0,0.0,0.0,0.0,1.0,52.2,12.0,9.0,65.2,23.0,15.0,6.0,0.0,2.0,3.0,100.0,0.0,2.0,6.0,11.0,0.0,0.0,0.0,0.0,4.0,2.0,7.0,50.0,1.1,0.0,0.0,12.0,3.0,1.0,0.0,283.0,1.0,22.0,17.6,2.0,0.0,2.0,0.0,2.0,1.0,2.0,6.0,0.0,85.0,2.0,23.0,4.0,11.0
2026,Round 4,2026-04-03,Adelaide,away,CD_M20260140403,1,Chayce Jones,CD_I1006203,0.0,0.0,0.0,0.0,0.0,0.0,0.0,0.0,0.0,0.0,0.0,0.0,50.0,2.0,2.0,75.0,4.0,3.0,2.0,0.0,0.0,1.0,0.0,0.0,0.0,1.0,1.0,0.0,0.0,0.0,0.0,1.0,0.0,3.0,66.7,3.0,0.0,0.0,3.0,1.0,0.0,0.0,90.0,0.0,6.0,1.5,1.0,0.0,0.0,0.0,0.0,0.0,0.0,2.0,0.0,89.0,0.0,4.0,1.0,2.0
2026,Round 4,2026-04-03,Adelaide,away,CD_M20260140403,2,Ben Keays,CD_I993946,1.0,0.0,0.0,1.0,3.0,0.0,0.0,0.0,0.0,0.0,0.0,0.0,53.8,7.0,1.0,66.7,15.0,10.0,5.0,3.0,1.0,1.0,0.0,0.0,0.0,6.0,7.0,0.0,0.0,0.0,0.0,2.0,0.0,0.0,62.5,1.1,0.0,0.0,8.0,1.0,1.0,0.0,188.0,1.0,12.0,9.5,0.0,0.0,2.0,1.0,2.0,0.0,2.0,4.0,3.0,83.0,3.0,13.0,3.0,6.0
2026,Round 4,2026-04-03,Adelaide,away,CD_M20260140403,36,Finnbar Maley,CD_I1031792,0.0,0.0,0.0,0.0,2.0,0.0,0.0,0.0,3.0,0.0,0.0,2.0,44.4,4.0,1.0,66.7,9.0,6.0,2.0,1.0,0.0,1.0,50.0,2.0,1.0,1.0,5.0,0.0,0.0,0.0,0.0,1.0,0.0,1.0,50.0,0.8,0.0,0.0,4.0,4.0,3.0,0.0,84.0,4.0,7.0,6.8,1.0,0.0,3.0,1.0,2.0,4.0,0.0,4.0,2.0,80.0,0.0,9.0,2.0,5.0
2026,Round 4,2026-04-03,Adelaide,away,CD_M20260140403,42,Lachlan McAndrew,CD_I1021200,0.0,0.0,16.0,2.0,1.0,0.0,0.0,1.0,0.0,0.0,0.0,2.0,62.5,5.0,7.0,87.5,8.0,7.0,4.0,0.0,0.0,0.0,0.0,0.0,0.0,2.0,3.0,29.0,38.3,31.0,9.0,0.0,2.0,3.0,80.0,1.7,0.0,0.0,5.0,3.0,0.0,0.0,78.0,5.0,21.0,15.3,0.0,81.0,4.0,4.0,0.0,2.0,1.0,13.0,2.0,65.0,3.0,8.0,2.0,3.0
2026,Round 4,2026-04-03,Adelaide,away,CD_M20260140403,16,Max Michalanney,CD_I1015370,0.0,0.0,0.0,0.0,0.0,0.0,0.0,0.0,0.0,0.0,0.0,1.0,45.5,5.0,6.0,75.0,12.0,9.0,4.0,1.0,0.0,1.0,0.0,0.0,0.0,4.0,6.0,0.0,0.0,0.0,0.0,2.0,2.0,5.0,66.7,1.0,1.0,1.0,6.0,5.0,0.0,0.0,256.0,2.0,8.0,9.2,2.0,0.0,1.0,0.0,0.0,1.0,0.0,3.0,0.0,72.0,0.0,11.0,1.0,6.0
2026,Round 4,2026-04-03,Adelaide,away,CD_M20260140403,30,Wayne Milera,CD_I990882,0.0,2.0,0.0,0.0,3.0,0.0,0.0,1.0,0.0,0.0,0.0,1.0,25.0,6.0,6.0,92.6,27.0,25.0,14.0,0.0,2.0,1.0,0.0,0.0,0.0,3.0,11.0,0.0,0.0,0.0,0.0,3.0,4.0,8.0,87.5,1.5,3.0,3.0,16.0,7.0,0.0,0.0,547.0,4.0,10.0,13.8,6.0,0.0,4.0,1.0,0.0,4.0,1.0,3.0,0.0,81.0,1.0,24.0,3.0,18.0
2026,Round 4,2026-04-03,Adelaide,away,CD_M20260140403,9,Nick Murray,CD_I1008230,0.0,0.0,0.0,0.0,3.0,20.0,1.0,5.0,0.0,0.0,0.0,0.0,33.3,2.0,4.0,88.9,9.0,8.0,6.0,0.0,2.0,1.0,0.0,0.0,0.0,1.0,3.0,0.0,0.0,0.0,0.0,1.0,0.0,3.0,100.0,2.0,3.0,3.0,6.0,1.0,0.0,0.0,303.0,6.0,6.0,5.2,8.0,0.0,0.0,0.0,0.0,6.0,0.0,3.0,0.0,88.0,0.0,6.0,3.0,4.0
2026,Round 4,2026-04-03,Adelaide,away,CD_M20260140403,28,Alex Neal-Bullen,CD_I296420,1.0,0.0,0.0,0.0,3.0,0.0,0.0,0.0,0.0,0.0,0.0,1.0,55.6,10.0,9.0,52.6,19.0,10.0,4.0,2.0,1.0,1.0,33.3,1.0,1.0,8.0,10.0,0.0,0.0,0.0,0.0,4.0,0.0,4.0,44.4,0.9,0.0,0.0,9.0,2.0,1.0,0.0,324.0,0.0,19.0,11.3,1.0,0.0,4.0,1.0,3.0,0.0,2.0,2.0,0.0,87.0,2.0,18.0,6.0,8.0
2026,Round 4,2026-04-03,Adelaide,away,CD_M20260140403,43,Reilly O'Brien,CD_I297523,0.0,0.0,10.0,0.0,2.0,0.0,0.0,0.0,0.0,0.0,0.0,0.0,66.7,2.0,1.0,66.7,3.0,2.0,1.0,1.0,0.0,1.0,0.0,0.0,0.0,1.0,1.0,0.0,46.9,15.0,0.0,0.0,0.0,0.0,50.0,2.0,0.0,0.0,2.0,1.0,0.0,0.0,36.0,2.0,3.0,-1.6,0.0,32.0,0.0,0.0,0.0,2.0,2.0,1.0,0.0,35.0,2.0,3.0,2.0,1.0
2026,Round 4,2026-04-03,Adelaide,away,CD_M20260140403,25,James Peatling,CD_I1006013,0.0,0.0,17.0,1.0,5.0,0.0,0.0,0.0,0.0,0.0,0.0,1.0,55.6,15.0,9.0,57.7,26.0,15.0,10.0,2.0,1.0,3.0,100.0,1.0,1.0,11.0,6.0,0.0,0.0,0.0,0.0,6.0,0.0,0.0,50.0,3.3,0.0,0.0,20.0,1.0,0.0,0.0,526.0,1.0,17.0,16.8,3.0,0.0,3.0,0.0,1.0,0.0,7.0,5.0,0.0,71.0,8.0,27.0,7.0,12.0
2026,Round 4,2026-04-03,Adelaide,away,CD_M20260140403,10,Luke Pedlar,CD_I1012218,0.0,0.0,1.0,0.0,4.0,0.0,0.0,0.0,1.0,0.0,0.0,0.0,50.0,4.0,3.0,25.0,8.0,2.0,2.0,2.0,1.0,1.0,0.0,0.0,0.0,3.0,4.0,0.0,0.0,0.0,0.0,1.0,1.0,2.0,50.0,1.0,0.0,0.0,4.0,2.0,0.0,0.0,128.0,0.0,14.0,2.0,1.0,0.0,0.0,0.0,0.0,0.0,1.0,4.0,2.0,69.0,1.0,8.0,6.0,4.0
2026,Round 4,2026-04-03,Adelaide,away,CD_M20260140403,8,Josh Rachele,CD_I1017051,0.0,0.0,17.0,1.0,1.0,0.0,0.0,0.0,0.0,0.0,0.0,0.0,52.6,10.0,8.0,68.4,19.0,13.0,10.0,1.0,0.0,0.0,100.0,0.0,1.0,8.0,6.0,0.0,0.0,0.0,0.0,5.0,0.0,4.0,76.9,2.2,0.0,0.0,13.0,5.0,1.0,1.0,494.0,0.0,20.0,12.6,1.0,0.0,4.0,2.0,1.0,0.0,4.0,4.0,0.0,82.0,5.0,19.0,4.0,9.0
2026,Round 4,2026-04-03,Adelaide,away,CD_M20260140403,23,Izak Rankine,CD_I1001195,3.0,4.0,5.0,0.0,3.0,0.0,0.0,0.0,0.0,0.0,0.0,0.0,38.5,5.0,8.0,50.0,14.0,7.0,4.0,1.0,1.0,1.0,0.0,0.0,0.0,5.0,5.0,0.0,0.0,0.0,0.0,5.0,0.0,2.0,44.4,1.8,0.0,0.0,9.0,3.0,1.0,0.0,415.0,0.0,22.0,5.4,1.0,0.0,6.0,1.0,3.0,0.0,0.0,4.0,2.0,75.0,0.0,13.0,3.0,8.0
2026,Round 4,2026-04-03,Adelaide,away,CD_M20260140403,14,Jake Soligo,CD_I1017109,1.0,0.0,0.0,0.0,0.0,0.0,0.0,0.0,1.0,0.0,0.0,0.0,36.4,4.0,5.0,75.0,12.0,9.0,2.0,1.0,0.0,1.0,0.0,2.0,0.0,3.0,7.0,0.0,0.0,0.0,0.0,3.0,0.0,2.0,40.0,0.7,0.0,0.0,5.0,1.0,1.0,1.0,142.0,1.0,10.0,6.1,1.0,0.0,5.0,2.0,1.0,1.0,2.0,3.0,1.0,75.0,2.0,11.0,2.0,7.0
2026,Round 4,2026-04-03,Adelaide,away,CD_M20260140403,19,Zac Taylor,CD_I1017065,0.0,0.0,0.0,0.0,1.0,0.0,0.0,0.0,0.0,0.0,0.0,0.0,30.0,3.0,7.0,100.0,9.0,9.0,6.0,1.0,1.0,0.0,100.0,0.0,1.0,2.0,3.0,0.0,0.0,0.0,0.0,2.0,0.0,1.0,100.0,2.0,0.0,0.0,6.0,3.0,0.0,0.0,212.0,3.0,16.0,7.1,1.0,0.0,3.0,0.0,1.0,3.0,0.0,2.0,0.0,76.0,0.0,10.0,2.0,7.0
2026,Round 4,2026-04-03,Adelaide,away,CD_M20260140403,7,Riley Thilthorpe,CD_I1008384,0.0,0.0,4.0,3.0,1.0,0.0,0.0,0.0,4.0,0.0,0.0,0.0,56.3,9.0,4.0,73.3,15.0,11.0,6.0,3.0,0.0,3.0,50.0,3.0,1.0,6.0,5.0,0.0,0.0,0.0,0.0,3.0,1.0,3.0,60.0,2.0,0.0,0.0,10.0,3.0,2.0,1.0,282.0,0.0,15.0,19.0,0.0,0.0,8.0,3.0,2.0,0.0,1.0,4.0,2.0,82.0,4.0,16.0,2.0,7.0
2026,Round 4,2026-04-03,Adelaide,away,CD_M20260140403,13,Taylor Walker,CD_I280506,1.0,0.0,0.0,0.0,3.0,0.0,0.0,0.0,0.0,0.0,0.0,1.0,45.5,5.0,0.0,55.6,9.0,5.0,3.0,0.0,2.0,0.0,33.3,0.0,1.0,3.0,3.0,0.0,0.0,0.0,0.0,0.0,0.0,0.0,50.0,2.0,0.0,0.0,6.0,4.0,3.0,2.0,193.0,1.0,8.0,5.5,0.0,0.0,3.0,0.0,3.0,0.0,0.0,5.0,3.0,88.0,0.0,11.0,3.0,6.0
2026,Round 5,2026-04-10,Collingwood,away,CD_M20260140502,41,Angus Anderson,CD_I1023744,0.0,0.0,8.0,1.0,3.0,0.0,0.0,0.0,0.0,0.0,0.0,0.0,37.5,6.0,5.0,62.5,16.0,10.0,9.0,2.0,0.0,0.0,100.0,0.0,1.0,4.0,1.0,0.0,0.0,0.0,0.0,3.0,1.0,3.0,60.0,15.0,0.0,0.0,15.0,5.0,1.0,0.0,482.0,0.0,17.0,10.2,1.0,0.0,3.0,0.0,1.0,0.0,1.0,6.0,1.0,67.0,2.0,16.0,6.0,10.0
2026,Round 5,2026-04-10,Collingwood,away,CD_M20260140502,14,Darcy Cameron,CD_I990291,0.0,0.0,14.0,0.0,4.0,100.0,1.0,1.0,0.0,0.0,0.0,1.0,82.4,14.0,5.0,50.0,18.0,9.0,5.0,1.0,1.0,4.0,0.0,0.0,0.0,3.0,8.0,25.0,41.4,24.0,6.0,3.0,2.0,4.0,50.0,1.3,0.0,0.0,10.0,3.0,0.0,0.0,156.0,0.0,10.0,10.9,1.0,58.0,0.0,0.0,0.0,0.0,4.0,7.0,1.0,79.0,4.0,17.0,2.0,3.0
2026,Round 5,2026-04-10,Collingwood,away,CD_M20260140502,25,Jack Crisp,CD_I293871,0.0,0.0,5.0,0.0,4.0,0.0,0.0,0.0,0.0,0.0,0.0,1.0,52.2,12.0,6.0,65.2,23.0,15.0,9.0,3.0,0.0,1.0,100.0,0.0,1.0,10.0,9.0,0.0,0.0,0.0,0.0,2.0,1.0,7.0,64.3,1.6,0.0,0.0,14.0,6.0,1.0,0.0,374.0,2.0,14.0,17.4,3.0,0.0,6.0,2.0,1.0,0.0,0.0,3.0,2.0,78.0,0.0,23.0,6.0,11.0
2026,Round 5,2026-04-10,Collingwood,away,CD_M20260140502,7,Josh Daicos,CD_I1005054,0.0,0.0,0.0,0.0,4.0,0.0,0.0,0.0,0.0,0.0,0.0,0.0,47.8,11.0,7.0,69.6,23.0,16.0,9.0,1.0,1.0,1.0,0.0,0.0,0.0,10.0,12.0,0.0,0.0,0.0,0.0,2.0,1.0,9.0,81.8,0.9,0.0,0.0,11.0,3.0,0.0,0.0,368.0,2.0,9.0,11.0,3.0,0.0,3.0,2.0,0.0,2.0,2.0,3.0,0.0,88.0,2.0,23.0,8.0,12.0
2026,Round 5,2026-04-10,Collingwood,away,CD_M20260140502,35,Nick Daicos,CD_I1023261,1.0,1.0,14.0,2.0,5.0,0.0,0.0,0.0,0.0,0.0,0.0,1.0,33.3,10.0,12.0,67.7,31.0,21.0,10.0,0.0,1.0,1.0,0.0,1.0,0.0,8.0,12.0,0.0,0.0,0.0,0.0,7.0,0.0,2.0,52.6,1.6,0.0,0.0,19.0,4.0,0.0,0.0,638.0,0.0,17.0,16.7,5.0,0.0,5.0,1.0,1.0,0.0,3.0,1.0,0.0,86.0,5.0,30.0,7.0,20.0
2026,Round 5,2026-04-10,Collingwood,away,CD_M20260140502,2,Jordan De Goey,CD_I994185,0.0,0.0,0.0,0.0,1.0,0.0,0.0,0.0,0.0,0.0,0.0,1.0,42.9,3.0,1.0,83.3,6.0,5.0,1.0,0.0,0.0,0.0,0.0,0.0,0.0,2.0,4.0,0.0,0.0,0.0,0.0,2.0,0.0,2.0,50.0,0.5,0.0,0.0,2.0,1.0,0.0,0.0,60.0,0.0,2.0,4.4,0.0,0.0,1.0,0.0,0.0,0.0,0.0,0.0,0.0,23.0,0.0,7.0,1.0,4.0
2026,Round 5,2026-04-10,Collingwood,away,CD_M20260140502,5,Jamie Elliott,CD_I293801,0.0,0.0,1.0,0.0,2.0,0.0,0.0,0.0,0.0,0.0,0.0,0.0,28.6,4.0,3.0,60.0,15.0,9.0,3.0,3.0,1.0,1.0,0.0,0.0,0.0,3.0,9.0,0.0,0.0,0.0,0.0,3.0,0.0,1.0,50.0,0.7,0.0,0.0,6.0,1.0,0.0,0.0,155.0,0.0,16.0,4.8,0.0,0.0,4.0,0.0,0.0,0.0,1.0,3.0,3.0,84.0,1.0,14.0,5.0,10.0
2026,Round 5,2026-04-10,Collingwood,away,CD_M20260140502,17,Billy Frampton,CD_I991773,0.0,0.0,0.0,0.0,2.0,0.0,0.0,5.0,0.0,0.0,0.0,1.0,33.3,5.0,4.0,93.3,15.0,14.0,10.0,1.0,1.0,0.0,0.0,0.0,0.0,3.0,4.0,0.0,0.0,0.0,0.0,1.0,4.0,8.0,90.9,2.8,0.0,0.0,11.0,8.0,0.0,0.0,209.0,9.0,4.0,11.7,2.0,0.0,1.0,1.0,0.0,8.0,0.0,1.0,0.0,97.0,0.0,15.0,1.0,10.0
2026,Round 5,2026-04-10,Collingwood,away,CD_M20260140502,9,Dan Houston,CD_I994295,0.0,0.0,0.0,0.0,3.0,100.0,1.0,1.0,0.0,0.0,0.0,1.0,21.4,3.0,3.0,92.9,14.0,13.0,7.0,0.0,2.0,0.0,0.0,0.0,0.0,2.0,6.0,0.0,0.0,0.0,0.0,1.0,1.0,3.0,87.5,1.3,0.0,0.0,8.0,7.0,0.0,0.0,119.0,2.0,5.0,3.2,1.0,0.0,2.0,0.0,0.0,2.0,0.0,2.0,0.0,72.0,0.0,14.0,1.0,11.0
2026,Round 5,2026-04-10,Collingwood,away,CD_M20260140502,38,Jeremy Howe,CD_I291313,0.0,0.0,0.0,0.0,1.0,0.0,0.0,2.0,0.0,0.0,0.0,0.0,30.8,4.0,5.0,92.9,14.0,13.0,11.0,0.0,0.0,1.0,0.0,0.0,0.0,2.0,2.0,0.0,0.0,0.0,0.0,0.0,3.0,8.0,91.7,6.0,1.0,1.0,12.0,8.0,0.0,0.0,199.0,12.0,6.0,10.3,3.0,0.0,1.0,0.0,0.0,11.0,0.0,3.0,0.0,94.0,0.0,13.0,1.0,9.0
2026,Round 5,2026-04-10,Collingwood,away,CD_M20260140502,1,Patrick Lipinski,CD_I1003130,0.0,0.0,0.0,0.0,0.0,0.0,0.0,0.0,0.0,0.0,0.0,0.0,31.3,5.0,7.0,70.6,17.0,12.0,4.0,1.0,0.0,1.0,0.0,0.0,0.0,3.0,10.0,0.0,0.0,0.0,0.0,2.0,0.0,0.0,57.1,0.7,0.0,0.0,7.0,1.0,0.0,0.0,161.0,1.0,19.0,7.6,2.0,0.0,4.0,1.0,0.0,1.0,3.0,4.0,2.0,87.0,3.0,16.0,4.0,11.0
2026,Round 5,2026-04-10,Collingwood,away,CD_M20260140502,44,Ned Long,CD_I1017124,1.0,0.0,2.0,0.0,2.0,0.0,0.0,0.0,0.0,0.0,0.0,0.0,33.3,4.0,5.0,53.8,13.0,7.0,2.0,0.0,1.0,1.0,50.0,0.0,1.0,3.0,6.0,0.0,0.0,0.0,0.0,4.0,0.0,1.0,28.6,1.2,0.0,0.0,7.0,1.0,0.0,0.0,190.0,1.0,14.0,5.5,1.0,0.0,2.0,0.0,2.0,0.0,2.0,5.0,1.0,63.0,2.0,12.0,2.0,8.0
2026,Round 5,2026-04-10,Collingwood,away,CD_M20260140502,4,Brayden Maynard,CD_I992010,0.0,0.0,0.0,0.0,3.0,0.0,0.0,2.0,0.0,0.0,0.0,2.0,23.5,4.0,9.0,76.5,17.0,13.0,12.0,0.0,0.0,0.0,0.0,1.0,0.0,1.0,1.0,0.0,0.0,0.0,0.0,4.0,3.0,6.0,75.0,16.0,1.0,0.0,16.0,9.0,0.0,0.0,544.0,5.0,15.0,12.1,6.0,0.0,4.0,0.0,0.0,4.0,0.0,6.0,1.0,83.0,0.0,17.0,5.0,13.0
2026,Round 5,2026-04-10,Collingwood,away,CD_M20260140502,31,Beau McCreery,CD_I1004757,0.0,0.0,1.0,0.0,0.0,0.0,0.0,0.0,2.0,0.0,0.0,0.0,9.1,1.0,2.0,76.9,13.0,10.0,6.0,0.0,0.0,0.0,0.0,1.0,0.0,1.0,5.0,0.0,0.0,0.0,0.0,4.0,0.0,1.0,75.0,1.6,0.0,0.0,8.0,4.0,0.0,1.0,298.0,1.0,20.0,10.1,1.0,0.0,3.0,1.0,0.0,1.0,0.0,7.0,3.0,82.0,0.0,11.0,1.0,10.0
2026,Round 5,2026-04-10,Collingwood,away,CD_M20260140502,11,Daniel McStay,CD_I297504,1.0,0.0,0.0,0.0,1.0,0.0,0.0,0.0,5.0,1.0,20.0,2.0,50.0,4.0,1.0,75.0,8.0,6.0,4.0,0.0,1.0,1.0,50.0,1.0,1.0,1.0,3.0,0.0,7.1,1.0,0.0,3.0,0.0,2.0,80.0,1.7,0.0,0.0,5.0,5.0,2.0,0.0,112.0,2.0,14.0,8.2,0.0,14.0,3.0,0.0,2.0,2.0,0.0,6.0,4.0,90.0,0.0,8.0,1.0,4.0
2026,Round 5,2026-04-10,Collingwood,away,CD_M20260140502,28,Tim Membrey,CD_I294596,2.0,0.0,0.0,0.0,1.0,0.0,0.0,0.0,4.0,0.0,0.0,0.0,15.4,2.0,2.0,53.8,13.0,7.0,5.0,2.0,0.0,0.0,33.3,0.0,1.0,2.0,4.0,0.0,0.0,0.0,0.0,2.0,0.0,0.0,55.6,2.3,0.0,0.0,9.0,7.0,3.0,1.0,217.0,1.0,8.0,5.9,0.0,1.0,5.0,0.0,3.0,1.0,0.0,2.0,0.0,87.0,0.0,13.0,3.0,11.0
2026,Round 5,2026-04-10,Collingwood,away,CD_M20260140502,10,Scott Pendlebury,CD_I260257,0.0,0.0,12.0,1.0,1.0,0.0,0.0,0.0,0.0,0.0,0.0,1.0,43.5,10.0,9.0,81.8,22.0,18.0,7.0,0.0,0.0,0.0,0.0,1.0,0.0,8.0,13.0,0.0,0.0,0.0,0.0,4.0,1.0,2.0,77.8,0.7,1.0,0.0,9.0,4.0,0.0,0.0,254.0,1.0,17.0,16.6,0.0,0.0,5.0,0.0,0.0,0.0,3.0,4.0,0.0,80.0,4.0,23.0,1.0,13.0
2026,Round 5,2026-04-10,Collingwood,away,CD_M20260140502,12,Harry Perryman,CD_I998205,0.0,0.0,0.0,1.0,0.0,0.0,0.0,0.0,0.0,0.0,0.0,0.0,43.8,7.0,6.0,100.0,16.0,16.0,10.0,0.0,0.0,1.0,0.0,0.0,0.0,6.0,6.0,0.0,0.0,0.0,0.0,3.0,2.0,6.0,100.0,1.7,0.0,0.0,10.0,7.0,0.0,0.0,284.0,2.0,7.0,12.4,2.0,0.0,3.0,2.0,0.0,2.0,0.0,4.0,0.0,77.0,1.0,16.0,3.0,9.0
2026,Round 5,2026-04-10,Collingwood,away,CD_M20260140502,3,Isaac Quaynor,CD_I1008089,0.0,0.0,0.0,0.0,1.0,0.0,0.0,2.0,0.0,0.0,0.0,0.0,27.3,6.0,12.0,71.4,21.0,15.0,12.0,0.0,1.0,1.0,0.0,0.0,0.0,4.0,5.0,0.0,0.0,0.0,0.0,1.0,1.0,6.0,75.0,3.2,0.0,0.0,16.0,10.0,0.0,0.0,339.0,5.0,15.0,10.6,3.0,0.0,4.0,2.0,0.0,3.0,1.0,6.0,0.0,89.0,1.0,22.0,6.0,16.0
2026,Round 5,2026-04-10,Collingwood,away,CD_M20260140502,8,Lachie Schultz,CD_I1000860,3.0,0.0,1.0,0.0,3.0,0.0,0.0,0.0,1.0,0.0,0.0,0.0,40.0,8.0,4.0,61.1,18.0,11.0,6.0,4.0,3.0,1.0,0.0,0.0,0.0,7.0,8.0,0.0,0.0,0.0,0.0,4.0,0.0,3.0,60.0,1.3,0.0,0.0,10.0,5.0,3.0,1.0,299.0,0.0,21.0,-1.0,0.0,0.0,4.0,1.0,4.0,0.0,0.0,8.0,5.0,81.0,0.0,20.0,6.0,12.0
2026,Round 5,2026-04-10,Collingwood,away,CD_M20260140502,22,Steele Sidebottom,CD_I280965,0.0,0.0,4.0,0.0,4.0,0.0,0.0,0.0,0.0,0.0,0.0,0.0,41.7,5.0,11.0,71.4,14.0,10.0,3.0,1.0,1.0,1.0,0.0,0.0,0.0,3.0,7.0,0.0,0.0,0.0,0.0,2.0,0.0,1.0,42.9,1.0,0.0,0.0,7.0,1.0,0.0,0.0,163.0,1.0,18.0,6.1,2.0,0.0,1.0,0.0,0.0,0.0,4.0,4.0,1.0,80.0,4.0,12.0,2.0,7.0
2026,Round 5,2026-04-10,Collingwood,away,CD_M20260140502,45,Roan Steele,CD_I1027501,0.0,0.0,0.0,0.0,1.0,0.0,0.0,0.0,0.0,0.0,0.0,0.0,58.3,7.0,5.0,61.5,13.0,8.0,5.0,1.0,0.0,1.0,0.0,0.0,0.0,5.0,4.0,0.0,0.0,0.0,0.0,4.0,0.0,5.0,55.6,2.3,0.0,0.0,9.0,1.0,0.0,0.0,197.0,2.0,16.0,7.5,1.0,0.0,1.0,0.0,0.0,0.0,1.0,4.0,1.0,81.0,1.0,12.0,4.0,5.0
2026,Round 5,2026-04-10,Collingwood,away,CD_M20260140502,21,Oscar Steene,CD_I1022844,0.0,0.0,2.0,0.0,1.0,100.0,1.0,1.0,1.0,0.0,0.0,0.0,75.0,3.0,3.0,100.0,4.0,4.0,1.0,0.0,0.0,2.0,0.0,0.0,0.0,1.0,3.0,0.0,10.0,2.0,0.0,0.0,0.0,2.0,100.0,0.3,0.0,0.0,1.0,0.0,0.0,0.0,-6.0,2.0,8.0,3.4,0.0,20.0,1.0,1.0,0.0,2.0,0.0,3.0,1.0,51.0,0.0,4.0,0.0,1.0
2026,Round 6,2026-04-19,West Coast,away,CD_M20260140609,47,Milan Murdock,CD_I1005972,2.0,0.0,3.0,0.0,1.0,0.0,0.0,0.0,0.0,0.0,0.0,0.0,52.6,10.0,7.0,57.9,19.0,11.0,2.0,1.0,0.0,2.0,0.0,0.0,0.0,8.0,10.0,0.0,0.0,0.0,0.0,2.0,0.0,5.0,22.2,0.9,0.0,0.0,9.0,1.0,0.0,0.0,163.0,0.0,17.0,4.8,1.0,0.0,4.0,1.0,2.0,0.0,2.0,8.0,4.0,66.0,2.0,19.0,2.0,9.0
2026,Round 6,2026-04-19,West Coast,away,CD_M20260140609,22,Archer Reid,CD_I1027693,0.0,0.0,1.0,0.0,0.0,0.0,0.0,0.0,1.0,1.0,100.0,0.0,75.0,3.0,1.0,75.0,4.0,3.0,1.0,2.0,0.0,1.0,0.0,1.0,0.0,2.0,2.0,0.0,37.5,3.0,0.0,0.0,0.0,0.0,50.0,1.0,0.0,0.0,2.0,0.0,0.0,0.0,-4.0,4.0,2.0,4.1,0.0,8.0,1.0,0.0,1.0,3.0,0.0,0.0,0.0,76.0,0.0,4.0,0.0,1.0
2026,Round 6,2026-04-19,West Coast,away,CD_M20260140609,26,Bo Allan,CD_I1028449,1.0,0.0,0.0,2.0,4.0,0.0,0.0,0.0,0.0,0.0,0.0,1.0,31.3,5.0,6.0,47.1,17.0,8.0,3.0,0.0,1.0,0.0,0.0,0.0,0.0,4.0,7.0,0.0,0.0,0.0,0.0,4.0,1.0,4.0,30.0,1.4,0.0,0.0,10.0,7.0,0.0,2.0,329.0,0.0,12.0,2.8,1.0,0.0,3.0,0.0,1.0,0.0,0.0,1.0,1.0,80.0,2.0,16.0,5.0,11.0
2026,Round 6,2026-04-19,West Coast,away,CD_M20260140609,3,Liam Baker,CD_I1000223,1.0,0.0,0.0,0.0,7.0,0.0,0.0,0.0,0.0,0.0,0.0,0.0,50.0,8.0,3.0,60.0,15.0,9.0,5.0,2.0,3.0,1.0,50.0,0.0,2.0,8.0,7.0,0.0,0.0,0.0,0.0,1.0,0.0,3.0,62.5,1.1,0.0,0.0,8.0,3.0,2.0,1.0,194.0,1.0,14.0,9.1,1.0,0.0,4.0,0.0,4.0,0.0,0.0,3.0,1.0,78.0,0.0,16.0,6.0,8.0
2026,Round 6,2026-04-19,West Coast,away,CD_M20260140609,41,Sandy Brock,CD_I1013315,0.0,0.0,0.0,0.0,1.0,0.0,0.0,2.0,0.0,0.0,0.0,0.0,36.4,4.0,4.0,80.0,10.0,8.0,5.0,0.0,0.0,0.0,0.0,0.0,0.0,3.0,3.0,0.0,0.0,0.0,0.0,0.0,1.0,4.0,71.4,2.3,0.0,0.0,7.0,6.0,0.0,0.0,238.0,8.0,4.0,6.1,5.0,0.0,0.0,0.0,0.0,7.0,1.0,0.0,0.0,90.0,1.0,11.0,1.0,7.0
2026,Round 6,2026-04-19,West Coast,away,CD_M20260140609,15,Jamie Cripps,CD_I290826,1.0,0.0,0.0,0.0,1.0,0.0,0.0,0.0,0.0,0.0,0.0,0.0,44.4,4.0,1.0,66.7,9.0,6.0,4.0,2.0,0.0,1.0,0.0,0.0,0.0,3.0,2.0,0.0,0.0,0.0,0.0,3.0,0.0,1.0,57.1,3.5,0.0,0.0,7.0,4.0,0.0,3.0,163.0,2.0,14.0,3.5,0.0,0.0,1.0,1.0,1.0,0.0,0.0,3.0,3.0,77.0,0.0,9.0,2.0,5.0
2026,Round 6,2026-04-19,West Coast,away,CD_M20260140609,38,Hamish Davis,CD_I1032624,0.0,0.0,0.0,0.0,2.0,0.0,0.0,0.0,0.0,0.0,0.0,1.0,41.7,5.0,3.0,50.0,12.0,6.0,2.0,1.0,1.0,0.0,0.0,1.0,0.0,3.0,6.0,0.0,0.0,0.0,0.0,2.0,1.0,2.0,33.3,1.0,0.0,0.0,6.0,5.0,0.0,0.0,223.0,1.0,8.0,5.8,2.0,0.0,2.0,0.0,0.0,0.0,0.0,2.0,1.0,73.0,0.0,12.0,4.0,7.0
2026,Round 6,2026-04-19,West Coast,away,CD_M20260140609,21,Cooper Duff-Tytler,CD_I1028725,0.0,0.0,2.0,1.0,2.0,0.0,0.0,0.0,2.0,0.0,0.0,0.0,50.0,5.0,5.0,90.0,10.0,9.0,6.0,0.0,0.0,3.0,0.0,0.0,0.0,3.0,4.0,100.0,14.3,2.0,2.0,4.0,1.0,3.0,100.0,1.5,0.0,0.0,6.0,3.0,0.0,0.0,174.0,2.0,10.0,4.5,0.0,14.0,2.0,0.0,0.0,2.0,1.0,2.0,1.0,69.0,2.0,10.0,2.0,5.0
2026,Round 6,2026-04-19,West Coast,away,CD_M20260140609,14,Liam Duggan,CD_I298268,0.0,0.0,0.0,0.0,2.0,0.0,0.0,1.0,0.0,0.0,0.0,0.0,19.0,4.0,4.0,71.4,21.0,15.0,12.0,0.0,0.0,0.0,0.0,0.0,0.0,4.0,3.0,0.0,0.0,0.0,0.0,5.0,2.0,5.0,66.7,6.0,1.0,1.0,18.0,8.0,0.0,0.0,528.0,1.0,4.0,6.2,4.0,0.0,4.0,0.0,0.0,1.0,1.0,0.0,0.0,79.0,1.0,21.0,6.0,17.0
2026,Round 6,2026-04-19,West Coast,away,CD_M20260140609,1,Willem Duursma,CD_I1033115,0.0,0.0,7.0,0.0,4.0,0.0,0.0,0.0,0.0,0.0,0.0,0.0,33.3,7.0,9.0,70.0,20.0,14.0,8.0,0.0,0.0,0.0,0.0,1.0,0.0,6.0,9.0,0.0,0.0,0.0,0.0,4.0,0.0,3.0,72.7,1.2,0.0,0.0,11.0,6.0,0.0,0.0,381.0,0.0,19.0,10.1,0.0,0.0,2.0,0.0,0.0,0.0,1.0,4.0,1.0,80.0,1.0,21.0,6.0,14.0
2026,Round 6,2026-04-19,West Coast,away,CD_M20260140609,7,Reuben Ginbey,CD_I1023025,0.0,0.0,0.0,0.0,2.0,0.0,0.0,1.0,0.0,0.0,0.0,1.0,35.7,5.0,3.0,92.9,14.0,13.0,11.0,0.0,1.0,1.0,0.0,0.0,0.0,3.0,2.0,0.0,0.0,0.0,0.0,0.0,4.0,7.0,91.7,6.0,0.0,0.0,12.0,7.0,0.0,1.0,279.0,3.0,5.0,8.1,7.0,0.0,1.0,0.0,0.0,2.0,0.0,1.0,0.0,88.0,0.0,14.0,4.0,9.0
2026,Round 6,2026-04-19,West Coast,away,CD_M20260140609,8,Elijah Hewett,CD_I1020670,0.0,0.0,7.0,0.0,1.0,0.0,0.0,0.0,0.0,0.0,0.0,0.0,66.7,2.0,8.0,100.0,3.0,3.0,1.0,1.0,1.0,0.0,0.0,0.0,0.0,2.0,2.0,0.0,0.0,0.0,0.0,0.0,0.0,1.0,100.0,0.5,0.0,0.0,1.0,1.0,0.0,0.0,10.0,0.0,14.0,3.4,0.0,0.0,0.0,0.0,0.0,0.0,1.0,3.0,0.0,68.0,1.0,3.0,0.0,1.0
2026,Round 6,2026-04-19,West Coast,away,CD_M20260140609,19,Brady Hough,CD_I1023167,0.0,0.0,0.0,0.0,1.0,0.0,0.0,0.0,0.0,0.0,0.0,0.0,9.1,1.0,5.0,72.7,11.0,8.0,6.0,0.0,0.0,0.0,0.0,0.0,0.0,1.0,3.0,0.0,0.0,0.0,0.0,0.0,1.0,1.0,75.0,2.7,0.0,0.0,8.0,7.0,0.0,2.0,148.0,0.0,10.0,1.9,3.0,0.0,2.0,1.0,0.0,0.0,1.0,5.0,0.0,80.0,1.0,11.0,2.0,10.0
2026,Round 6,2026-04-19,West Coast,away,CD_M20260140609,11,Tim Kelly,CD_I295898,0.0,0.0,18.0,2.0,5.0,0.0,0.0,0.0,0.0,0.0,0.0,0.0,60.9,14.0,3.0,70.8,24.0,17.0,4.0,2.0,1.0,2.0,0.0,0.0,0.0,13.0,17.0,0.0,0.0,0.0,0.0,2.0,2.0,9.0,57.1,0.4,0.0,0.0,7.0,3.0,0.0,0.0,127.0,0.0,9.0,10.6,0.0,0.0,5.0,5.0,0.0,0.0,2.0,1.0,1.0,73.0,4.0,23.0,3.0,9.0
2026,Round 6,2026-04-19,West Coast,away,CD_M20260140609,5,Josh Lindsay,CD_I1033078,0.0,0.0,0.0,0.0,1.0,0.0,0.0,1.0,0.0,0.0,0.0,0.0,23.1,3.0,1.0,73.7,19.0,14.0,10.0,0.0,0.0,0.0,100.0,0.0,1.0,3.0,4.0,0.0,0.0,0.0,0.0,1.0,0.0,3.0,66.7,3.8,6.0,6.0,15.0,1.0,0.0,0.0,417.0,2.0,4.0,12.1,2.0,0.0,3.0,1.0,1.0,2.0,0.0,0.0,0.0,84.0,0.0,13.0,5.0,10.0
2026,Round 6,2026-04-19,West Coast,away,CD_M20260140609,18,Tom McCarthy,CD_I1036124,0.0,2.0,0.0,0.0,4.0,100.0,1.0,1.0,0.0,0.0,0.0,1.0,30.4,7.0,10.0,75.0,28.0,21.0,16.0,0.0,1.0,0.0,0.0,1.0,0.0,5.0,7.0,0.0,0.0,0.0,0.0,3.0,4.0,11.0,76.2,3.0,5.0,5.0,21.0,9.0,0.0,0.0,421.0,2.0,13.0,10.4,5.0,0.0,7.0,3.0,0.0,0.0,1.0,3.0,0.0,88.0,1.0,23.0,6.0,16.0
2026,Round 6,2026-04-19,West Coast,away,CD_M20260140609,9,Harley Reid,CD_I1023492,1.0,0.0,19.0,3.0,6.0,0.0,0.0,0.0,0.0,0.0,0.0,1.0,47.4,9.0,3.0,65.0,20.0,13.0,8.0,0.0,2.0,3.0,0.0,1.0,0.0,5.0,7.0,0.0,0.0,0.0,0.0,6.0,0.0,1.0,61.5,1.9,0.0,0.0,13.0,2.0,0.0,0.0,472.0,0.0,9.0,10.1,0.0,0.0,4.0,1.0,2.0,0.0,0.0,3.0,0.0,81.0,3.0,19.0,3.0,10.0
2026,Round 6,2026-04-19,West Coast,away,CD_M20260140609,48,Harry Schoenberg,CD_I1008543,0.0,0.0,0.0,0.0,0.0,0.0,0.0,0.0,0.0,0.0,0.0,0.0,6.3,1.0,3.0,81.3,16.0,13.0,7.0,0.0,0.0,0.0,0.0,0.0,0.0,1.0,7.0,0.0,0.0,0.0,0.0,3.0,0.0,1.0,77.8,1.3,0.0,0.0,9.0,5.0,0.0,1.0,260.0,1.0,5.0,3.0,1.0,0.0,1.0,0.0,0.0,0.0,0.0,1.0,0.0,71.0,0.0,16.0,3.0,15.0
2026,Round 6,2026-04-19,West Coast,away,CD_M20260140609,35,Jobe Shanahan,CD_I1031913,0.0,0.0,0.0,0.0,0.0,0.0,0.0,0.0,1.0,1.0,100.0,1.0,50.0,3.0,3.0,100.0,6.0,6.0,4.0,1.0,0.0,1.0,0.0,0.0,0.0,1.0,2.0,0.0,0.0,0.0,0.0,0.0,0.0,0.0,100.0,2.0,0.0,0.0,4.0,3.0,0.0,0.0,94.0,0.0,7.0,3.1,1.0,1.0,0.0,0.0,0.0,0.0,0.0,2.0,0.0,88.0,0.0,6.0,2.0,3.0
2026,Round 6,2026-04-19,West Coast,away,CD_M20260140609,2,Jake Waterman,CD_I996554,4.0,0.0,0.0,0.0,0.0,0.0,0.0,0.0,1.0,1.0,100.0,4.0,50.0,8.0,0.0,60.0,15.0,9.0,5.0,3.0,0.0,0.0,20.0,0.0,1.0,3.0,4.0,0.0,0.0,0.0,0.0,2.0,0.0,0.0,45.5,2.8,0.0,0.0,11.0,11.0,5.0,6.0,262.0,2.0,5.0,8.4,0.0,0.0,7.0,0.0,5.0,1.0,0.0,2.0,2.0,83.0,0.0,16.0,1.0,8.0
2026,Round 6,2026-04-19,West Coast,away,CD_M20260140609,32,Bailey J. Williams,CD_I1006114,0.0,0.0,20.0,2.0,1.0,0.0,0.0,0.0,0.0,0.0,0.0,1.0,75.0,6.0,3.0,71.4,7.0,5.0,4.0,0.0,0.0,1.0,0.0,0.0,0.0,2.0,1.0,15.4,26.5,13.0,2.0,4.0,0.0,2.0,66.7,6.0,0.0,0.0,6.0,2.0,0.0,1.0,189.0,4.0,10.0,5.1,1.0,49.0,2.0,2.0,0.0,3.0,1.0,1.0,1.0,70.0,3.0,8.0,0.0,2.0
2026,Round 6,2026-04-19,West Coast,away,CD_M20260140609,6,Elliot Yeo,CD_I292128,0.0,1.0,15.0,2.0,4.0,0.0,0.0,0.0,0.0,0.0,0.0,0.0,40.0,8.0,2.0,66.7,21.0,14.0,4.0,2.0,0.0,1.0,50.0,0.0,1.0,6.0,13.0,0.0,0.0,0.0,0.0,3.0,0.0,0.0,50.0,0.6,0.0,0.0,8.0,0.0,0.0,0.0,278.0,1.0,17.0,9.9,0.0,0.0,5.0,0.0,2.0,1.0,2.0,7.0,4.0,69.0,4.0,20.0,4.0,12.0
2026,Round 6,2026-04-19,West Coast,away,CD_M20260140609,20,Tylar Young,CD_I1018433,0.0,0.0,0.0,0.0,2.0,0.0,0.0,2.0,0.0,0.0,0.0,0.0,18.2,2.0,5.0,83.3,12.0,10.0,8.0,0.0,1.0,0.0,0.0,0.0,0.0,2.0,2.0,0.0,0.0,0.0,0.0,2.0,0.0,3.0,80.0,5.0,1.0,1.0,10.0,4.0,0.0,0.0,377.0,6.0,8.0,7.2,2.0,0.0,5.0,1.0,0.0,6.0,0.0,1.0,0.0,91.0,0.0,11.0,3.0,9.0
2026,Round 7,2026-04-25,Carlton,home,CD_M20260140706,12,Ben Ainsworth,CD_I998130,0.0,0.0,5.0,0.0,5.0,0.0,0.0,0.0,0.0,0.0,0.0,0.0,38.5,5.0,3.0,64.3,14.0,9.0,4.0,0.0,0.0,1.0,0.0,2.0,0.0,4.0,8.0,0.0,0.0,0.0,0.0,3.0,0.0,3.0,66.7,0.8,0.0,0.0,6.0,2.0,0.0,0.0,140.0,0.0,11.0,5.2,1.0,0.0,6.0,2.0,1.0,0.0,1.0,2.0,1.0,78.0,1.0,13.0,2.0,8.0
2026,Round 7,2026-04-25,Carlton,home,CD_M20260140706,39,Talor Byrne,CD_I1036426,0.0,0.0,0.0,0.0,2.0,0.0,0.0,0.0,1.0,0.0,0.0,0.0,50.0,3.0,1.0,60.0,5.0,3.0,1.0,1.0,2.0,1.0,0.0,0.0,0.0,2.0,3.0,0.0,0.0,0.0,0.0,0.0,0.0,0.0,50.0,0.7,0.0,0.0,2.0,0.0,0.0,0.0,34.0,1.0,10.0,2.0,0.0,0.0,3.0,0.0,0.0,0.0,0.0,1.0,0.0,67.0,0.0,6.0,2.0,3.0
2026,Round 7,2026-04-25,Carlton,home,CD_M20260140706,32,Matthew Carroll,CD_I1027964,0.0,0.0,0.0,0.0,3.0,0.0,0.0,0.0,1.0,0.0,0.0,1.0,25.0,5.0,4.0,66.7,21.0,14.0,6.0,0.0,1.0,0.0,100.0,0.0,1.0,4.0,9.0,0.0,0.0,0.0,0.0,7.0,2.0,3.0,50.0,1.3,1.0,1.0,12.0,5.0,1.0,0.0,431.0,2.0,14.0,6.6,1.0,0.0,5.0,1.0,1.0,1.0,1.0,0.0,0.0,85.0,1.0,20.0,2.0,15.0
2026,Round 7,2026-04-25,Carlton,home,CD_M20260140706,5,Adam Cerra,CD_I1002239,0.0,0.0,17.0,0.0,6.0,0.0,0.0,0.0,1.0,0.0,0.0,0.0,30.4,7.0,11.0,90.5,21.0,19.0,9.0,0.0,2.0,2.0,0.0,1.0,0.0,5.0,11.0,0.0,0.0,0.0,0.0,2.0,0.0,4.0,90.0,0.9,0.0,0.0,10.0,3.0,0.0,0.0,322.0,0.0,22.0,7.5,1.0,0.0,8.0,1.0,0.0,0.0,1.0,4.0,0.0,77.0,1.0,23.0,2.0,16.0
2026,Round 7,2026-04-25,Carlton,home,CD_M20260140706,46,Matthew Cottrell,CD_I1008154,0.0,0.0,0.0,0.0,1.0,0.0,0.0,0.0,0.0,0.0,0.0,0.0,30.0,3.0,7.0,80.0,10.0,8.0,5.0,0.0,0.0,1.0,0.0,0.0,0.0,2.0,5.0,0.0,0.0,0.0,0.0,1.0,1.0,3.0,100.0,1.0,0.0,0.0,5.0,1.0,0.0,0.0,158.0,3.0,9.0,6.9,2.0,0.0,1.0,0.0,0.0,1.0,1.0,2.0,0.0,73.0,1.0,10.0,3.0,7.0
2026,Round 7,2026-04-25,Carlton,home,CD_M20260140706,2,Lachlan Cowan,CD_I1021353,0.0,0.0,0.0,0.0,1.0,0.0,0.0,1.0,0.0,0.0,0.0,0.0,18.2,2.0,4.0,80.0,10.0,8.0,4.0,0.0,0.0,1.0,0.0,0.0,0.0,1.0,5.0,0.0,0.0,0.0,0.0,1.0,0.0,1.0,80.0,1.0,0.0,0.0,5.0,2.0,0.0,0.0,218.0,3.0,7.0,4.9,2.0,0.0,1.0,0.0,0.0,3.0,0.0,3.0,0.0,71.0,0.0,11.0,2.0,9.0
2026,Round 7,2026-04-25,Carlton,home,CD_M20260140706,9,Patrick Cripps,CD_I990704,1.0,0.0,25.0,6.0,8.0,0.0,0.0,0.0,0.0,0.0,0.0,0.0,68.6,24.0,4.0,64.5,31.0,20.0,2.0,4.0,3.0,2.0,33.3,0.0,1.0,15.0,23.0,0.0,0.0,0.0,0.0,5.0,0.0,0.0,25.0,0.3,0.0,0.0,8.0,1.0,0.0,0.0,283.0,2.0,18.0,16.2,0.0,2.0,8.0,4.0,3.0,0.0,5.0,7.0,1.0,77.0,11.0,35.0,7.0,11.0
2026,Round 7,2026-04-25,Carlton,home,CD_M20260140706,35,Harry Dean,CD_I1033084,0.0,0.0,0.0,0.0,2.0,33.3,1.0,3.0,0.0,0.0,0.0,0.0,14.3,1.0,2.0,83.3,6.0,5.0,4.0,0.0,1.0,1.0,0.0,0.0,0.0,0.0,1.0,0.0,0.0,0.0,0.0,1.0,2.0,2.0,80.0,5.0,0.0,0.0,5.0,4.0,0.0,0.0,122.0,6.0,5.0,4.7,0.0,0.0,2.0,0.0,0.0,5.0,0.0,0.0,0.0,72.0,0.0,7.0,2.0,6.0
2026,Round 7,2026-04-25,Carlton,home,CD_M20260140706,44,Francis Evans,CD_I1017255,1.0,0.0,0.0,0.0,3.0,0.0,0.0,0.0,0.0,0.0,0.0,0.0,50.0,4.0,4.0,75.0,8.0,6.0,2.0,3.0,1.0,0.0,33.3,0.0,1.0,4.0,4.0,0.0,0.0,0.0,0.0,0.0,0.0,1.0,50.0,1.0,0.0,0.0,4.0,2.0,1.0,1.0,128.0,1.0,23.0,3.8,0.0,0.0,4.0,0.0,3.0,1.0,0.0,5.0,4.0,79.0,0.0,8.0,2.0,4.0
2026,Round 7,2026-04-25,Carlton,home,CD_M20260140706,14,Oliver Florent,CD_I998103,0.0,2.0,0.0,0.0,4.0,0.0,0.0,0.0,0.0,0.0,0.0,0.0,36.8,7.0,11.0,70.0,20.0,14.0,6.0,0.0,0.0,0.0,0.0,0.0,0.0,7.0,9.0,0.0,0.0,0.0,0.0,4.0,1.0,6.0,54.5,1.2,2.0,2.0,11.0,5.0,0.0,1.0,395.0,0.0,15.0,13.0,3.0,0.0,3.0,1.0,0.0,0.0,1.0,1.0,0.0,80.0,1.0,19.0,6.0,12.0
2026,Round 7,2026-04-25,Carlton,home,CD_M20260140706,26,Nick Haynes,CD_I295265,0.0,2.0,0.0,0.0,3.0,0.0,0.0,0.0,0.0,0.0,0.0,1.0,27.8,5.0,8.0,89.5,19.0,17.0,12.0,0.0,2.0,0.0,0.0,1.0,0.0,4.0,5.0,0.0,0.0,0.0,0.0,1.0,3.0,8.0,85.7,2.8,0.0,0.0,14.0,7.0,0.0,1.0,425.0,0.0,10.0,11.5,7.0,0.0,6.0,2.0,0.0,0.0,0.0,0.0,0.0,92.0,0.0,18.0,4.0,13.0
2026,Round 7,2026-04-25,Carlton,home,CD_M20260140706,19,Will Hayward,CD_I997100,2.0,0.0,0.0,0.0,3.0,0.0,0.0,0.0,1.0,0.0,0.0,1.0,33.3,7.0,0.0,61.9,21.0,13.0,5.0,2.0,0.0,2.0,0.0,0.0,0.0,4.0,10.0,0.0,0.0,0.0,0.0,4.0,1.0,2.0,45.5,1.1,0.0,0.0,11.0,9.0,1.0,0.0,309.0,1.0,8.0,2.9,0.0,0.0,10.0,1.0,4.0,1.0,0.0,3.0,2.0,78.0,0.0,21.0,3.0,14.0
2026,Round 7,2026-04-25,Carlton,home,CD_M20260140706,17,Brodie Kemp,CD_I1009241,1.0,0.0,0.0,0.0,2.0,0.0,0.0,0.0,2.0,0.0,0.0,2.0,25.0,2.0,3.0,75.0,8.0,6.0,6.0,0.0,1.0,1.0,66.7,0.0,4.0,0.0,0.0,0.0,0.0,0.0,0.0,2.0,0.0,0.0,75.0,8.0,0.0,0.0,8.0,7.0,5.0,3.0,188.0,0.0,10.0,7.2,0.0,0.0,5.0,0.0,6.0,0.0,0.0,1.0,1.0,91.0,0.0,8.0,3.0,6.0
2026,Round 7,2026-04-25,Carlton,home,CD_M20260140706,36,Cooper Lord,CD_I1032108,1.0,0.0,20.0,1.0,2.0,0.0,0.0,0.0,0.0,0.0,0.0,0.0,44.4,8.0,6.0,50.0,18.0,9.0,3.0,0.0,1.0,1.0,0.0,1.0,0.0,5.0,10.0,0.0,0.0,0.0,0.0,2.0,0.0,1.0,37.5,0.8,0.0,0.0,8.0,0.0,0.0,0.0,206.0,0.0,13.0,7.8,1.0,0.0,7.0,0.0,1.0,0.0,1.0,6.0,1.0,65.0,2.0,18.0,2.0,10.0
2026,Round 7,2026-04-25,Carlton,home,CD_M20260140706,11,Mitch McGovern,CD_I297255,0.0,0.0,0.0,0.0,0.0,0.0,0.0,0.0,1.0,0.0,0.0,0.0,50.0,3.0,2.0,62.5,8.0,5.0,4.0,1.0,0.0,1.0,75.0,0.0,3.0,2.0,1.0,0.0,0.0,0.0,0.0,2.0,0.0,0.0,57.1,7.0,0.0,0.0,7.0,2.0,2.0,1.0,148.0,1.0,11.0,10.8,0.0,0.0,5.0,0.0,4.0,1.0,1.0,1.0,1.0,77.0,1.0,6.0,1.0,3.0
2026,Round 7,2026-04-25,Carlton,home,CD_M20260140706,43,Ashton Moir,CD_I1020097,0.0,0.0,0.0,0.0,2.0,0.0,0.0,0.0,3.0,0.0,0.0,0.0,16.7,1.0,3.0,71.4,7.0,5.0,2.0,1.0,1.0,0.0,100.0,0.0,2.0,1.0,4.0,0.0,0.0,0.0,0.0,0.0,0.0,0.0,66.7,0.8,0.0,0.0,3.0,2.0,2.0,1.0,55.0,1.0,8.0,4.5,0.0,0.0,5.0,0.0,2.0,1.0,0.0,0.0,0.0,69.0,0.0,6.0,0.0,5.0
2026,Round 7,2026-04-25,Carlton,home,CD_M20260140706,24,Nic Newman,CD_I297907,0.0,0.0,0.0,0.0,1.0,0.0,0.0,0.0,0.0,0.0,0.0,0.0,16.7,3.0,7.0,86.4,22.0,19.0,12.0,0.0,0.0,0.0,0.0,0.0,0.0,3.0,7.0,0.0,0.0,0.0,0.0,1.0,0.0,3.0,80.0,2.1,3.0,3.0,15.0,7.0,0.0,0.0,337.0,0.0,16.0,10.1,5.0,0.0,1.0,1.0,0.0,0.0,1.0,2.0,0.0,83.0,1.0,18.0,3.0,15.0
2026,Round 7,2026-04-25,Carlton,home,CD_M20260140706,25,Liam Reidy,CD_I1023346,0.0,0.0,28.0,3.0,1.0,0.0,0.0,0.0,1.0,0.0,0.0,0.0,43.8,7.0,6.0,80.0,15.0,12.0,3.0,1.0,1.0,0.0,0.0,0.0,0.0,7.0,11.0,54.5,34.4,22.0,12.0,2.0,1.0,3.0,75.0,0.4,0.0,0.0,4.0,2.0,0.0,0.0,146.0,3.0,18.0,16.3,2.0,64.0,6.0,5.0,0.0,3.0,0.0,4.0,2.0,79.0,3.0,16.0,1.0,9.0
2026,Round 7,2026-04-25,Carlton,home,CD_M20260140706,7,Jagga Smith,CD_I1028515,0.0,0.0,4.0,0.0,1.0,0.0,0.0,0.0,0.0,0.0,0.0,0.0,15.0,3.0,5.0,100.0,19.0,19.0,8.0,0.0,1.0,2.0,0.0,0.0,0.0,2.0,11.0,0.0,0.0,0.0,0.0,4.0,0.0,1.0,100.0,0.7,0.0,0.0,8.0,8.0,0.0,0.0,285.0,0.0,16.0,8.8,0.0,0.0,6.0,1.0,0.0,0.0,0.0,5.0,0.0,76.0,0.0,20.0,2.0,17.0
2026,Round 7,2026-04-25,Carlton,home,CD_M20260140706,18,Sam Walsh,CD_I1006094,1.0,1.0,18.0,1.0,3.0,0.0,0.0,0.0,0.0,0.0,0.0,0.0,38.7,12.0,12.0,65.6,32.0,21.0,10.0,1.0,0.0,2.0,50.0,1.0,1.0,7.0,13.0,0.0,0.0,0.0,0.0,8.0,0.0,5.0,52.6,1.5,0.0,0.0,19.0,5.0,0.0,1.0,599.0,2.0,20.0,19.0,2.0,0.0,6.0,1.0,2.0,1.0,3.0,7.0,0.0,81.0,4.0,31.0,6.0,19.0
2026,Round 7,2026-04-25,Carlton,home,CD_M20260140706,23,Jacob Weitering,CD_I993832,0.0,0.0,0.0,0.0,0.0,0.0,0.0,6.0,0.0,0.0,0.0,2.0,58.3,7.0,1.0,100.0,14.0,14.0,9.0,0.0,0.0,1.0,0.0,0.0,0.0,4.0,5.0,0.0,0.0,0.0,0.0,0.0,2.0,9.0,100.0,1.8,0.0,0.0,9.0,5.0,0.0,0.0,83.0,11.0,4.0,14.5,1.0,0.0,4.0,1.0,0.0,9.0,0.0,1.0,0.0,94.0,0.0,12.0,0.0,5.0
2026,Round 7,2026-04-25,Carlton,home,CD_M20260140706,6,Zac Williams,CD_I294685,1.0,2.0,10.0,1.0,1.0,0.0,0.0,0.0,1.0,0.0,0.0,0.0,35.3,6.0,9.0,76.5,17.0,13.0,8.0,0.0,0.0,1.0,0.0,0.0,0.0,5.0,5.0,0.0,0.0,0.0,0.0,2.0,1.0,5.0,66.7,2.4,1.0,1.0,12.0,2.0,0.0,0.0,441.0,2.0,15.0,9.9,4.0,0.0,6.0,1.0,1.0,1.0,1.0,5.0,0.0,76.0,2.0,17.0,5.0,11.0
2026,Round 7,2026-04-25,Carlton,home,CD_M20260140706,33,Lewis Young,CD_I997316,0.0,0.0,5.0,0.0,0.0,0.0,0.0,2.0,0.0,0.0,0.0,3.0,70.0,7.0,3.0,70.0,10.0,7.0,3.0,0.0,0.0,0.0,0.0,0.0,0.0,4.0,6.0,0.0,10.0,1.0,0.0,1.0,3.0,7.0,75.0,0.7,0.0,0.0,4.0,4.0,0.0,0.0,104.0,7.0,3.0,8.7,0.0,10.0,3.0,2.0,0.0,7.0,0.0,0.0,0.0,79.0,0.0,10.0,3.0,3.0
2026,Round 8,2026-05-01,Western Bulldogs,away,CD_M20260140802,4,Marcus Bontempelli,CD_I297373,1.0,0.0,29.0,5.0,6.0,0.0,0.0,0.0,0.0,0.0,0.0,0.0,20.6,7.0,11.0,60.6,33.0,20.0,10.0,1.0,3.0,0.0,66.7,2.0,2.0,6.0,17.0,0.0,0.0,0.0,0.0,6.0,1.0,2.0,62.5,0.9,0.0,0.0,16.0,4.0,1.0,1.0,630.0,2.0,15.0,16.6,3.0,0.0,9.0,3.0,3.0,0.0,1.0,2.0,0.0,82.0,6.0,34.0,8.0,27.0
2026,Round 8,2026-05-01,Western Bulldogs,away,CD_M20260140802,29,Lachlan Bramble,CD_I1000864,0.0,0.0,0.0,0.0,0.0,0.0,0.0,0.0,0.0,0.0,0.0,0.0,30.8,4.0,4.0,92.9,14.0,13.0,9.0,0.0,0.0,0.0,100.0,0.0,1.0,3.0,4.0,0.0,0.0,0.0,0.0,2.0,1.0,5.0,90.0,2.5,2.0,2.0,10.0,4.0,0.0,0.0,331.0,2.0,4.0,11.9,3.0,0.0,4.0,0.0,1.0,1.0,0.0,1.0,0.0,84.0,0.0,13.0,3.0,9.0
2026,Round 8,2026-05-01,Western Bulldogs,away,CD_M20260140802,5,Jedd Busslinger,CD_I1023017,0.0,1.0,0.0,0.0,2.0,0.0,0.0,4.0,0.0,0.0,0.0,0.0,35.7,5.0,0.0,76.9,13.0,10.0,8.0,0.0,2.0,2.0,0.0,0.0,0.0,2.0,3.0,0.0,0.0,0.0,0.0,1.0,1.0,6.0,80.0,3.3,0.0,0.0,10.0,6.0,0.0,0.0,289.0,18.0,2.0,14.0,4.0,0.0,2.0,1.0,0.0,16.0,0.0,0.0,0.0,95.0,0.0,14.0,2.0,9.0
2026,Round 8,2026-05-01,Western Bulldogs,away,CD_M20260140802,17,Nick Coffield,CD_I1005717,0.0,0.0,0.0,0.0,3.0,0.0,0.0,3.0,0.0,0.0,0.0,2.0,25.0,4.0,4.0,81.3,16.0,13.0,10.0,0.0,2.0,0.0,0.0,0.0,0.0,2.0,4.0,0.0,0.0,0.0,0.0,1.0,3.0,5.0,83.3,3.0,0.0,0.0,12.0,10.0,0.0,0.0,205.0,2.0,5.0,5.2,2.0,0.0,1.0,0.0,0.0,2.0,0.0,0.0,0.0,73.0,0.0,16.0,1.0,12.0
2026,Round 8,2026-05-01,Western Bulldogs,away,CD_M20260140802,31,Bailey Dale,CD_I996708,0.0,1.0,0.0,0.0,1.0,0.0,0.0,1.0,0.0,0.0,0.0,0.0,16.7,4.0,11.0,84.4,32.0,27.0,19.0,0.0,0.0,1.0,0.0,2.0,0.0,3.0,9.0,0.0,0.0,0.0,0.0,2.0,2.0,5.0,82.6,2.6,8.0,7.0,23.0,7.0,0.0,0.0,529.0,3.0,16.0,18.7,9.0,0.0,7.0,5.0,0.0,2.0,2.0,5.0,0.0,89.0,2.0,24.0,2.0,20.0
2026,Round 8,2026-05-01,Western Bulldogs,away,CD_M20260140802,42,Sam Davidson,CD_I1036123,0.0,0.0,0.0,0.0,0.0,0.0,0.0,1.0,0.0,0.0,0.0,0.0,33.3,2.0,6.0,100.0,6.0,6.0,4.0,1.0,0.0,0.0,0.0,1.0,0.0,2.0,2.0,0.0,0.0,0.0,0.0,0.0,0.0,1.0,100.0,2.0,0.0,0.0,4.0,2.0,0.0,2.0,83.0,0.0,13.0,10.0,0.0,0.0,3.0,0.0,0.0,0.0,0.0,5.0,4.0,77.0,0.0,6.0,0.0,4.0
2026,Round 8,2026-05-01,Western Bulldogs,away,CD_M20260140802,26,Josh Dolan,CD_I1034235,0.0,0.0,0.0,0.0,1.0,0.0,0.0,0.0,1.0,0.0,0.0,0.0,14.3,1.0,7.0,57.1,7.0,4.0,0.0,1.0,0.0,0.0,0.0,0.0,0.0,1.0,5.0,0.0,0.0,0.0,0.0,1.0,0.0,1.0,0.0,0.4,0.0,0.0,2.0,1.0,0.0,0.0,69.0,0.0,17.0,2.1,0.0,0.0,0.0,0.0,0.0,0.0,0.0,3.0,1.0,63.0,0.0,7.0,1.0,6.0
2026,Round 8,2026-05-01,Western Bulldogs,away,CD_M20260140802,25,Louis Emmett,CD_I1033076,0.0,0.0,10.0,0.0,1.0,0.0,0.0,0.0,0.0,0.0,0.0,0.0,0.0,0.0,4.0,50.0,2.0,1.0,0.0,0.0,1.0,0.0,0.0,0.0,0.0,0.0,1.0,0.0,6.7,2.0,0.0,1.0,0.0,0.0,0.0,1.0,0.0,0.0,1.0,0.0,0.0,0.0,27.0,1.0,8.0,-2.6,0.0,30.0,0.0,0.0,0.0,1.0,0.0,0.0,0.0,47.0,0.0,2.0,0.0,2.0
2026,Round 8,2026-05-01,Western Bulldogs,away,CD_M20260140802,44,Tim English,CD_I1004592,0.0,0.0,25.0,0.0,2.0,0.0,0.0,0.0,0.0,0.0,0.0,0.0,41.2,7.0,3.0,80.0,15.0,12.0,6.0,1.0,1.0,1.0,0.0,1.0,0.0,4.0,7.0,28.6,31.8,21.0,6.0,2.0,1.0,5.0,75.0,1.1,0.0,0.0,8.0,3.0,0.0,0.0,239.0,3.0,7.0,11.5,2.0,66.0,5.0,3.0,0.0,0.0,1.0,3.0,1.0,74.0,1.0,17.0,3.0,10.0
2026,Round 8,2026-05-01,Western Bulldogs,away,CD_M20260140802,27,Joel Freijah,CD_I1027704,1.0,0.0,8.0,3.0,2.0,0.0,0.0,1.0,0.0,0.0,0.0,0.0,55.0,11.0,8.0,68.4,19.0,13.0,4.0,1.0,0.0,1.0,0.0,2.0,0.0,8.0,9.0,0.0,0.0,0.0,0.0,4.0,0.0,0.0,40.0,1.1,0.0,0.0,10.0,4.0,0.0,2.0,287.0,2.0,21.0,14.3,1.0,0.0,8.0,1.0,1.0,1.0,3.0,5.0,1.0,90.0,6.0,20.0,3.0,9.0
2026,Round 8,2026-05-01,Western Bulldogs,away,CD_M20260140802,12,Harvey Gallagher,CD_I1017087,2.0,0.0,0.0,0.0,0.0,0.0,0.0,0.0,0.0,0.0,0.0,0.0,38.5,5.0,3.0,69.2,13.0,9.0,5.0,1.0,0.0,2.0,0.0,0.0,0.0,3.0,4.0,0.0,0.0,0.0,0.0,3.0,0.0,0.0,55.6,2.3,0.0,0.0,9.0,3.0,0.0,0.0,248.0,1.0,5.0,1.6,1.0,0.0,3.0,1.0,2.0,1.0,1.0,0.0,0.0,67.0,1.0,13.0,2.0,8.0
2026,Round 8,2026-05-01,Western Bulldogs,away,CD_M20260140802,32,Arthur Jones,CD_I1020586,2.0,0.0,0.0,0.0,1.0,0.0,0.0,0.0,0.0,0.0,0.0,1.0,43.8,7.0,8.0,80.0,15.0,12.0,4.0,2.0,1.0,3.0,33.3,2.0,1.0,4.0,9.0,0.0,0.0,0.0,0.0,2.0,0.0,1.0,66.7,0.7,0.0,0.0,6.0,3.0,1.0,0.0,240.0,0.0,18.0,7.2,0.0,0.0,9.0,0.0,3.0,0.0,0.0,1.0,0.0,78.0,0.0,16.0,3.0,9.0
2026,Round 8,2026-05-01,Western Bulldogs,away,CD_M20260140802,8,Matthew Kennedy,CD_I1001398,0.0,0.0,25.0,5.0,5.0,0.0,0.0,0.0,0.0,0.0,0.0,0.0,40.7,11.0,13.0,56.7,30.0,17.0,9.0,1.0,0.0,2.0,0.0,0.0,0.0,7.0,13.0,0.0,0.0,0.0,0.0,3.0,0.0,2.0,52.9,1.3,0.0,0.0,17.0,4.0,0.0,3.0,429.0,2.0,28.0,12.2,3.0,0.0,5.0,1.0,0.0,0.0,4.0,5.0,0.0,80.0,9.0,27.0,4.0,16.0
2026,Round 8,2026-05-01,Western Bulldogs,away,CD_M20260140802,24,Buku Khamis,CD_I998782,0.0,1.0,0.0,0.0,0.0,0.0,0.0,1.0,0.0,0.0,0.0,0.0,27.8,5.0,8.0,94.4,18.0,17.0,9.0,1.0,0.0,1.0,0.0,1.0,0.0,4.0,9.0,0.0,0.0,0.0,0.0,0.0,2.0,7.0,100.0,1.0,0.0,0.0,9.0,8.0,0.0,0.0,308.0,6.0,9.0,11.7,6.0,0.0,5.0,2.0,0.0,6.0,0.0,1.0,0.0,94.0,0.0,18.0,1.0,13.0
2026,Round 8,2026-05-01,Western Bulldogs,away,CD_M20260140802,28,Will Lewis,CD_I1036104,1.0,0.0,0.0,0.0,2.0,0.0,0.0,0.0,4.0,1.0,25.0,0.0,54.5,6.0,7.0,72.7,11.0,8.0,3.0,3.0,2.0,4.0,66.7,0.0,2.0,3.0,6.0,0.0,0.0,0.0,0.0,0.0,0.0,0.0,60.0,0.8,0.0,0.0,5.0,1.0,1.0,0.0,66.0,1.0,10.0,6.3,0.0,0.0,8.0,0.0,3.0,0.0,0.0,1.0,1.0,63.0,0.0,11.0,3.0,5.0
2026,Round 8,2026-05-01,Western Bulldogs,away,CD_M20260140802,30,Lachlan McNeil,CD_I1009015,0.0,0.0,0.0,0.0,3.0,0.0,0.0,0.0,2.0,1.0,50.0,0.0,40.0,4.0,3.0,63.6,11.0,7.0,5.0,0.0,1.0,2.0,100.0,0.0,2.0,1.0,3.0,0.0,0.0,0.0,0.0,3.0,0.0,2.0,62.5,2.7,0.0,0.0,8.0,4.0,2.0,0.0,187.0,1.0,14.0,6.3,1.0,0.0,6.0,1.0,2.0,0.0,0.0,4.0,1.0,81.0,0.0,10.0,3.0,6.0
2026,Round 8,2026-05-01,Western Bulldogs,away,CD_M20260140802,33,Aaron Naughton,CD_I1002404,1.0,0.0,0.0,0.0,2.0,0.0,0.0,0.0,0.0,0.0,0.0,0.0,45.5,5.0,0.0,88.9,9.0,8.0,3.0,1.0,1.0,1.0,66.7,1.0,2.0,3.0,5.0,0.0,0.0,0.0,0.0,2.0,0.0,0.0,75.0,0.8,0.0,0.0,4.0,4.0,3.0,2.0,136.0,3.0,8.0,8.5,0.0,1.0,7.0,0.0,3.0,3.0,0.0,2.0,2.0,84.0,0.0,11.0,1.0,6.0
2026,Round 8,2026-05-01,Western Bulldogs,away,CD_M20260140802,20,Ed Richards,CD_I1008280,0.0,1.0,28.0,2.0,2.0,0.0,0.0,0.0,1.0,0.0,0.0,0.0,48.0,12.0,16.0,68.0,25.0,17.0,11.0,0.0,1.0,1.0,100.0,0.0,1.0,9.0,7.0,0.0,0.0,0.0,0.0,6.0,0.0,3.0,61.1,2.6,0.0,0.0,18.0,3.0,0.0,1.0,648.0,0.0,27.0,21.7,4.0,0.0,8.0,5.0,1.0,0.0,5.0,6.0,2.0,83.0,7.0,25.0,6.0,13.0
2026,Round 8,2026-05-01,Western Bulldogs,away,CD_M20260140802,9,Ryley Sanders,CD_I1017939,0.0,0.0,14.0,0.0,1.0,0.0,0.0,0.0,0.0,0.0,0.0,0.0,33.3,8.0,11.0,84.0,25.0,21.0,4.0,1.0,1.0,1.0,100.0,0.0,1.0,7.0,19.0,0.0,0.0,0.0,0.0,2.0,0.0,4.0,66.7,0.3,0.0,0.0,6.0,2.0,0.0,0.0,83.0,0.0,24.0,10.8,0.0,0.0,4.0,1.0,1.0,0.0,2.0,5.0,1.0,85.0,2.0,24.0,1.0,16.0
2026,Round 8,2026-05-01,Western Bulldogs,away,CD_M20260140802,37,Michael Sellwood,CD_I1020621,0.0,0.0,0.0,0.0,2.0,0.0,0.0,0.0,0.0,0.0,0.0,0.0,84.6,11.0,11.0,76.9,13.0,10.0,2.0,0.0,0.0,2.0,0.0,0.0,0.0,9.0,8.0,0.0,0.0,0.0,0.0,1.0,0.0,10.0,40.0,0.6,0.0,0.0,5.0,0.0,0.0,0.0,74.0,0.0,12.0,7.2,4.0,0.0,1.0,0.0,0.0,0.0,0.0,3.0,0.0,82.0,0.0,13.0,1.0,2.0
2026,Round 8,2026-05-01,Western Bulldogs,away,CD_M20260140802,23,Laitham Vandermeer,CD_I1005000,0.0,0.0,0.0,1.0,1.0,0.0,0.0,0.0,0.0,0.0,0.0,0.0,23.1,3.0,4.0,83.3,12.0,10.0,5.0,0.0,1.0,0.0,100.0,0.0,1.0,2.0,5.0,0.0,0.0,0.0,0.0,4.0,0.0,0.0,71.4,1.4,0.0,0.0,7.0,3.0,0.0,0.0,216.0,1.0,8.0,6.6,0.0,0.0,7.0,0.0,1.0,0.0,0.0,1.0,1.0,50.0,1.0,13.0,1.0,10.0
2026,Round 8,2026-05-01,Western Bulldogs,away,CD_M20260140802,14,Rhylee West,CD_I1006127,0.0,2.0,1.0,0.0,1.0,0.0,0.0,0.0,1.0,1.0,100.0,0.0,58.8,10.0,3.0,47.1,17.0,8.0,4.0,4.0,0.0,1.0,40.0,0.0,2.0,8.0,8.0,0.0,0.0,0.0,0.0,5.0,0.0,1.0,44.4,1.1,0.0,0.0,9.0,4.0,2.0,3.0,430.0,2.0,11.0,19.8,0.0,0.0,7.0,2.0,5.0,0.0,2.0,4.0,3.0,84.0,2.0,17.0,4.0,7.0
2026,Round 8,2026-05-01,Western Bulldogs,away,CD_M20260140802,34,Bailey Williams,CD_I992351,0.0,0.0,0.0,0.0,5.0,0.0,0.0,0.0,0.0,0.0,0.0,0.0,20.0,3.0,5.0,60.0,15.0,9.0,2.0,0.0,0.0,2.0,0.0,0.0,0.0,2.0,7.0,0.0,0.0,0.0,0.0,1.0,0.0,2.0,25.0,1.1,0.0,0.0,8.0,1.0,0.0,0.0,205.0,1.0,6.0,4.2,1.0,0.0,1.0,1.0,0.0,0.0,0.0,1.0,0.0,94.0,0.0,15.0,4.0,12.0
2026,Round 9,2026-05-07,Hawthorn,home,CD_M20260140901,10,Karl Amon,CD_I297354,0.0,0.0,0.0,0.0,3.0,0.0,0.0,0.0,0.0,0.0,0.0,0.0,21.7,5.0,13.0,80.6,31.0,25.0,20.0,0.0,0.0,0.0,0.0,1.0,0.0,5.0,8.0,0.0,0.0,0.0,0.0,4.0,0.0,4.0,87.0,2.9,8.0,8.0,23.0,7.0,0.0,0.0,881.0,0.0,17.0,9.7,8.0,0.0,4.0,2.0,0.0,0.0,0.0,2.0,0.0,85.0,0.0,23.0,4.0,18.0
2026,Round 9,2026-05-07,Hawthorn,home,CD_M20260140901,37,Tom Barrass,CD_I990290,0.0,0.0,0.0,0.0,0.0,0.0,0.0,1.0,0.0,0.0,0.0,0.0,100.0,1.0,3.0,100.0,1.0,1.0,0.0,0.0,0.0,0.0,0.0,0.0,0.0,1.0,1.0,0.0,0.0,0.0,0.0,0.0,0.0,1.0,0.0,0.0,0.0,0.0,0.0,0.0,0.0,0.0,6.0,2.0,3.0,2.6,0.0,0.0,0.0,0.0,0.0,2.0,0.0,0.0,0.0,28.0,0.0,1.0,0.0,0.0
2026,Round 9,2026-05-07,Hawthorn,home,CD_M20260140901,24,Josh Battle,CD_I998134,0.0,0.0,0.0,0.0,1.0,0.0,0.0,4.0,0.0,0.0,0.0,1.0,27.3,6.0,3.0,87.5,24.0,21.0,16.0,0.0,0.0,0.0,0.0,0.0,0.0,4.0,6.0,0.0,0.0,0.0,0.0,0.0,2.0,9.0,88.9,3.0,2.0,2.0,18.0,12.0,0.0,0.0,435.0,11.0,5.0,13.7,7.0,0.0,3.0,2.0,0.0,8.0,0.0,1.0,0.0,98.0,0.0,22.0,2.0,16.0
2026,Round 9,2026-05-07,Hawthorn,home,CD_M20260140901,30,Sam Butler,CD_I1010708,0.0,0.0,0.0,0.0,2.0,0.0,0.0,0.0,0.0,0.0,0.0,0.0,25.0,3.0,5.0,75.0,12.0,9.0,4.0,1.0,1.0,1.0,100.0,0.0,1.0,2.0,6.0,0.0,0.0,0.0,0.0,1.0,0.0,1.0,66.7,1.0,0.0,0.0,6.0,3.0,0.0,1.0,124.0,1.0,16.0,5.9,0.0,0.0,1.0,0.0,1.0,0.0,0.0,6.0,0.0,72.0,0.0,12.0,3.0,9.0
2026,Round 9,2026-05-07,Hawthorn,home,CD_M20260140901,16,Massimo D'Ambrosio,CD_I1005144,0.0,0.0,0.0,0.0,5.0,0.0,0.0,0.0,0.0,0.0,0.0,1.0,40.0,6.0,6.0,68.8,16.0,11.0,5.0,1.0,1.0,0.0,0.0,0.0,0.0,5.0,6.0,0.0,0.0,0.0,0.0,1.0,0.0,2.0,50.0,1.7,0.0,0.0,10.0,2.0,0.0,0.0,289.0,0.0,7.0,4.3,2.0,0.0,1.0,0.0,1.0,0.0,1.0,1.0,0.0,91.0,1.0,15.0,5.0,9.0
2026,Round 9,2026-05-07,Hawthorn,home,CD_M20260140901,33,Jack Ginnivan,CD_I1012857,0.0,0.0,0.0,0.0,2.0,0.0,0.0,0.0,0.0,0.0,0.0,0.0,7.1,1.0,4.0,85.7,14.0,12.0,9.0,0.0,1.0,1.0,0.0,2.0,0.0,0.0,3.0,0.0,0.0,0.0,0.0,4.0,1.0,2.0,81.8,3.7,1.0,1.0,11.0,5.0,0.0,1.0,347.0,0.0,12.0,5.8,1.0,0.0,5.0,1.0,0.0,0.0,0.0,2.0,0.0,80.0,0.0,14.0,1.0,13.0
2026,Round 9,2026-05-07,Hawthorn,home,CD_M20260140901,19,Jack Gunston,CD_I291351,2.0,0.0,0.0,0.0,1.0,0.0,0.0,0.0,2.0,1.0,50.0,1.0,18.2,2.0,0.0,63.6,11.0,7.0,6.0,0.0,0.0,0.0,75.0,0.0,6.0,1.0,2.0,0.0,0.0,0.0,0.0,1.0,0.0,0.0,66.7,4.5,0.0,0.0,9.0,9.0,8.0,7.0,321.0,0.0,5.0,18.3,0.0,0.0,8.0,0.0,8.0,0.0,0.0,1.0,1.0,93.0,0.0,11.0,1.0,9.0
2026,Round 9,2026-05-07,Hawthorn,home,CD_M20260140901,15,Blake Hardwick,CD_I993794,0.0,0.0,0.0,0.0,1.0,0.0,0.0,0.0,0.0,0.0,0.0,0.0,30.0,3.0,10.0,91.7,12.0,11.0,8.0,0.0,1.0,0.0,0.0,0.0,0.0,3.0,3.0,0.0,0.0,0.0,0.0,1.0,0.0,3.0,88.9,3.0,2.0,2.0,9.0,4.0,0.0,1.0,163.0,4.0,10.0,5.2,1.0,0.0,2.0,0.0,0.0,4.0,0.0,1.0,0.0,91.0,0.0,10.0,1.0,7.0
2026,Round 9,2026-05-07,Hawthorn,home,CD_M20260140901,4,Jarman Impey,CD_I296254,0.0,0.0,0.0,0.0,6.0,0.0,0.0,0.0,0.0,0.0,0.0,0.0,15.0,3.0,10.0,72.7,22.0,16.0,10.0,1.0,1.0,0.0,0.0,0.0,0.0,3.0,6.0,0.0,0.0,0.0,0.0,3.0,2.0,3.0,62.5,2.7,0.0,0.0,16.0,9.0,0.0,0.0,482.0,1.0,10.0,5.0,5.0,0.0,2.0,0.0,0.0,1.0,1.0,1.0,0.0,83.0,1.0,20.0,7.0,17.0
2026,Round 9,2026-05-07,Hawthorn,home,CD_M20260140901,2,Mitch Lewis,CD_I1000887,1.0,0.0,0.0,0.0,1.0,0.0,0.0,0.0,0.0,0.0,0.0,2.0,52.9,9.0,0.0,70.6,17.0,12.0,5.0,3.0,0.0,2.0,50.0,0.0,1.0,5.0,8.0,0.0,0.0,0.0,0.0,4.0,1.0,1.0,55.6,1.1,0.0,0.0,9.0,6.0,1.0,2.0,275.0,1.0,6.0,12.4,0.0,0.0,6.0,0.0,2.0,0.0,0.0,0.0,0.0,83.0,0.0,17.0,3.0,8.0
2026,Round 9,2026-05-07,Hawthorn,home,CD_M20260140901,9,Connor Macdonald,CD_I1017094,0.0,0.0,4.0,1.0,2.0,0.0,0.0,0.0,1.0,0.0,0.0,0.0,54.5,6.0,5.0,66.7,12.0,8.0,2.0,1.0,0.0,1.0,0.0,0.0,0.0,6.0,6.0,0.0,0.0,0.0,0.0,3.0,0.0,4.0,33.3,1.0,0.0,0.0,6.0,0.0,0.0,0.0,23.0,0.0,17.0,3.9,1.0,0.0,1.0,1.0,0.0,0.0,0.0,4.0,0.0,75.0,1.0,11.0,2.0,5.0
2026,Round 9,2026-05-07,Hawthorn,home,CD_M20260140901,28,Cam Mackenzie,CD_I1023482,0.0,0.0,13.0,0.0,2.0,0.0,0.0,0.0,0.0,0.0,0.0,0.0,28.6,6.0,7.0,85.0,20.0,17.0,7.0,0.0,1.0,1.0,0.0,1.0,0.0,5.0,10.0,0.0,0.0,0.0,0.0,2.0,0.0,0.0,70.0,1.0,0.0,0.0,10.0,2.0,0.0,1.0,339.0,2.0,11.0,12.5,0.0,0.0,4.0,0.0,0.0,2.0,2.0,2.0,0.0,72.0,2.0,21.0,3.0,15.0
2026,Round 9,2026-05-07,Hawthorn,home,CD_M20260140901,17,Lloyd Meek,CD_I1000980,1.0,0.0,11.0,1.0,3.0,100.0,1.0,1.0,0.0,0.0,0.0,0.0,53.8,7.0,4.0,75.0,12.0,9.0,2.0,0.0,1.0,3.0,0.0,0.0,0.0,2.0,8.0,22.7,51.2,22.0,5.0,0.0,1.0,1.0,50.0,0.5,0.0,0.0,4.0,2.0,0.0,0.0,35.0,6.0,6.0,7.4,2.0,43.0,5.0,4.0,1.0,6.0,2.0,2.0,0.0,58.0,3.0,13.0,0.0,6.0
2026,Round 9,2026-05-07,Hawthorn,home,CD_M20260140901,8,Dylan Moore,CD_I1006314,0.0,0.0,3.0,0.0,4.0,0.0,0.0,0.0,0.0,0.0,0.0,0.0,35.7,5.0,9.0,57.1,14.0,8.0,2.0,2.0,0.0,0.0,0.0,0.0,0.0,5.0,10.0,0.0,0.0,0.0,0.0,1.0,1.0,2.0,50.0,0.4,0.0,0.0,4.0,1.0,0.0,0.0,114.0,0.0,18.0,3.0,0.0,0.0,3.0,2.0,0.0,0.0,1.0,5.0,2.0,97.0,1.0,14.0,2.0,9.0
2026,Round 9,2026-05-07,Hawthorn,home,CD_M20260140901,11,Conor Nash,CD_I1007124,0.0,0.0,22.0,2.0,2.0,0.0,0.0,0.0,0.0,0.0,0.0,0.0,78.9,15.0,7.0,78.9,19.0,15.0,4.0,5.0,1.0,1.0,0.0,0.0,0.0,12.0,14.0,0.0,0.0,0.0,0.0,2.0,0.0,3.0,80.0,0.4,0.0,0.0,5.0,2.0,0.0,0.0,141.0,1.0,13.0,15.7,2.0,0.0,1.0,0.0,0.0,0.0,4.0,4.0,0.0,76.0,6.0,19.0,2.0,4.0
2026,Round 9,2026-05-07,Hawthorn,home,CD_M20260140901,3,Jai Newcombe,CD_I1020895,0.0,1.0,22.0,2.0,7.0,0.0,0.0,0.0,0.0,0.0,0.0,0.0,48.3,14.0,13.0,73.1,26.0,19.0,8.0,0.0,2.0,1.0,0.0,1.0,0.0,7.0,12.0,0.0,0.0,0.0,0.0,4.0,0.0,0.0,57.1,1.2,0.0,0.0,14.0,1.0,0.0,0.0,362.0,1.0,20.0,9.3,2.0,0.0,4.0,1.0,0.0,0.0,6.0,2.0,0.0,81.0,8.0,29.0,5.0,15.0
2026,Round 9,2026-05-07,Hawthorn,home,CD_M20260140901,38,Max Ramsden,CD_I1027965,1.0,0.0,0.0,0.0,3.0,0.0,0.0,0.0,3.0,2.0,66.7,2.0,71.4,5.0,3.0,71.4,7.0,5.0,1.0,1.0,1.0,1.0,0.0,0.0,0.0,2.0,4.0,0.0,0.0,0.0,0.0,1.0,0.0,0.0,33.3,0.8,0.0,0.0,3.0,4.0,0.0,1.0,72.0,4.0,6.0,1.5,0.0,0.0,3.0,0.0,1.0,4.0,1.0,0.0,0.0,81.0,1.0,7.0,3.0,2.0
2026,Round 9,2026-05-07,Hawthorn,home,CD_M20260140901,7,Ned Reeves,CD_I1001024,0.0,0.0,16.0,2.0,3.0,0.0,0.0,1.0,2.0,0.0,0.0,0.0,66.7,2.0,1.0,0.0,5.0,0.0,0.0,0.0,2.0,0.0,0.0,0.0,0.0,1.0,0.0,31.6,41.3,19.0,6.0,0.0,0.0,0.0,0.0,5.0,0.0,0.0,5.0,0.0,0.0,0.0,94.0,4.0,3.0,2.9,0.0,46.0,0.0,0.0,1.0,4.0,0.0,0.0,0.0,57.0,2.0,3.0,2.0,1.0
2026,Round 9,2026-05-07,Hawthorn,home,CD_M20260140901,26,Bodie Ryan,CD_I1022473,0.0,0.0,0.0,0.0,2.0,0.0,0.0,0.0,0.0,0.0,0.0,0.0,33.3,2.0,1.0,100.0,7.0,7.0,6.0,0.0,1.0,0.0,0.0,1.0,0.0,2.0,1.0,0.0,0.0,0.0,0.0,0.0,0.0,2.0,100.0,6.0,0.0,0.0,6.0,2.0,0.0,0.0,101.0,0.0,3.0,2.4,1.0,0.0,2.0,1.0,0.0,0.0,0.0,0.0,0.0,64.0,0.0,6.0,0.0,4.0
2026,Round 9,2026-05-07,Hawthorn,home,CD_M20260140901,6,James Sicily,CD_I297566,0.0,0.0,0.0,0.0,2.0,0.0,0.0,4.0,0.0,0.0,0.0,2.0,35.0,7.0,3.0,90.9,22.0,20.0,13.0,0.0,1.0,1.0,0.0,0.0,0.0,4.0,8.0,0.0,0.0,0.0,0.0,1.0,3.0,8.0,92.9,1.8,2.0,2.0,14.0,10.0,0.0,2.0,314.0,3.0,3.0,11.7,5.0,0.0,3.0,2.0,0.0,2.0,0.0,1.0,0.0,91.0,0.0,20.0,2.0,13.0
2026,Round 9,2026-05-07,Hawthorn,home,CD_M20260140901,25,Josh Ward,CD_I1017110,0.0,0.0,13.0,1.0,3.0,0.0,0.0,0.0,0.0,0.0,0.0,0.0,33.3,7.0,6.0,81.0,21.0,17.0,7.0,0.0,1.0,1.0,0.0,2.0,0.0,5.0,10.0,0.0,0.0,0.0,0.0,2.0,0.0,2.0,63.6,1.1,0.0,0.0,11.0,5.0,0.0,1.0,265.0,1.0,14.0,8.7,2.0,0.0,4.0,0.0,0.0,0.0,2.0,4.0,0.0,73.0,3.0,21.0,2.0,14.0
2026,Round 9,2026-05-07,Hawthorn,home,CD_M20260140901,5,Nick Watson,CD_I1023473,1.0,0.0,4.0,0.0,3.0,0.0,0.0,0.0,0.0,0.0,0.0,0.0,33.3,4.0,2.0,54.5,11.0,6.0,4.0,0.0,1.0,1.0,60.0,0.0,3.0,3.0,2.0,0.0,0.0,0.0,0.0,4.0,0.0,2.0,44.4,4.5,0.0,0.0,9.0,0.0,0.0,0.0,253.0,2.0,10.0,12.2,0.0,0.0,5.0,1.0,5.0,1.0,0.0,2.0,2.0,84.0,0.0,12.0,3.0,8.0
2026,Round 9,2026-05-07,Hawthorn,home,CD_M20260140901,23,Josh Weddle,CD_I1027935,0.0,0.0,0.0,0.0,2.0,0.0,0.0,1.0,1.0,1.0,100.0,0.0,29.4,5.0,3.0,73.3,15.0,11.0,6.0,0.0,0.0,2.0,0.0,1.0,0.0,2.0,8.0,0.0,0.0,0.0,0.0,2.0,1.0,4.0,85.7,0.9,0.0,0.0,7.0,3.0,0.0,0.0,225.0,3.0,5.0,3.8,4.0,0.0,2.0,1.0,0.0,2.0,0.0,1.0,0.0,84.0,0.0,17.0,4.0,12.0
2026,Round 10,2026-05-17,Essendon,away,CD_M20260141007,46,Lachlan Blakiston,CD_I1028196,0.0,0.0,0.0,0.0,1.0,33.3,1.0,3.0,0.0,0.0,0.0,1.0,75.0,3.0,1.0,66.7,3.0,2.0,2.0,0.0,1.0,0.0,0.0,0.0,0.0,2.0,1.0,0.0,0.0,0.0,0.0,0.0,1.0,3.0,100.0,2.0,0.0,0.0,2.0,2.0,0.0,0.0,51.0,7.0,2.0,3.7,2.0,0.0,0.0,0.0,0.0,6.0,0.0,0.0,0.0,100.0,0.0,4.0,2.0,1.0
2026,Round 10,2026-05-17,Essendon,away,CD_M20260141007,24,Nick Bryan,CD_I1011954,0.0,0.0,14.0,2.0,3.0,0.0,0.0,0.0,1.0,1.0,100.0,0.0,58.3,7.0,3.0,75.0,12.0,9.0,3.0,0.0,2.0,2.0,0.0,0.0,0.0,5.0,7.0,18.2,34.4,11.0,2.0,1.0,0.0,3.0,60.0,0.7,0.0,0.0,5.0,2.0,0.0,0.0,137.0,3.0,7.0,7.5,1.0,32.0,4.0,2.0,0.0,3.0,0.0,2.0,1.0,56.0,2.0,12.0,2.0,5.0
2026,Round 10,2026-05-17,Essendon,away,CD_M20260141007,30,Nate Caddy,CD_I1027899,1.0,0.0,0.0,0.0,2.0,0.0,0.0,0.0,4.0,0.0,0.0,1.0,36.4,4.0,4.0,50.0,10.0,5.0,2.0,2.0,1.0,0.0,50.0,0.0,2.0,3.0,4.0,0.0,100.0,1.0,0.0,0.0,0.0,2.0,33.3,1.5,0.0,0.0,6.0,4.0,4.0,1.0,171.0,1.0,8.0,7.5,0.0,1.0,4.0,0.0,4.0,1.0,0.0,0.0,0.0,86.0,0.0,11.0,4.0,7.0
2026,Round 10,2026-05-17,Essendon,away,CD_M20260141007,6,Jye Caldwell,CD_I1006103,1.0,0.0,14.0,1.0,2.0,0.0,0.0,0.0,0.0,0.0,0.0,0.0,40.0,8.0,8.0,75.0,20.0,15.0,9.0,0.0,1.0,1.0,0.0,0.0,0.0,7.0,8.0,0.0,0.0,0.0,0.0,4.0,0.0,1.0,75.0,1.5,0.0,0.0,12.0,3.0,0.0,0.0,317.0,0.0,15.0,5.1,4.0,0.0,4.0,0.0,1.0,0.0,2.0,4.0,1.0,71.0,3.0,20.0,3.0,12.0
2026,Round 10,2026-05-17,Essendon,away,CD_M20260141007,13,Nik Cox,CD_I1015827,0.0,0.0,0.0,0.0,0.0,0.0,0.0,0.0,0.0,0.0,0.0,1.0,42.9,3.0,8.0,85.7,7.0,6.0,2.0,0.0,0.0,0.0,0.0,0.0,0.0,2.0,4.0,0.0,0.0,0.0,0.0,0.0,1.0,2.0,66.7,0.8,0.0,0.0,3.0,2.0,0.0,1.0,46.0,0.0,11.0,6.5,1.0,0.0,1.0,1.0,0.0,0.0,1.0,1.0,0.0,79.0,1.0,7.0,0.0,4.0
2026,Round 10,2026-05-17,Essendon,away,CD_M20260141007,44,Archer Day-Wicks,CD_I1029265,1.0,0.0,0.0,1.0,2.0,0.0,0.0,0.0,0.0,0.0,0.0,0.0,42.9,6.0,6.0,69.2,13.0,9.0,3.0,1.0,2.0,1.0,0.0,0.0,0.0,5.0,9.0,0.0,0.0,0.0,0.0,2.0,0.0,2.0,75.0,0.4,0.0,0.0,4.0,2.0,0.0,0.0,103.0,1.0,18.0,5.5,0.0,0.0,3.0,2.0,1.0,0.0,1.0,5.0,3.0,82.0,2.0,14.0,3.0,8.0
2026,Round 10,2026-05-17,Essendon,away,CD_M20260141007,22,Sam Durham,CD_I1015810,0.0,0.0,21.0,4.0,7.0,0.0,0.0,0.0,0.0,0.0,0.0,0.0,57.9,11.0,11.0,65.0,20.0,13.0,4.0,0.0,3.0,0.0,0.0,0.0,0.0,9.0,11.0,0.0,0.0,0.0,0.0,4.0,0.0,2.0,44.4,0.8,0.0,0.0,9.0,2.0,0.0,0.0,281.0,3.0,25.0,9.9,1.0,0.0,4.0,3.0,0.0,1.0,3.0,4.0,1.0,79.0,7.0,19.0,4.0,8.0
2026,Round 10,2026-05-17,Essendon,away,CD_M20260141007,28,Xavier Duursma,CD_I1006096,1.0,0.0,0.0,0.0,1.0,0.0,0.0,2.0,0.0,0.0,0.0,1.0,46.7,7.0,6.0,68.8,16.0,11.0,4.0,1.0,0.0,4.0,0.0,0.0,0.0,4.0,7.0,0.0,0.0,0.0,0.0,1.0,0.0,2.0,44.4,1.3,0.0,0.0,9.0,3.0,1.0,0.0,175.0,3.0,12.0,3.3,0.0,0.0,6.0,0.0,1.0,3.0,3.0,3.0,0.0,66.0,3.0,15.0,3.0,8.0
2026,Round 10,2026-05-17,Essendon,away,CD_M20260141007,2,Jacob Farrow,CD_I1034305,0.0,0.0,0.0,0.0,2.0,0.0,0.0,0.0,0.0,0.0,0.0,0.0,17.6,3.0,8.0,88.9,18.0,16.0,9.0,0.0,1.0,0.0,0.0,0.0,0.0,3.0,8.0,0.0,0.0,0.0,0.0,2.0,0.0,4.0,90.0,1.3,1.0,1.0,10.0,7.0,0.0,0.0,220.0,0.0,10.0,2.0,3.0,0.0,7.0,0.0,0.0,0.0,0.0,4.0,0.0,77.0,0.0,17.0,3.0,14.0
2026,Round 10,2026-05-17,Essendon,away,CD_M20260141007,4,Kyle Langford,CD_I298630,1.0,0.0,0.0,0.0,0.0,0.0,0.0,0.0,0.0,0.0,0.0,1.0,50.0,8.0,5.0,66.7,15.0,10.0,2.0,2.0,0.0,1.0,0.0,0.0,0.0,6.0,10.0,0.0,0.0,0.0,0.0,0.0,1.0,4.0,40.0,0.5,0.0,0.0,5.0,7.0,2.0,0.0,44.0,1.0,12.0,6.0,0.0,0.0,7.0,1.0,2.0,0.0,0.0,1.0,1.0,85.0,0.0,16.0,3.0,8.0
2026,Round 10,2026-05-17,Essendon,away,CD_M20260141007,26,Archer May,CD_I1029084,0.0,0.0,0.0,0.0,6.0,0.0,0.0,0.0,5.0,0.0,0.0,0.0,42.9,3.0,3.0,71.4,7.0,5.0,3.0,0.0,5.0,1.0,66.7,1.0,2.0,2.0,3.0,0.0,0.0,0.0,0.0,1.0,0.0,1.0,75.0,1.3,0.0,0.0,4.0,1.0,1.0,1.0,110.0,1.0,15.0,5.6,0.0,0.0,3.0,1.0,3.0,1.0,0.0,1.0,0.0,77.0,0.0,7.0,4.0,4.0
2026,Round 10,2026-05-17,Essendon,away,CD_M20260141007,1,Andrew McGrath,CD_I998102,0.0,0.0,0.0,0.0,0.0,0.0,0.0,0.0,0.0,0.0,0.0,0.0,36.4,8.0,5.0,90.9,22.0,20.0,12.0,0.0,0.0,2.0,0.0,1.0,0.0,6.0,8.0,0.0,0.0,0.0,0.0,5.0,2.0,9.0,85.7,1.8,0.0,0.0,14.0,5.0,0.0,0.0,410.0,0.0,8.0,18.3,3.0,0.0,2.0,1.0,0.0,0.0,1.0,1.0,0.0,81.0,1.0,22.0,1.0,14.0
2026,Round 10,2026-05-17,Essendon,away,CD_M20260141007,7,Zach Merrett,CD_I992016,1.0,0.0,13.0,0.0,4.0,0.0,0.0,0.0,0.0,0.0,0.0,1.0,23.1,6.0,9.0,84.6,26.0,22.0,8.0,1.0,1.0,2.0,0.0,0.0,0.0,3.0,15.0,0.0,0.0,0.0,0.0,3.0,0.0,2.0,72.7,0.7,0.0,0.0,11.0,3.0,0.0,0.0,440.0,2.0,20.0,8.7,1.0,0.0,7.0,1.0,1.0,1.0,2.0,6.0,3.0,76.0,2.0,26.0,5.0,20.0
2026,Round 10,2026-05-17,Essendon,away,CD_M20260141007,42,Jayden Nguyen,CD_I1018987,0.0,0.0,0.0,0.0,3.0,0.0,0.0,0.0,0.0,0.0,0.0,0.0,50.0,6.0,3.0,66.7,12.0,8.0,2.0,1.0,1.0,0.0,0.0,0.0,0.0,6.0,8.0,0.0,0.0,0.0,0.0,2.0,0.0,1.0,50.0,0.5,0.0,0.0,4.0,1.0,0.0,0.0,126.0,1.0,11.0,7.8,1.0,0.0,2.0,0.0,1.0,1.0,0.0,3.0,1.0,74.0,0.0,12.0,4.0,6.0
2026,Round 10,2026-05-17,Essendon,away,CD_M20260141007,3,Darcy Parish,CD_I993817,0.0,0.0,17.0,3.0,1.0,0.0,0.0,0.0,0.0,0.0,0.0,0.0,28.0,7.0,6.0,84.0,25.0,21.0,11.0,1.0,0.0,2.0,100.0,1.0,1.0,5.0,11.0,0.0,0.0,0.0,0.0,6.0,1.0,2.0,78.6,1.3,0.0,0.0,14.0,5.0,0.0,1.0,352.0,0.0,11.0,12.6,2.0,0.0,8.0,0.0,1.0,0.0,1.0,3.0,0.0,69.0,4.0,25.0,2.0,18.0
2026,Round 10,2026-05-17,Essendon,away,CD_M20260141007,16,Archie Perkins,CD_I1015873,1.0,0.0,0.0,0.0,3.0,0.0,0.0,0.0,0.0,0.0,0.0,0.0,35.3,6.0,5.0,68.8,16.0,11.0,6.0,3.0,0.0,0.0,0.0,0.0,0.0,6.0,7.0,0.0,0.0,0.0,0.0,3.0,0.0,4.0,66.7,1.3,0.0,0.0,9.0,4.0,0.0,1.0,325.0,0.0,16.0,10.9,2.0,0.0,6.0,3.0,1.0,0.0,0.0,1.0,1.0,79.0,0.0,17.0,5.0,11.0
2026,Round 10,2026-05-17,Essendon,away,CD_M20260141007,25,Jaxon Prior,CD_I1009386,0.0,0.0,0.0,0.0,0.0,0.0,0.0,1.0,0.0,0.0,0.0,0.0,27.3,3.0,10.0,66.7,12.0,8.0,4.0,0.0,0.0,0.0,0.0,0.0,0.0,3.0,5.0,0.0,0.0,0.0,0.0,1.0,2.0,5.0,57.1,1.4,0.0,0.0,7.0,2.0,0.0,0.0,129.0,3.0,11.0,4.2,1.0,0.0,4.0,2.0,0.0,3.0,0.0,3.0,0.0,85.0,0.0,11.0,1.0,8.0
2026,Round 10,2026-05-17,Essendon,away,CD_M20260141007,27,Mason Redman,CD_I997078,1.0,0.0,0.0,0.0,2.0,0.0,0.0,1.0,0.0,0.0,0.0,0.0,30.0,3.0,7.0,63.6,11.0,7.0,5.0,0.0,0.0,1.0,0.0,1.0,0.0,2.0,4.0,0.0,0.0,0.0,0.0,1.0,0.0,4.0,71.4,1.8,3.0,1.0,7.0,2.0,1.0,0.0,236.0,2.0,7.0,1.2,4.0,0.0,2.0,0.0,1.0,2.0,0.0,2.0,0.0,73.0,0.0,10.0,3.0,7.0
2026,Round 10,2026-05-17,Essendon,away,CD_M20260141007,31,Zach Reid,CD_I1012817,0.0,0.0,0.0,0.0,3.0,33.3,1.0,3.0,0.0,0.0,0.0,1.0,40.0,4.0,9.0,72.7,11.0,8.0,6.0,0.0,1.0,1.0,0.0,0.0,0.0,2.0,4.0,0.0,0.0,0.0,0.0,0.0,1.0,4.0,85.7,1.8,1.0,1.0,7.0,5.0,0.0,0.0,198.0,2.0,10.0,8.1,4.0,0.0,2.0,1.0,0.0,2.0,0.0,3.0,0.0,92.0,0.0,10.0,1.0,6.0
2026,Round 10,2026-05-17,Essendon,away,CD_M20260141007,21,Archie Roberts,CD_I1023515,0.0,0.0,0.0,0.0,2.0,0.0,0.0,0.0,0.0,0.0,0.0,0.0,15.4,4.0,4.0,80.0,30.0,24.0,16.0,0.0,1.0,0.0,0.0,0.0,0.0,4.0,8.0,0.0,0.0,0.0,0.0,3.0,0.0,2.0,72.7,2.8,3.0,3.0,22.0,6.0,0.0,0.0,448.0,1.0,9.0,8.4,4.0,0.0,3.0,0.0,0.0,1.0,1.0,1.0,0.0,92.0,1.0,26.0,3.0,22.0
2026,Round 10,2026-05-17,Essendon,away,CD_M20260141007,9,Sullivan Robey,CD_I1043261,0.0,0.0,13.0,3.0,5.0,0.0,0.0,0.0,1.0,0.0,0.0,0.0,45.5,10.0,8.0,72.7,22.0,16.0,7.0,3.0,1.0,0.0,100.0,1.0,2.0,7.0,12.0,0.0,0.0,0.0,0.0,6.0,1.0,2.0,70.0,0.8,0.0,0.0,10.0,6.0,2.0,2.0,307.0,1.0,15.0,14.6,0.0,0.0,4.0,2.0,2.0,0.0,2.0,2.0,1.0,73.0,5.0,22.0,4.0,12.0
2026,Round 10,2026-05-17,Essendon,away,CD_M20260141007,12,Will Setterfield,CD_I998215,1.0,0.0,0.0,0.0,1.0,0.0,0.0,0.0,0.0,0.0,0.0,0.0,40.0,6.0,6.0,62.5,16.0,10.0,8.0,1.0,0.0,1.0,50.0,0.0,1.0,5.0,3.0,0.0,0.0,0.0,0.0,2.0,0.0,3.0,61.5,4.3,0.0,0.0,13.0,3.0,0.0,0.0,334.0,1.0,13.0,10.1,2.0,1.0,4.0,0.0,2.0,0.0,1.0,6.0,2.0,77.0,1.0,15.0,3.0,9.0
2026,Round 10,2026-05-17,Essendon,away,CD_M20260141007,20,Peter Wright,CD_I298289,0.0,0.0,12.0,1.0,1.0,0.0,0.0,1.0,3.0,0.0,0.0,0.0,16.7,1.0,8.0,66.7,6.0,4.0,1.0,0.0,0.0,0.0,0.0,0.0,0.0,0.0,4.0,25.0,35.6,16.0,4.0,0.0,0.0,0.0,50.0,0.5,0.0,0.0,2.0,2.0,0.0,0.0,78.0,4.0,15.0,4.9,0.0,45.0,1.0,1.0,0.0,4.0,0.0,8.0,1.0,73.0,1.0,6.0,1.0,5.0
2026,Round 11,2026-05-22,St Kilda,home,CD_M20260141103,36,Charlie Banfield,CD_I1036769,0.0,0.0,0.0,0.0,0.0,0.0,0.0,0.0,0.0,0.0,0.0,2.0,58.3,7.0,11.0,90.9,11.0,10.0,7.0,0.0,0.0,0.0,0.0,0.0,0.0,4.0,3.0,0.0,0.0,0.0,0.0,3.0,3.0,4.0,87.5,2.7,0.0,0.0,8.0,5.0,0.0,0.0,238.0,2.0,15.0,11.1,2.0,0.0,1.0,0.0,0.0,0.0,2.0,5.0,0.0,64.0,2.0,12.0,3.0,5.0
2026,Round 11,2026-05-22,St Kilda,home,CD_M20260141103,13,Ryan Byrnes,CD_I1011994,0.0,0.0,0.0,0.0,4.0,0.0,0.0,0.0,0.0,0.0,0.0,0.0,33.3,4.0,3.0,66.7,12.0,8.0,3.0,1.0,1.0,0.0,0.0,0.0,0.0,4.0,7.0,0.0,0.0,0.0,0.0,1.0,0.0,0.0,60.0,0.7,0.0,0.0,5.0,1.0,0.0,0.0,150.0,0.0,7.0,6.5,1.0,0.0,1.0,0.0,0.0,0.0,1.0,0.0,0.0,82.0,1.0,12.0,4.0,8.0
2026,Round 11,2026-05-22,St Kilda,home,CD_M20260141103,47,Anthony Caminiti,CD_I1023784,0.0,0.0,0.0,0.0,4.0,0.0,0.0,1.0,1.0,0.0,0.0,3.0,81.8,9.0,5.0,72.7,11.0,8.0,3.0,3.0,2.0,0.0,0.0,0.0,0.0,6.0,6.0,0.0,0.0,0.0,0.0,1.0,1.0,4.0,60.0,0.8,0.0,0.0,5.0,5.0,1.0,0.0,76.0,7.0,9.0,7.1,2.0,0.0,1.0,0.0,1.0,7.0,0.0,1.0,0.0,90.0,0.0,11.0,6.0,2.0
2026,Round 11,2026-05-22,St Kilda,home,CD_M20260141103,18,Jack Carroll,CD_I1013233,0.0,0.0,0.0,0.0,2.0,0.0,0.0,0.0,0.0,0.0,0.0,0.0,25.0,3.0,7.0,83.3,12.0,10.0,7.0,0.0,0.0,0.0,0.0,0.0,0.0,3.0,4.0,0.0,0.0,0.0,0.0,4.0,1.0,4.0,87.5,2.0,0.0,0.0,8.0,5.0,0.0,0.0,295.0,0.0,8.0,4.6,2.0,0.0,1.0,0.0,0.0,0.0,0.0,0.0,0.0,77.0,0.0,12.0,3.0,9.0
2026,Round 11,2026-05-22,St Kilda,home,CD_M20260141103,21,Tom De Koning,CD_I1004912,0.0,0.0,18.0,2.0,3.0,0.0,0.0,0.0,0.0,0.0,0.0,0.0,57.1,4.0,2.0,87.5,8.0,7.0,5.0,0.0,2.0,1.0,0.0,0.0,0.0,3.0,2.0,30.0,37.7,20.0,6.0,2.0,1.0,2.0,83.3,3.0,0.0,0.0,6.0,2.0,0.0,0.0,216.0,1.0,6.0,6.9,2.0,53.0,4.0,4.0,0.0,1.0,1.0,4.0,0.0,81.0,3.0,7.0,2.0,3.0
2026,Round 11,2026-05-22,St Kilda,home,CD_M20260141103,9,Sam Flanders,CD_I1009260,0.0,0.0,0.0,0.0,2.0,0.0,0.0,0.0,0.0,0.0,0.0,0.0,25.0,6.0,14.0,76.0,25.0,19.0,12.0,0.0,0.0,2.0,0.0,0.0,0.0,4.0,9.0,0.0,0.0,0.0,0.0,1.0,1.0,3.0,75.0,1.8,2.0,2.0,16.0,7.0,0.0,0.0,347.0,2.0,17.0,9.1,5.0,0.0,3.0,1.0,0.0,1.0,1.0,7.0,0.0,84.0,1.0,24.0,7.0,18.0
2026,Round 11,2026-05-22,St Kilda,home,CD_M20260141103,34,Hugo Garcia,CD_I1027790,1.0,0.0,16.0,0.0,1.0,0.0,0.0,1.0,1.0,0.0,0.0,0.0,40.0,4.0,4.0,60.0,10.0,6.0,1.0,0.0,0.0,0.0,0.0,0.0,0.0,4.0,6.0,0.0,0.0,0.0,0.0,2.0,0.0,1.0,25.0,0.7,0.0,0.0,4.0,0.0,0.0,0.0,151.0,1.0,17.0,4.1,1.0,0.0,2.0,0.0,1.0,1.0,2.0,5.0,1.0,69.0,2.0,10.0,2.0,6.0
2026,Round 11,2026-05-22,St Kilda,home,CD_M20260141103,40,Max Hall,CD_I1020855,0.0,0.0,24.0,4.0,5.0,0.0,0.0,0.0,0.0,0.0,0.0,0.0,52.0,13.0,9.0,76.0,25.0,19.0,8.0,2.0,1.0,1.0,100.0,1.0,2.0,9.0,15.0,0.0,0.0,0.0,0.0,5.0,0.0,0.0,80.0,0.7,0.0,0.0,10.0,6.0,1.0,2.0,379.0,0.0,22.0,20.0,0.0,0.0,9.0,2.0,2.0,0.0,5.0,2.0,0.0,86.0,9.0,25.0,3.0,12.0
2026,Round 11,2026-05-22,St Kilda,home,CD_M20260141103,23,Liam Henry,CD_I1005988,0.0,0.0,0.0,0.0,5.0,0.0,0.0,0.0,0.0,0.0,0.0,0.0,22.2,2.0,1.0,44.4,9.0,4.0,3.0,1.0,0.0,0.0,100.0,0.0,2.0,2.0,4.0,0.0,0.0,0.0,0.0,0.0,1.0,3.0,60.0,1.3,0.0,0.0,5.0,2.0,1.0,0.0,52.0,0.0,6.0,1.7,0.0,0.0,3.0,2.0,2.0,0.0,0.0,2.0,1.0,63.0,0.0,9.0,3.0,7.0
2026,Round 11,2026-05-22,St Kilda,home,CD_M20260141103,8,Bradley Hill,CD_I295584,0.0,3.0,0.0,0.0,3.0,0.0,0.0,0.0,0.0,0.0,0.0,0.0,25.0,5.0,8.0,63.2,19.0,12.0,8.0,0.0,0.0,1.0,100.0,0.0,2.0,3.0,8.0,0.0,0.0,0.0,0.0,3.0,1.0,4.0,72.7,1.4,0.0,0.0,11.0,5.0,0.0,0.0,344.0,1.0,18.0,8.4,0.0,0.0,4.0,2.0,2.0,0.0,1.0,0.0,0.0,92.0,1.0,20.0,4.0,15.0
2026,Round 11,2026-05-22,St Kilda,home,CD_M20260141103,20,Dougal Howard,CD_I993480,0.0,0.0,0.0,0.0,1.0,50.0,1.0,2.0,0.0,0.0,0.0,0.0,0.0,0.0,1.0,88.9,9.0,8.0,5.0,0.0,1.0,0.0,0.0,0.0,0.0,0.0,4.0,0.0,0.0,0.0,0.0,0.0,2.0,3.0,100.0,1.3,0.0,0.0,5.0,5.0,0.0,0.0,0.0,2.0,1.0,1.1,2.0,0.0,1.0,1.0,0.0,1.0,0.0,0.0,0.0,51.0,0.0,9.0,0.0,9.0
2026,Round 11,2026-05-22,St Kilda,home,CD_M20260141103,6,Jack Macrae,CD_I295467,0.0,0.0,18.0,1.0,4.0,0.0,0.0,0.0,0.0,0.0,0.0,0.0,38.9,7.0,5.0,50.0,18.0,9.0,3.0,0.0,0.0,0.0,0.0,0.0,0.0,5.0,11.0,0.0,0.0,0.0,0.0,2.0,0.0,0.0,42.9,0.6,0.0,0.0,7.0,1.0,0.0,0.0,238.0,1.0,12.0,5.8,2.0,0.0,4.0,0.0,0.0,0.0,1.0,4.0,0.0,59.0,2.0,18.0,4.0,11.0
2026,Round 11,2026-05-22,St Kilda,home,CD_M20260141103,19,Rowan Marshall,CD_I992468,0.0,0.0,12.0,3.0,1.0,0.0,0.0,0.0,0.0,0.0,0.0,0.0,53.3,8.0,8.0,78.6,14.0,11.0,3.0,0.0,1.0,2.0,0.0,0.0,0.0,4.0,9.0,36.4,28.9,11.0,4.0,2.0,0.0,1.0,60.0,0.6,0.0,0.0,5.0,4.0,1.0,2.0,174.0,1.0,13.0,13.4,0.0,38.0,3.0,1.0,1.0,1.0,2.0,7.0,0.0,74.0,5.0,15.0,0.0,7.0
2026,Round 11,2026-05-22,St Kilda,home,CD_M20260141103,45,Liam O'Connell,CD_I1035198,1.0,0.0,0.0,0.0,1.0,0.0,0.0,0.0,0.0,0.0,0.0,0.0,22.2,2.0,10.0,60.0,10.0,6.0,5.0,0.0,0.0,0.0,0.0,0.0,0.0,2.0,2.0,0.0,0.0,0.0,0.0,0.0,1.0,3.0,62.5,4.0,0.0,0.0,8.0,1.0,0.0,0.0,230.0,1.0,15.0,3.5,2.0,0.0,1.0,0.0,2.0,1.0,1.0,5.0,1.0,77.0,1.0,9.0,3.0,7.0
2026,Round 11,2026-05-22,St Kilda,home,CD_M20260141103,25,Mattaes Phillipou,CD_I1020137,0.0,0.0,6.0,0.0,3.0,0.0,0.0,0.0,1.0,0.0,0.0,1.0,52.6,10.0,8.0,78.9,19.0,15.0,7.0,2.0,0.0,1.0,100.0,0.0,2.0,7.0,9.0,0.0,0.0,0.0,0.0,5.0,0.0,2.0,70.0,1.1,0.0,0.0,10.0,4.0,0.0,0.0,307.0,1.0,27.0,16.0,0.0,0.0,6.0,1.0,2.0,0.0,3.0,1.0,1.0,83.0,3.0,19.0,1.0,9.0
2026,Round 11,2026-05-22,St Kilda,home,CD_M20260141103,43,Cooper Sharman,CD_I1018018,1.0,0.0,0.0,0.0,2.0,0.0,0.0,0.0,0.0,0.0,0.0,1.0,36.4,4.0,6.0,45.5,11.0,5.0,3.0,2.0,0.0,0.0,0.0,1.0,0.0,2.0,3.0,0.0,0.0,0.0,0.0,2.0,0.0,1.0,37.5,2.7,0.0,0.0,8.0,5.0,3.0,2.0,193.0,2.0,16.0,6.3,0.0,0.0,4.0,0.0,2.0,1.0,0.0,1.0,0.0,79.0,0.0,11.0,4.0,7.0
2026,Round 11,2026-05-22,St Kilda,home,CD_M20260141103,3,Jack Silvagni,CD_I1001028,0.0,0.0,0.0,0.0,3.0,0.0,0.0,0.0,1.0,0.0,0.0,3.0,47.1,8.0,4.0,75.0,16.0,12.0,7.0,0.0,3.0,1.0,0.0,0.0,0.0,5.0,7.0,0.0,0.0,0.0,0.0,0.0,5.0,9.0,77.8,1.3,0.0,0.0,9.0,7.0,0.0,1.0,106.0,5.0,4.0,14.6,2.0,0.0,2.0,1.0,0.0,4.0,0.0,2.0,0.0,95.0,0.0,17.0,2.0,9.0
2026,Round 11,2026-05-22,St Kilda,home,CD_M20260141103,35,Jack Sinclair,CD_I994389,0.0,0.0,4.0,1.0,2.0,0.0,0.0,1.0,0.0,0.0,0.0,0.0,19.2,5.0,17.0,75.9,29.0,22.0,15.0,1.0,0.0,0.0,0.0,2.0,0.0,5.0,8.0,0.0,0.0,0.0,0.0,4.0,0.0,1.0,71.4,2.6,3.0,3.0,21.0,6.0,0.0,1.0,644.0,1.0,19.0,14.7,6.0,0.0,5.0,0.0,0.0,1.0,0.0,1.0,0.0,80.0,1.0,26.0,5.0,21.0
2026,Round 11,2026-05-22,St Kilda,home,CD_M20260141103,14,Liam Stocker,CD_I1008312,0.0,0.0,0.0,0.0,6.0,0.0,0.0,0.0,0.0,0.0,0.0,0.0,36.4,4.0,12.0,58.3,12.0,7.0,5.0,0.0,1.0,1.0,0.0,0.0,0.0,2.0,4.0,0.0,0.0,0.0,0.0,1.0,2.0,5.0,62.5,2.0,1.0,1.0,8.0,4.0,0.0,1.0,264.0,1.0,14.0,1.7,4.0,0.0,0.0,0.0,0.0,1.0,1.0,1.0,0.0,75.0,1.0,11.0,4.0,7.0
2026,Round 11,2026-05-22,St Kilda,home,CD_M20260141103,44,Callum Wilkie,CD_I296422,0.0,0.0,0.0,0.0,1.0,33.3,1.0,3.0,0.0,0.0,0.0,0.0,26.7,4.0,7.0,90.5,21.0,19.0,11.0,0.0,1.0,1.0,0.0,0.0,0.0,3.0,9.0,0.0,0.0,0.0,0.0,0.0,1.0,8.0,91.7,1.3,2.0,2.0,12.0,3.0,0.0,0.0,383.0,3.0,7.0,7.9,8.0,0.0,2.0,1.0,0.0,3.0,1.0,2.0,0.0,100.0,1.0,15.0,3.0,11.0
2026,Round 11,2026-05-22,St Kilda,home,CD_M20260141103,22,Darcy Wilson,CD_I1027875,1.0,2.0,2.0,0.0,2.0,0.0,0.0,0.0,1.0,0.0,0.0,0.0,45.0,9.0,3.0,68.4,19.0,13.0,4.0,0.0,0.0,0.0,50.0,2.0,1.0,7.0,9.0,0.0,0.0,0.0,0.0,5.0,0.0,3.0,40.0,1.1,0.0,0.0,10.0,3.0,0.0,0.0,289.0,0.0,12.0,14.3,0.0,0.0,5.0,2.0,2.0,0.0,3.0,0.0,0.0,84.0,3.0,20.0,4.0,11.0
2026,Round 11,2026-05-22,St Kilda,home,CD_M20260141103,2,Marcus Windhager,CD_I1023270,0.0,0.0,20.0,1.0,2.0,0.0,0.0,0.0,0.0,0.0,0.0,0.0,28.6,4.0,10.0,81.3,16.0,13.0,9.0,0.0,1.0,1.0,0.0,0.0,0.0,3.0,5.0,0.0,0.0,0.0,0.0,1.0,1.0,2.0,81.8,2.2,0.0,0.0,11.0,3.0,0.0,0.0,216.0,0.0,17.0,9.0,2.0,0.0,3.0,1.0,0.0,0.0,4.0,5.0,0.0,71.0,5.0,14.0,3.0,10.0
2026,Round 11,2026-05-22,St Kilda,home,CD_M20260141103,32,Mason Wood,CD_I295340,3.0,0.0,0.0,0.0,1.0,0.0,0.0,0.0,2.0,1.0,50.0,2.0,60.0,9.0,1.0,60.0,15.0,9.0,3.0,2.0,0.0,1.0,40.0,1.0,2.0,5.0,8.0,0.0,0.0,0.0,0.0,1.0,0.0,0.0,42.9,0.9,0.0,0.0,7.0,6.0,3.0,2.0,196.0,3.0,7.0,6.9,1.0,0.0,8.0,0.0,5.0,2.0,0.0,0.0,0.0,84.0,0.0,15.0,2.0,6.0
2026,Round 12,2026-05-30,Brisbane Lions,away,CD_M20260141204,31,Harris Andrews,CD_I996059,0.0,0.0,0.0,0.0,2.0,20.0,1.0,5.0,0.0,0.0,0.0,3.0,44.4,4.0,5.0,100.0,10.0,10.0,8.0,0.0,2.0,0.0,0.0,0.0,0.0,1.0,2.0,0.0,0.0,0.0,0.0,4.0,3.0,6.0,100.0,4.0,0.0,0.0,8.0,7.0,0.0,0.0,206.0,8.0,7.0,10.9,1.0,0.0,2.0,2.0,0.0,8.0,0.0,4.0,0.0,97.0,0.0,9.0,0.0,5.0
2026,Round 12,2026-05-30,Brisbane Lions,away,CD_M20260141204,43,Noah Answerth,CD_I1005053,0.0,0.0,0.0,0.0,1.0,100.0,1.0,1.0,0.0,0.0,0.0,0.0,42.9,3.0,8.0,66.7,6.0,4.0,3.0,0.0,1.0,1.0,0.0,0.0,0.0,2.0,2.0,0.0,0.0,0.0,0.0,3.0,0.0,4.0,75.0,2.0,0.0,0.0,4.0,3.0,0.0,1.0,148.0,2.0,10.0,2.9,1.0,0.0,0.0,0.0,0.0,1.0,0.0,0.0,0.0,73.0,0.0,7.0,1.0,4.0
2026,Round 12,2026-05-30,Brisbane Lions,away,CD_M20260141204,10,Levi Ashcroft,CD_I1028560,2.0,1.0,0.0,0.0,0.0,0.0,0.0,0.0,0.0,0.0,0.0,0.0,20.0,2.0,5.0,75.0,12.0,9.0,7.0,0.0,0.0,1.0,33.3,0.0,1.0,2.0,2.0,0.0,0.0,0.0,0.0,3.0,0.0,3.0,70.0,5.0,0.0,0.0,10.0,3.0,1.0,2.0,279.0,2.0,12.0,7.2,1.0,0.0,7.0,1.0,3.0,1.0,0.0,0.0,0.0,83.0,0.0,10.0,1.0,8.0
2026,Round 12,2026-05-30,Brisbane Lions,away,CD_M20260141204,8,Will Ashcroft,CD_I1023517,0.0,1.0,18.0,0.0,0.0,0.0,0.0,0.0,0.0,0.0,0.0,0.0,54.5,12.0,6.0,63.6,22.0,14.0,5.0,3.0,0.0,2.0,100.0,0.0,2.0,8.0,10.0,0.0,0.0,0.0,0.0,1.0,0.0,1.0,41.7,1.2,0.0,0.0,12.0,1.0,0.0,1.0,218.0,1.0,11.0,16.4,1.0,0.0,4.0,3.0,2.0,0.0,3.0,5.0,1.0,85.0,3.0,22.0,2.0,10.0
2026,Round 12,2026-05-30,Brisbane Lions,away,CD_M20260141204,33,Zac Bailey,CD_I1002312,2.0,1.0,9.0,4.0,4.0,0.0,0.0,0.0,0.0,0.0,0.0,1.0,32.1,9.0,6.0,60.0,30.0,18.0,9.0,1.0,1.0,1.0,25.0,1.0,1.0,6.0,9.0,0.0,0.0,0.0,0.0,10.0,0.0,3.0,42.9,2.3,0.0,0.0,21.0,4.0,0.0,1.0,591.0,1.0,14.0,15.5,2.0,0.0,8.0,3.0,4.0,0.0,2.0,2.0,1.0,83.0,6.0,28.0,5.0,19.0
2026,Round 12,2026-05-30,Brisbane Lions,away,CD_M20260141204,7,Jarrod Berry,CD_I998133,0.0,0.0,0.0,0.0,3.0,0.0,0.0,0.0,0.0,0.0,0.0,1.0,28.6,6.0,5.0,55.0,20.0,11.0,8.0,0.0,1.0,0.0,0.0,0.0,0.0,4.0,5.0,0.0,0.0,0.0,0.0,4.0,3.0,5.0,53.3,3.0,0.0,0.0,15.0,7.0,0.0,1.0,386.0,2.0,8.0,10.9,3.0,0.0,2.0,0.0,0.0,0.0,3.0,0.0,0.0,71.0,3.0,21.0,4.0,15.0
2026,Round 12,2026-05-30,Brisbane Lions,away,CD_M20260141204,23,Charlie Cameron,CD_I990609,2.0,2.0,0.0,0.0,2.0,0.0,0.0,0.0,0.0,0.0,0.0,0.0,11.1,1.0,0.0,60.0,10.0,6.0,4.0,0.0,1.0,0.0,50.0,0.0,2.0,1.0,2.0,0.0,0.0,0.0,0.0,2.0,0.0,1.0,50.0,4.0,0.0,0.0,8.0,3.0,1.0,2.0,244.0,0.0,9.0,5.4,0.0,0.0,4.0,0.0,4.0,0.0,0.0,1.0,1.0,79.0,0.0,9.0,4.0,8.0
2026,Round 12,2026-05-30,Brisbane Lions,away,CD_M20260141204,18,Keidean Coleman,CD_I1006059,0.0,0.0,0.0,0.0,0.0,0.0,0.0,0.0,0.0,0.0,0.0,0.0,20.0,1.0,3.0,100.0,6.0,6.0,5.0,0.0,0.0,0.0,0.0,0.0,0.0,1.0,1.0,0.0,0.0,0.0,0.0,0.0,0.0,0.0,100.0,5.0,3.0,1.0,5.0,2.0,0.0,0.0,48.0,1.0,4.0,3.0,1.0,0.0,1.0,0.0,0.0,1.0,0.0,1.0,0.0,19.0,0.0,5.0,0.0,4.0
2026,Round 12,2026-05-30,Brisbane Lions,away,CD_M20260141204,37,Cody Curtin,CD_I1036780,0.0,1.0,0.0,0.0,5.0,0.0,0.0,0.0,1.0,1.0,100.0,0.0,28.6,2.0,2.0,57.1,7.0,4.0,2.0,0.0,1.0,2.0,50.0,0.0,1.0,0.0,2.0,0.0,0.0,0.0,0.0,1.0,0.0,0.0,40.0,2.5,0.0,0.0,5.0,1.0,0.0,1.0,151.0,5.0,7.0,-0.3,0.0,0.0,1.0,0.0,2.0,5.0,0.0,1.0,0.0,72.0,0.0,7.0,6.0,5.0
2026,Round 12,2026-05-30,Brisbane Lions,away,CD_M20260141204,2,Sam Draper,CD_I1005577,1.0,0.0,17.0,1.0,2.0,0.0,0.0,0.0,1.0,0.0,0.0,0.0,71.4,5.0,1.0,77.8,9.0,7.0,7.0,0.0,1.0,3.0,50.0,0.0,1.0,1.0,0.0,33.3,44.4,24.0,8.0,3.0,1.0,2.0,77.8,9.0,0.0,0.0,9.0,2.0,1.0,0.0,327.0,4.0,9.0,16.8,2.0,54.0,4.0,3.0,2.0,3.0,4.0,2.0,1.0,81.0,5.0,7.0,3.0,2.0
2026,Round 12,2026-05-30,Brisbane Lions,away,CD_M20260141204,5,Josh Dunkley,CD_I993834,0.0,0.0,13.0,1.0,0.0,0.0,0.0,0.0,0.0,0.0,0.0,1.0,57.9,11.0,6.0,68.8,16.0,11.0,2.0,1.0,0.0,0.0,0.0,1.0,0.0,9.0,9.0,0.0,0.0,0.0,0.0,3.0,0.0,5.0,28.6,0.8,0.0,0.0,7.0,4.0,1.0,0.0,185.0,2.0,14.0,12.9,1.0,0.0,4.0,2.0,1.0,0.0,2.0,3.0,2.0,79.0,3.0,19.0,1.0,8.0
2026,Round 12,2026-05-30,Brisbane Lions,away,CD_M20260141204,3,Jaspa Fletcher,CD_I1023708,0.0,3.0,0.0,0.0,1.0,0.0,0.0,0.0,0.0,0.0,0.0,0.0,36.4,4.0,8.0,69.2,13.0,9.0,6.0,1.0,0.0,0.0,100.0,0.0,1.0,2.0,4.0,0.0,0.0,0.0,0.0,1.0,0.0,1.0,66.7,2.3,2.0,2.0,9.0,4.0,0.0,0.0,206.0,2.0,13.0,8.4,1.0,0.0,1.0,0.0,1.0,1.0,2.0,1.0,1.0,85.0,2.0,11.0,2.0,7.0
2026,Round 12,2026-05-30,Brisbane Lions,away,CD_M20260141204,32,Darcy Fort,CD_I298211,0.0,0.0,10.0,0.0,2.0,0.0,0.0,0.0,1.0,0.0,0.0,2.0,55.6,5.0,6.0,87.5,8.0,7.0,3.0,0.0,1.0,0.0,0.0,1.0,0.0,1.0,4.0,33.3,34.3,12.0,4.0,1.0,2.0,2.0,75.0,1.0,0.0,0.0,4.0,4.0,1.0,0.0,59.0,2.0,9.0,9.1,1.0,35.0,3.0,2.0,0.0,1.0,2.0,0.0,0.0,65.0,2.0,9.0,1.0,4.0
2026,Round 12,2026-05-30,Brisbane Lions,away,CD_M20260141204,22,Ty Gallop,CD_I1034411,0.0,0.0,0.0,0.0,1.0,25.0,1.0,4.0,0.0,0.0,0.0,1.0,50.0,4.0,6.0,62.5,8.0,5.0,4.0,0.0,1.0,0.0,0.0,0.0,0.0,3.0,3.0,0.0,0.0,0.0,0.0,1.0,3.0,5.0,80.0,1.7,0.0,0.0,5.0,5.0,0.0,0.0,143.0,5.0,9.0,6.9,2.0,0.0,1.0,1.0,0.0,5.0,0.0,1.0,0.0,95.0,0.0,8.0,2.0,4.0
2026,Round 12,2026-05-30,Brisbane Lions,away,CD_M20260141204,27,Darcy Gardiner,CD_I296269,0.0,0.0,0.0,0.0,5.0,20.0,1.0,5.0,1.0,1.0,100.0,1.0,40.0,4.0,7.0,66.7,9.0,6.0,3.0,0.0,4.0,1.0,0.0,0.0,0.0,2.0,3.0,0.0,0.0,0.0,0.0,0.0,1.0,3.0,50.0,2.0,0.0,0.0,6.0,3.0,0.0,0.0,124.0,9.0,8.0,1.1,2.0,0.0,1.0,1.0,0.0,8.0,0.0,1.0,0.0,81.0,0.0,10.0,6.0,6.0
2026,Round 12,2026-05-30,Brisbane Lions,away,CD_M20260141204,1,Kai Lohmann,CD_I1014026,3.0,2.0,0.0,1.0,2.0,0.0,0.0,0.0,0.0,0.0,0.0,0.0,61.5,8.0,9.0,58.3,12.0,7.0,2.0,3.0,1.0,0.0,0.0,0.0,0.0,8.0,6.0,0.0,0.0,0.0,0.0,2.0,0.0,3.0,33.3,1.0,0.0,0.0,6.0,2.0,0.0,0.0,252.0,0.0,17.0,7.1,0.0,0.0,5.0,1.0,3.0,0.0,1.0,1.0,0.0,77.0,2.0,13.0,3.0,5.0
2026,Round 12,2026-05-30,Brisbane Lions,away,CD_M20260141204,6,Hugh McCluggage,CD_I1000978,1.0,0.0,13.0,1.0,3.0,0.0,0.0,0.0,0.0,0.0,0.0,0.0,50.0,7.0,7.0,76.9,13.0,10.0,3.0,1.0,2.0,2.0,0.0,0.0,0.0,4.0,8.0,0.0,0.0,0.0,0.0,3.0,0.0,1.0,60.0,0.6,0.0,0.0,5.0,2.0,1.0,1.0,216.0,1.0,23.0,4.1,1.0,0.0,4.0,0.0,1.0,0.0,2.0,3.0,0.0,78.0,3.0,14.0,2.0,7.0
2026,Round 12,2026-05-30,Brisbane Lions,away,CD_M20260141204,26,Conor McKenna,CD_I997846,0.0,1.0,0.0,0.0,2.0,0.0,0.0,0.0,0.0,0.0,0.0,0.0,20.0,2.0,2.0,81.8,11.0,9.0,4.0,0.0,1.0,0.0,0.0,0.0,0.0,2.0,5.0,0.0,0.0,0.0,0.0,4.0,1.0,1.0,66.7,1.2,0.0,0.0,6.0,2.0,0.0,0.0,265.0,1.0,12.0,9.0,0.0,0.0,2.0,0.0,0.0,1.0,0.0,2.0,2.0,79.0,0.0,10.0,2.0,8.0
2026,Round 12,2026-05-30,Brisbane Lions,away,CD_M20260141204,13,Logan Morris,CD_I1028019,4.0,0.0,0.0,0.0,4.0,0.0,0.0,0.0,3.0,0.0,0.0,0.0,50.0,4.0,0.0,25.0,8.0,2.0,2.0,2.0,0.0,1.0,16.7,0.0,1.0,3.0,1.0,0.0,0.0,0.0,0.0,2.0,0.0,1.0,28.6,7.0,0.0,0.0,7.0,3.0,2.0,3.0,221.0,0.0,9.0,-2.5,0.0,0.0,5.0,1.0,6.0,0.0,0.0,2.0,2.0,77.0,0.0,8.0,2.0,4.0
2026,Round 12,2026-05-30,Brisbane Lions,away,CD_M20260141204,9,Lachie Neale,CD_I293535,0.0,0.0,20.0,4.0,3.0,0.0,0.0,0.0,0.0,0.0,0.0,0.0,47.8,11.0,6.0,56.5,23.0,13.0,4.0,1.0,0.0,2.0,0.0,1.0,0.0,6.0,14.0,0.0,0.0,0.0,0.0,5.0,1.0,2.0,44.4,0.6,0.0,0.0,9.0,2.0,0.0,0.0,342.0,0.0,14.0,7.2,0.0,0.0,5.0,3.0,0.0,0.0,4.0,1.0,1.0,82.0,8.0,23.0,6.0,12.0
2026,Round 12,2026-05-30,Brisbane Lions,away,CD_M20260141204,16,Cam Rayner,CD_I1002235,0.0,0.0,8.0,1.0,2.0,0.0,0.0,0.0,0.0,0.0,0.0,1.0,77.8,7.0,2.0,57.1,7.0,4.0,2.0,1.0,1.0,1.0,0.0,1.0,0.0,3.0,2.0,0.0,0.0,0.0,0.0,2.0,0.0,1.0,40.0,2.5,0.0,0.0,5.0,1.0,1.0,0.0,154.0,2.0,8.0,7.4,1.0,0.0,4.0,1.0,1.0,0.0,1.0,2.0,0.0,81.0,2.0,9.0,3.0,2.0
2026,Round 12,2026-05-30,Brisbane Lions,away,CD_M20260141204,38,Bruce Reville,CD_I1009317,0.0,0.0,0.0,0.0,2.0,0.0,0.0,0.0,0.0,0.0,0.0,0.0,7.7,1.0,1.0,91.7,12.0,11.0,6.0,0.0,2.0,0.0,0.0,0.0,0.0,1.0,5.0,0.0,0.0,0.0,0.0,2.0,1.0,2.0,85.7,1.4,2.0,1.0,7.0,4.0,0.0,1.0,248.0,1.0,3.0,3.8,3.0,0.0,3.0,1.0,0.0,1.0,0.0,0.0,0.0,81.0,0.0,13.0,5.0,12.0
2026,Round 12,2026-05-30,Brisbane Lions,away,CD_M20260141204,44,Darcy Wilmot,CD_I1017067,0.0,1.0,0.0,1.0,2.0,0.0,0.0,0.0,0.0,0.0,0.0,2.0,25.0,5.0,9.0,92.3,26.0,24.0,22.0,0.0,0.0,1.0,0.0,1.0,0.0,1.0,2.0,0.0,0.0,0.0,0.0,2.0,4.0,4.0,91.7,12.0,5.0,5.0,24.0,12.0,0.0,0.0,544.0,0.0,12.0,14.3,6.0,0.0,5.0,2.0,0.0,0.0,2.0,3.0,0.0,93.0,3.0,20.0,3.0,15.0
2026,Round 13,2026-06-06,North Melbourne,away,CD_M20260141303,30,Charlie Comben,CD_I1015781,0.0,0.0,0.0,0.0,0.0,0.0,0.0,0.0,0.0,0.0,0.0,0.0,0.0,0.0,6.0,81.8,11.0,9.0,7.0,0.0,0.0,0.0,0.0,0.0,0.0,0.0,2.0,0.0,0.0,0.0,0.0,1.0,0.0,1.0,77.8,4.5,0.0,0.0,9.0,8.0,0.0,0.0,257.0,5.0,7.0,2.2,3.0,0.0,2.0,1.0,0.0,5.0,0.0,1.0,0.0,80.0,0.0,11.0,3.0,11.0
2026,Round 13,2026-06-06,North Melbourne,away,CD_M20260141303,25,Paul Curtis,CD_I1002947,1.0,0.0,2.0,0.0,1.0,0.0,0.0,0.0,0.0,0.0,0.0,0.0,28.6,2.0,2.0,71.4,7.0,5.0,1.0,1.0,1.0,0.0,0.0,0.0,0.0,1.0,4.0,0.0,0.0,0.0,0.0,1.0,0.0,0.0,33.3,0.8,0.0,0.0,3.0,3.0,1.0,3.0,86.0,2.0,13.0,5.9,0.0,0.0,3.0,0.0,1.0,0.0,1.0,6.0,5.0,82.0,1.0,7.0,0.0,5.0
2026,Round 13,2026-06-06,North Melbourne,away,CD_M20260141303,5,Caleb Daniel,CD_I295136,0.0,0.0,0.0,0.0,2.0,0.0,0.0,0.0,0.0,0.0,0.0,0.0,22.7,5.0,6.0,88.9,27.0,24.0,15.0,0.0,0.0,0.0,0.0,1.0,0.0,3.0,10.0,0.0,0.0,0.0,0.0,1.0,0.0,3.0,88.2,1.7,4.0,4.0,17.0,6.0,0.0,0.0,425.0,2.0,8.0,6.7,2.0,0.0,3.0,0.0,0.0,1.0,3.0,1.0,0.0,85.0,3.0,22.0,1.0,17.0
2026,Round 13,2026-06-06,North Melbourne,away,CD_M20260141303,27,Jack Darling,CD_I290838,0.0,0.0,0.0,0.0,1.0,0.0,0.0,0.0,2.0,1.0,50.0,2.0,60.0,6.0,1.0,50.0,10.0,5.0,3.0,3.0,0.0,0.0,100.0,0.0,1.0,4.0,5.0,0.0,0.0,0.0,0.0,1.0,0.0,1.0,60.0,1.0,0.0,0.0,5.0,4.0,1.0,1.0,91.0,0.0,3.0,4.3,0.0,1.0,4.0,0.0,1.0,0.0,0.0,0.0,0.0,73.0,0.0,10.0,1.0,4.0
2026,Round 13,2026-06-06,North Melbourne,away,CD_M20260141303,9,Luke Davies-Uniacke,CD_I1002267,0.0,0.0,25.0,1.0,5.0,0.0,0.0,0.0,0.0,0.0,0.0,0.0,52.4,11.0,12.0,60.0,20.0,12.0,6.0,0.0,1.0,2.0,0.0,0.0,0.0,8.0,9.0,0.0,0.0,0.0,0.0,5.0,2.0,6.0,54.5,1.2,0.0,0.0,11.0,3.0,0.0,0.0,356.0,2.0,24.0,10.3,3.0,0.0,3.0,0.0,0.0,1.0,3.0,2.0,0.0,84.0,4.0,21.0,3.0,10.0
2026,Round 13,2026-06-06,North Melbourne,away,CD_M20260141303,18,Wil Dawson,CD_I1028551,0.0,0.0,4.0,0.0,2.0,100.0,1.0,1.0,0.0,0.0,0.0,0.0,0.0,0.0,2.0,75.0,4.0,3.0,2.0,0.0,2.0,0.0,0.0,0.0,0.0,0.0,1.0,33.3,25.0,3.0,1.0,0.0,0.0,0.0,66.7,3.0,0.0,0.0,3.0,2.0,0.0,0.0,68.0,0.0,3.0,-0.7,0.0,12.0,2.0,1.0,0.0,0.0,0.0,2.0,0.0,76.0,0.0,4.0,0.0,4.0
2026,Round 13,2026-06-06,North Melbourne,away,CD_M20260141303,7,Zane Duursma,CD_I1023494,0.0,0.0,0.0,0.0,0.0,0.0,0.0,0.0,0.0,0.0,0.0,1.0,16.7,1.0,1.0,66.7,6.0,4.0,2.0,0.0,0.0,0.0,0.0,0.0,0.0,0.0,2.0,0.0,0.0,0.0,0.0,1.0,0.0,0.0,50.0,2.0,0.0,0.0,4.0,6.0,0.0,1.0,99.0,0.0,7.0,1.0,0.0,0.0,0.0,0.0,0.0,0.0,0.0,0.0,0.0,69.0,0.0,6.0,0.0,5.0
2026,Round 13,2026-06-06,North Melbourne,away,CD_M20260141303,16,Zac Fisher,CD_I999827,0.0,1.0,0.0,0.0,1.0,0.0,0.0,0.0,0.0,0.0,0.0,0.0,23.1,3.0,5.0,85.7,14.0,12.0,7.0,0.0,0.0,1.0,0.0,0.0,0.0,2.0,6.0,0.0,0.0,0.0,0.0,0.0,0.0,1.0,87.5,1.3,1.0,1.0,8.0,3.0,0.0,0.0,140.0,0.0,5.0,3.7,0.0,0.0,0.0,0.0,0.0,0.0,0.0,2.0,0.0,70.0,0.0,13.0,1.0,10.0
2026,Round 13,2026-06-06,North Melbourne,away,CD_M20260141303,17,Riley Hardeman,CD_I1023625,0.0,0.0,0.0,0.0,1.0,0.0,0.0,0.0,0.0,0.0,0.0,0.0,0.0,0.0,4.0,37.5,8.0,3.0,2.0,0.0,0.0,0.0,0.0,0.0,0.0,0.0,2.0,0.0,0.0,0.0,0.0,1.0,1.0,1.0,33.3,3.0,0.0,0.0,6.0,3.0,0.0,0.0,196.0,1.0,4.0,-0.5,3.0,0.0,0.0,0.0,0.0,0.0,0.0,0.0,0.0,41.0,0.0,8.0,4.0,8.0
2026,Round 13,2026-06-06,North Melbourne,away,CD_M20260141303,41,Jacob Konstanty,CD_I1023530,0.0,0.0,0.0,0.0,3.0,0.0,0.0,0.0,1.0,0.0,0.0,0.0,28.6,2.0,7.0,87.5,8.0,7.0,3.0,1.0,1.0,0.0,0.0,0.0,0.0,2.0,4.0,0.0,0.0,0.0,0.0,1.0,0.0,0.0,75.0,1.0,0.0,0.0,4.0,1.0,0.0,1.0,108.0,0.0,9.0,-0.8,0.0,0.0,4.0,0.0,1.0,0.0,1.0,1.0,0.0,71.0,1.0,7.0,2.0,5.0
2026,Round 13,2026-06-06,North Melbourne,away,CD_M20260141303,20,Nick Larkey,CD_I1001017,1.0,0.0,0.0,0.0,0.0,0.0,0.0,0.0,2.0,2.0,100.0,1.0,42.9,3.0,1.0,71.4,7.0,5.0,4.0,0.0,0.0,2.0,50.0,0.0,1.0,0.0,1.0,0.0,0.0,0.0,0.0,1.0,0.0,1.0,66.7,6.0,0.0,0.0,6.0,4.0,0.0,1.0,133.0,0.0,2.0,3.9,0.0,0.0,3.0,0.0,2.0,0.0,0.0,1.0,0.0,87.0,0.0,7.0,0.0,4.0
2026,Round 13,2026-06-06,North Melbourne,away,CD_M20260141303,19,Griffin Logue,CD_I997933,0.0,1.0,0.0,0.0,2.0,40.0,2.0,5.0,0.0,0.0,0.0,0.0,33.3,4.0,4.0,90.9,11.0,10.0,5.0,0.0,2.0,0.0,0.0,0.0,0.0,4.0,5.0,0.0,0.0,0.0,0.0,1.0,2.0,8.0,83.3,1.2,1.0,0.0,6.0,3.0,0.0,0.0,108.0,2.0,4.0,7.7,3.0,0.0,1.0,0.0,0.0,2.0,0.0,0.0,0.0,88.0,0.0,12.0,3.0,8.0
2026,Round 13,2026-06-06,North Melbourne,away,CD_M20260141303,11,Luke McDonald,CD_I296355,0.0,0.0,0.0,0.0,5.0,66.7,2.0,3.0,0.0,0.0,0.0,0.0,6.3,1.0,6.0,100.0,16.0,16.0,10.0,0.0,3.0,0.0,0.0,0.0,0.0,1.0,6.0,0.0,0.0,0.0,0.0,0.0,0.0,1.0,100.0,1.7,1.0,1.0,10.0,7.0,0.0,0.0,203.0,3.0,7.0,4.3,4.0,0.0,2.0,0.0,0.0,3.0,0.0,1.0,0.0,90.0,0.0,16.0,2.0,15.0
2026,Round 13,2026-06-06,North Melbourne,away,CD_M20260141303,10,Colby McKercher,CD_I1024272,0.0,1.0,20.0,2.0,4.0,0.0,0.0,0.0,0.0,0.0,0.0,0.0,31.6,6.0,5.0,78.9,19.0,15.0,7.0,0.0,3.0,0.0,0.0,0.0,0.0,5.0,9.0,0.0,0.0,0.0,0.0,2.0,1.0,4.0,70.0,1.1,0.0,0.0,10.0,3.0,0.0,0.0,115.0,0.0,13.0,6.8,1.0,0.0,2.0,1.0,0.0,0.0,1.0,2.0,1.0,78.0,3.0,19.0,4.0,13.0
2026,Round 13,2026-06-06,North Melbourne,away,CD_M20260141303,26,Luke Parker,CD_I290778,0.0,0.0,0.0,0.0,7.0,0.0,0.0,0.0,0.0,0.0,0.0,0.0,30.4,7.0,4.0,80.8,26.0,21.0,12.0,0.0,2.0,2.0,0.0,0.0,0.0,4.0,9.0,0.0,0.0,0.0,0.0,4.0,1.0,8.0,70.6,1.9,3.0,3.0,17.0,6.0,0.0,1.0,518.0,3.0,6.0,8.3,4.0,0.0,1.0,0.0,0.0,2.0,1.0,2.0,0.0,88.0,1.0,23.0,9.0,16.0
2026,Round 13,2026-06-06,North Melbourne,away,CD_M20260141303,3,Harry Sheezel,CD_I1023518,0.0,0.0,26.0,2.0,4.0,0.0,0.0,0.0,0.0,0.0,0.0,0.0,37.0,10.0,10.0,81.5,27.0,22.0,6.0,2.0,1.0,0.0,0.0,0.0,0.0,9.0,17.0,0.0,0.0,0.0,0.0,2.0,1.0,3.0,60.0,0.6,0.0,0.0,10.0,7.0,0.0,0.0,187.0,0.0,18.0,11.4,2.0,0.0,3.0,1.0,0.0,0.0,1.0,2.0,0.0,81.0,3.0,27.0,3.0,17.0
2026,Round 13,2026-06-06,North Melbourne,away,CD_M20260141303,12,Jy Simpkin,CD_I993998,1.0,0.0,0.0,0.0,1.0,0.0,0.0,0.0,0.0,0.0,0.0,0.0,11.1,2.0,3.0,70.6,17.0,12.0,6.0,0.0,1.0,1.0,0.0,0.0,0.0,1.0,7.0,0.0,0.0,0.0,0.0,2.0,0.0,2.0,60.0,1.4,0.0,0.0,10.0,4.0,0.0,0.0,223.0,1.0,9.0,1.7,1.0,0.0,1.0,0.0,1.0,0.0,0.0,2.0,1.0,86.0,0.0,18.0,2.0,16.0
2026,Round 13,2026-06-06,North Melbourne,away,CD_M20260141303,13,Charlie Spargo,CD_I1002282,0.0,0.0,0.0,0.0,1.0,0.0,0.0,0.0,0.0,0.0,0.0,0.0,15.4,2.0,3.0,69.2,13.0,9.0,4.0,1.0,1.0,0.0,0.0,0.0,0.0,2.0,5.0,0.0,0.0,0.0,0.0,3.0,0.0,1.0,50.0,1.6,0.0,0.0,8.0,8.0,0.0,1.0,177.0,0.0,10.0,4.6,1.0,0.0,3.0,0.0,0.0,0.0,0.0,2.0,2.0,79.0,0.0,13.0,2.0,11.0
2026,Round 13,2026-06-06,North Melbourne,away,CD_M20260141303,15,Dylan Stephens,CD_I1004848,0.0,0.0,0.0,0.0,3.0,0.0,0.0,0.0,0.0,0.0,0.0,1.0,18.2,4.0,7.0,68.2,22.0,15.0,9.0,0.0,2.0,1.0,0.0,0.0,0.0,2.0,8.0,0.0,0.0,0.0,0.0,2.0,0.0,1.0,64.3,1.8,0.0,0.0,14.0,4.0,0.0,0.0,417.0,0.0,10.0,2.6,5.0,0.0,1.0,0.0,1.0,0.0,0.0,1.0,0.0,86.0,0.0,22.0,4.0,18.0
2026,Round 13,2026-06-06,North Melbourne,away,CD_M20260141303,47,Cooper Trembath,CD_I1031988,0.0,0.0,10.0,2.0,1.0,0.0,0.0,0.0,3.0,0.0,0.0,1.0,25.0,3.0,3.0,85.7,14.0,12.0,10.0,0.0,0.0,2.0,50.0,0.0,1.0,0.0,2.0,75.0,40.0,4.0,3.0,1.0,0.0,1.0,83.3,6.0,0.0,0.0,12.0,7.0,1.0,2.0,174.0,1.0,7.0,11.4,1.0,10.0,2.0,1.0,2.0,1.0,0.0,2.0,1.0,87.0,2.0,12.0,2.0,9.0
2026,Round 13,2026-06-06,North Melbourne,away,CD_M20260141303,6,George Wardlaw,CD_I1023477,0.0,0.0,20.0,3.0,2.0,0.0,0.0,0.0,0.0,0.0,0.0,0.0,69.2,9.0,11.0,81.8,11.0,9.0,4.0,0.0,0.0,2.0,100.0,0.0,1.0,5.0,5.0,0.0,0.0,0.0,0.0,0.0,0.0,2.0,66.7,1.2,0.0,0.0,6.0,1.0,0.0,0.0,85.0,4.0,23.0,13.6,0.0,0.0,4.0,3.0,1.0,1.0,4.0,7.0,2.0,67.0,7.0,13.0,2.0,4.0
2026,Round 13,2026-06-06,North Melbourne,away,CD_M20260141303,38,Tristan Xerri,CD_I1004965,1.0,0.0,17.0,1.0,2.0,0.0,0.0,0.0,0.0,0.0,0.0,0.0,75.0,9.0,5.0,50.0,12.0,6.0,1.0,0.0,1.0,1.0,0.0,0.0,0.0,5.0,10.0,13.3,25.4,15.0,2.0,0.0,0.0,1.0,50.0,0.2,0.0,0.0,2.0,2.0,0.0,0.0,29.0,2.0,11.0,1.3,0.0,59.0,1.0,1.0,1.0,1.0,2.0,4.0,0.0,73.0,3.0,12.0,1.0,3.0
2026,Round 13,2026-06-06,North Melbourne,away,CD_M20260141303,44,Cameron Zurhaar,CD_I998484,1.0,0.0,0.0,0.0,5.0,100.0,1.0,1.0,0.0,0.0,0.0,1.0,42.9,6.0,6.0,60.0,15.0,9.0,7.0,1.0,1.0,0.0,0.0,0.0,0.0,4.0,3.0,0.0,0.0,0.0,0.0,2.0,1.0,3.0,58.3,4.0,1.0,1.0,12.0,6.0,0.0,1.0,311.0,3.0,8.0,1.2,0.0,0.0,2.0,1.0,1.0,2.0,1.0,2.0,0.0,80.0,1.0,14.0,4.0,8.0
2026,Round 15,2026-06-18,Geelong,home,CD_M20260141501,30,Tom Atkins,CD_I994386,0.0,0.0,25.0,2.0,3.0,0.0,0.0,0.0,0.0,0.0,0.0,0.0,47.4,9.0,11.0,57.1,21.0,12.0,5.0,0.0,2.0,0.0,0.0,1.0,0.0,9.0,10.0,0.0,0.0,0.0,0.0,5.0,0.0,4.0,45.5,1.1,0.0,0.0,11.0,0.0,0.0,0.0,352.0,1.0,20.0,11.5,0.0,0.0,2.0,1.0,0.0,1.0,1.0,5.0,0.0,78.0,3.0,19.0,5.0,10.0
2026,Round 15,2026-06-18,Geelong,home,CD_M20260141501,46,Mark Blicavs,CD_I296733,0.0,0.0,1.0,0.0,0.0,0.0,0.0,0.0,0.0,0.0,0.0,1.0,41.7,5.0,7.0,83.3,12.0,10.0,3.0,1.0,0.0,0.0,0.0,0.0,0.0,3.0,7.0,14.3,58.3,7.0,1.0,0.0,1.0,3.0,60.0,0.7,0.0,0.0,5.0,5.0,0.0,0.0,37.0,2.0,14.0,7.6,0.0,12.0,2.0,0.0,0.0,1.0,1.0,0.0,0.0,79.0,1.0,12.0,1.0,7.0
2026,Round 15,2026-06-18,Geelong,home,CD_M20260141501,12,Jack Bowes,CD_I998260,1.0,0.0,0.0,0.0,1.0,0.0,0.0,0.0,0.0,0.0,0.0,0.0,16.7,2.0,2.0,58.3,12.0,7.0,3.0,0.0,0.0,0.0,0.0,0.0,0.0,2.0,5.0,0.0,0.0,0.0,0.0,2.0,0.0,1.0,42.9,1.4,0.0,0.0,7.0,2.0,0.0,0.0,268.0,1.0,7.0,6.2,2.0,0.0,4.0,1.0,1.0,1.0,1.0,1.0,0.0,65.0,1.0,12.0,3.0,10.0
2026,Round 15,2026-06-18,Geelong,home,CD_M20260141501,4,Tanner Bruhn,CD_I1012805,0.0,3.0,9.0,1.0,4.0,0.0,0.0,0.0,0.0,0.0,0.0,0.0,26.9,7.0,8.0,65.4,26.0,17.0,7.0,2.0,1.0,1.0,0.0,2.0,0.0,6.0,12.0,0.0,0.0,0.0,0.0,5.0,0.0,4.0,50.0,1.2,0.0,0.0,14.0,3.0,0.0,2.0,395.0,0.0,19.0,11.2,2.0,0.0,6.0,2.0,0.0,0.0,2.0,6.0,0.0,71.0,3.0,26.0,5.0,19.0
2026,Round 15,2026-06-18,Geelong,home,CD_M20260141501,5,Jeremy Cameron,CD_I293845,1.0,0.0,0.0,0.0,2.0,0.0,0.0,0.0,1.0,1.0,100.0,1.0,33.3,2.0,0.0,66.7,6.0,4.0,2.0,1.0,0.0,0.0,66.7,0.0,2.0,1.0,2.0,0.0,0.0,0.0,0.0,0.0,0.0,0.0,50.0,2.0,0.0,0.0,4.0,2.0,2.0,1.0,110.0,3.0,0.0,4.8,0.0,0.0,4.0,0.0,3.0,1.0,0.0,0.0,0.0,93.0,0.0,6.0,1.0,4.0
2026,Round 15,2026-06-18,Geelong,home,CD_M20260141501,35,Patrick Dangerfield,CD_I270917,1.0,0.0,16.0,3.0,5.0,0.0,0.0,0.0,1.0,0.0,0.0,0.0,66.7,14.0,5.0,50.0,20.0,10.0,4.0,0.0,0.0,0.0,0.0,1.0,0.0,12.0,11.0,0.0,0.0,0.0,0.0,8.0,0.0,3.0,44.4,0.8,0.0,0.0,9.0,0.0,0.0,0.0,401.0,0.0,9.0,12.3,0.0,0.0,3.0,1.0,1.0,0.0,1.0,0.0,0.0,71.0,4.0,21.0,5.0,7.0
2026,Round 15,2026-06-18,Geelong,home,CD_M20260141501,16,Sam De Koning,CD_I1009229,0.0,0.0,14.0,0.0,4.0,0.0,0.0,4.0,0.0,0.0,0.0,2.0,38.5,5.0,5.0,57.1,14.0,8.0,4.0,0.0,3.0,0.0,0.0,0.0,0.0,3.0,6.0,25.0,16.7,4.0,1.0,1.0,4.0,7.0,50.0,1.3,0.0,0.0,8.0,4.0,0.0,0.0,146.0,3.0,7.0,1.7,1.0,24.0,2.0,1.0,0.0,3.0,0.0,0.0,0.0,66.0,0.0,13.0,5.0,8.0
2026,Round 15,2026-06-18,Geelong,home,CD_M20260141501,28,Oliver Dempsey,CD_I1025034,0.0,0.0,1.0,1.0,0.0,0.0,0.0,0.0,0.0,0.0,0.0,0.0,29.4,5.0,1.0,88.2,17.0,15.0,4.0,1.0,0.0,0.0,0.0,1.0,0.0,5.0,13.0,0.0,0.0,0.0,0.0,2.0,0.0,2.0,100.0,0.3,0.0,0.0,4.0,3.0,0.0,0.0,175.0,0.0,4.0,9.3,2.0,0.0,3.0,1.0,0.0,0.0,0.0,0.0,0.0,94.0,1.0,17.0,2.0,12.0
2026,Round 15,2026-06-18,Geelong,home,CD_M20260141501,11,Mitchell Edwards,CD_I1024304,0.0,0.0,18.0,0.0,4.0,100.0,1.0,1.0,1.0,0.0,0.0,1.0,61.5,8.0,2.0,61.5,13.0,8.0,1.0,0.0,3.0,1.0,0.0,0.0,0.0,2.0,8.0,28.6,35.9,14.0,4.0,1.0,1.0,4.0,20.0,0.6,0.0,0.0,5.0,1.0,0.0,0.0,140.0,3.0,5.0,5.3,0.0,39.0,2.0,2.0,0.0,1.0,1.0,1.0,0.0,55.0,1.0,13.0,1.0,5.0
2026,Round 15,2026-06-18,Geelong,home,CD_M20260141501,39,Zach Guthrie,CD_I1004870,0.0,1.0,0.0,0.0,3.0,0.0,0.0,1.0,0.0,0.0,0.0,1.0,17.6,3.0,3.0,70.0,20.0,14.0,8.0,0.0,1.0,0.0,0.0,0.0,0.0,2.0,6.0,0.0,0.0,0.0,0.0,1.0,2.0,5.0,57.1,2.3,3.0,3.0,14.0,5.0,0.0,0.0,413.0,0.0,5.0,3.2,5.0,0.0,1.0,1.0,0.0,0.0,0.0,0.0,0.0,77.0,0.0,17.0,6.0,14.0
2026,Round 15,2026-06-18,Geelong,home,CD_M20260141501,38,Jack Henry,CD_I1000937,0.0,0.0,0.0,0.0,1.0,100.0,1.0,1.0,0.0,0.0,0.0,1.0,20.0,2.0,2.0,80.0,10.0,8.0,5.0,0.0,0.0,0.0,100.0,0.0,1.0,1.0,4.0,0.0,0.0,0.0,0.0,0.0,2.0,3.0,83.3,1.5,0.0,0.0,6.0,8.0,1.0,0.0,131.0,1.0,3.0,6.4,1.0,0.0,1.0,0.0,1.0,1.0,0.0,1.0,1.0,82.0,0.0,10.0,1.0,8.0
2026,Round 15,2026-06-18,Geelong,home,CD_M20260141501,36,Oliver Henry,CD_I1012860,1.0,1.0,0.0,0.0,3.0,0.0,0.0,0.0,1.0,0.0,0.0,1.0,22.2,2.0,1.0,66.7,9.0,6.0,4.0,0.0,1.0,1.0,66.7,1.0,2.0,0.0,2.0,0.0,0.0,0.0,0.0,3.0,0.0,0.0,57.1,3.5,0.0,0.0,7.0,4.0,2.0,0.0,191.0,0.0,7.0,6.0,0.0,0.0,6.0,0.0,3.0,0.0,0.0,1.0,0.0,72.0,0.0,9.0,3.0,7.0
2026,Round 15,2026-06-18,Geelong,home,CD_M20260141501,9,Max Holmes,CD_I1015889,0.0,3.0,21.0,3.0,3.0,0.0,0.0,0.0,0.0,0.0,0.0,0.0,32.0,8.0,15.0,77.8,27.0,21.0,12.0,0.0,2.0,1.0,0.0,3.0,0.0,6.0,10.0,0.0,0.0,0.0,0.0,7.0,0.0,4.0,70.6,1.7,4.0,4.0,17.0,3.0,0.0,1.0,597.0,2.0,29.0,15.1,6.0,0.0,5.0,2.0,0.0,0.0,2.0,4.0,0.0,80.0,5.0,25.0,9.0,17.0
2026,Round 15,2026-06-18,Geelong,home,CD_M20260141501,17,Lawson Humphries,CD_I1013464,0.0,3.0,0.0,1.0,1.0,0.0,0.0,0.0,0.0,0.0,0.0,0.0,6.3,1.0,9.0,83.3,24.0,20.0,17.0,0.0,0.0,0.0,0.0,0.0,0.0,1.0,3.0,0.0,0.0,0.0,0.0,0.0,0.0,2.0,81.0,7.0,7.0,7.0,21.0,6.0,0.0,1.0,742.0,0.0,11.0,8.0,7.0,0.0,3.0,2.0,0.0,0.0,0.0,2.0,0.0,76.0,1.0,16.0,7.0,15.0
2026,Round 15,2026-06-18,Geelong,home,CD_M20260141501,8,Jake Kolodjashnij,CD_I296291,0.0,0.0,0.0,0.0,0.0,0.0,0.0,3.0,0.0,0.0,0.0,0.0,10.0,1.0,1.0,100.0,10.0,10.0,8.0,0.0,0.0,1.0,0.0,0.0,0.0,0.0,2.0,0.0,0.0,0.0,0.0,0.0,1.0,2.0,100.0,4.0,0.0,0.0,8.0,6.0,0.0,0.0,122.0,2.0,3.0,3.2,2.0,0.0,3.0,1.0,0.0,2.0,0.0,0.0,0.0,84.0,0.0,10.0,0.0,9.0
2026,Round 15,2026-06-18,Geelong,home,CD_M20260141501,7,Shaun Mannagh,CD_I993878,0.0,0.0,0.0,0.0,0.0,0.0,0.0,0.0,0.0,0.0,0.0,0.0,45.5,5.0,0.0,69.2,13.0,9.0,3.0,2.0,0.0,0.0,0.0,0.0,0.0,4.0,7.0,0.0,0.0,0.0,0.0,1.0,0.0,0.0,50.0,0.9,0.0,0.0,6.0,1.0,0.0,0.0,155.0,2.0,11.0,8.2,0.0,0.0,4.0,0.0,1.0,1.0,2.0,1.0,1.0,81.0,2.0,11.0,0.0,6.0
2026,Round 15,2026-06-18,Geelong,home,CD_M20260141501,19,Jack Martin,CD_I296190,1.0,0.0,0.0,0.0,2.0,0.0,0.0,0.0,2.0,1.0,50.0,1.0,25.0,2.0,1.0,71.4,7.0,5.0,3.0,1.0,1.0,1.0,75.0,0.0,3.0,1.0,2.0,0.0,0.0,0.0,0.0,1.0,0.0,0.0,60.0,2.5,0.0,0.0,5.0,5.0,4.0,1.0,177.0,0.0,4.0,6.2,1.0,0.0,5.0,0.0,4.0,0.0,0.0,1.0,1.0,76.0,0.0,8.0,1.0,6.0
2026,Round 15,2026-06-18,Geelong,home,CD_M20260141501,34,Oisin Mullin,CD_I1024982,0.0,0.0,6.0,0.0,5.0,0.0,0.0,0.0,0.0,0.0,0.0,0.0,27.3,3.0,8.0,60.0,10.0,6.0,5.0,0.0,1.0,0.0,100.0,0.0,1.0,2.0,2.0,0.0,0.0,0.0,0.0,1.0,0.0,2.0,62.5,4.0,0.0,0.0,8.0,4.0,0.0,1.0,228.0,1.0,17.0,2.1,2.0,0.0,1.0,0.0,1.0,0.0,2.0,2.0,0.0,82.0,2.0,11.0,5.0,8.0
2026,Round 15,2026-06-18,Geelong,home,CD_M20260141501,33,Shannon Neale,CD_I1016433,0.0,0.0,0.0,0.0,3.0,0.0,0.0,0.0,3.0,1.0,33.3,4.0,80.0,8.0,0.0,90.0,10.0,9.0,5.0,1.0,1.0,1.0,100.0,1.0,2.0,3.0,4.0,100.0,20.0,1.0,1.0,4.0,0.0,2.0,83.3,1.5,0.0,0.0,6.0,5.0,1.0,1.0,233.0,2.0,17.0,19.4,0.0,5.0,4.0,0.0,2.0,2.0,1.0,4.0,2.0,95.0,1.0,10.0,3.0,2.0
2026,Round 15,2026-06-18,Geelong,home,CD_M20260141501,42,Mark O'Connor,CD_I1007102,0.0,0.0,0.0,0.0,0.0,0.0,0.0,0.0,0.0,0.0,0.0,0.0,50.0,7.0,10.0,92.9,14.0,13.0,7.0,0.0,0.0,0.0,0.0,0.0,0.0,7.0,6.0,0.0,0.0,0.0,0.0,0.0,0.0,6.0,87.5,1.3,0.0,0.0,8.0,3.0,0.0,0.0,255.0,0.0,12.0,14.1,4.0,0.0,5.0,2.0,0.0,0.0,1.0,0.0,0.0,81.0,1.0,14.0,0.0,7.0
2026,Round 15,2026-06-18,Geelong,home,CD_M20260141501,14,Connor O'Sullivan,CD_I1027877,0.0,0.0,0.0,0.0,2.0,33.3,2.0,6.0,0.0,0.0,0.0,2.0,26.7,4.0,2.0,93.8,16.0,15.0,11.0,0.0,2.0,1.0,0.0,0.0,0.0,1.0,4.0,0.0,0.0,0.0,0.0,0.0,6.0,8.0,91.7,3.0,1.0,1.0,12.0,11.0,0.0,0.0,149.0,4.0,4.0,9.8,3.0,0.0,2.0,2.0,0.0,4.0,0.0,0.0,0.0,100.0,0.0,15.0,0.0,11.0
2026,Round 15,2026-06-18,Geelong,home,CD_M20260141501,15,George Stevens,CD_I1023681,0.0,0.0,17.0,1.0,0.0,0.0,0.0,0.0,0.0,0.0,0.0,0.0,36.8,7.0,3.0,66.7,18.0,12.0,5.0,1.0,0.0,1.0,100.0,0.0,1.0,4.0,9.0,0.0,0.0,0.0,0.0,1.0,0.0,0.0,55.6,1.0,0.0,0.0,9.0,3.0,0.0,0.0,309.0,1.0,6.0,12.9,1.0,0.0,6.0,0.0,1.0,0.0,4.0,2.0,1.0,62.0,5.0,19.0,1.0,12.0
2026,Round 15,2026-06-18,Geelong,home,CD_M20260141501,21,Oliver Wiltshire,CD_I1020881,0.0,0.0,0.0,0.0,1.0,0.0,0.0,0.0,1.0,0.0,0.0,0.0,22.2,2.0,1.0,70.0,10.0,7.0,3.0,2.0,1.0,0.0,100.0,1.0,2.0,2.0,5.0,0.0,0.0,0.0,0.0,1.0,0.0,0.0,60.0,1.0,0.0,0.0,5.0,4.0,1.0,0.0,122.0,0.0,9.0,5.6,0.0,0.0,3.0,0.0,2.0,0.0,0.0,1.0,1.0,79.0,0.0,9.0,2.0,7.0
2026,Round 16,2026-06-28,Gold Coast,home,CD_M20260141604,38,Beau Addinsall,CD_I1032398,0.0,0.0,6.0,0.0,3.0,0.0,0.0,0.0,0.0,0.0,0.0,0.0,43.8,7.0,13.0,73.3,15.0,11.0,0.0,1.0,2.0,1.0,0.0,0.0,0.0,6.0,14.0,0.0,0.0,0.0,0.0,0.0,0.0,1.0,0.0,0.1,0.0,0.0,1.0,2.0,0.0,0.0,30.0,1.0,28.0,6.3,0.0,0.0,3.0,1.0,0.0,1.0,2.0,5.0,1.0,66.0,2.0,16.0,1.0,9.0
2026,Round 16,2026-06-28,Gold Coast,home,CD_M20260141604,15,Noah Anderson,CD_I1009199,0.0,1.0,16.0,3.0,3.0,0.0,0.0,0.0,0.0,0.0,0.0,0.0,25.0,8.0,13.0,69.7,33.0,23.0,11.0,0.0,0.0,0.0,0.0,0.0,0.0,3.0,15.0,0.0,0.0,0.0,0.0,2.0,0.0,1.0,61.1,1.2,0.0,0.0,18.0,8.0,0.0,1.0,507.0,1.0,27.0,6.9,4.0,0.0,6.0,1.0,0.0,0.0,5.0,3.0,0.0,83.0,8.0,32.0,8.0,24.0
2026,Round 16,2026-06-28,Gold Coast,home,CD_M20260141604,1,Mac Andrew,CD_I1017396,0.0,0.0,0.0,0.0,5.0,33.3,1.0,3.0,0.0,0.0,0.0,0.0,10.5,2.0,3.0,75.0,20.0,15.0,11.0,0.0,1.0,2.0,0.0,0.0,0.0,0.0,6.0,0.0,0.0,0.0,0.0,3.0,3.0,6.0,78.6,2.3,1.0,1.0,14.0,7.0,0.0,1.0,448.0,7.0,3.0,6.5,5.0,0.0,3.0,1.0,0.0,7.0,0.0,0.0,0.0,87.0,0.0,19.0,4.0,17.0
2026,Round 16,2026-06-28,Gold Coast,home,CD_M20260141604,10,Charlie Ballard,CD_I1008882,0.0,0.0,0.0,0.0,2.0,0.0,0.0,2.0,0.0,0.0,0.0,0.0,0.0,0.0,3.0,60.0,5.0,3.0,2.0,0.0,2.0,0.0,0.0,0.0,0.0,0.0,1.0,0.0,0.0,0.0,0.0,0.0,2.0,2.0,50.0,4.0,0.0,0.0,4.0,2.0,0.0,0.0,18.0,4.0,4.0,2.2,0.0,0.0,2.0,2.0,0.0,4.0,0.0,0.0,0.0,75.0,0.0,5.0,3.0,5.0
2026,Round 16,2026-06-28,Gold Coast,home,CD_M20260141604,25,Sam Collins,CD_I295446,0.0,0.0,0.0,0.0,3.0,0.0,0.0,1.0,1.0,0.0,0.0,0.0,33.3,3.0,1.0,77.8,9.0,7.0,5.0,0.0,0.0,0.0,0.0,0.0,0.0,3.0,3.0,0.0,0.0,0.0,0.0,0.0,0.0,3.0,83.3,2.0,0.0,0.0,6.0,3.0,0.0,0.0,155.0,5.0,1.0,5.4,2.0,0.0,2.0,0.0,0.0,5.0,0.0,0.0,0.0,93.0,0.0,9.0,0.0,6.0
2026,Round 16,2026-06-28,Gold Coast,home,CD_M20260141604,7,Nick Holman,CD_I297456,0.0,0.0,7.0,0.0,4.0,0.0,0.0,0.0,0.0,0.0,0.0,0.0,68.8,11.0,5.0,86.7,15.0,13.0,3.0,0.0,1.0,3.0,0.0,1.0,0.0,7.0,11.0,0.0,0.0,0.0,0.0,1.0,0.0,7.0,75.0,0.4,0.0,0.0,4.0,1.0,0.0,0.0,121.0,1.0,16.0,10.0,1.0,0.0,2.0,1.0,0.0,1.0,2.0,4.0,0.0,72.0,2.0,16.0,2.0,5.0
2026,Round 16,2026-06-28,Gold Coast,home,CD_M20260141604,19,Bailey Humphrey,CD_I1023500,0.0,0.0,2.0,0.0,4.0,0.0,0.0,0.0,1.0,0.0,0.0,0.0,71.4,5.0,4.0,33.3,6.0,2.0,1.0,2.0,2.0,1.0,0.0,0.0,0.0,4.0,4.0,0.0,0.0,0.0,0.0,1.0,0.0,1.0,50.0,0.5,0.0,0.0,2.0,0.0,0.0,0.0,95.0,1.0,24.0,4.2,0.0,0.0,0.0,0.0,0.0,0.0,0.0,5.0,3.0,74.0,0.0,7.0,6.0,2.0
2026,Round 16,2026-06-28,Gold Coast,home,CD_M20260141604,16,Joel Jeffrey,CD_I1005992,0.0,0.0,0.0,0.0,3.0,0.0,0.0,0.0,0.0,0.0,0.0,0.0,0.0,0.0,12.0,85.7,14.0,12.0,9.0,0.0,1.0,0.0,0.0,0.0,0.0,0.0,3.0,0.0,0.0,0.0,0.0,1.0,2.0,2.0,81.8,3.7,3.0,3.0,11.0,6.0,0.0,1.0,235.0,0.0,13.0,0.7,2.0,0.0,3.0,0.0,0.0,0.0,0.0,0.0,0.0,83.0,0.0,11.0,2.0,11.0
2026,Round 16,2026-06-28,Gold Coast,home,CD_M20260141604,44,Ben Jepson,CD_I1011950,0.0,0.0,0.0,0.0,3.0,0.0,0.0,0.0,0.0,0.0,0.0,0.0,30.0,3.0,5.0,66.7,9.0,6.0,5.0,0.0,1.0,0.0,0.0,0.0,0.0,3.0,2.0,0.0,0.0,0.0,0.0,1.0,0.0,2.0,71.4,3.5,0.0,0.0,7.0,3.0,0.0,0.0,237.0,1.0,12.0,4.5,2.0,0.0,1.0,0.0,0.0,1.0,0.0,6.0,0.0,68.0,0.0,10.0,3.0,7.0
2026,Round 16,2026-06-28,Gold Coast,home,CD_M20260141604,34,Ben King,CD_I1006144,2.0,0.0,0.0,0.0,2.0,0.0,0.0,0.0,5.0,3.0,60.0,0.0,66.7,4.0,0.0,42.9,7.0,3.0,1.0,2.0,1.0,2.0,33.3,0.0,1.0,2.0,2.0,0.0,0.0,0.0,0.0,1.0,0.0,0.0,20.0,2.5,0.0,0.0,5.0,1.0,1.0,1.0,116.0,2.0,8.0,-0.1,0.0,0.0,5.0,0.0,3.0,2.0,0.0,1.0,1.0,97.0,0.0,6.0,2.0,2.0
2026,Round 16,2026-06-28,Gold Coast,home,CD_M20260141604,8,Leonardo Lombard,CD_I1029301,0.0,0.0,0.0,0.0,5.0,0.0,0.0,0.0,0.0,0.0,0.0,0.0,57.9,11.0,10.0,45.0,20.0,9.0,5.0,1.0,1.0,2.0,0.0,1.0,0.0,9.0,9.0,0.0,0.0,0.0,0.0,5.0,0.0,3.0,45.5,1.2,0.0,0.0,11.0,2.0,0.0,0.0,348.0,0.0,20.0,5.8,1.0,0.0,5.0,0.0,1.0,0.0,3.0,4.0,1.0,78.0,3.0,19.0,7.0,8.0
2026,Round 16,2026-06-28,Gold Coast,home,CD_M20260141604,22,Ben Long,CD_I993917,2.0,0.0,0.0,0.0,2.0,0.0,0.0,0.0,1.0,0.0,0.0,0.0,57.1,4.0,2.0,57.1,7.0,4.0,3.0,3.0,1.0,1.0,0.0,1.0,0.0,3.0,1.0,0.0,0.0,0.0,0.0,1.0,0.0,0.0,50.0,6.0,0.0,0.0,6.0,3.0,1.0,1.0,124.0,2.0,8.0,1.3,0.0,0.0,4.0,0.0,3.0,2.0,1.0,2.0,0.0,81.0,1.0,7.0,2.0,3.0
2026,Round 16,2026-06-28,Gold Coast,home,CD_M20260141604,11,Touk Miller,CD_I298272,1.0,0.0,4.0,0.0,0.0,0.0,0.0,0.0,0.0,0.0,0.0,0.0,35.0,7.0,10.0,66.7,18.0,12.0,6.0,0.0,0.0,1.0,0.0,0.0,0.0,4.0,9.0,0.0,0.0,0.0,0.0,2.0,0.0,2.0,66.7,1.0,0.0,0.0,9.0,5.0,0.0,0.0,222.0,1.0,21.0,4.8,1.0,0.0,5.0,0.0,1.0,1.0,1.0,3.0,0.0,88.0,1.0,20.0,3.0,13.0
2026,Round 16,2026-06-28,Gold Coast,home,CD_M20260141604,23,Ned Moyle,CD_I1021013,0.0,0.0,10.0,1.0,0.0,0.0,0.0,1.0,0.0,0.0,0.0,0.0,75.0,3.0,2.0,100.0,3.0,3.0,0.0,0.0,0.0,2.0,0.0,0.0,0.0,1.0,3.0,33.3,51.1,24.0,8.0,0.0,0.0,0.0,0.0,0.0,0.0,0.0,0.0,1.0,0.0,0.0,-4.0,2.0,5.0,7.1,0.0,47.0,1.0,1.0,0.0,2.0,1.0,1.0,0.0,56.0,2.0,4.0,0.0,1.0
2026,Round 16,2026-06-28,Gold Coast,home,CD_M20260141604,35,Jai Murray,CD_I1029307,0.0,0.0,0.0,0.0,4.0,0.0,0.0,0.0,0.0,0.0,0.0,0.0,42.9,6.0,7.0,50.0,14.0,7.0,4.0,0.0,1.0,0.0,0.0,0.0,0.0,5.0,5.0,0.0,0.0,0.0,0.0,1.0,0.0,2.0,44.4,1.8,0.0,0.0,9.0,2.0,0.0,0.0,253.0,0.0,9.0,3.8,5.0,0.0,1.0,0.0,0.0,0.0,1.0,0.0,0.0,74.0,1.0,14.0,6.0,8.0
2026,Round 16,2026-06-28,Gold Coast,home,CD_M20260141604,2,John Noble,CD_I1000072,0.0,2.0,0.0,0.0,1.0,0.0,0.0,0.0,0.0,0.0,0.0,0.0,26.7,4.0,12.0,62.5,16.0,10.0,6.0,0.0,0.0,0.0,0.0,0.0,0.0,4.0,5.0,0.0,0.0,0.0,0.0,4.0,0.0,4.0,54.5,2.2,1.0,1.0,11.0,5.0,0.0,0.0,293.0,1.0,20.0,5.1,3.0,0.0,2.0,1.0,0.0,1.0,0.0,1.0,0.0,82.0,0.0,15.0,2.0,11.0
2026,Round 16,2026-06-28,Gold Coast,home,CD_M20260141604,3,Christian Petracca,CD_I298210,2.0,0.0,9.0,2.0,4.0,0.0,0.0,0.0,0.0,0.0,0.0,0.0,58.8,10.0,5.0,47.1,17.0,8.0,5.0,1.0,0.0,0.0,0.0,0.0,0.0,8.0,5.0,0.0,0.0,0.0,0.0,5.0,0.0,1.0,41.7,2.4,0.0,0.0,12.0,2.0,1.0,1.0,426.0,0.0,17.0,10.1,1.0,0.0,6.0,0.0,3.0,0.0,3.0,0.0,0.0,80.0,5.0,17.0,4.0,7.0
2026,Round 16,2026-06-28,Gold Coast,home,CD_M20260141604,27,Wil Powell,CD_I1007881,1.0,0.0,0.0,0.0,1.0,0.0,0.0,0.0,0.0,0.0,0.0,0.0,30.8,4.0,9.0,75.0,16.0,12.0,9.0,0.0,1.0,2.0,0.0,0.0,0.0,3.0,3.0,0.0,0.0,0.0,0.0,3.0,0.0,4.0,69.2,4.3,3.0,3.0,13.0,5.0,0.0,0.0,482.0,0.0,11.0,4.1,6.0,0.0,4.0,1.0,1.0,0.0,0.0,2.0,0.0,76.0,0.0,13.0,5.0,9.0
2026,Round 16,2026-06-28,Gold Coast,home,CD_M20260141604,18,Matt Rowell,CD_I1009208,0.0,0.0,10.0,1.0,1.0,0.0,0.0,0.0,0.0,0.0,0.0,0.0,54.5,12.0,18.0,77.3,22.0,17.0,8.0,1.0,0.0,2.0,0.0,0.0,0.0,8.0,12.0,0.0,0.0,0.0,0.0,4.0,1.0,4.0,80.0,0.8,0.0,0.0,10.0,1.0,0.0,0.0,303.0,1.0,31.0,15.8,3.0,0.0,3.0,1.0,0.0,0.0,5.0,5.0,0.0,79.0,6.0,22.0,4.0,10.0
2026,Round 16,2026-06-28,Gold Coast,home,CD_M20260141604,6,Bodhi Uwland,CD_I1017665,0.0,0.0,0.0,0.0,1.0,0.0,0.0,0.0,0.0,0.0,0.0,0.0,29.4,5.0,3.0,95.8,24.0,23.0,14.0,0.0,0.0,2.0,0.0,0.0,0.0,3.0,9.0,0.0,0.0,0.0,0.0,1.0,0.0,5.0,93.3,1.7,6.0,6.0,15.0,5.0,0.0,0.0,257.0,8.0,3.0,13.5,3.0,0.0,5.0,1.0,0.0,8.0,0.0,0.0,0.0,86.0,0.0,17.0,0.0,12.0
2026,Round 16,2026-06-28,Gold Coast,home,CD_M20260141604,32,Zeke Uwland,CD_I1029297,0.0,2.0,0.0,0.0,4.0,100.0,1.0,1.0,0.0,0.0,0.0,0.0,34.8,8.0,6.0,73.9,23.0,17.0,10.0,0.0,2.0,0.0,0.0,0.0,0.0,7.0,9.0,0.0,0.0,0.0,0.0,3.0,0.0,3.0,71.4,1.6,0.0,0.0,14.0,8.0,0.0,1.0,463.0,1.0,9.0,11.5,3.0,0.0,6.0,1.0,0.0,1.0,2.0,2.0,0.0,77.0,2.0,23.0,1.0,15.0
2026,Round 16,2026-06-28,Gold Coast,home,CD_M20260141604,4,Jed Walter,CD_I1023736,1.0,0.0,0.0,0.0,1.0,0.0,0.0,0.0,1.0,0.0,0.0,2.0,62.5,5.0,1.0,75.0,8.0,6.0,3.0,1.0,0.0,0.0,66.7,0.0,2.0,3.0,3.0,0.0,0.0,0.0,0.0,1.0,0.0,1.0,60.0,1.7,0.0,0.0,5.0,3.0,1.0,0.0,163.0,2.0,4.0,9.6,0.0,0.0,5.0,1.0,3.0,2.0,0.0,0.0,0.0,95.0,0.0,8.0,1.0,3.0
2026,Round 16,2026-06-28,Gold Coast,home,CD_M20260141604,28,Jarrod Witts,CD_I291975,0.0,0.0,8.0,1.0,1.0,0.0,0.0,0.0,2.0,0.0,0.0,0.0,77.8,7.0,6.0,62.5,8.0,5.0,0.0,1.0,1.0,0.0,0.0,0.0,0.0,5.0,7.0,33.3,45.0,18.0,6.0,0.0,0.0,3.0,0.0,0.1,0.0,0.0,1.0,0.0,0.0,0.0,18.0,6.0,9.0,11.0,1.0,40.0,2.0,1.0,0.0,5.0,2.0,1.0,0.0,52.0,3.0,9.0,1.0,2.0
2026,Round 17,2026-07-04,Greater Western Sydney,away,CD_M20260141704,9,Ryan Angwin,CD_I1015777,0.0,0.0,0.0,0.0,3.0,0.0,0.0,0.0,0.0,0.0,0.0,0.0,64.7,11.0,13.0,70.6,17.0,12.0,5.0,0.0,0.0,2.0,0.0,0.0,0.0,9.0,9.0,0.0,0.0,0.0,0.0,3.0,2.0,5.0,62.5,0.9,0.0,0.0,8.0,4.0,0.0,0.0,209.0,2.0,22.0,9.8,5.0,0.0,3.0,2.0,0.0,0.0,5.0,3.0,0.0,82.0,5.0,17.0,2.0,6.0
2026,Round 17,2026-07-04,Greater Western Sydney,away,CD_M20260141704,7,Lachie Ash,CD_I1009253,0.0,8.0,0.0,0.0,4.0,0.0,0.0,0.0,0.0,0.0,0.0,0.0,10.3,3.0,4.0,82.1,28.0,23.0,14.0,0.0,2.0,0.0,0.0,1.0,0.0,3.0,10.0,0.0,0.0,0.0,0.0,4.0,3.0,5.0,77.8,1.8,2.0,2.0,18.0,5.0,0.0,0.0,629.0,0.0,8.0,12.6,4.0,0.0,4.0,1.0,0.0,0.0,0.0,1.0,0.0,86.0,0.0,29.0,7.0,26.0
2026,Round 17,2026-07-04,Greater Western Sydney,away,CD_M20260141704,14,Toby Bedford,CD_I1008139,0.0,0.0,22.0,2.0,4.0,0.0,0.0,0.0,0.0,0.0,0.0,0.0,47.6,10.0,7.0,76.5,17.0,13.0,3.0,1.0,2.0,0.0,0.0,4.0,0.0,7.0,13.0,0.0,0.0,0.0,0.0,4.0,0.0,4.0,75.0,0.3,0.0,0.0,4.0,3.0,0.0,0.0,254.0,3.0,19.0,10.9,1.0,0.0,6.0,2.0,0.0,0.0,1.0,4.0,1.0,82.0,3.0,21.0,4.0,11.0
2026,Round 17,2026-07-04,Greater Western Sydney,away,CD_M20260141704,32,Kieren Briggs,CD_I1008436,0.0,0.0,28.0,5.0,2.0,0.0,0.0,1.0,0.0,0.0,0.0,0.0,63.6,7.0,4.0,92.3,13.0,12.0,6.0,0.0,2.0,3.0,0.0,0.0,0.0,4.0,6.0,36.8,26.8,19.0,7.0,5.0,0.0,2.0,85.7,1.2,0.0,0.0,7.0,0.0,0.0,0.0,322.0,1.0,11.0,14.2,1.0,71.0,3.0,3.0,0.0,1.0,0.0,7.0,1.0,77.0,5.0,11.0,5.0,4.0
2026,Round 17,2026-07-04,Greater Western Sydney,away,CD_M20260141704,46,Callum Brown,CD_I1014038,0.0,0.0,5.0,0.0,6.0,0.0,0.0,0.0,4.0,0.0,0.0,0.0,41.7,5.0,4.0,58.3,12.0,7.0,3.0,0.0,1.0,1.0,50.0,0.0,1.0,4.0,7.0,20.0,29.4,5.0,1.0,5.0,0.0,1.0,60.0,0.7,0.0,0.0,5.0,3.0,1.0,2.0,216.0,1.0,10.0,6.0,0.0,17.0,2.0,0.0,2.0,1.0,1.0,1.0,0.0,84.0,1.0,12.0,4.0,7.0
2026,Round 17,2026-07-04,Greater Western Sydney,away,CD_M20260141704,5,Aaron Cadman,CD_I1019038,2.0,0.0,0.0,0.0,2.0,0.0,0.0,0.0,3.0,1.0,33.3,2.0,61.5,8.0,3.0,75.0,12.0,9.0,5.0,1.0,1.0,2.0,50.0,1.0,2.0,3.0,5.0,0.0,0.0,0.0,0.0,1.0,1.0,5.0,71.4,1.4,0.0,0.0,7.0,6.0,3.0,1.0,181.0,1.0,12.0,11.5,0.0,0.0,6.0,1.0,4.0,0.0,0.0,3.0,1.0,100.0,0.0,13.0,2.0,5.0
2026,Round 17,2026-07-04,Greater Western Sydney,away,CD_M20260141704,17,Finn Callaghan,CD_I1023266,0.0,4.0,28.0,1.0,3.0,0.0,0.0,0.0,0.0,0.0,0.0,0.0,32.3,10.0,9.0,73.3,30.0,22.0,7.0,0.0,0.0,1.0,0.0,1.0,0.0,7.0,17.0,0.0,0.0,0.0,0.0,5.0,0.0,1.0,53.8,0.8,0.0,0.0,13.0,2.0,0.0,1.0,526.0,3.0,17.0,13.7,2.0,0.0,4.0,1.0,0.0,0.0,4.0,4.0,0.0,83.0,5.0,31.0,3.0,21.0
2026,Round 17,2026-07-04,Greater Western Sydney,away,CD_M20260141704,3,Stephen Coniglio,CD_I291969,0.0,0.0,0.0,1.0,0.0,0.0,0.0,0.0,4.0,0.0,0.0,0.0,38.5,5.0,1.0,61.5,13.0,8.0,3.0,0.0,0.0,1.0,100.0,0.0,1.0,4.0,7.0,0.0,0.0,0.0,0.0,3.0,0.0,2.0,50.0,0.9,0.0,0.0,6.0,0.0,0.0,0.0,154.0,0.0,13.0,12.2,0.0,0.0,3.0,0.0,1.0,0.0,0.0,6.0,4.0,86.0,1.0,13.0,2.0,8.0
2026,Round 17,2026-07-04,Greater Western Sydney,away,CD_M20260141704,38,Josaia Delana,CD_I1029030,2.0,0.0,0.0,0.0,4.0,0.0,0.0,0.0,0.0,0.0,0.0,0.0,25.0,1.0,2.0,50.0,4.0,2.0,1.0,0.0,3.0,0.0,0.0,0.0,0.0,0.0,1.0,0.0,0.0,0.0,0.0,0.0,0.0,0.0,33.3,3.0,0.0,0.0,3.0,1.0,0.0,0.0,54.0,0.0,14.0,-3.1,0.0,0.0,4.0,0.0,2.0,0.0,1.0,3.0,1.0,72.0,1.0,4.0,2.0,3.0
2026,Round 17,2026-07-04,Greater Western Sydney,away,CD_M20260141704,37,Joe Fonti,CD_I1032629,0.0,0.0,0.0,0.0,0.0,0.0,0.0,0.0,0.0,0.0,0.0,0.0,18.8,3.0,9.0,87.5,16.0,14.0,6.0,0.0,0.0,1.0,0.0,0.0,0.0,3.0,9.0,0.0,0.0,0.0,0.0,1.0,1.0,3.0,85.7,0.8,0.0,0.0,7.0,8.0,0.0,1.0,185.0,4.0,11.0,8.5,2.0,0.0,4.0,1.0,0.0,4.0,0.0,2.0,0.0,85.0,0.0,16.0,1.0,13.0
2026,Round 17,2026-07-04,Greater Western Sydney,away,CD_M20260141704,4,Toby Greene,CD_I295344,3.0,0.0,7.0,1.0,4.0,0.0,0.0,0.0,0.0,0.0,0.0,0.0,50.0,13.0,2.0,61.5,26.0,16.0,13.0,4.0,2.0,2.0,42.9,1.0,3.0,10.0,3.0,0.0,0.0,0.0,0.0,7.0,0.0,4.0,56.5,7.7,0.0,0.0,23.0,5.0,1.0,2.0,680.0,2.0,16.0,18.5,1.0,0.0,12.0,6.0,7.0,1.0,4.0,4.0,3.0,91.0,5.0,26.0,5.0,13.0
2026,Round 17,2026-07-04,Greater Western Sydney,away,CD_M20260141704,43,Riley Hamilton,CD_I1029046,2.0,0.0,0.0,0.0,1.0,0.0,0.0,0.0,1.0,0.0,0.0,0.0,20.0,1.0,0.0,20.0,5.0,1.0,1.0,1.0,0.0,0.0,0.0,0.0,0.0,1.0,0.0,0.0,0.0,0.0,0.0,1.0,0.0,0.0,20.0,5.0,0.0,0.0,5.0,2.0,2.0,1.0,102.0,0.0,16.0,-3.3,0.0,0.0,4.0,1.0,2.0,0.0,0.0,3.0,2.0,70.0,0.0,5.0,0.0,4.0
2026,Round 17,2026-07-04,Greater Western Sydney,away,CD_M20260141704,27,Harry Himmelberg,CD_I993107,0.0,0.0,0.0,0.0,3.0,0.0,0.0,4.0,0.0,0.0,0.0,1.0,35.7,5.0,3.0,90.9,22.0,20.0,18.0,0.0,2.0,0.0,0.0,0.0,0.0,4.0,4.0,0.0,0.0,0.0,0.0,1.0,3.0,7.0,100.0,4.5,8.0,8.0,18.0,6.0,0.0,0.0,426.0,11.0,6.0,15.0,6.0,0.0,4.0,3.0,0.0,11.0,0.0,0.0,0.0,100.0,0.0,14.0,3.0,9.0
2026,Round 17,2026-07-04,Greater Western Sydney,away,CD_M20260141704,39,Connor Idun,CD_I1008083,0.0,3.0,0.0,0.0,1.0,40.0,2.0,5.0,0.0,0.0,0.0,1.0,28.0,7.0,3.0,84.6,26.0,22.0,12.0,0.0,0.0,0.0,0.0,0.0,0.0,6.0,10.0,0.0,0.0,0.0,0.0,1.0,2.0,9.0,75.0,1.6,0.0,0.0,16.0,12.0,0.0,0.0,364.0,7.0,4.0,17.3,5.0,0.0,5.0,2.0,0.0,7.0,0.0,1.0,0.0,100.0,0.0,25.0,2.0,18.0
2026,Round 17,2026-07-04,Greater Western Sydney,away,CD_M20260141704,10,Clayton Oliver,CD_I996701,0.0,0.0,25.0,4.0,5.0,0.0,0.0,0.0,0.0,0.0,0.0,0.0,54.8,17.0,5.0,71.9,32.0,23.0,11.0,1.0,4.0,2.0,0.0,0.0,0.0,12.0,17.0,0.0,0.0,0.0,0.0,4.0,1.0,2.0,73.3,0.9,0.0,0.0,15.0,3.0,0.0,0.0,485.0,0.0,16.0,15.2,1.0,0.0,5.0,3.0,0.0,0.0,6.0,5.0,1.0,81.0,10.0,31.0,6.0,14.0
2026,Round 17,2026-07-04,Greater Western Sydney,away,CD_M20260141704,19,Harrison Oliver,CD_I1028562,0.0,0.0,0.0,0.0,1.0,0.0,0.0,0.0,0.0,0.0,0.0,0.0,0.0,0.0,4.0,60.0,5.0,3.0,2.0,0.0,1.0,0.0,0.0,0.0,0.0,0.0,1.0,0.0,0.0,0.0,0.0,1.0,0.0,0.0,50.0,4.0,0.0,0.0,4.0,1.0,0.0,0.0,97.0,0.0,6.0,0.9,1.0,0.0,3.0,0.0,0.0,0.0,0.0,2.0,0.0,58.0,0.0,6.0,2.0,6.0
2026,Round 17,2026-07-04,Greater Western Sydney,away,CD_M20260141704,28,Jack Ough,CD_I1028539,0.0,0.0,9.0,1.0,1.0,0.0,0.0,0.0,0.0,0.0,0.0,0.0,41.7,5.0,5.0,100.0,12.0,12.0,3.0,1.0,1.0,1.0,0.0,0.0,0.0,4.0,9.0,0.0,0.0,0.0,0.0,0.0,0.0,2.0,100.0,0.3,0.0,0.0,3.0,0.0,0.0,0.0,89.0,0.0,11.0,6.8,1.0,0.0,3.0,0.0,0.0,0.0,2.0,3.0,1.0,35.0,3.0,12.0,1.0,7.0
2026,Round 17,2026-07-04,Greater Western Sydney,away,CD_M20260141704,24,Harry Rowston,CD_I1021122,0.0,0.0,8.0,0.0,0.0,0.0,0.0,0.0,0.0,0.0,0.0,0.0,30.0,3.0,4.0,80.0,10.0,8.0,3.0,1.0,0.0,0.0,100.0,0.0,1.0,3.0,6.0,0.0,0.0,0.0,0.0,2.0,0.0,1.0,75.0,0.7,0.0,0.0,4.0,2.0,0.0,1.0,135.0,2.0,5.0,8.8,0.0,0.0,3.0,0.0,1.0,1.0,0.0,0.0,0.0,43.0,0.0,10.0,2.0,7.0
2026,Round 17,2026-07-04,Greater Western Sydney,away,CD_M20260141704,18,Conor Stone,CD_I1015862,0.0,2.0,0.0,0.0,0.0,0.0,0.0,0.0,0.0,0.0,0.0,0.0,12.5,1.0,7.0,100.0,8.0,8.0,4.0,0.0,0.0,0.0,100.0,0.0,1.0,1.0,4.0,0.0,0.0,0.0,0.0,1.0,0.0,1.0,100.0,1.0,0.0,0.0,4.0,6.0,0.0,1.0,140.0,1.0,11.0,5.1,0.0,0.0,2.0,0.0,1.0,1.0,0.0,3.0,0.0,72.0,0.0,8.0,0.0,7.0
2026,Round 17,2026-07-04,Greater Western Sydney,away,CD_M20260141704,20,Jake Stringer,CD_I293884,2.0,0.0,0.0,0.0,2.0,0.0,0.0,0.0,3.0,0.0,0.0,1.0,46.7,7.0,0.0,78.6,14.0,11.0,10.0,6.0,1.0,0.0,77.8,1.0,7.0,6.0,2.0,0.0,0.0,0.0,0.0,4.0,0.0,1.0,83.3,6.0,0.0,0.0,12.0,6.0,3.0,4.0,393.0,3.0,7.0,32.0,0.0,0.0,11.0,1.0,9.0,2.0,0.0,0.0,0.0,100.0,0.0,15.0,2.0,8.0
2026,Round 17,2026-07-04,Greater Western Sydney,away,CD_M20260141704,15,Sam Taylor,CD_I1005247,0.0,0.0,0.0,0.0,3.0,0.0,0.0,1.0,0.0,0.0,0.0,0.0,46.2,6.0,5.0,66.7,12.0,8.0,3.0,0.0,2.0,1.0,0.0,0.0,0.0,5.0,7.0,0.0,0.0,0.0,0.0,1.0,0.0,4.0,60.0,0.7,0.0,0.0,5.0,4.0,0.0,0.0,215.0,5.0,5.0,5.7,1.0,0.0,2.0,0.0,0.0,5.0,1.0,1.0,0.0,91.0,1.0,13.0,2.0,7.0
2026,Round 17,2026-07-04,Greater Western Sydney,away,CD_M20260141704,1,Harvey Thomas,CD_I1027925,1.0,1.0,0.0,0.0,3.0,0.0,0.0,0.0,2.0,0.0,0.0,0.0,36.4,8.0,8.0,76.2,21.0,16.0,5.0,2.0,0.0,0.0,0.0,0.0,0.0,8.0,12.0,0.0,0.0,0.0,0.0,5.0,0.0,1.0,55.6,0.8,0.0,0.0,9.0,3.0,0.0,1.0,403.0,0.0,15.0,10.6,0.0,0.0,6.0,1.0,1.0,0.0,1.0,1.0,0.0,81.0,1.0,22.0,6.0,14.0
2026,Round 17,2026-07-04,Greater Western Sydney,away,CD_M20260141704,6,Lachie Whitfield,CD_I294305,0.0,0.0,0.0,0.0,1.0,0.0,0.0,0.0,0.0,0.0,0.0,0.0,20.0,4.0,3.0,80.0,20.0,16.0,7.0,0.0,0.0,1.0,0.0,0.0,0.0,3.0,10.0,0.0,0.0,0.0,0.0,3.0,0.0,2.0,70.0,1.0,0.0,0.0,10.0,4.0,0.0,1.0,242.0,0.0,8.0,4.3,3.0,0.0,3.0,1.0,0.0,0.0,1.0,1.0,0.0,41.0,1.0,20.0,3.0,16.0
2026,Round 18,2026-07-09,Sydney,home,CD_M20260141805,22,Nick Blakey,CD_I1006028,0.0,6.0,0.0,0.0,0.0,0.0,0.0,0.0,0.0,0.0,0.0,0.0,37.5,6.0,3.0,76.0,25.0,19.0,17.0,0.0,0.0,2.0,0.0,0.0,0.0,2.0,4.0,0.0,0.0,0.0,0.0,2.0,1.0,6.0,81.0,5.3,11.0,11.0,21.0,3.0,0.0,1.0,729.0,4.0,5.0,15.8,12.0,0.0,4.0,3.0,0.0,1.0,1.0,0.0,0.0,79.0,1.0,16.0,6.0,10.0
2026,Round 18,2026-07-09,Sydney,home,CD_M20260141805,33,Caiden Cleary,CD_I1024057,0.0,0.0,0.0,0.0,2.0,0.0,0.0,0.0,0.0,0.0,0.0,0.0,40.0,2.0,8.0,80.0,5.0,4.0,1.0,0.0,1.0,0.0,0.0,0.0,0.0,2.0,4.0,0.0,0.0,0.0,0.0,2.0,0.0,0.0,100.0,0.3,0.0,0.0,1.0,1.0,0.0,0.0,8.0,3.0,15.0,1.3,0.0,0.0,1.0,0.0,0.0,3.0,0.0,4.0,1.0,51.0,0.0,5.0,1.0,3.0
2026,Round 18,2026-07-09,Sydney,home,CD_M20260141805,7,Harry Cunningham,CD_I291978,0.0,0.0,0.0,0.0,0.0,0.0,0.0,1.0,0.0,0.0,0.0,0.0,42.9,3.0,7.0,87.5,8.0,7.0,5.0,0.0,0.0,1.0,0.0,0.0,0.0,2.0,3.0,0.0,0.0,0.0,0.0,2.0,0.0,4.0,100.0,1.7,0.0,0.0,5.0,3.0,0.0,0.0,126.0,0.0,9.0,2.6,0.0,0.0,0.0,0.0,0.0,0.0,0.0,5.0,0.0,76.0,0.0,7.0,1.0,4.0
2026,Round 18,2026-07-09,Sydney,home,CD_M20260141805,35,Charlie Curnow,CD_I996731,1.0,0.0,0.0,0.0,2.0,0.0,0.0,0.0,2.0,1.0,50.0,3.0,63.6,7.0,1.0,64.3,14.0,9.0,6.0,0.0,0.0,1.0,71.4,0.0,5.0,3.0,3.0,0.0,0.0,0.0,0.0,3.0,0.0,3.0,54.5,3.7,0.0,0.0,11.0,6.0,4.0,2.0,271.0,2.0,9.0,18.8,0.0,0.0,9.0,0.0,7.0,2.0,0.0,3.0,2.0,91.0,0.0,11.0,2.0,4.0
2026,Round 18,2026-07-09,Sydney,home,CD_M20260141805,28,William Edwards,CD_I1017757,0.0,0.0,0.0,0.0,1.0,0.0,0.0,3.0,1.0,0.0,0.0,1.0,70.0,7.0,6.0,50.0,12.0,6.0,2.0,0.0,0.0,1.0,0.0,1.0,0.0,5.0,7.0,0.0,0.0,0.0,0.0,1.0,1.0,6.0,40.0,0.7,2.0,2.0,5.0,1.0,0.0,0.0,291.0,8.0,6.0,8.8,6.0,0.0,3.0,2.0,0.0,7.0,0.0,0.0,0.0,92.0,0.0,10.0,3.0,3.0
2026,Round 18,2026-07-09,Sydney,home,CD_M20260141805,4,Brodie Grundy,CD_I293957,1.0,0.0,24.0,1.0,4.0,0.0,0.0,0.0,0.0,0.0,0.0,0.0,70.6,12.0,10.0,68.8,16.0,11.0,1.0,1.0,3.0,1.0,0.0,0.0,0.0,6.0,11.0,31.0,39.7,29.0,9.0,1.0,0.0,3.0,20.0,0.5,0.0,0.0,5.0,0.0,0.0,0.0,30.0,6.0,17.0,12.4,1.0,73.0,4.0,2.0,2.0,5.0,4.0,6.0,1.0,82.0,5.0,17.0,1.0,5.0
2026,Round 18,2026-07-09,Sydney,home,CD_M20260141805,21,Errol Gulden,CD_I1013128,0.0,1.0,13.0,0.0,6.0,0.0,0.0,0.0,0.0,0.0,0.0,0.0,33.3,11.0,14.0,63.3,30.0,19.0,11.0,1.0,3.0,2.0,0.0,1.0,0.0,9.0,12.0,0.0,0.0,0.0,0.0,7.0,0.0,4.0,61.1,1.5,0.0,0.0,18.0,3.0,0.0,1.0,622.0,0.0,23.0,16.5,3.0,0.0,5.0,2.0,1.0,0.0,2.0,5.0,1.0,89.0,2.0,33.0,5.0,22.0
2026,Round 18,2026-07-09,Sydney,home,CD_M20260141805,29,Joel Hamling,CD_I295222,0.0,0.0,0.0,0.0,1.0,0.0,0.0,0.0,4.0,0.0,0.0,0.0,0.0,0.0,0.0,0.0,0.0,0.0,0.0,0.0,1.0,0.0,0.0,0.0,0.0,0.0,0.0,0.0,0.0,0.0,0.0,0.0,0.0,0.0,0.0,0.0,0.0,0.0,0.0,0.0,0.0,0.0,6.0,5.0,8.0,-0.8,0.0,0.0,1.0,0.0,0.0,3.0,0.0,0.0,0.0,62.0,0.0,0.0,1.0,0.0
2026,Round 18,2026-07-09,Sydney,home,CD_M20260141805,40,Tom Hanily,CD_I1027687,0.0,0.0,0.0,0.0,0.0,0.0,0.0,0.0,2.0,0.0,0.0,0.0,42.9,3.0,1.0,85.7,7.0,6.0,5.0,0.0,0.0,2.0,100.0,0.0,1.0,1.0,1.0,0.0,0.0,0.0,0.0,3.0,0.0,1.0,83.3,6.0,0.0,0.0,6.0,4.0,1.0,3.0,208.0,2.0,9.0,6.5,0.0,0.0,3.0,1.0,1.0,1.0,0.0,2.0,0.0,61.0,0.0,7.0,4.0,4.0
2026,Round 18,2026-07-09,Sydney,home,CD_M20260141805,5,Isaac Heeney,CD_I298539,1.0,1.0,24.0,1.0,3.0,0.0,0.0,0.0,1.0,0.0,0.0,0.0,30.4,7.0,8.0,76.0,25.0,19.0,6.0,2.0,0.0,1.0,0.0,1.0,0.0,4.0,13.0,0.0,0.0,0.0,0.0,2.0,1.0,1.0,50.0,0.9,0.0,0.0,12.0,4.0,0.0,2.0,388.0,0.0,16.0,13.0,3.0,0.0,7.0,0.0,1.0,0.0,2.0,3.0,1.0,84.0,3.0,23.0,3.0,16.0
2026,Round 18,2026-07-09,Sydney,home,CD_M20260141805,17,James Jordon,CD_I1013409,0.0,0.0,16.0,1.0,0.0,0.0,0.0,0.0,0.0,0.0,0.0,0.0,45.5,5.0,11.0,90.9,11.0,10.0,4.0,0.0,0.0,2.0,0.0,0.0,0.0,3.0,6.0,0.0,0.0,0.0,0.0,1.0,0.0,2.0,80.0,0.8,0.0,0.0,5.0,3.0,0.0,0.0,153.0,0.0,23.0,7.5,1.0,0.0,3.0,1.0,0.0,0.0,2.0,8.0,0.0,86.0,3.0,11.0,2.0,6.0
2026,Round 18,2026-07-09,Sydney,home,CD_M20260141805,32,Harry Kyle,CD_I1037405,0.0,1.0,0.0,0.0,1.0,0.0,0.0,1.0,0.0,0.0,0.0,0.0,21.4,3.0,12.0,86.7,15.0,13.0,4.0,0.0,0.0,1.0,0.0,0.0,0.0,2.0,9.0,0.0,0.0,0.0,0.0,0.0,0.0,2.0,66.7,0.7,0.0,0.0,6.0,3.0,0.0,0.0,207.0,0.0,14.0,8.2,3.0,0.0,2.0,0.0,0.0,0.0,1.0,4.0,0.0,84.0,1.0,14.0,2.0,11.0
2026,Round 18,2026-07-09,Sydney,home,CD_M20260141805,44,Jake Lloyd,CD_I295342,0.0,1.0,0.0,0.0,2.0,0.0,0.0,0.0,1.0,0.0,0.0,0.0,30.0,6.0,5.0,75.0,20.0,15.0,7.0,1.0,0.0,1.0,66.7,0.0,2.0,5.0,10.0,0.0,0.0,0.0,0.0,1.0,0.0,3.0,70.0,1.0,0.0,0.0,10.0,2.0,1.0,0.0,326.0,2.0,11.0,13.6,2.0,0.0,5.0,1.0,3.0,2.0,1.0,0.0,0.0,92.0,1.0,20.0,5.0,14.0
2026,Round 18,2026-07-09,Sydney,home,CD_M20260141805,30,Tom McCartin,CD_I1008198,0.0,0.0,0.0,0.0,4.0,66.7,2.0,3.0,0.0,0.0,0.0,0.0,13.0,3.0,9.0,82.6,23.0,19.0,12.0,0.0,3.0,1.0,0.0,0.0,0.0,3.0,8.0,0.0,0.0,0.0,0.0,1.0,3.0,7.0,80.0,1.9,0.0,0.0,15.0,9.0,0.0,1.0,335.0,5.0,9.0,4.7,1.0,0.0,3.0,1.0,0.0,5.0,1.0,2.0,0.0,100.0,1.0,23.0,1.0,20.0
2026,Round 18,2026-07-09,Sydney,home,CD_M20260141805,2,Hayden McLean,CD_I1003203,1.0,0.0,4.0,0.0,1.0,0.0,0.0,0.0,3.0,1.0,33.3,0.0,71.4,5.0,3.0,83.3,6.0,5.0,0.0,1.0,1.0,0.0,0.0,0.0,0.0,4.0,5.0,50.0,14.3,2.0,1.0,0.0,0.0,0.0,0.0,0.2,0.0,0.0,1.0,1.0,1.0,0.0,20.0,6.0,9.0,1.9,0.0,14.0,3.0,0.0,1.0,5.0,1.0,2.0,0.0,64.0,1.0,7.0,1.0,2.0
2026,Round 18,2026-07-09,Sydney,home,CD_M20260141805,14,Callum Mills,CD_I993905,0.0,0.0,0.0,0.0,5.0,50.0,2.0,4.0,0.0,0.0,0.0,0.0,30.0,6.0,9.0,88.5,26.0,23.0,17.0,0.0,1.0,0.0,0.0,0.0,0.0,6.0,9.0,0.0,0.0,0.0,0.0,1.0,1.0,6.0,100.0,1.9,8.0,8.0,17.0,6.0,0.0,0.0,441.0,2.0,10.0,7.6,9.0,0.0,3.0,2.0,0.0,2.0,0.0,1.0,0.0,87.0,0.0,20.0,6.0,14.0
2026,Round 18,2026-07-09,Sydney,home,CD_M20260141805,11,Tom Papley,CD_I996765,1.0,1.0,0.0,0.0,5.0,0.0,0.0,0.0,0.0,0.0,0.0,1.0,36.4,4.0,1.0,70.0,10.0,7.0,6.0,2.0,3.0,0.0,66.7,0.0,2.0,2.0,2.0,0.0,0.0,0.0,0.0,5.0,0.0,0.0,75.0,4.0,0.0,0.0,8.0,4.0,2.0,1.0,253.0,0.0,10.0,8.5,0.0,0.0,5.0,1.0,3.0,0.0,1.0,1.0,1.0,67.0,1.0,11.0,4.0,7.0
2026,Round 18,2026-07-09,Sydney,home,CD_M20260141805,24,Dane Rampe,CD_I290307,0.0,0.0,0.0,0.0,4.0,0.0,0.0,3.0,0.0,0.0,0.0,0.0,30.8,4.0,5.0,81.8,11.0,9.0,4.0,0.0,3.0,1.0,0.0,0.0,0.0,2.0,6.0,0.0,0.0,0.0,0.0,1.0,0.0,4.0,80.0,0.8,0.0,0.0,5.0,4.0,0.0,1.0,249.0,3.0,6.0,1.8,4.0,0.0,0.0,0.0,0.0,2.0,0.0,3.0,0.0,79.0,0.0,13.0,5.0,9.0
2026,Round 18,2026-07-09,Sydney,home,CD_M20260141805,34,Matt Roberts,CD_I1012210,1.0,0.0,0.0,3.0,0.0,0.0,0.0,0.0,0.0,0.0,0.0,0.0,25.0,4.0,4.0,80.0,15.0,12.0,7.0,0.0,0.0,1.0,0.0,1.0,0.0,2.0,5.0,0.0,0.0,0.0,0.0,3.0,0.0,2.0,70.0,2.0,0.0,0.0,10.0,3.0,0.0,1.0,325.0,1.0,18.0,9.3,0.0,0.0,7.0,1.0,1.0,0.0,0.0,2.0,0.0,86.0,3.0,16.0,1.0,12.0
2026,Round 18,2026-07-09,Sydney,home,CD_M20260141805,8,James Rowbottom,CD_I1006126,0.0,0.0,7.0,2.0,0.0,0.0,0.0,0.0,0.0,0.0,0.0,0.0,47.1,8.0,13.0,72.2,18.0,13.0,2.0,2.0,0.0,1.0,0.0,1.0,0.0,7.0,11.0,0.0,0.0,0.0,0.0,4.0,0.0,4.0,28.6,0.6,0.0,0.0,7.0,1.0,0.0,0.0,209.0,2.0,24.0,12.2,0.0,0.0,6.0,3.0,0.0,1.0,0.0,5.0,1.0,76.0,2.0,17.0,2.0,9.0
2026,Round 18,2026-07-09,Sydney,home,CD_M20260141805,13,Jai Serong,CD_I1017091,0.0,0.0,0.0,0.0,0.0,0.0,0.0,1.0,0.0,0.0,0.0,0.0,30.0,3.0,8.0,81.8,11.0,9.0,4.0,0.0,0.0,1.0,0.0,0.0,0.0,1.0,6.0,0.0,0.0,0.0,0.0,0.0,0.0,2.0,80.0,0.8,0.0,0.0,5.0,4.0,0.0,1.0,160.0,0.0,18.0,2.8,2.0,0.0,1.0,0.0,0.0,0.0,1.0,4.0,0.0,80.0,1.0,10.0,1.0,7.0
2026,Round 18,2026-07-09,Sydney,home,CD_M20260141805,12,Angus Sheldrick,CD_I1020339,0.0,0.0,6.0,0.0,1.0,0.0,0.0,0.0,0.0,0.0,0.0,0.0,25.0,2.0,7.0,87.5,8.0,7.0,5.0,0.0,0.0,0.0,0.0,0.0,0.0,1.0,2.0,0.0,0.0,0.0,0.0,2.0,0.0,0.0,83.3,3.0,0.0,0.0,6.0,2.0,0.0,1.0,184.0,1.0,15.0,4.6,1.0,0.0,1.0,0.0,1.0,0.0,1.0,4.0,1.0,45.0,1.0,8.0,2.0,6.0
2026,Round 18,2026-07-09,Sydney,home,CD_M20260141805,1,Chad Warner,CD_I1012014,2.0,5.0,18.0,2.0,7.0,0.0,0.0,0.0,0.0,0.0,0.0,0.0,41.7,10.0,13.0,47.8,23.0,11.0,7.0,0.0,2.0,2.0,0.0,3.0,0.0,6.0,6.0,0.0,0.0,0.0,0.0,5.0,0.0,3.0,41.2,2.8,0.0,0.0,17.0,4.0,2.0,0.0,680.0,1.0,25.0,15.2,1.0,0.0,8.0,3.0,5.0,0.0,3.0,6.0,1.0,84.0,5.0,24.0,7.0,14.0
2026,Round 19,2026-07-18,Port Adelaide,away,CD_M20260141906,21,Aliir Aliir,CD_I294469,0.0,0.0,0.0,0.0,2.0,0.0,0.0,2.0,0.0,0.0,0.0,2.0,33.3,6.0,2.0,83.3,18.0,15.0,13.0,0.0,1.0,1.0,0.0,0.0,0.0,3.0,2.0,0.0,0.0,0.0,0.0,1.0,6.0,10.0,81.3,8.0,0.0,0.0,16.0,13.0,0.0,0.0,298.0,2.0,2.0,11.5,4.0,0.0,2.0,2.0,0.0,2.0,0.0,2.0,0.0,100.0,0.0,18.0,3.0,12.0
2026,Round 19,2026-07-18,Port Adelaide,away,CD_M20260141906,46,Xavier Bamert,CD_I1033049,0.0,0.0,0.0,0.0,0.0,0.0,0.0,0.0,1.0,1.0,100.0,0.0,16.7,2.0,3.0,75.0,12.0,9.0,8.0,1.0,0.0,1.0,0.0,0.0,0.0,1.0,1.0,0.0,0.0,0.0,0.0,2.0,0.0,1.0,72.7,11.0,0.0,0.0,11.0,5.0,0.0,0.0,105.0,0.0,8.0,3.0,0.0,0.0,5.0,1.0,0.0,0.0,0.0,4.0,1.0,76.0,0.0,12.0,1.0,10.0
2026,Round 19,2026-07-18,Port Adelaide,away,CD_M20260141906,14,Miles Bergman,CD_I1009191,0.0,2.0,22.0,2.0,2.0,0.0,0.0,0.0,0.0,0.0,0.0,1.0,41.2,7.0,10.0,77.8,18.0,14.0,8.0,1.0,1.0,0.0,0.0,0.0,0.0,4.0,7.0,0.0,0.0,0.0,0.0,6.0,1.0,4.0,72.7,1.6,0.0,0.0,11.0,3.0,0.0,0.0,462.0,1.0,16.0,13.2,1.0,0.0,2.0,0.0,2.0,1.0,0.0,7.0,1.0,74.0,2.0,17.0,3.0,10.0
2026,Round 19,2026-07-18,Port Adelaide,away,CD_M20260141906,5,Joe Berry,CD_I1028529,1.0,0.0,0.0,1.0,1.0,0.0,0.0,0.0,2.0,0.0,0.0,0.0,15.4,2.0,5.0,71.4,14.0,10.0,6.0,0.0,0.0,1.0,50.0,0.0,1.0,2.0,5.0,0.0,0.0,0.0,0.0,2.0,0.0,0.0,66.7,1.8,0.0,0.0,9.0,3.0,1.0,2.0,258.0,0.0,12.0,9.8,1.0,0.0,3.0,0.0,2.0,0.0,0.0,2.0,1.0,75.0,1.0,13.0,3.0,11.0
2026,Round 19,2026-07-18,Port Adelaide,away,CD_M20260141906,7,Jase Burgoyne,CD_I1013462,0.0,0.0,15.0,4.0,2.0,0.0,0.0,0.0,0.0,0.0,0.0,0.0,30.4,7.0,4.0,75.0,24.0,18.0,12.0,0.0,0.0,0.0,50.0,0.0,1.0,7.0,6.0,0.0,0.0,0.0,0.0,6.0,0.0,2.0,66.7,3.0,0.0,0.0,18.0,6.0,1.0,0.0,543.0,1.0,17.0,16.8,2.0,0.0,7.0,1.0,2.0,0.0,2.0,5.0,1.0,79.0,6.0,23.0,7.0,16.0
2026,Round 19,2026-07-18,Port Adelaide,away,CD_M20260141906,33,Darcy Byrne-Jones,CD_I991930,0.0,0.0,0.0,0.0,2.0,0.0,0.0,1.0,0.0,0.0,0.0,0.0,23.5,4.0,17.0,90.5,21.0,19.0,14.0,0.0,1.0,1.0,0.0,0.0,0.0,3.0,6.0,0.0,0.0,0.0,0.0,2.0,1.0,5.0,93.3,2.5,5.0,4.0,15.0,6.0,0.0,1.0,355.0,3.0,18.0,6.3,6.0,0.0,2.0,1.0,0.0,3.0,0.0,1.0,0.0,77.0,0.0,17.0,2.0,13.0
2026,Round 19,2026-07-18,Port Adelaide,away,CD_M20260141906,28,Willem Drew,CD_I1000972,0.0,0.0,16.0,4.0,5.0,0.0,0.0,0.0,0.0,0.0,0.0,0.0,57.9,11.0,9.0,64.7,17.0,11.0,7.0,0.0,4.0,2.0,0.0,0.0,0.0,4.0,6.0,0.0,0.0,0.0,0.0,5.0,0.0,4.0,63.6,1.8,0.0,0.0,11.0,1.0,0.0,1.0,338.0,3.0,22.0,13.9,1.0,0.0,2.0,1.0,0.0,0.0,1.0,1.0,0.0,84.0,5.0,19.0,5.0,8.0
2026,Round 19,2026-07-18,Port Adelaide,away,CD_M20260141906,44,Corey Durdin,CD_I1008510,0.0,0.0,0.0,0.0,4.0,0.0,0.0,0.0,1.0,0.0,0.0,0.0,44.4,4.0,3.0,62.5,8.0,5.0,4.0,1.0,2.0,1.0,100.0,0.0,2.0,3.0,2.0,0.0,0.0,0.0,0.0,2.0,0.0,1.0,66.7,3.0,0.0,0.0,6.0,2.0,0.0,1.0,138.0,1.0,10.0,4.6,0.0,0.0,2.0,0.0,2.0,1.0,0.0,2.0,0.0,91.0,0.0,9.0,2.0,5.0
2026,Round 19,2026-07-18,Port Adelaide,away,CD_M20260141906,22,Logan Evans,CD_I1019938,0.0,6.0,0.0,0.0,5.0,0.0,0.0,0.0,0.0,0.0,0.0,0.0,21.1,4.0,5.0,95.7,23.0,22.0,15.0,0.0,4.0,0.0,0.0,0.0,0.0,4.0,7.0,0.0,0.0,0.0,0.0,0.0,1.0,5.0,93.8,2.3,6.0,5.0,16.0,10.0,0.0,0.0,380.0,1.0,8.0,7.4,7.0,0.0,2.0,0.0,0.0,1.0,0.0,1.0,0.0,86.0,0.0,19.0,3.0,15.0
2026,Round 19,2026-07-18,Port Adelaide,away,CD_M20260141906,34,Lachie Jones,CD_I1011583,0.0,1.0,0.0,0.0,3.0,0.0,0.0,2.0,0.0,0.0,0.0,0.0,25.0,4.0,5.0,70.6,17.0,12.0,7.0,0.0,1.0,1.0,0.0,1.0,0.0,3.0,8.0,0.0,0.0,0.0,0.0,1.0,2.0,7.0,77.8,1.1,1.0,1.0,9.0,7.0,0.0,0.0,286.0,3.0,5.0,2.0,4.0,0.0,2.0,0.0,0.0,3.0,1.0,2.0,0.0,82.0,1.0,16.0,6.0,12.0
2026,Round 19,2026-07-18,Port Adelaide,away,CD_M20260141906,43,Josh Lai,CD_I1040300,0.0,0.0,0.0,1.0,2.0,0.0,0.0,0.0,0.0,0.0,0.0,0.0,27.3,3.0,5.0,66.7,12.0,8.0,5.0,0.0,0.0,1.0,0.0,0.0,0.0,2.0,3.0,0.0,0.0,0.0,0.0,1.0,1.0,4.0,55.6,3.0,0.0,0.0,9.0,3.0,0.0,0.0,113.0,1.0,6.0,1.2,2.0,0.0,1.0,0.0,0.0,1.0,0.0,0.0,0.0,82.0,1.0,11.0,2.0,8.0
2026,Round 19,2026-07-18,Port Adelaide,away,CD_M20260141906,4,Todd Marshall,CD_I1004998,0.0,0.0,0.0,0.0,0.0,0.0,0.0,0.0,1.0,0.0,0.0,0.0,20.0,1.0,1.0,60.0,5.0,3.0,2.0,1.0,0.0,0.0,0.0,0.0,0.0,1.0,1.0,0.0,0.0,0.0,0.0,2.0,0.0,0.0,50.0,4.0,0.0,0.0,4.0,4.0,0.0,1.0,108.0,0.0,8.0,1.6,0.0,0.0,0.0,0.0,0.0,0.0,0.0,3.0,2.0,67.0,0.0,5.0,1.0,4.0
2026,Round 19,2026-07-18,Port Adelaide,away,CD_M20260141906,3,Jackson Mead,CD_I1005326,0.0,0.0,0.0,0.0,1.0,0.0,0.0,0.0,1.0,0.0,0.0,0.0,12.5,1.0,7.0,85.7,7.0,6.0,3.0,0.0,1.0,0.0,0.0,0.0,0.0,1.0,3.0,0.0,0.0,0.0,0.0,2.0,0.0,0.0,75.0,1.3,0.0,0.0,4.0,3.0,0.0,0.0,110.0,0.0,17.0,4.2,0.0,0.0,1.0,0.0,0.0,0.0,0.0,7.0,2.0,70.0,0.0,8.0,3.0,7.0
2026,Round 19,2026-07-18,Port Adelaide,away,CD_M20260141906,11,Christian Moraes,CD_I1028563,0.0,0.0,0.0,0.0,3.0,0.0,0.0,0.0,0.0,0.0,0.0,0.0,35.7,5.0,2.0,61.5,13.0,8.0,4.0,1.0,1.0,0.0,0.0,0.0,0.0,5.0,5.0,0.0,0.0,0.0,0.0,1.0,0.0,4.0,50.0,1.6,0.0,0.0,8.0,2.0,0.0,2.0,174.0,0.0,9.0,2.3,1.0,0.0,1.0,0.0,0.0,0.0,1.0,0.0,0.0,59.0,1.0,14.0,6.0,9.0
2026,Round 19,2026-07-18,Port Adelaide,away,CD_M20260141906,41,Balyn O'Brien,CD_I1032329,0.0,0.0,0.0,0.0,3.0,0.0,0.0,0.0,0.0,0.0,0.0,0.0,30.0,3.0,2.0,80.0,10.0,8.0,5.0,0.0,0.0,1.0,0.0,0.0,0.0,2.0,3.0,0.0,0.0,0.0,0.0,1.0,0.0,2.0,71.4,2.3,0.0,0.0,7.0,4.0,0.0,0.0,206.0,1.0,4.0,3.7,3.0,0.0,1.0,0.0,0.0,1.0,0.0,0.0,0.0,63.0,0.0,10.0,2.0,7.0
2026,Round 19,2026-07-18,Port Adelaide,away,CD_M20260141906,35,Joe Richards,CD_I1008239,0.0,1.0,13.0,2.0,2.0,0.0,0.0,0.0,0.0,0.0,0.0,0.0,51.6,16.0,6.0,64.5,31.0,20.0,10.0,4.0,0.0,2.0,100.0,0.0,1.0,9.0,14.0,0.0,0.0,0.0,0.0,3.0,0.0,5.0,58.8,1.2,0.0,0.0,17.0,6.0,0.0,0.0,399.0,1.0,21.0,15.1,3.0,0.0,4.0,2.0,1.0,1.0,4.0,8.0,4.0,77.0,6.0,31.0,4.0,15.0
2026,Round 19,2026-07-18,Port Adelaide,away,CD_M20260141906,24,Jordon Sweet,CD_I992330,0.0,0.0,25.0,1.0,5.0,0.0,0.0,0.0,2.0,0.0,0.0,0.0,53.3,8.0,8.0,72.7,11.0,8.0,3.0,0.0,3.0,2.0,0.0,1.0,0.0,1.0,8.0,38.7,40.8,31.0,12.0,4.0,0.0,1.0,100.0,0.4,0.0,0.0,3.0,1.0,0.0,0.0,156.0,9.0,9.0,12.7,1.0,76.0,7.0,5.0,0.0,7.0,2.0,3.0,1.0,86.0,3.0,15.0,3.0,7.0
2026,Round 19,2026-07-18,Port Adelaide,away,CD_M20260141906,38,Dante Visentini,CD_I1017128,0.0,0.0,4.0,0.0,2.0,0.0,0.0,0.0,3.0,1.0,33.3,0.0,60.0,6.0,2.0,90.9,11.0,10.0,5.0,0.0,0.0,5.0,100.0,0.0,2.0,1.0,5.0,16.7,40.0,6.0,1.0,2.0,0.0,1.0,83.3,1.2,0.0,0.0,6.0,3.0,0.0,1.0,57.0,1.0,7.0,9.8,0.0,15.0,6.0,2.0,2.0,1.0,2.0,0.0,0.0,75.0,2.0,10.0,0.0,4.0
2026,Round 19,2026-07-18,Port Adelaide,away,CD_M20260141906,15,Jacob Wehr,CD_I1004530,0.0,0.0,0.0,0.0,2.0,0.0,0.0,0.0,0.0,0.0,0.0,0.0,0.0,0.0,5.0,66.7,9.0,6.0,6.0,0.0,0.0,0.0,0.0,0.0,0.0,0.0,2.0,0.0,0.0,0.0,0.0,1.0,0.0,0.0,85.7,3.5,0.0,0.0,7.0,2.0,0.0,0.0,212.0,0.0,8.0,4.7,2.0,0.0,1.0,0.0,0.0,0.0,0.0,1.0,0.0,49.0,0.0,9.0,3.0,9.0
2026,Round 19,2026-07-18,Port Adelaide,away,CD_M20260141906,17,Jack Whitlock,CD_I1032053,3.0,0.0,0.0,0.0,1.0,0.0,0.0,0.0,2.0,1.0,50.0,1.0,40.0,4.0,3.0,50.0,10.0,5.0,3.0,0.0,0.0,3.0,20.0,1.0,1.0,0.0,2.0,0.0,0.0,0.0,0.0,1.0,0.0,1.0,37.5,4.0,0.0,0.0,8.0,5.0,3.0,0.0,130.0,1.0,10.0,-2.5,0.0,0.0,5.0,1.0,5.0,0.0,0.0,2.0,2.0,88.0,0.0,10.0,1.0,6.0
2026,Round 19,2026-07-18,Port Adelaide,away,CD_M20260141906,16,Ollie Wines,CD_I294318,0.0,0.0,21.0,3.0,5.0,0.0,0.0,0.0,0.0,0.0,0.0,0.0,55.2,16.0,8.0,63.3,30.0,19.0,5.0,5.0,0.0,1.0,0.0,2.0,0.0,16.0,20.0,0.0,0.0,0.0,0.0,2.0,0.0,4.0,50.0,0.5,0.0,0.0,10.0,4.0,1.0,0.0,163.0,1.0,23.0,17.9,1.0,0.0,6.0,3.0,0.0,0.0,4.0,4.0,3.0,76.0,7.0,29.0,4.0,13.0
2026,Round 19,2026-07-18,Port Adelaide,away,CD_M20260141906,39,Mitch Zadow,CD_I1029603,3.0,1.0,0.0,0.0,0.0,0.0,0.0,0.0,1.0,0.0,0.0,0.0,40.0,4.0,1.0,70.0,10.0,7.0,7.0,1.0,0.0,1.0,50.0,0.0,3.0,3.0,0.0,0.0,0.0,0.0,0.0,0.0,0.0,1.0,70.0,10.0,0.0,0.0,10.0,3.0,2.0,1.0,264.0,0.0,10.0,13.3,1.0,0.0,7.0,1.0,6.0,0.0,1.0,2.0,2.0,83.0,1.0,10.0,0.0,6.0
2026,Round 19,2026-07-18,Port Adelaide,away,CD_M20260141906,25,Brandon Zerk-Thatcher,CD_I1004034,0.0,1.0,0.0,0.0,3.0,75.0,3.0,4.0,0.0,0.0,0.0,0.0,44.4,4.0,6.0,80.0,10.0,8.0,4.0,0.0,2.0,1.0,0.0,0.0,0.0,4.0,5.0,0.0,0.0,0.0,0.0,0.0,1.0,5.0,80.0,1.0,1.0,1.0,5.0,4.0,0.0,0.0,108.0,8.0,7.0,6.6,0.0,0.0,0.0,0.0,0.0,8.0,0.0,1.0,0.0,100.0,0.0,9.0,3.0,5.0
2026,Round 20,2026-07-24,West Coast,home,CD_M20260142004,26,Bo Allan,CD_I1028449,0.0,0.0,0.0,0.0,3.0,0.0,0.0,0.0,0.0,0.0,0.0,0.0,22.2,4.0,5.0,76.5,17.0,13.0,4.0,0.0,2.0,0.0,0.0,0.0,0.0,3.0,9.0,0.0,0.0,0.0,0.0,1.0,0.0,0.0,50.0,0.9,0.0,0.0,8.0,5.0,0.0,2.0,247.0,0.0,11.0,5.5,0.0,0.0,2.0,0.0,0.0,0.0,1.0,2.0,0.0,83.0,1.0,18.0,3.0,14.0
2026,Round 20,2026-07-24,West Coast,home,CD_M20260142004,33,Rhett Bazzo,CD_I1017718,0.0,0.0,0.0,0.0,2.0,0.0,0.0,2.0,0.0,0.0,0.0,1.0,6.7,1.0,9.0,86.7,15.0,13.0,8.0,0.0,2.0,0.0,0.0,0.0,0.0,0.0,6.0,0.0,0.0,0.0,0.0,0.0,2.0,3.0,88.9,1.5,0.0,0.0,9.0,12.0,0.0,0.0,194.0,8.0,9.0,7.4,3.0,0.0,2.0,0.0,0.0,8.0,0.0,0.0,0.0,92.0,0.0,15.0,0.0,14.0
2026,Round 20,2026-07-24,West Coast,home,CD_M20260142004,41,Sandy Brock,CD_I1013315,0.0,0.0,0.0,0.0,2.0,50.0,1.0,2.0,0.0,0.0,0.0,0.0,22.2,2.0,11.0,100.0,8.0,8.0,4.0,0.0,2.0,0.0,0.0,0.0,0.0,2.0,4.0,0.0,0.0,0.0,0.0,0.0,0.0,2.0,100.0,1.0,0.0,0.0,4.0,5.0,0.0,2.0,53.0,2.0,12.0,5.7,1.0,0.0,1.0,0.0,0.0,2.0,0.0,4.0,0.0,80.0,0.0,9.0,1.0,7.0
2026,Round 20,2026-07-24,West Coast,home,CD_M20260142004,28,Tom Cole,CD_I993820,0.0,4.0,0.0,0.0,3.0,0.0,0.0,0.0,1.0,0.0,0.0,0.0,35.3,6.0,3.0,73.3,15.0,11.0,6.0,2.0,1.0,1.0,100.0,1.0,1.0,5.0,7.0,0.0,0.0,0.0,0.0,2.0,0.0,3.0,75.0,1.1,0.0,0.0,8.0,6.0,1.0,2.0,232.0,1.0,16.0,12.9,1.0,0.0,5.0,0.0,1.0,1.0,0.0,2.0,0.0,81.0,0.0,17.0,3.0,11.0
2026,Round 20,2026-07-24,West Coast,home,CD_M20260142004,38,Hamish Davis,CD_I1032624,1.0,0.0,0.0,0.0,2.0,0.0,0.0,0.0,1.0,1.0,100.0,0.0,28.6,2.0,5.0,62.5,8.0,5.0,3.0,0.0,0.0,1.0,50.0,1.0,1.0,1.0,3.0,0.0,0.0,0.0,0.0,3.0,0.0,0.0,60.0,1.7,0.0,0.0,5.0,3.0,2.0,1.0,139.0,1.0,22.0,4.3,0.0,0.0,3.0,0.0,2.0,1.0,0.0,3.0,1.0,76.0,0.0,7.0,2.0,5.0
2026,Round 20,2026-07-24,West Coast,home,CD_M20260142004,14,Liam Duggan,CD_I298268,0.0,0.0,0.0,0.0,1.0,0.0,0.0,0.0,1.0,0.0,0.0,0.0,21.4,3.0,7.0,78.6,14.0,11.0,8.0,0.0,1.0,0.0,0.0,0.0,0.0,3.0,3.0,0.0,0.0,0.0,0.0,1.0,1.0,3.0,72.7,3.7,1.0,1.0,11.0,8.0,0.0,1.0,239.0,2.0,11.0,5.5,1.0,0.0,2.0,0.0,0.0,2.0,0.0,1.0,0.0,78.0,0.0,14.0,2.0,11.0
2026,Round 20,2026-07-24,West Coast,home,CD_M20260142004,1,Willem Duursma,CD_I1033115,1.0,2.0,10.0,0.0,5.0,0.0,0.0,0.0,0.0,0.0,0.0,0.0,20.0,4.0,8.0,84.2,19.0,16.0,5.0,0.0,2.0,1.0,0.0,0.0,0.0,4.0,11.0,0.0,0.0,0.0,0.0,2.0,2.0,2.0,62.5,0.7,0.0,0.0,8.0,6.0,1.0,0.0,195.0,1.0,21.0,7.4,1.0,0.0,4.0,0.0,1.0,1.0,2.0,1.0,1.0,68.0,2.0,20.0,4.0,16.0
2026,Round 20,2026-07-24,West Coast,home,CD_M20260142004,50,Oliver Francou,CD_I1027101,0.0,0.0,5.0,0.0,6.0,0.0,0.0,0.0,0.0,0.0,0.0,0.0,27.8,5.0,8.0,68.8,16.0,11.0,5.0,0.0,2.0,2.0,0.0,0.0,0.0,2.0,7.0,0.0,0.0,0.0,0.0,2.0,0.0,1.0,55.6,1.3,0.0,0.0,9.0,3.0,0.0,0.0,241.0,0.0,14.0,2.4,3.0,0.0,3.0,0.0,1.0,0.0,2.0,5.0,0.0,70.0,2.0,18.0,6.0,13.0
2026,Round 20,2026-07-24,West Coast,home,CD_M20260142004,51,Marcus Herbert,CD_I1015798,0.0,6.0,0.0,0.0,3.0,0.0,0.0,1.0,0.0,0.0,0.0,0.0,23.3,7.0,2.0,86.1,36.0,31.0,15.0,0.0,0.0,0.0,0.0,0.0,0.0,7.0,18.0,0.0,0.0,0.0,0.0,1.0,0.0,5.0,83.3,1.0,4.0,4.0,18.0,8.0,0.0,0.0,394.0,1.0,4.0,13.4,1.0,0.0,4.0,1.0,0.0,1.0,0.0,1.0,0.0,80.0,0.0,30.0,1.0,23.0
2026,Round 20,2026-07-24,West Coast,home,CD_M20260142004,19,Brady Hough,CD_I1023167,0.0,0.0,0.0,0.0,1.0,0.0,0.0,0.0,0.0,0.0,0.0,0.0,23.1,6.0,12.0,80.0,25.0,20.0,12.0,0.0,1.0,1.0,0.0,0.0,0.0,5.0,10.0,0.0,0.0,0.0,0.0,1.0,0.0,3.0,80.0,1.5,0.0,0.0,15.0,10.0,0.0,2.0,288.0,1.0,17.0,4.7,3.0,0.0,3.0,1.0,0.0,1.0,0.0,0.0,0.0,76.0,0.0,26.0,3.0,20.0
2026,Round 20,2026-07-24,West Coast,home,CD_M20260142004,24,Harvey Johnston,CD_I1027969,0.0,0.0,0.0,0.0,3.0,0.0,0.0,0.0,0.0,0.0,0.0,0.0,8.3,1.0,3.0,83.3,12.0,10.0,3.0,1.0,0.0,0.0,0.0,0.0,0.0,1.0,9.0,0.0,0.0,0.0,0.0,0.0,0.0,0.0,100.0,0.3,0.0,0.0,3.0,3.0,0.0,2.0,79.0,0.0,11.0,2.5,0.0,0.0,3.0,0.0,0.0,0.0,0.0,3.0,1.0,74.0,0.0,12.0,2.0,11.0
2026,Round 20,2026-07-24,West Coast,home,CD_M20260142004,11,Tim Kelly,CD_I295898,0.0,0.0,22.0,2.0,3.0,0.0,0.0,0.0,0.0,0.0,0.0,0.0,22.6,7.0,9.0,64.5,31.0,20.0,10.0,0.0,0.0,1.0,0.0,0.0,0.0,7.0,12.0,0.0,0.0,0.0,0.0,7.0,2.0,5.0,52.6,1.6,0.0,0.0,19.0,9.0,0.0,0.0,597.0,1.0,17.0,9.7,6.0,0.0,4.0,3.0,0.0,0.0,1.0,1.0,0.0,77.0,3.0,31.0,9.0,24.0
2026,Round 20,2026-07-24,West Coast,home,CD_M20260142004,23,Ryan Maric,CD_I1029416,0.0,0.0,0.0,0.0,1.0,0.0,0.0,0.0,1.0,1.0,100.0,1.0,42.9,9.0,12.0,76.2,21.0,16.0,9.0,1.0,0.0,0.0,0.0,0.0,0.0,8.0,11.0,0.0,0.0,0.0,0.0,2.0,1.0,5.0,90.0,0.9,0.0,0.0,10.0,5.0,0.0,0.0,177.0,1.0,19.0,13.0,0.0,0.0,4.0,2.0,0.0,1.0,1.0,3.0,0.0,70.0,1.0,21.0,1.0,12.0
2026,Round 20,2026-07-24,West Coast,home,CD_M20260142004,18,Tom McCarthy,CD_I1036124,0.0,1.0,0.0,0.0,1.0,0.0,0.0,0.0,0.0,0.0,0.0,1.0,10.5,2.0,5.0,92.3,26.0,24.0,18.0,0.0,0.0,0.0,0.0,0.0,0.0,1.0,7.0,0.0,0.0,0.0,0.0,0.0,1.0,2.0,94.7,2.7,8.0,7.0,19.0,6.0,0.0,0.0,399.0,2.0,10.0,11.2,5.0,0.0,3.0,1.0,0.0,1.0,0.0,1.0,0.0,85.0,0.0,19.0,0.0,17.0
2026,Round 20,2026-07-24,West Coast,home,CD_M20260142004,47,Milan Murdock,CD_I1005972,0.0,0.0,0.0,0.0,1.0,0.0,0.0,0.0,0.0,0.0,0.0,0.0,33.3,5.0,2.0,78.6,14.0,11.0,1.0,2.0,1.0,1.0,100.0,0.0,1.0,3.0,11.0,0.0,0.0,0.0,0.0,0.0,0.0,2.0,33.3,0.3,0.0,0.0,3.0,2.0,0.0,0.0,55.0,0.0,10.0,6.2,0.0,0.0,5.0,2.0,1.0,0.0,1.0,3.0,1.0,78.0,1.0,15.0,1.0,10.0
2026,Round 20,2026-07-24,West Coast,home,CD_M20260142004,9,Harley Reid,CD_I1023492,0.0,2.0,23.0,6.0,10.0,0.0,0.0,0.0,0.0,0.0,0.0,0.0,50.0,15.0,11.0,66.7,30.0,20.0,7.0,1.0,4.0,1.0,0.0,0.0,0.0,6.0,14.0,0.0,0.0,0.0,0.0,2.0,0.0,2.0,43.8,1.1,0.0,0.0,16.0,2.0,0.0,1.0,485.0,2.0,25.0,12.2,2.0,0.0,5.0,1.0,0.0,0.0,6.0,4.0,1.0,85.0,12.0,30.0,7.0,15.0
2026,Round 20,2026-07-24,West Coast,home,CD_M20260142004,35,Jobe Shanahan,CD_I1031913,1.0,0.0,0.0,0.0,1.0,0.0,0.0,0.0,4.0,0.0,0.0,1.0,42.9,3.0,2.0,50.0,6.0,3.0,2.0,0.0,1.0,1.0,0.0,0.0,0.0,1.0,2.0,0.0,0.0,0.0,0.0,1.0,0.0,0.0,50.0,2.0,0.0,0.0,4.0,3.0,0.0,0.0,85.0,5.0,7.0,4.8,0.0,0.0,2.0,0.0,1.0,4.0,0.0,0.0,0.0,92.0,0.0,7.0,2.0,4.0
2026,Round 20,2026-07-24,West Coast,home,CD_M20260142004,4,Brandon Starcevich,CD_I1002401,0.0,0.0,0.0,0.0,1.0,100.0,1.0,1.0,0.0,0.0,0.0,0.0,27.3,3.0,6.0,73.3,15.0,11.0,5.0,0.0,0.0,0.0,0.0,0.0,0.0,3.0,7.0,0.0,0.0,0.0,0.0,1.0,0.0,4.0,62.5,1.1,3.0,3.0,8.0,4.0,0.0,0.0,246.0,1.0,10.0,2.5,4.0,0.0,1.0,0.0,0.0,1.0,0.0,1.0,0.0,78.0,0.0,11.0,2.0,8.0
2026,Round 20,2026-07-24,West Coast,home,CD_M20260142004,2,Jake Waterman,CD_I996554,1.0,0.0,0.0,0.0,0.0,0.0,0.0,0.0,0.0,0.0,0.0,0.0,0.0,0.0,2.0,80.0,5.0,4.0,2.0,0.0,0.0,0.0,50.0,0.0,1.0,0.0,2.0,0.0,0.0,0.0,0.0,0.0,0.0,0.0,66.7,1.5,0.0,0.0,3.0,1.0,1.0,1.0,67.0,0.0,6.0,2.5,0.0,0.0,2.0,0.0,2.0,0.0,0.0,1.0,1.0,75.0,0.0,4.0,0.0,4.0
2026,Round 20,2026-07-24,West Coast,home,CD_M20260142004,32,Bailey J. Williams,CD_I1006114,0.0,0.0,22.0,1.0,4.0,0.0,0.0,0.0,0.0,0.0,0.0,2.0,66.7,8.0,5.0,75.0,12.0,9.0,3.0,1.0,2.0,0.0,0.0,1.0,0.0,4.0,6.0,30.8,41.3,26.0,8.0,2.0,3.0,4.0,50.0,1.0,0.0,0.0,6.0,4.0,0.0,1.0,105.0,0.0,16.0,11.3,1.0,63.0,2.0,1.0,0.0,0.0,4.0,2.0,1.0,82.0,5.0,12.0,2.0,4.0
2026,Round 20,2026-07-24,West Coast,home,CD_M20260142004,34,Jack Williams,CD_I1020371,1.0,0.0,4.0,0.0,4.0,0.0,0.0,0.0,1.0,1.0,100.0,1.0,37.5,3.0,1.0,71.4,7.0,5.0,4.0,1.0,3.0,0.0,66.7,0.0,2.0,2.0,2.0,100.0,4.2,1.0,1.0,3.0,0.0,0.0,80.0,2.5,0.0,0.0,5.0,3.0,2.0,1.0,157.0,2.0,7.0,7.0,0.0,24.0,4.0,0.0,3.0,1.0,0.0,2.0,2.0,80.0,0.0,8.0,2.0,5.0
2026,Round 20,2026-07-24,West Coast,home,CD_M20260142004,6,Elliot Yeo,CD_I292128,1.0,0.0,18.0,0.0,5.0,0.0,0.0,0.0,0.0,0.0,0.0,0.0,42.9,6.0,5.0,53.8,13.0,7.0,1.0,1.0,1.0,2.0,0.0,1.0,0.0,3.0,8.0,0.0,0.0,0.0,0.0,4.0,0.0,1.0,20.0,0.6,0.0,0.0,5.0,1.0,0.0,0.0,121.0,1.0,14.0,1.6,0.0,0.0,3.0,0.0,1.0,0.0,3.0,5.0,1.0,72.0,3.0,14.0,3.0,8.0
2026,Round 20,2026-07-24,West Coast,home,CD_M20260142004,20,Tylar Young,CD_I1018433,0.0,0.0,0.0,0.0,2.0,100.0,2.0,2.0,0.0,0.0,0.0,1.0,30.0,3.0,3.0,100.0,10.0,10.0,10.0,0.0,2.0,1.0,0.0,0.0,0.0,1.0,0.0,0.0,0.0,0.0,0.0,0.0,1.0,3.0,100.0,10.0,0.0,0.0,10.0,7.0,0.0,0.0,170.0,5.0,3.0,1.9,3.0,0.0,2.0,0.0,0.0,5.0,0.0,1.0,0.0,68.0,0.0,10.0,0.0,7.0
2026,Round 21,2026-07-31,Western Bulldogs,home,CD_M20260142104,4,Marcus Bontempelli,CD_I297373,0.0,0.0,18.0,0.0,3.0,0.0,0.0,0.0,0.0,0.0,0.0,0.0,38.9,7.0,4.0,70.0,20.0,14.0,4.0,1.0,2.0,1.0,0.0,0.0,0.0,5.0,11.0,0.0,0.0,0.0,0.0,3.0,0.0,2.0,44.4,0.8,0.0,0.0,9.0,2.0,0.0,0.0,288.0,1.0,13.0,3.5,3.0,0.0,7.0,2.0,0.0,0.0,2.0,2.0,1.0,83.0,2.0,18.0,3.0,11.0
2026,Round 21,2026-07-31,Western Bulldogs,home,CD_M20260142104,29,Lachlan Bramble,CD_I1000864,0.0,1.0,0.0,1.0,1.0,0.0,0.0,0.0,0.0,0.0,0.0,0.0,29.4,5.0,7.0,82.6,23.0,19.0,14.0,0.0,0.0,0.0,0.0,0.0,0.0,3.0,6.0,0.0,0.0,0.0,0.0,1.0,0.0,3.0,82.4,2.8,7.0,7.0,17.0,6.0,0.0,0.0,535.0,2.0,9.0,13.1,5.0,0.0,8.0,2.0,0.0,1.0,2.0,1.0,0.0,79.0,3.0,17.0,2.0,12.0
2026,Round 21,2026-07-31,Western Bulldogs,home,CD_M20260142104,5,Jedd Busslinger,CD_I1023017,0.0,0.0,0.0,0.0,1.0,0.0,0.0,0.0,0.0,0.0,0.0,0.0,22.2,2.0,0.0,86.7,15.0,13.0,11.0,0.0,0.0,0.0,0.0,0.0,0.0,2.0,3.0,0.0,0.0,0.0,0.0,0.0,0.0,3.0,91.7,4.0,5.0,5.0,12.0,2.0,0.0,0.0,295.0,4.0,2.0,7.2,3.0,0.0,2.0,1.0,0.0,4.0,0.0,0.0,0.0,65.0,0.0,9.0,1.0,7.0
2026,Round 21,2026-07-31,Western Bulldogs,home,CD_M20260142104,17,Nick Coffield,CD_I1005717,0.0,0.0,0.0,0.0,1.0,0.0,0.0,1.0,0.0,0.0,0.0,0.0,15.4,2.0,3.0,92.3,13.0,12.0,10.0,0.0,0.0,1.0,0.0,0.0,0.0,2.0,2.0,0.0,0.0,0.0,0.0,0.0,0.0,2.0,90.9,5.5,0.0,0.0,11.0,9.0,0.0,0.0,168.0,1.0,6.0,0.9,4.0,0.0,2.0,0.0,0.0,1.0,0.0,2.0,0.0,92.0,0.0,13.0,1.0,11.0
2026,Round 21,2026-07-31,Western Bulldogs,home,CD_M20260142104,16,Jordan Croft,CD_I1013996,0.0,1.0,0.0,0.0,4.0,0.0,0.0,0.0,0.0,0.0,0.0,0.0,28.6,2.0,3.0,57.1,7.0,4.0,2.0,0.0,1.0,0.0,0.0,0.0,0.0,2.0,4.0,0.0,0.0,0.0,0.0,2.0,0.0,3.0,66.7,0.8,0.0,0.0,3.0,1.0,0.0,0.0,136.0,0.0,11.0,4.6,1.0,0.0,1.0,0.0,0.0,0.0,0.0,1.0,0.0,76.0,0.0,7.0,3.0,5.0
2026,Round 21,2026-07-31,Western Bulldogs,home,CD_M20260142104,42,Sam Davidson,CD_I1036123,0.0,0.0,0.0,0.0,2.0,0.0,0.0,0.0,0.0,0.0,0.0,0.0,21.4,3.0,9.0,71.4,14.0,10.0,6.0,1.0,1.0,0.0,0.0,0.0,0.0,3.0,5.0,0.0,0.0,0.0,0.0,1.0,0.0,2.0,66.7,1.8,0.0,0.0,9.0,2.0,0.0,0.0,237.0,1.0,14.0,2.2,3.0,0.0,1.0,0.0,0.0,0.0,1.0,2.0,1.0,81.0,1.0,14.0,3.0,11.0
2026,Round 21,2026-07-31,Western Bulldogs,home,CD_M20260142104,26,Josh Dolan,CD_I1034235,0.0,0.0,0.0,0.0,3.0,0.0,0.0,0.0,1.0,0.0,0.0,0.0,37.5,6.0,3.0,62.5,16.0,10.0,5.0,4.0,1.0,1.0,0.0,1.0,0.0,6.0,8.0,0.0,0.0,0.0,0.0,3.0,0.0,3.0,62.5,1.0,0.0,0.0,8.0,3.0,0.0,1.0,236.0,1.0,11.0,10.8,0.0,0.0,4.0,1.0,1.0,1.0,0.0,0.0,0.0,61.0,0.0,16.0,3.0,10.0
2026,Round 21,2026-07-31,Western Bulldogs,home,CD_M20260142104,25,Louis Emmett,CD_I1033076,0.0,0.0,0.0,0.0,1.0,0.0,0.0,0.0,0.0,0.0,0.0,0.0,50.0,1.0,1.0,100.0,2.0,2.0,0.0,1.0,0.0,0.0,0.0,0.0,0.0,1.0,2.0,0.0,0.0,0.0,0.0,0.0,0.0,0.0,0.0,0.0,0.0,0.0,0.0,0.0,0.0,0.0,0.0,1.0,7.0,0.7,0.0,0.0,1.0,0.0,0.0,1.0,0.0,1.0,0.0,58.0,0.0,2.0,1.0,1.0
2026,Round 21,2026-07-31,Western Bulldogs,home,CD_M20260142104,44,Tim English,CD_I1004592,0.0,0.0,16.0,0.0,4.0,100.0,1.0,1.0,0.0,0.0,0.0,1.0,56.3,9.0,9.0,73.3,15.0,11.0,7.0,0.0,2.0,2.0,0.0,0.0,0.0,3.0,5.0,48.1,36.5,27.0,13.0,2.0,1.0,3.0,70.0,2.0,0.0,0.0,10.0,5.0,0.0,0.0,174.0,3.0,12.0,16.2,0.0,74.0,3.0,2.0,0.0,1.0,1.0,4.0,0.0,83.0,1.0,16.0,2.0,7.0
2026,Round 21,2026-07-31,Western Bulldogs,home,CD_M20260142104,27,Joel Freijah,CD_I1027704,1.0,0.0,6.0,1.0,2.0,0.0,0.0,0.0,0.0,0.0,0.0,0.0,36.8,7.0,14.0,73.7,19.0,14.0,5.0,1.0,2.0,1.0,0.0,0.0,0.0,5.0,10.0,0.0,0.0,0.0,0.0,0.0,0.0,1.0,55.6,0.9,0.0,0.0,9.0,4.0,0.0,1.0,261.0,1.0,17.0,4.2,2.0,0.0,2.0,1.0,1.0,1.0,4.0,7.0,0.0,73.0,5.0,19.0,4.0,12.0
2026,Round 21,2026-07-31,Western Bulldogs,home,CD_M20260142104,6,Cooper Hynes,CD_I1029456,0.0,0.0,2.0,0.0,2.0,0.0,0.0,0.0,0.0,0.0,0.0,0.0,22.7,5.0,4.0,81.8,22.0,18.0,8.0,0.0,0.0,0.0,100.0,0.0,2.0,3.0,12.0,0.0,0.0,0.0,0.0,1.0,0.0,2.0,80.0,0.8,0.0,0.0,10.0,3.0,2.0,0.0,290.0,1.0,6.0,5.8,2.0,0.0,3.0,0.0,2.0,1.0,3.0,2.0,0.0,77.0,3.0,22.0,2.0,17.0
2026,Round 21,2026-07-31,Western Bulldogs,home,CD_M20260142104,32,Arthur Jones,CD_I1020586,2.0,0.0,0.0,0.0,1.0,0.0,0.0,0.0,1.0,0.0,0.0,0.0,40.0,4.0,4.0,50.0,10.0,5.0,3.0,1.0,1.0,2.0,0.0,0.0,0.0,2.0,3.0,0.0,0.0,0.0,0.0,1.0,0.0,1.0,42.9,2.3,0.0,0.0,7.0,2.0,2.0,1.0,218.0,2.0,16.0,2.1,1.0,0.0,7.0,1.0,2.0,2.0,1.0,4.0,1.0,82.0,1.0,10.0,2.0,6.0
2026,Round 21,2026-07-31,Western Bulldogs,home,CD_M20260142104,8,Matthew Kennedy,CD_I1001398,1.0,0.0,0.0,0.0,2.0,0.0,0.0,0.0,2.0,1.0,50.0,0.0,55.6,5.0,3.0,77.8,9.0,7.0,2.0,1.0,0.0,1.0,0.0,0.0,0.0,4.0,5.0,0.0,0.0,0.0,0.0,4.0,0.0,0.0,50.0,0.8,0.0,0.0,4.0,1.0,1.0,1.0,134.0,1.0,7.0,4.3,0.0,0.0,3.0,0.0,1.0,1.0,0.0,2.0,0.0,67.0,0.0,9.0,0.0,4.0
2026,Round 21,2026-07-31,Western Bulldogs,home,CD_M20260142104,24,Buku Khamis,CD_I998782,0.0,0.0,0.0,0.0,3.0,100.0,1.0,1.0,0.0,0.0,0.0,0.0,35.7,5.0,2.0,85.7,14.0,12.0,5.0,0.0,2.0,1.0,0.0,0.0,0.0,4.0,7.0,0.0,0.0,0.0,0.0,1.0,1.0,6.0,71.4,1.0,0.0,0.0,7.0,4.0,0.0,0.0,97.0,9.0,2.0,11.7,1.0,0.0,3.0,2.0,0.0,8.0,1.0,1.0,0.0,90.0,1.0,14.0,1.0,9.0
2026,Round 21,2026-07-31,Western Bulldogs,home,CD_M20260142104,21,Tom Liberatore,CD_I290799,0.0,0.0,12.0,3.0,4.0,0.0,0.0,0.0,0.0,0.0,0.0,0.0,46.7,14.0,5.0,60.7,28.0,17.0,4.0,0.0,0.0,0.0,0.0,0.0,0.0,9.0,17.0,0.0,0.0,0.0,0.0,1.0,0.0,1.0,36.4,0.6,0.0,0.0,11.0,3.0,0.0,1.0,238.0,1.0,10.0,11.8,2.0,0.0,4.0,1.0,1.0,0.0,3.0,3.0,1.0,81.0,6.0,30.0,4.0,16.0
2026,Round 21,2026-07-31,Western Bulldogs,home,CD_M20260142104,7,Rory Lobb,CD_I990740,0.0,0.0,4.0,1.0,1.0,0.0,0.0,0.0,2.0,0.0,0.0,2.0,54.5,6.0,6.0,72.7,11.0,8.0,3.0,1.0,0.0,0.0,100.0,0.0,1.0,4.0,5.0,0.0,0.0,0.0,0.0,2.0,0.0,0.0,50.0,1.2,0.0,0.0,6.0,5.0,2.0,1.0,127.0,3.0,11.0,6.7,0.0,13.0,6.0,0.0,1.0,2.0,0.0,2.0,1.0,87.0,1.0,11.0,1.0,5.0
2026,Round 21,2026-07-31,Western Bulldogs,home,CD_M20260142104,18,James O'Donnell,CD_I1032966,0.0,0.0,0.0,0.0,1.0,0.0,0.0,3.0,0.0,0.0,0.0,0.0,25.0,3.0,2.0,72.7,11.0,8.0,7.0,0.0,0.0,0.0,0.0,0.0,0.0,2.0,2.0,0.0,0.0,0.0,0.0,0.0,2.0,4.0,77.8,4.5,0.0,0.0,9.0,6.0,0.0,0.0,136.0,14.0,2.0,11.3,5.0,0.0,1.0,0.0,0.0,13.0,1.0,0.0,0.0,96.0,1.0,12.0,1.0,9.0
2026,Round 21,2026-07-31,Western Bulldogs,home,CD_M20260142104,20,Ed Richards,CD_I1008280,2.0,0.0,13.0,1.0,3.0,0.0,0.0,0.0,0.0,0.0,0.0,0.0,53.8,14.0,9.0,61.5,26.0,16.0,12.0,3.0,1.0,1.0,0.0,3.0,0.0,11.0,6.0,0.0,0.0,0.0,0.0,9.0,0.0,0.0,60.0,3.3,0.0,0.0,20.0,2.0,0.0,0.0,752.0,1.0,11.0,11.7,5.0,0.0,8.0,2.0,2.0,0.0,8.0,2.0,0.0,82.0,9.0,26.0,5.0,12.0
2026,Round 21,2026-07-31,Western Bulldogs,home,CD_M20260142104,9,Ryley Sanders,CD_I1017939,0.0,1.0,9.0,2.0,4.0,0.0,0.0,0.0,0.0,0.0,0.0,1.0,41.7,10.0,11.0,79.2,24.0,19.0,4.0,1.0,2.0,1.0,100.0,0.0,1.0,7.0,18.0,0.0,0.0,0.0,0.0,0.0,0.0,3.0,66.7,0.3,0.0,0.0,6.0,3.0,1.0,0.0,196.0,0.0,15.0,8.9,1.0,0.0,3.0,1.0,1.0,0.0,1.0,5.0,1.0,81.0,3.0,24.0,4.0,14.0
2026,Round 21,2026-07-31,Western Bulldogs,home,CD_M20260142104,37,Michael Sellwood,CD_I1020621,0.0,0.0,0.0,0.0,5.0,0.0,0.0,0.0,0.0,0.0,0.0,0.0,37.5,6.0,4.0,60.0,15.0,9.0,3.0,0.0,2.0,1.0,0.0,0.0,0.0,6.0,7.0,0.0,0.0,0.0,0.0,1.0,1.0,7.0,37.5,1.1,0.0,0.0,8.0,5.0,0.0,0.0,192.0,2.0,6.0,5.3,2.0,0.0,1.0,0.0,0.0,2.0,0.0,2.0,0.0,82.0,0.0,16.0,5.0,10.0
2026,Round 21,2026-07-31,Western Bulldogs,home,CD_M20260142104,23,Laitham Vandermeer,CD_I1005000,2.0,0.0,0.0,0.0,4.0,0.0,0.0,0.0,0.0,0.0,0.0,0.0,33.3,4.0,2.0,50.0,12.0,6.0,0.0,1.0,1.0,2.0,0.0,0.0,0.0,2.0,7.0,0.0,0.0,0.0,0.0,2.0,0.0,0.0,0.0,0.7,0.0,0.0,5.0,2.0,0.0,0.0,144.0,1.0,4.0,-5.4,0.0,0.0,2.0,0.0,2.0,1.0,0.0,0.0,0.0,60.0,0.0,12.0,3.0,8.0
2026,Round 21,2026-07-31,Western Bulldogs,home,CD_M20260142104,14,Rhylee West,CD_I1006127,0.0,0.0,0.0,0.0,4.0,0.0,0.0,0.0,2.0,0.0,0.0,0.0,50.0,4.0,5.0,50.0,8.0,4.0,2.0,3.0,0.0,0.0,100.0,0.0,1.0,4.0,3.0,0.0,0.0,0.0,0.0,0.0,0.0,0.0,40.0,1.7,0.0,0.0,5.0,1.0,1.0,0.0,84.0,0.0,13.0,3.3,0.0,0.0,3.0,0.0,1.0,0.0,0.0,3.0,1.0,77.0,0.0,8.0,3.0,4.0
2026,Round 21,2026-07-31,Western Bulldogs,home,CD_M20260142104,34,Bailey Williams,CD_I992351,0.0,0.0,0.0,0.0,4.0,0.0,0.0,0.0,0.0,0.0,0.0,0.0,22.2,4.0,9.0,89.5,19.0,17.0,11.0,0.0,1.0,0.0,0.0,0.0,0.0,3.0,6.0,0.0,0.0,0.0,0.0,4.0,0.0,3.0,84.6,2.2,0.0,0.0,13.0,7.0,0.0,1.0,365.0,1.0,10.0,6.4,3.0,0.0,1.0,0.0,0.0,1.0,0.0,4.0,0.0,85.0,0.0,18.0,6.0,14.0
2026,Round 22,2026-08-08,Melbourne,away,CD_M20260142205,17,Jake Bowey,CD_I1012825,0.0,0.0,0.0,0.0,3.0,0.0,0.0,0.0,0.0,0.0,0.0,0.0,25.0,5.0,10.0,83.3,24.0,20.0,12.0,0.0,1.0,0.0,100.0,0.0,1.0,5.0,8.0,0.0,0.0,0.0,0.0,3.0,0.0,7.0,75.0,2.0,4.0,3.0,16.0,4.0,0.0,3.0,610.0,0.0,13.0,13.7,8.0,0.0,3.0,0.0,1.0,0.0,0.0,2.0,0.0,77.0,0.0,20.0,3.0,15.0
2026,Round 22,2026-08-08,Melbourne,away,CD_M20260142205,37,Kade Chandler,CD_I1005330,0.0,0.0,5.0,0.0,1.0,0.0,0.0,0.0,1.0,0.0,0.0,0.0,42.9,3.0,3.0,83.3,6.0,5.0,3.0,0.0,0.0,0.0,100.0,1.0,1.0,2.0,3.0,0.0,0.0,0.0,0.0,1.0,0.0,1.0,100.0,1.0,0.0,0.0,3.0,2.0,1.0,0.0,125.0,1.0,15.0,7.6,0.0,0.0,2.0,0.0,1.0,0.0,0.0,5.0,2.0,80.0,0.0,7.0,0.0,4.0
2026,Round 22,2026-08-08,Melbourne,away,CD_M20260142205,47,Joel Fitzgerald,CD_I1017073,0.0,0.0,25.0,2.0,3.0,0.0,0.0,0.0,0.0,0.0,0.0,0.0,50.0,7.0,11.0,61.5,13.0,8.0,4.0,0.0,1.0,1.0,0.0,0.0,0.0,6.0,5.0,0.0,0.0,0.0,0.0,4.0,0.0,0.0,50.0,1.6,0.0,0.0,8.0,1.0,0.0,0.0,217.0,0.0,21.0,7.6,1.0,0.0,3.0,1.0,0.0,0.0,1.0,7.0,0.0,60.0,3.0,14.0,3.0,7.0
2026,Round 22,2026-08-08,Melbourne,away,CD_M20260142205,31,Bayley Fritsch,CD_I1001438,5.0,0.0,0.0,0.0,1.0,0.0,0.0,0.0,2.0,1.0,50.0,0.0,61.5,8.0,1.0,41.7,12.0,5.0,4.0,3.0,0.0,5.0,28.6,0.0,2.0,3.0,2.0,0.0,0.0,0.0,0.0,1.0,0.0,0.0,40.0,5.0,0.0,0.0,10.0,4.0,3.0,2.0,299.0,1.0,8.0,4.0,0.0,0.0,9.0,1.0,7.0,1.0,1.0,4.0,2.0,87.0,1.0,13.0,0.0,5.0
2026,Round 22,2026-08-08,Melbourne,away,CD_M20260142205,11,Max Gawn,CD_I290528,0.0,0.0,33.0,6.0,3.0,0.0,0.0,0.0,2.0,0.0,0.0,0.0,75.0,12.0,4.0,50.0,16.0,8.0,2.0,1.0,3.0,0.0,0.0,0.0,0.0,6.0,9.0,36.4,40.7,33.0,12.0,4.0,1.0,1.0,28.6,0.8,0.0,0.0,7.0,2.0,0.0,1.0,102.0,2.0,8.0,17.3,0.0,81.0,9.0,7.0,1.0,2.0,2.0,4.0,0.0,84.0,8.0,16.0,1.0,4.0
2026,Round 22,2026-08-08,Melbourne,away,CD_M20260142205,21,Matthew Jefferson,CD_I1023486,0.0,0.0,0.0,0.0,1.0,0.0,0.0,0.0,0.0,0.0,0.0,0.0,50.0,2.0,0.0,75.0,4.0,3.0,1.0,0.0,0.0,1.0,0.0,0.0,0.0,1.0,2.0,0.0,0.0,0.0,0.0,0.0,0.0,0.0,50.0,1.0,0.0,0.0,2.0,1.0,1.0,0.0,62.0,1.0,2.0,2.3,0.0,0.0,2.0,0.0,0.0,1.0,0.0,0.0,0.0,62.0,0.0,4.0,2.0,2.0
2026,Round 22,2026-08-08,Melbourne,away,CD_M20260142205,14,Changkuoth Jiath,CD_I998390,0.0,0.0,0.0,0.0,0.0,0.0,0.0,0.0,0.0,0.0,0.0,1.0,31.3,5.0,3.0,75.0,16.0,12.0,8.0,0.0,0.0,1.0,0.0,0.0,0.0,3.0,5.0,0.0,0.0,0.0,0.0,3.0,2.0,5.0,72.7,2.2,0.0,0.0,11.0,7.0,0.0,0.0,317.0,2.0,6.0,8.2,5.0,0.0,1.0,0.0,0.0,2.0,0.0,1.0,0.0,71.0,0.0,16.0,2.0,11.0
2026,Round 22,2026-08-08,Melbourne,away,CD_M20260142205,15,Ed Langdon,CD_I298264,0.0,0.0,0.0,0.0,1.0,0.0,0.0,0.0,1.0,0.0,0.0,0.0,33.3,3.0,2.0,77.8,9.0,7.0,3.0,1.0,0.0,0.0,0.0,0.0,0.0,1.0,6.0,0.0,0.0,0.0,0.0,2.0,1.0,2.0,100.0,0.5,0.0,0.0,3.0,3.0,0.0,0.0,153.0,0.0,3.0,4.1,1.0,0.0,1.0,0.0,0.0,0.0,1.0,2.0,1.0,94.0,1.0,9.0,2.0,6.0
2026,Round 22,2026-08-08,Melbourne,away,CD_M20260142205,4,Harvey Langford,CD_I1028546,0.0,0.0,0.0,0.0,0.0,0.0,0.0,0.0,1.0,1.0,100.0,2.0,62.5,10.0,9.0,93.8,16.0,15.0,8.0,0.0,0.0,2.0,0.0,0.0,0.0,6.0,7.0,0.0,0.0,0.0,0.0,0.0,0.0,5.0,88.9,1.3,0.0,0.0,9.0,5.0,1.0,1.0,338.0,1.0,14.0,14.3,1.0,0.0,2.0,2.0,1.0,0.0,2.0,7.0,1.0,71.0,2.0,16.0,3.0,6.0
2026,Round 22,2026-08-08,Melbourne,away,CD_M20260142205,16,Bailey Laurie,CD_I1012826,1.0,0.0,0.0,0.0,4.0,0.0,0.0,0.0,0.0,0.0,0.0,0.0,53.8,7.0,2.0,69.2,13.0,9.0,5.0,3.0,0.0,1.0,60.0,0.0,3.0,6.0,5.0,0.0,0.0,0.0,0.0,1.0,1.0,3.0,62.5,1.6,0.0,0.0,8.0,2.0,2.0,0.0,200.0,1.0,8.0,13.1,0.0,0.0,9.0,2.0,5.0,0.0,0.0,2.0,2.0,65.0,0.0,13.0,2.0,6.0
2026,Round 22,2026-08-08,Melbourne,away,CD_M20260142205,8,Jake Lever,CD_I298281,0.0,0.0,0.0,0.0,2.0,0.0,0.0,2.0,0.0,0.0,0.0,0.0,14.3,1.0,2.0,66.7,6.0,4.0,2.0,0.0,0.0,1.0,0.0,0.0,0.0,0.0,2.0,0.0,0.0,0.0,0.0,2.0,2.0,3.0,50.0,2.0,1.0,0.0,4.0,3.0,0.0,0.0,115.0,6.0,3.0,3.2,1.0,0.0,3.0,3.0,0.0,6.0,0.0,1.0,0.0,98.0,0.0,7.0,1.0,6.0
2026,Round 22,2026-08-08,Melbourne,away,CD_M20260142205,25,Tom McDonald,CD_I291533,0.0,0.0,0.0,0.0,1.0,0.0,0.0,2.0,0.0,0.0,0.0,0.0,14.3,1.0,1.0,100.0,6.0,6.0,4.0,0.0,1.0,0.0,0.0,0.0,0.0,0.0,2.0,0.0,0.0,0.0,0.0,0.0,0.0,1.0,100.0,2.0,0.0,0.0,4.0,3.0,0.0,1.0,100.0,7.0,1.0,4.3,3.0,0.0,2.0,1.0,0.0,6.0,0.0,1.0,0.0,96.0,0.0,7.0,0.0,6.0
2026,Round 22,2026-08-08,Melbourne,away,CD_M20260142205,35,Harrison Petty,CD_I1008893,2.0,0.0,0.0,0.0,2.0,0.0,0.0,0.0,6.0,1.0,16.7,0.0,33.3,3.0,2.0,66.7,9.0,6.0,4.0,0.0,1.0,2.0,60.0,2.0,3.0,1.0,3.0,0.0,0.0,0.0,0.0,2.0,0.0,1.0,66.7,2.0,0.0,0.0,6.0,6.0,5.0,3.0,173.0,4.0,17.0,6.9,0.0,1.0,7.0,0.0,5.0,3.0,0.0,3.0,2.0,85.0,0.0,9.0,1.0,6.0
2026,Round 22,2026-08-08,Melbourne,away,CD_M20260142205,36,Kysaiah Pickett,CD_I1008541,1.0,2.0,29.0,1.0,7.0,0.0,0.0,0.0,0.0,0.0,0.0,1.0,37.5,9.0,11.0,59.3,27.0,16.0,9.0,1.0,2.0,4.0,50.0,3.0,2.0,4.0,10.0,0.0,0.0,0.0,0.0,3.0,0.0,2.0,52.9,1.7,0.0,0.0,17.0,3.0,1.0,0.0,458.0,1.0,20.0,8.6,1.0,0.0,13.0,0.0,4.0,0.0,1.0,6.0,1.0,81.0,2.0,24.0,4.0,15.0
2026,Round 22,2026-08-08,Melbourne,away,CD_M20260142205,24,Trent Rivers,CD_I1009378,1.0,0.0,0.0,0.0,5.0,0.0,0.0,0.0,0.0,0.0,0.0,0.0,27.3,6.0,8.0,75.0,24.0,18.0,9.0,0.0,1.0,2.0,0.0,1.0,0.0,4.0,11.0,0.0,0.0,0.0,0.0,3.0,2.0,6.0,69.2,1.2,2.0,2.0,13.0,4.0,0.0,0.0,465.0,2.0,10.0,9.8,6.0,0.0,9.0,3.0,1.0,2.0,1.0,2.0,1.0,71.0,1.0,22.0,5.0,16.0
2026,Round 22,2026-08-08,Melbourne,away,CD_M20260142205,3,Christian Salem,CD_I296359,0.0,0.0,0.0,0.0,1.0,0.0,0.0,0.0,1.0,0.0,0.0,0.0,33.3,2.0,3.0,83.3,6.0,5.0,1.0,1.0,0.0,1.0,0.0,0.0,0.0,1.0,4.0,0.0,0.0,0.0,0.0,1.0,0.0,1.0,50.0,0.5,0.0,0.0,2.0,0.0,0.0,0.0,75.0,0.0,6.0,2.8,1.0,0.0,2.0,1.0,0.0,0.0,0.0,4.0,0.0,43.0,0.0,6.0,0.0,4.0
2026,Round 22,2026-08-08,Melbourne,away,CD_M20260142205,30,Harry Sharp,CD_I1007099,1.0,1.0,0.0,0.0,2.0,100.0,1.0,1.0,0.0,0.0,0.0,0.0,75.0,9.0,1.0,71.4,14.0,10.0,9.0,2.0,0.0,2.0,75.0,0.0,3.0,6.0,2.0,0.0,0.0,0.0,0.0,5.0,0.0,1.0,75.0,6.0,0.0,0.0,12.0,0.0,0.0,0.0,420.0,1.0,7.0,22.8,0.0,0.0,6.0,1.0,4.0,0.0,1.0,3.0,3.0,84.0,1.0,12.0,3.0,3.0
2026,Round 22,2026-08-08,Melbourne,away,CD_M20260142205,32,Tom Sparrow,CD_I999391,0.0,0.0,28.0,3.0,4.0,0.0,0.0,0.0,0.0,0.0,0.0,0.0,42.9,9.0,6.0,66.7,24.0,16.0,9.0,0.0,1.0,0.0,100.0,1.0,2.0,5.0,9.0,0.0,0.0,0.0,0.0,5.0,0.0,2.0,60.0,1.7,0.0,0.0,15.0,2.0,0.0,1.0,459.0,1.0,11.0,17.8,1.0,0.0,8.0,1.0,2.0,1.0,1.0,4.0,0.0,77.0,4.0,21.0,3.0,12.0
2026,Round 22,2026-08-08,Melbourne,away,CD_M20260142205,9,Jack Steele,CD_I296205,0.0,0.0,27.0,3.0,4.0,0.0,0.0,0.0,0.0,0.0,0.0,0.0,66.7,12.0,10.0,70.6,17.0,12.0,2.0,1.0,2.0,4.0,0.0,2.0,0.0,7.0,12.0,0.0,0.0,0.0,0.0,2.0,0.0,3.0,40.0,0.4,0.0,0.0,5.0,2.0,0.0,0.0,171.0,3.0,18.0,12.0,1.0,0.0,6.0,3.0,0.0,0.0,3.0,4.0,0.0,73.0,6.0,18.0,2.0,6.0
2026,Round 22,2026-08-08,Melbourne,away,CD_M20260142205,12,Koltyn Tholstrup,CD_I1023640,0.0,0.0,0.0,0.0,1.0,0.0,0.0,1.0,0.0,0.0,0.0,1.0,39.1,9.0,6.0,86.4,22.0,19.0,7.0,0.0,1.0,1.0,0.0,1.0,0.0,7.0,13.0,0.0,0.0,0.0,0.0,4.0,1.0,6.0,77.8,0.7,0.0,0.0,9.0,4.0,0.0,2.0,190.0,1.0,11.0,10.0,2.0,0.0,5.0,1.0,0.0,1.0,1.0,2.0,0.0,87.0,1.0,23.0,1.0,14.0
2026,Round 22,2026-08-08,Melbourne,away,CD_M20260142205,10,Daniel Turner,CD_I1020959,0.0,0.0,0.0,0.0,4.0,50.0,1.0,2.0,1.0,1.0,100.0,1.0,46.7,7.0,2.0,75.0,16.0,12.0,5.0,0.0,1.0,0.0,0.0,0.0,0.0,5.0,8.0,0.0,0.0,0.0,0.0,1.0,3.0,8.0,62.5,1.0,0.0,0.0,8.0,5.0,0.0,0.0,228.0,2.0,4.0,9.0,2.0,0.0,1.0,0.0,0.0,2.0,0.0,1.0,0.0,100.0,0.0,15.0,2.0,8.0
2026,Round 22,2026-08-08,Melbourne,away,CD_M20260142205,2,Jacob van Rooyen,CD_I1017720,0.0,0.0,5.0,2.0,2.0,0.0,0.0,0.0,0.0,0.0,0.0,0.0,75.0,6.0,2.0,62.5,8.0,5.0,1.0,1.0,2.0,1.0,0.0,0.0,0.0,5.0,5.0,0.0,8.3,1.0,0.0,2.0,1.0,2.0,33.3,0.6,0.0,0.0,3.0,1.0,0.0,0.0,71.0,1.0,3.0,3.5,0.0,12.0,2.0,1.0,0.0,1.0,0.0,1.0,0.0,81.0,2.0,8.0,1.0,2.0
2026,Round 22,2026-08-08,Melbourne,away,CD_M20260142205,6,Caleb Windsor,CD_I1027821,0.0,3.0,0.0,0.0,3.0,0.0,0.0,0.0,1.0,0.0,0.0,0.0,11.8,2.0,2.0,40.0,15.0,6.0,3.0,0.0,2.0,0.0,0.0,1.0,0.0,1.0,7.0,0.0,0.0,0.0,0.0,7.0,0.0,0.0,37.5,1.1,0.0,0.0,8.0,3.0,0.0,0.0,390.0,1.0,14.0,2.9,0.0,0.0,6.0,0.0,1.0,0.0,0.0,2.0,1.0,72.0,0.0,17.0,4.0,15.0
2026,Round 23,2026-08-14,Adelaide,home,CD_M20260142303,4,Callum Ah Chee,CD_I298437,1.0,0.0,0.0,0.0,2.0,0.0,0.0,0.0,0.0,0.0,0.0,0.0,42.9,3.0,4.0,50.0,8.0,4.0,2.0,1.0,0.0,0.0,50.0,1.0,1.0,3.0,2.0,0.0,0.0,0.0,0.0,1.0,0.0,0.0,33.3,3.0,0.0,0.0,6.0,1.0,0.0,1.0,177.0,0.0,13.0,5.2,0.0,0.0,4.0,0.0,2.0,0.0,0.0,5.0,3.0,83.0,0.0,7.0,2.0,4.0
2026,Round 23,2026-08-14,Adelaide,home,CD_M20260142303,3,Sam Berry,CD_I1012807,0.0,0.0,20.0,0.0,1.0,0.0,0.0,0.0,0.0,0.0,0.0,0.0,50.0,6.0,7.0,63.6,11.0,7.0,1.0,0.0,1.0,0.0,0.0,0.0,0.0,5.0,7.0,0.0,0.0,0.0,0.0,1.0,0.0,2.0,25.0,0.6,0.0,0.0,4.0,2.0,0.0,0.0,96.0,0.0,19.0,3.2,1.0,0.0,1.0,0.0,0.0,0.0,3.0,3.0,0.0,66.0,3.0,12.0,3.0,6.0
2026,Round 23,2026-08-14,Adelaide,home,CD_M20260142303,35,James Borlase,CD_I1009029,0.0,0.0,0.0,0.0,1.0,16.7,1.0,6.0,0.0,0.0,0.0,0.0,50.0,4.0,4.0,88.9,9.0,8.0,4.0,0.0,0.0,1.0,0.0,0.0,0.0,3.0,4.0,0.0,0.0,0.0,0.0,2.0,1.0,4.0,80.0,1.3,0.0,0.0,5.0,3.0,0.0,0.0,150.0,12.0,6.0,7.6,2.0,0.0,1.0,1.0,0.0,11.0,0.0,2.0,0.0,89.0,0.0,8.0,1.0,4.0
2026,Round 23,2026-08-14,Adelaide,home,CD_M20260142303,15,Brayden Cook,CD_I1018335,0.0,0.0,0.0,0.0,3.0,0.0,0.0,0.0,1.0,0.0,0.0,0.0,31.3,5.0,6.0,93.3,15.0,14.0,8.0,1.0,2.0,1.0,100.0,0.0,2.0,3.0,6.0,0.0,0.0,0.0,0.0,1.0,0.0,2.0,88.9,1.5,0.0,0.0,9.0,4.0,0.0,1.0,259.0,1.0,11.0,11.6,1.0,0.0,4.0,1.0,2.0,0.0,1.0,0.0,0.0,79.0,1.0,16.0,2.0,11.0
2026,Round 23,2026-08-14,Adelaide,home,CD_M20260142303,44,Isaac Cumming,CD_I1001396,0.0,0.0,0.0,0.0,3.0,0.0,0.0,1.0,0.0,0.0,0.0,1.0,60.0,6.0,5.0,33.3,9.0,3.0,3.0,0.0,3.0,2.0,0.0,0.0,0.0,3.0,1.0,0.0,0.0,0.0,0.0,1.0,1.0,6.0,37.5,8.0,0.0,0.0,8.0,2.0,0.0,1.0,202.0,4.0,13.0,4.1,3.0,0.0,1.0,1.0,0.0,3.0,0.0,6.0,0.0,69.0,0.0,10.0,3.0,4.0
2026,Round 23,2026-08-14,Adelaide,home,CD_M20260142303,6,Daniel Curtin,CD_I1024023,0.0,0.0,7.0,1.0,1.0,0.0,0.0,0.0,0.0,0.0,0.0,1.0,52.9,9.0,7.0,68.8,16.0,11.0,8.0,0.0,0.0,2.0,0.0,1.0,0.0,6.0,4.0,0.0,0.0,0.0,0.0,3.0,0.0,3.0,66.7,3.0,0.0,0.0,12.0,3.0,0.0,0.0,318.0,5.0,20.0,13.4,1.0,0.0,3.0,1.0,0.0,4.0,1.0,4.0,1.0,78.0,2.0,17.0,3.0,8.0
2026,Round 23,2026-08-14,Adelaide,home,CD_M20260142303,12,Jordan Dawson,CD_I992242,0.0,0.0,28.0,6.0,2.0,0.0,0.0,0.0,0.0,0.0,0.0,1.0,63.6,14.0,15.0,59.3,27.0,16.0,9.0,1.0,0.0,1.0,0.0,1.0,0.0,9.0,12.0,0.0,0.0,0.0,0.0,7.0,0.0,3.0,60.0,1.3,0.0,0.0,15.0,3.0,0.0,1.0,439.0,0.0,26.0,18.2,1.0,0.0,5.0,1.0,0.0,0.0,4.0,8.0,0.0,78.0,10.0,22.0,4.0,8.0
2026,Round 23,2026-08-14,Adelaide,home,CD_M20260142303,32,Darcy Fogarty,CD_I999331,1.0,0.0,0.0,0.0,2.0,0.0,0.0,0.0,2.0,0.0,0.0,0.0,22.2,2.0,1.0,77.8,9.0,7.0,5.0,1.0,2.0,0.0,66.7,0.0,2.0,2.0,2.0,0.0,0.0,0.0,0.0,4.0,0.0,1.0,71.4,3.5,0.0,0.0,7.0,4.0,2.0,1.0,275.0,0.0,5.0,9.3,0.0,0.0,4.0,0.0,3.0,0.0,0.0,2.0,1.0,81.0,0.0,9.0,2.0,7.0
2026,Round 23,2026-08-14,Adelaide,home,CD_M20260142303,40,Hugo Hall-Kahan,CD_I1023273,0.0,0.0,0.0,0.0,3.0,0.0,0.0,2.0,0.0,0.0,0.0,0.0,23.5,4.0,4.0,75.0,20.0,15.0,11.0,0.0,0.0,1.0,0.0,1.0,0.0,3.0,4.0,0.0,0.0,0.0,0.0,2.0,0.0,4.0,68.8,4.0,2.0,2.0,16.0,4.0,0.0,0.0,495.0,0.0,6.0,10.2,6.0,0.0,2.0,1.0,0.0,0.0,2.0,2.0,0.0,80.0,2.0,17.0,5.0,13.0
2026,Round 23,2026-08-14,Adelaide,home,CD_M20260142303,48,Mark Keane,CD_I1013974,0.0,0.0,0.0,0.0,4.0,50.0,1.0,2.0,0.0,0.0,0.0,1.0,58.3,7.0,4.0,66.7,18.0,12.0,12.0,0.0,2.0,1.0,0.0,0.0,0.0,3.0,0.0,0.0,0.0,0.0,0.0,0.0,3.0,11.0,66.7,18.0,9.0,6.0,18.0,3.0,0.0,0.0,380.0,3.0,4.0,13.5,3.0,0.0,1.0,1.0,0.0,1.0,0.0,2.0,0.0,92.0,0.0,12.0,5.0,5.0
2026,Round 23,2026-08-14,Adelaide,home,CD_M20260142303,2,Ben Keays,CD_I993946,1.0,0.0,0.0,0.0,2.0,0.0,0.0,0.0,1.0,0.0,0.0,1.0,60.0,6.0,1.0,70.0,10.0,7.0,4.0,2.0,1.0,0.0,0.0,3.0,0.0,5.0,4.0,0.0,0.0,0.0,0.0,2.0,0.0,1.0,66.7,1.5,0.0,0.0,6.0,3.0,0.0,2.0,198.0,0.0,5.0,8.5,0.0,0.0,6.0,1.0,1.0,0.0,1.0,1.0,0.0,87.0,1.0,10.0,3.0,4.0
2026,Round 23,2026-08-14,Adelaide,home,CD_M20260142303,29,Rory Laird,CD_I293222,0.0,0.0,0.0,0.0,0.0,0.0,0.0,0.0,0.0,0.0,0.0,0.0,22.7,5.0,5.0,77.3,22.0,17.0,7.0,0.0,0.0,1.0,100.0,0.0,1.0,4.0,12.0,0.0,0.0,0.0,0.0,1.0,1.0,7.0,70.0,0.8,1.0,0.0,10.0,5.0,0.0,0.0,195.0,3.0,7.0,7.5,1.0,0.0,4.0,1.0,1.0,1.0,1.0,0.0,0.0,72.0,1.0,22.0,3.0,17.0
2026,Round 23,2026-08-14,Adelaide,home,CD_M20260142303,42,Lachlan McAndrew,CD_I1021200,0.0,0.0,28.0,3.0,3.0,0.0,0.0,1.0,1.0,1.0,100.0,4.0,92.3,12.0,7.0,42.9,14.0,6.0,4.0,0.0,1.0,1.0,0.0,0.0,0.0,6.0,5.0,27.8,41.9,36.0,10.0,4.0,2.0,3.0,44.4,1.8,0.0,0.0,9.0,4.0,0.0,0.0,251.0,7.0,13.0,18.5,2.0,86.0,8.0,5.0,0.0,7.0,2.0,2.0,0.0,79.0,5.0,13.0,3.0,1.0
2026,Round 23,2026-08-14,Adelaide,home,CD_M20260142303,16,Max Michalanney,CD_I1015370,0.0,0.0,0.0,0.0,1.0,0.0,0.0,2.0,0.0,0.0,0.0,0.0,40.0,4.0,6.0,75.0,8.0,6.0,4.0,0.0,0.0,2.0,0.0,0.0,0.0,1.0,3.0,0.0,0.0,0.0,0.0,0.0,0.0,2.0,80.0,1.7,0.0,0.0,5.0,4.0,0.0,0.0,185.0,6.0,7.0,0.6,4.0,0.0,1.0,0.0,0.0,4.0,1.0,2.0,0.0,81.0,1.0,10.0,1.0,6.0
2026,Round 23,2026-08-14,Adelaide,home,CD_M20260142303,39,Toby Murray,CD_I1020950,0.0,0.0,5.0,0.0,0.0,0.0,0.0,0.0,1.0,0.0,0.0,0.0,50.0,1.0,6.0,50.0,2.0,1.0,1.0,0.0,0.0,1.0,0.0,0.0,0.0,0.0,0.0,0.0,13.3,2.0,0.0,2.0,0.0,0.0,50.0,2.0,0.0,0.0,2.0,1.0,0.0,0.0,68.0,3.0,7.0,2.3,0.0,15.0,0.0,0.0,0.0,3.0,1.0,1.0,0.0,51.0,1.0,2.0,0.0,1.0
2026,Round 23,2026-08-14,Adelaide,home,CD_M20260142303,27,Luke Nankervis,CD_I1021031,0.0,0.0,0.0,0.0,1.0,0.0,0.0,0.0,0.0,0.0,0.0,0.0,20.0,2.0,18.0,90.0,10.0,9.0,6.0,0.0,1.0,0.0,0.0,0.0,0.0,2.0,3.0,0.0,0.0,0.0,0.0,0.0,1.0,4.0,85.7,2.3,0.0,0.0,7.0,3.0,0.0,0.0,148.0,1.0,18.0,4.1,4.0,0.0,1.0,0.0,0.0,1.0,0.0,3.0,0.0,75.0,0.0,10.0,3.0,8.0
2026,Round 23,2026-08-14,Adelaide,home,CD_M20260142303,25,James Peatling,CD_I1006013,1.0,0.0,7.0,0.0,1.0,0.0,0.0,0.0,0.0,0.0,0.0,0.0,14.3,1.0,6.0,55.6,9.0,5.0,3.0,0.0,0.0,1.0,0.0,1.0,0.0,0.0,2.0,0.0,0.0,0.0,0.0,1.0,1.0,1.0,42.9,3.5,0.0,0.0,7.0,1.0,1.0,0.0,146.0,0.0,11.0,1.8,3.0,0.0,2.0,1.0,1.0,0.0,1.0,1.0,0.0,65.0,1.0,7.0,2.0,6.0
2026,Round 23,2026-08-14,Adelaide,home,CD_M20260142303,8,Josh Rachele,CD_I1017051,1.0,0.0,0.0,0.0,4.0,0.0,0.0,0.0,0.0,0.0,0.0,0.0,50.0,5.0,3.0,77.8,9.0,7.0,4.0,1.0,1.0,1.0,66.7,1.0,2.0,4.0,3.0,0.0,0.0,0.0,0.0,2.0,0.0,1.0,66.7,2.0,0.0,0.0,6.0,3.0,2.0,2.0,159.0,0.0,12.0,7.7,0.0,0.0,6.0,1.0,3.0,0.0,0.0,1.0,0.0,81.0,0.0,10.0,4.0,5.0
2026,Round 23,2026-08-14,Adelaide,home,CD_M20260142303,23,Izak Rankine,CD_I1001195,3.0,1.0,26.0,2.0,2.0,0.0,0.0,0.0,0.0,0.0,0.0,0.0,40.5,15.0,13.0,69.2,39.0,27.0,14.0,1.0,0.0,1.0,25.0,0.0,1.0,12.0,14.0,0.0,0.0,0.0,0.0,5.0,1.0,4.0,56.0,1.8,0.0,0.0,25.0,9.0,0.0,1.0,719.0,1.0,25.0,18.2,5.0,0.0,13.0,5.0,4.0,0.0,8.0,6.0,1.0,87.0,10.0,37.0,5.0,22.0
2026,Round 23,2026-08-14,Adelaide,home,CD_M20260142303,14,Jake Soligo,CD_I1017109,0.0,0.0,11.0,0.0,1.0,0.0,0.0,0.0,1.0,0.0,0.0,1.0,63.2,12.0,9.0,63.2,19.0,12.0,4.0,1.0,1.0,0.0,0.0,1.0,0.0,10.0,11.0,0.0,0.0,0.0,0.0,2.0,0.0,5.0,50.0,0.7,0.0,0.0,8.0,3.0,0.0,0.0,105.0,0.0,20.0,10.2,0.0,0.0,4.0,1.0,0.0,0.0,0.0,3.0,1.0,80.0,0.0,19.0,5.0,7.0
2026,Round 23,2026-08-14,Adelaide,home,CD_M20260142303,19,Zac Taylor,CD_I1017065,0.0,0.0,0.0,0.0,3.0,0.0,0.0,0.0,0.0,0.0,0.0,0.0,28.6,4.0,3.0,64.3,14.0,9.0,6.0,2.0,1.0,0.0,66.7,0.0,2.0,4.0,6.0,0.0,0.0,0.0,0.0,1.0,0.0,1.0,75.0,1.3,0.0,0.0,8.0,4.0,0.0,1.0,253.0,0.0,12.0,9.5,1.0,0.0,6.0,0.0,3.0,0.0,0.0,2.0,1.0,78.0,0.0,14.0,3.0,10.0
2026,Round 23,2026-08-14,Adelaide,home,CD_M20260142303,7,Riley Thilthorpe,CD_I1008384,1.0,0.0,0.0,0.0,0.0,0.0,0.0,0.0,5.0,3.0,60.0,2.0,66.7,6.0,0.0,44.4,9.0,4.0,4.0,1.0,0.0,2.0,66.7,0.0,2.0,1.0,2.0,0.0,14.3,1.0,0.0,4.0,0.0,0.0,57.1,3.5,0.0,0.0,7.0,4.0,1.0,0.0,178.0,2.0,4.0,7.3,0.0,7.0,4.0,0.0,3.0,0.0,0.0,1.0,0.0,84.0,0.0,9.0,4.0,3.0
2026,Round 23,2026-08-14,Adelaide,home,CD_M20260142303,24,Josh Worrell,CD_I1011981,0.0,0.0,0.0,0.0,2.0,0.0,0.0,1.0,0.0,0.0,0.0,0.0,22.2,2.0,7.0,84.6,13.0,11.0,6.0,0.0,1.0,0.0,0.0,0.0,0.0,2.0,5.0,0.0,0.0,0.0,0.0,0.0,0.0,3.0,75.0,1.6,4.0,3.0,8.0,2.0,0.0,0.0,271.0,3.0,7.0,6.3,6.0,0.0,1.0,1.0,0.0,3.0,0.0,1.0,0.0,87.0,0.0,9.0,2.0,7.0
2026,Round 24,2026-08-22,Carlton,away,CD_M20260142403,13,Blake Acres,CD_I296294,0.0,0.0,0.0,0.0,3.0,0.0,0.0,0.0,0.0,0.0,0.0,0.0,23.5,4.0,5.0,88.2,17.0,15.0,10.0,0.0,3.0,0.0,100.0,1.0,1.0,4.0,5.0,0.0,0.0,0.0,0.0,3.0,0.0,2.0,83.3,2.4,0.0,0.0,12.0,5.0,0.0,2.0,123.0,2.0,13.0,11.1,0.0,0.0,6.0,0.0,1.0,2.0,1.0,1.0,0.0,74.0,1.0,17.0,3.0,13.0
2026,Round 24,2026-08-22,Carlton,away,CD_M20260142403,12,Ben Ainsworth,CD_I998130,1.0,2.0,0.0,0.0,2.0,0.0,0.0,0.0,0.0,0.0,0.0,1.0,25.0,5.0,0.0,80.0,20.0,16.0,8.0,1.0,0.0,0.0,75.0,2.0,3.0,4.0,8.0,0.0,0.0,0.0,0.0,6.0,0.0,3.0,66.7,1.5,0.0,0.0,12.0,10.0,4.0,2.0,447.0,2.0,8.0,19.0,0.0,0.0,9.0,0.0,4.0,1.0,0.0,1.0,1.0,78.0,0.0,20.0,1.0,15.0
2026,Round 24,2026-08-22,Carlton,away,CD_M20260142403,39,Talor Byrne,CD_I1036426,0.0,0.0,0.0,0.0,0.0,0.0,0.0,0.0,1.0,0.0,0.0,0.0,33.3,2.0,6.0,66.7,6.0,4.0,2.0,2.0,0.0,1.0,0.0,1.0,0.0,2.0,2.0,0.0,0.0,0.0,0.0,0.0,0.0,0.0,50.0,2.0,0.0,0.0,4.0,1.0,1.0,1.0,76.0,0.0,9.0,5.4,0.0,0.0,2.0,0.0,0.0,0.0,2.0,3.0,1.0,73.0,2.0,6.0,1.0,4.0
2026,Round 24,2026-08-22,Carlton,away,CD_M20260142403,5,Adam Cerra,CD_I1002239,0.0,1.0,0.0,0.0,4.0,0.0,0.0,0.0,0.0,0.0,0.0,0.0,5.9,1.0,16.0,80.0,20.0,16.0,12.0,0.0,1.0,0.0,0.0,0.0,0.0,1.0,4.0,0.0,0.0,0.0,0.0,2.0,1.0,1.0,75.0,4.0,3.0,3.0,16.0,8.0,0.0,0.0,410.0,3.0,19.0,5.5,3.0,0.0,3.0,1.0,1.0,2.0,0.0,2.0,0.0,87.0,0.0,17.0,4.0,16.0
2026,Round 24,2026-08-22,Carlton,away,CD_M20260142403,46,Matthew Cottrell,CD_I1008154,0.0,0.0,0.0,0.0,2.0,0.0,0.0,0.0,0.0,0.0,0.0,0.0,29.4,5.0,4.0,70.6,17.0,12.0,4.0,3.0,0.0,0.0,0.0,2.0,0.0,5.0,9.0,0.0,0.0,0.0,0.0,4.0,0.0,3.0,50.0,0.9,0.0,0.0,8.0,5.0,1.0,2.0,243.0,1.0,11.0,8.3,1.0,0.0,5.0,2.0,0.0,1.0,0.0,1.0,0.0,81.0,0.0,17.0,4.0,12.0
2026,Round 24,2026-08-22,Carlton,away,CD_M20260142403,2,Lachlan Cowan,CD_I1021353,0.0,1.0,0.0,0.0,0.0,0.0,0.0,0.0,0.0,0.0,0.0,0.0,26.7,4.0,7.0,81.3,16.0,13.0,9.0,0.0,0.0,1.0,0.0,0.0,0.0,3.0,4.0,0.0,0.0,0.0,0.0,0.0,2.0,7.0,75.0,3.0,0.0,0.0,12.0,8.0,0.0,0.0,281.0,3.0,10.0,8.3,6.0,0.0,2.0,0.0,0.0,3.0,0.0,2.0,0.0,81.0,0.0,15.0,1.0,11.0
2026,Round 24,2026-08-22,Carlton,away,CD_M20260142403,9,Patrick Cripps,CD_I990704,0.0,0.0,28.0,4.0,2.0,0.0,0.0,0.0,0.0,0.0,0.0,0.0,40.0,10.0,8.0,79.2,24.0,19.0,5.0,2.0,1.0,2.0,100.0,1.0,1.0,5.0,16.0,0.0,0.0,0.0,0.0,5.0,0.0,1.0,62.5,0.5,0.0,0.0,8.0,2.0,0.0,1.0,278.0,1.0,19.0,13.5,0.0,3.0,9.0,3.0,1.0,0.0,4.0,7.0,2.0,78.0,8.0,25.0,2.0,15.0
2026,Round 24,2026-08-22,Carlton,away,CD_M20260142403,35,Harry Dean,CD_I1033084,0.0,0.0,0.0,0.0,1.0,0.0,0.0,1.0,0.0,0.0,0.0,1.0,25.0,3.0,5.0,91.7,12.0,11.0,7.0,0.0,0.0,1.0,0.0,0.0,0.0,1.0,5.0,0.0,0.0,0.0,0.0,0.0,0.0,2.0,100.0,1.4,0.0,0.0,7.0,7.0,0.0,0.0,7.0,3.0,5.0,4.0,1.0,0.0,4.0,0.0,0.0,3.0,0.0,1.0,0.0,86.0,0.0,12.0,1.0,9.0
2026,Round 24,2026-08-22,Carlton,away,CD_M20260142403,47,Wade Derksen,CD_I1016140,0.0,0.0,0.0,0.0,1.0,100.0,1.0,1.0,0.0,0.0,0.0,1.0,26.7,4.0,2.0,80.0,15.0,12.0,11.0,0.0,0.0,0.0,0.0,0.0,0.0,3.0,2.0,0.0,0.0,0.0,0.0,0.0,1.0,4.0,84.6,6.5,0.0,0.0,13.0,10.0,0.0,0.0,157.0,3.0,2.0,2.9,1.0,0.0,6.0,2.0,0.0,2.0,0.0,1.0,0.0,83.0,0.0,15.0,1.0,11.0
2026,Round 24,2026-08-22,Carlton,away,CD_M20260142403,44,Francis Evans,CD_I1017255,0.0,0.0,0.0,0.0,1.0,0.0,0.0,0.0,0.0,0.0,0.0,1.0,45.5,5.0,2.0,90.9,11.0,10.0,5.0,2.0,0.0,0.0,100.0,1.0,5.0,4.0,5.0,0.0,0.0,0.0,0.0,2.0,0.0,2.0,83.3,1.2,0.0,0.0,6.0,4.0,2.0,0.0,200.0,0.0,10.0,18.3,0.0,0.0,9.0,2.0,5.0,0.0,0.0,2.0,1.0,74.0,0.0,11.0,1.0,6.0
2026,Round 24,2026-08-22,Carlton,away,CD_M20260142403,14,Oliver Florent,CD_I998103,0.0,1.0,0.0,0.0,5.0,0.0,0.0,0.0,0.0,0.0,0.0,0.0,23.1,6.0,5.0,75.9,29.0,22.0,11.0,0.0,1.0,0.0,0.0,1.0,0.0,6.0,13.0,0.0,0.0,0.0,0.0,4.0,1.0,5.0,68.8,1.2,3.0,2.0,16.0,5.0,0.0,1.0,420.0,0.0,8.0,12.7,2.0,0.0,5.0,2.0,0.0,0.0,1.0,1.0,0.0,76.0,1.0,26.0,6.0,20.0
2026,Round 24,2026-08-22,Carlton,away,CD_M20260142403,29,George Hewett,CD_I294036,0.0,0.0,26.0,5.0,4.0,0.0,0.0,0.0,0.0,0.0,0.0,0.0,43.3,13.0,6.0,69.0,29.0,20.0,8.0,2.0,1.0,0.0,0.0,0.0,0.0,10.0,15.0,0.0,0.0,0.0,0.0,4.0,0.0,2.0,57.1,0.9,0.0,0.0,14.0,3.0,0.0,2.0,234.0,1.0,10.0,15.0,2.0,0.0,8.0,2.0,0.0,1.0,1.0,2.0,0.0,73.0,6.0,30.0,4.0,17.0
2026,Round 24,2026-08-22,Carlton,away,CD_M20260142403,4,Oliver Hollands,CD_I1023495,0.0,0.0,0.0,0.0,3.0,0.0,0.0,0.0,0.0,0.0,0.0,0.0,6.7,1.0,10.0,66.7,15.0,10.0,6.0,0.0,2.0,2.0,100.0,0.0,1.0,0.0,6.0,0.0,0.0,0.0,0.0,0.0,0.0,1.0,66.7,1.5,0.0,0.0,9.0,5.0,0.0,0.0,162.0,1.0,17.0,2.1,1.0,0.0,3.0,0.0,1.0,1.0,0.0,4.0,0.0,85.0,0.0,15.0,5.0,14.0
2026,Round 24,2026-08-22,Carlton,away,CD_M20260142403,17,Brodie Kemp,CD_I1009241,0.0,0.0,0.0,0.0,0.0,0.0,0.0,1.0,0.0,0.0,0.0,0.0,23.1,3.0,1.0,76.9,13.0,10.0,8.0,1.0,0.0,2.0,75.0,2.0,3.0,1.0,2.0,0.0,0.0,0.0,0.0,6.0,0.0,1.0,72.7,5.5,0.0,0.0,11.0,5.0,2.0,2.0,237.0,0.0,7.0,14.6,0.0,0.0,8.0,1.0,4.0,0.0,0.0,3.0,2.0,91.0,0.0,13.0,3.0,10.0
2026,Round 24,2026-08-22,Carlton,away,CD_M20260142403,36,Cooper Lord,CD_I1032108,1.0,0.0,0.0,0.0,5.0,0.0,0.0,0.0,1.0,0.0,0.0,2.0,28.6,6.0,3.0,57.1,21.0,12.0,4.0,0.0,0.0,0.0,0.0,0.0,0.0,3.0,10.0,0.0,0.0,0.0,0.0,2.0,1.0,3.0,36.4,1.1,0.0,0.0,11.0,5.0,1.0,1.0,148.0,1.0,10.0,2.3,1.0,0.0,6.0,2.0,1.0,0.0,2.0,0.0,0.0,82.0,2.0,21.0,6.0,15.0
2026,Round 24,2026-08-22,Carlton,away,CD_M20260142403,11,Mitch McGovern,CD_I297255,2.0,0.0,0.0,0.0,3.0,0.0,0.0,0.0,4.0,2.0,50.0,1.0,53.8,7.0,2.0,50.0,12.0,6.0,2.0,3.0,1.0,2.0,0.0,2.0,0.0,4.0,4.0,0.0,0.0,0.0,0.0,1.0,0.0,2.0,25.0,2.0,0.0,0.0,8.0,4.0,3.0,2.0,242.0,1.0,10.0,1.3,0.0,0.0,7.0,0.0,3.0,1.0,0.0,1.0,1.0,77.0,0.0,13.0,4.0,6.0
2026,Round 24,2026-08-22,Carlton,away,CD_M20260142403,10,Harry McKay,CD_I1000953,1.0,0.0,3.0,0.0,3.0,0.0,0.0,0.0,3.0,3.0,100.0,3.0,66.7,6.0,1.0,57.1,7.0,4.0,3.0,1.0,2.0,1.0,40.0,1.0,2.0,1.0,1.0,0.0,0.0,0.0,0.0,1.0,0.0,0.0,50.0,6.0,0.0,0.0,6.0,4.0,4.0,0.0,121.0,0.0,3.0,4.9,0.0,5.0,5.0,0.0,5.0,0.0,0.0,0.0,0.0,86.0,0.0,9.0,2.0,3.0
2026,Round 24,2026-08-22,Carlton,away,CD_M20260142403,27,Marc Pittonet,CD_I298290,0.0,0.0,26.0,4.0,4.0,0.0,0.0,0.0,0.0,0.0,0.0,0.0,53.3,8.0,5.0,64.7,17.0,11.0,2.0,0.0,3.0,1.0,0.0,0.0,0.0,4.0,9.0,45.0,30.3,20.0,9.0,0.0,2.0,3.0,25.0,0.9,0.0,0.0,8.0,3.0,0.0,0.0,57.0,2.0,10.0,15.3,1.0,66.0,6.0,6.0,0.0,2.0,3.0,2.0,0.0,74.0,7.0,15.0,2.0,7.0
2026,Round 24,2026-08-22,Carlton,away,CD_M20260142403,7,Jagga Smith,CD_I1028515,1.0,1.0,23.0,1.0,0.0,0.0,0.0,0.0,0.0,0.0,0.0,0.0,30.0,9.0,7.0,87.1,31.0,27.0,12.0,2.0,0.0,0.0,50.0,0.0,1.0,8.0,17.0,0.0,0.0,0.0,0.0,5.0,0.0,2.0,85.7,0.8,0.0,0.0,14.0,3.0,1.0,0.0,287.0,0.0,14.0,16.7,1.0,0.0,10.0,2.0,2.0,0.0,4.0,3.0,0.0,74.0,5.0,30.0,1.0,21.0
2026,Round 24,2026-08-22,Carlton,away,CD_M20260142403,18,Sam Walsh,CD_I1006094,1.0,1.0,25.0,4.0,4.0,0.0,0.0,0.0,0.0,0.0,0.0,0.0,40.6,13.0,5.0,75.0,32.0,24.0,10.0,0.0,1.0,0.0,50.0,1.0,1.0,10.0,16.0,0.0,0.0,0.0,0.0,4.0,0.0,3.0,62.5,1.0,0.0,0.0,16.0,4.0,1.0,0.0,492.0,0.0,11.0,18.8,1.0,0.0,8.0,0.0,2.0,0.0,4.0,1.0,0.0,75.0,8.0,32.0,4.0,19.0
2026,Round 24,2026-08-22,Carlton,away,CD_M20260142403,23,Jacob Weitering,CD_I993832,0.0,0.0,0.0,0.0,0.0,0.0,0.0,1.0,0.0,0.0,0.0,1.0,21.4,3.0,0.0,100.0,14.0,14.0,11.0,0.0,0.0,0.0,0.0,0.0,0.0,2.0,3.0,0.0,0.0,0.0,0.0,1.0,1.0,3.0,100.0,3.7,0.0,0.0,11.0,10.0,0.0,0.0,189.0,2.0,2.0,5.5,3.0,0.0,4.0,1.0,0.0,2.0,0.0,0.0,0.0,64.0,0.0,14.0,0.0,11.0
2026,Round 24,2026-08-22,Carlton,away,CD_M20260142403,15,Billy Wilson,CD_I1027678,0.0,2.0,0.0,0.0,0.0,0.0,0.0,0.0,0.0,0.0,0.0,0.0,7.1,1.0,2.0,88.9,18.0,16.0,15.0,0.0,0.0,0.0,0.0,0.0,0.0,1.0,2.0,0.0,0.0,0.0,0.0,1.0,1.0,2.0,93.8,8.0,4.0,4.0,16.0,9.0,0.0,2.0,321.0,0.0,5.0,4.3,4.0,0.0,5.0,1.0,0.0,0.0,0.0,1.0,0.0,79.0,0.0,14.0,2.0,13.0
2026,Round 24,2026-08-22,Carlton,away,CD_M20260142403,33,Lewis Young,CD_I997316,2.0,0.0,5.0,1.0,0.0,0.0,0.0,3.0,0.0,0.0,0.0,0.0,41.2,7.0,2.0,70.6,17.0,12.0,4.0,0.0,0.0,1.0,0.0,0.0,0.0,5.0,10.0,50.0,18.2,2.0,1.0,1.0,2.0,6.0,57.1,0.7,0.0,0.0,7.0,7.0,2.0,0.0,125.0,1.0,3.0,3.8,0.0,11.0,4.0,2.0,2.0,1.0,2.0,1.0,1.0,67.0,3.0,17.0,3.0,10.0
2026,Qualifying & Elimination Finals,2026-09-03,Hawthorn,home,CD_M20260142601,10,Karl Amon,CD_I297354,0.0,0.0,0.0,0.0,4.0,0.0,0.0,0.0,0.0,0.0,0.0,0.0,21.1,4.0,10.0,76.5,17.0,13.0,11.0,0.0,1.0,0.0,0.0,1.0,0.0,3.0,2.0,0.0,0.0,0.0,0.0,1.0,1.0,4.0,73.3,7.5,1.0,1.0,15.0,6.0,0.0,0.0,539.0,4.0,13.0,6.1,5.0,0.0,2.0,1.0,0.0,1.0,0.0,1.0,0.0,78.0,0.0,19.0,8.0,15.0
2026,Qualifying & Elimination Finals,2026-09-03,Hawthorn,home,CD_M20260142601,37,Tom Barrass,CD_I990290,0.0,0.0,0.0,0.0,0.0,33.3,1.0,3.0,0.0,0.0,0.0,1.0,55.6,5.0,4.0,77.8,9.0,7.0,5.0,0.0,0.0,1.0,0.0,0.0,0.0,3.0,2.0,0.0,0.0,0.0,0.0,1.0,2.0,5.0,71.4,3.5,0.0,0.0,7.0,2.0,0.0,0.0,95.0,4.0,4.0,5.4,3.0,0.0,1.0,0.0,0.0,4.0,0.0,1.0,0.0,91.0,0.0,9.0,2.0,4.0
2026,Qualifying & Elimination Finals,2026-09-03,Hawthorn,home,CD_M20260142601,24,Josh Battle,CD_I998134,0.0,0.0,0.0,0.0,3.0,25.0,1.0,4.0,0.0,0.0,0.0,2.0,53.8,7.0,5.0,87.5,16.0,14.0,10.0,0.0,1.0,0.0,0.0,0.0,0.0,3.0,5.0,0.0,0.0,0.0,0.0,1.0,4.0,10.0,90.9,2.2,3.0,3.0,11.0,5.0,0.0,0.0,339.0,9.0,5.0,12.1,5.0,0.0,3.0,2.0,0.0,7.0,0.0,1.0,0.0,100.0,0.0,13.0,4.0,6.0
2026,Qualifying & Elimination Finals,2026-09-03,Hawthorn,home,CD_M20260142601,40,Max Beattie,CD_I1029417,0.0,0.0,0.0,0.0,1.0,0.0,0.0,0.0,1.0,0.0,0.0,0.0,33.3,1.0,3.0,100.0,2.0,2.0,1.0,0.0,1.0,0.0,0.0,0.0,0.0,1.0,1.0,0.0,0.0,0.0,0.0,1.0,0.0,0.0,100.0,1.0,0.0,0.0,1.0,0.0,0.0,0.0,44.0,0.0,17.0,2.8,0.0,0.0,1.0,0.0,0.0,0.0,0.0,4.0,2.0,57.0,0.0,3.0,1.0,2.0
2026,Qualifying & Elimination Finals,2026-09-03,Hawthorn,home,CD_M20260142601,18,Mabior Chol,CD_I994077,0.0,0.0,1.0,0.0,2.0,0.0,0.0,0.0,2.0,0.0,0.0,1.0,80.0,4.0,5.0,60.0,5.0,3.0,1.0,0.0,0.0,0.0,100.0,0.0,1.0,2.0,3.0,100.0,33.3,1.0,1.0,2.0,0.0,0.0,50.0,0.7,0.0,0.0,2.0,1.0,1.0,0.0,24.0,5.0,18.0,8.9,0.0,3.0,3.0,0.0,1.0,2.0,0.0,3.0,3.0,67.0,0.0,5.0,2.0,1.0
2026,Qualifying & Elimination Finals,2026-09-03,Hawthorn,home,CD_M20260142601,16,Massimo D'Ambrosio,CD_I1005144,2.0,0.0,0.0,0.0,4.0,0.0,0.0,0.0,0.0,0.0,0.0,1.0,32.0,8.0,5.0,75.0,24.0,18.0,9.0,0.0,2.0,2.0,0.0,0.0,0.0,5.0,10.0,0.0,0.0,0.0,0.0,5.0,2.0,7.0,64.3,1.4,0.0,0.0,14.0,6.0,2.0,0.0,457.0,0.0,15.0,9.5,1.0,0.0,7.0,2.0,2.0,0.0,2.0,4.0,1.0,84.0,2.0,25.0,3.0,17.0
2026,Qualifying & Elimination Finals,2026-09-03,Hawthorn,home,CD_M20260142601,12,Will Day,CD_I1008550,1.0,0.0,17.0,3.0,3.0,0.0,0.0,0.0,0.0,0.0,0.0,1.0,63.6,14.0,4.0,54.2,24.0,13.0,5.0,2.0,0.0,1.0,0.0,0.0,0.0,11.0,9.0,0.0,0.0,0.0,0.0,5.0,1.0,7.0,33.3,1.7,0.0,0.0,15.0,3.0,0.0,0.0,474.0,0.0,10.0,9.7,0.0,0.0,3.0,0.0,2.0,0.0,5.0,2.0,1.0,77.0,8.0,22.0,7.0,8.0
2026,Qualifying & Elimination Finals,2026-09-03,Hawthorn,home,CD_M20260142601,33,Jack Ginnivan,CD_I1012857,1.0,0.0,0.0,0.0,0.0,0.0,0.0,0.0,0.0,0.0,0.0,0.0,15.4,2.0,7.0,69.2,13.0,9.0,7.0,0.0,0.0,0.0,33.3,0.0,1.0,1.0,3.0,0.0,0.0,0.0,0.0,2.0,1.0,3.0,70.0,3.3,0.0,0.0,10.0,5.0,3.0,3.0,234.0,3.0,23.0,7.7,1.0,0.0,5.0,1.0,3.0,2.0,0.0,4.0,2.0,73.0,0.0,13.0,1.0,11.0
2026,Qualifying & Elimination Finals,2026-09-03,Hawthorn,home,CD_M20260142601,19,Jack Gunston,CD_I291351,1.0,0.0,0.0,0.0,1.0,0.0,0.0,0.0,5.0,2.0,40.0,1.0,50.0,3.0,2.0,60.0,5.0,3.0,3.0,0.0,1.0,1.0,66.7,0.0,2.0,0.0,0.0,0.0,0.0,0.0,0.0,0.0,0.0,0.0,60.0,5.0,0.0,0.0,5.0,3.0,1.0,1.0,77.0,2.0,11.0,5.7,0.0,0.0,3.0,0.0,3.0,1.0,0.0,1.0,1.0,84.0,0.0,6.0,1.0,3.0
2026,Qualifying & Elimination Finals,2026-09-03,Hawthorn,home,CD_M20260142601,15,Blake Hardwick,CD_I993794,0.0,0.0,0.0,0.0,1.0,100.0,1.0,1.0,0.0,0.0,0.0,0.0,41.7,5.0,11.0,76.9,13.0,10.0,7.0,0.0,0.0,0.0,0.0,1.0,0.0,4.0,3.0,0.0,0.0,0.0,0.0,0.0,1.0,8.0,70.0,3.3,1.0,1.0,10.0,4.0,0.0,0.0,213.0,3.0,17.0,9.8,4.0,0.0,2.0,2.0,0.0,1.0,0.0,2.0,0.0,89.0,0.0,12.0,2.0,7.0
2026,Qualifying & Elimination Finals,2026-09-03,Hawthorn,home,CD_M20260142601,4,Jarman Impey,CD_I296254,0.0,1.0,0.0,0.0,0.0,0.0,0.0,0.0,0.0,0.0,0.0,0.0,20.0,2.0,10.0,72.7,11.0,8.0,7.0,0.0,0.0,0.0,0.0,0.0,0.0,1.0,2.0,0.0,0.0,0.0,0.0,3.0,0.0,2.0,77.8,4.5,2.0,2.0,9.0,4.0,0.0,0.0,339.0,1.0,10.0,3.8,2.0,0.0,1.0,0.0,0.0,0.0,0.0,1.0,0.0,82.0,0.0,10.0,4.0,8.0
2026,Qualifying & Elimination Finals,2026-09-03,Hawthorn,home,CD_M20260142601,2,Mitch Lewis,CD_I1000887,1.0,0.0,0.0,0.0,2.0,0.0,0.0,0.0,4.0,0.0,0.0,1.0,35.7,5.0,5.0,64.3,14.0,9.0,5.0,1.0,1.0,2.0,50.0,1.0,1.0,2.0,5.0,0.0,0.0,0.0,0.0,5.0,0.0,2.0,55.6,1.8,0.0,0.0,9.0,3.0,1.0,1.0,292.0,4.0,17.0,9.1,0.0,1.0,4.0,0.0,2.0,4.0,0.0,2.0,1.0,76.0,0.0,14.0,4.0,9.0
2026,Qualifying & Elimination Finals,2026-09-03,Hawthorn,home,CD_M20260142601,42,Bailey Macdonald,CD_I1029261,0.0,1.0,0.0,0.0,2.0,0.0,0.0,0.0,0.0,0.0,0.0,0.0,55.6,5.0,11.0,62.5,8.0,5.0,2.0,0.0,0.0,0.0,0.0,0.0,0.0,4.0,4.0,0.0,0.0,0.0,0.0,0.0,0.0,4.0,50.0,1.0,0.0,0.0,4.0,2.0,0.0,0.0,73.0,1.0,17.0,7.2,2.0,0.0,2.0,1.0,0.0,0.0,0.0,3.0,0.0,67.0,0.0,9.0,2.0,4.0
2026,Qualifying & Elimination Finals,2026-09-03,Hawthorn,home,CD_M20260142601,9,Connor Macdonald,CD_I1017094,0.0,0.0,4.0,1.0,1.0,0.0,0.0,0.0,0.0,0.0,0.0,0.0,56.3,9.0,7.0,82.4,17.0,14.0,3.0,2.0,0.0,0.0,0.0,0.0,0.0,8.0,11.0,0.0,0.0,0.0,0.0,2.0,0.0,4.0,50.0,0.5,0.0,0.0,6.0,2.0,0.0,0.0,198.0,1.0,20.0,11.9,2.0,0.0,3.0,3.0,1.0,0.0,2.0,2.0,0.0,71.0,3.0,16.0,4.0,7.0
2026,Qualifying & Elimination Finals,2026-09-03,Hawthorn,home,CD_M20260142601,28,Cam Mackenzie,CD_I1023482,0.0,0.0,7.0,0.0,3.0,0.0,0.0,0.0,0.0,0.0,0.0,0.0,42.1,8.0,8.0,60.0,20.0,12.0,5.0,0.0,0.0,0.0,0.0,2.0,0.0,8.0,10.0,0.0,0.0,0.0,0.0,7.0,0.0,3.0,50.0,1.0,0.0,0.0,10.0,0.0,0.0,0.0,452.0,1.0,16.0,13.7,1.0,0.0,4.0,2.0,0.0,0.0,3.0,2.0,0.0,67.0,3.0,19.0,8.0,11.0
2026,Qualifying & Elimination Finals,2026-09-03,Hawthorn,home,CD_M20260142601,17,Lloyd Meek,CD_I1000980,0.0,0.0,18.0,2.0,4.0,100.0,1.0,1.0,1.0,0.0,0.0,0.0,75.0,6.0,3.0,87.5,8.0,7.0,2.0,1.0,3.0,1.0,0.0,0.0,0.0,5.0,6.0,26.9,45.6,26.0,7.0,0.0,2.0,2.0,100.0,0.3,0.0,0.0,2.0,2.0,0.0,0.0,51.0,1.0,7.0,8.4,4.0,57.0,1.0,1.0,0.0,1.0,3.0,1.0,0.0,79.0,5.0,8.0,1.0,2.0
2026,Qualifying & Elimination Finals,2026-09-03,Hawthorn,home,CD_M20260142601,8,Dylan Moore,CD_I1006314,1.0,0.0,0.0,0.0,0.0,0.0,0.0,0.0,0.0,0.0,0.0,0.0,50.0,7.0,8.0,73.3,15.0,11.0,6.0,0.0,0.0,1.0,66.7,1.0,2.0,6.0,6.0,0.0,0.0,0.0,0.0,3.0,0.0,3.0,66.7,1.5,0.0,0.0,9.0,4.0,1.0,1.0,202.0,0.0,25.0,15.7,1.0,0.0,6.0,0.0,3.0,0.0,1.0,8.0,4.0,77.0,1.0,14.0,2.0,7.0
2026,Qualifying & Elimination Finals,2026-09-03,Hawthorn,home,CD_M20260142601,1,Harry Morrison,CD_I1000963,0.0,0.0,0.0,1.0,0.0,0.0,0.0,0.0,0.0,0.0,0.0,1.0,35.3,6.0,6.0,86.7,15.0,13.0,7.0,1.0,0.0,1.0,100.0,0.0,1.0,2.0,7.0,0.0,0.0,0.0,0.0,2.0,0.0,1.0,87.5,1.1,0.0,0.0,8.0,5.0,1.0,1.0,219.0,3.0,15.0,10.3,1.0,0.0,3.0,0.0,1.0,1.0,1.0,2.0,0.0,86.0,2.0,17.0,2.0,11.0
2026,Qualifying & Elimination Finals,2026-09-03,Hawthorn,home,CD_M20260142601,3,Jai Newcombe,CD_I1020895,0.0,0.0,17.0,2.0,2.0,0.0,0.0,0.0,0.0,0.0,0.0,0.0,36.4,8.0,7.0,66.7,21.0,14.0,5.0,0.0,1.0,0.0,0.0,0.0,0.0,3.0,13.0,0.0,0.0,0.0,0.0,1.0,0.0,1.0,62.5,0.6,0.0,0.0,8.0,1.0,0.0,0.0,398.0,2.0,17.0,7.6,3.0,0.0,3.0,0.0,0.0,1.0,2.0,6.0,1.0,79.0,4.0,22.0,4.0,14.0
2026,Qualifying & Elimination Finals,2026-09-03,Hawthorn,home,CD_M20260142601,6,James Sicily,CD_I297566,0.0,0.0,0.0,0.0,4.0,0.0,0.0,4.0,0.0,0.0,0.0,2.0,45.0,9.0,2.0,80.8,26.0,21.0,17.0,0.0,1.0,3.0,0.0,1.0,0.0,5.0,5.0,0.0,0.0,0.0,0.0,3.0,2.0,12.0,81.0,4.2,3.0,3.0,21.0,10.0,0.0,0.0,579.0,5.0,3.0,11.2,9.0,0.0,7.0,5.0,0.0,5.0,0.0,0.0,0.0,85.0,0.0,20.0,4.0,11.0
2026,Qualifying & Elimination Finals,2026-09-03,Hawthorn,home,CD_M20260142601,25,Josh Ward,CD_I1017110,0.0,0.0,8.0,1.0,1.0,0.0,0.0,0.0,0.0,0.0,0.0,0.0,50.0,6.0,12.0,90.0,10.0,9.0,3.0,1.0,1.0,0.0,0.0,0.0,0.0,4.0,6.0,0.0,0.0,0.0,0.0,0.0,0.0,2.0,75.0,0.7,0.0,0.0,4.0,1.0,0.0,1.0,82.0,3.0,19.0,10.9,0.0,0.0,4.0,1.0,0.0,1.0,1.0,4.0,1.0,77.0,2.0,12.0,1.0,6.0
2026,Qualifying & Elimination Finals,2026-09-03,Hawthorn,home,CD_M20260142601,5,Nick Watson,CD_I1023473,2.0,0.0,4.0,0.0,4.0,0.0,0.0,0.0,0.0,0.0,0.0,0.0,44.4,8.0,0.0,47.4,19.0,9.0,7.0,4.0,0.0,0.0,40.0,2.0,2.0,8.0,4.0,0.0,0.0,0.0,0.0,5.0,0.0,2.0,46.7,3.8,0.0,0.0,15.0,2.0,1.0,1.0,447.0,0.0,12.0,14.3,2.0,0.0,9.0,0.0,5.0,0.0,0.0,0.0,0.0,81.0,0.0,18.0,5.0,10.0
2026,Qualifying & Elimination Finals,2026-09-03,Hawthorn,home,CD_M20260142601,23,Josh Weddle,CD_I1027935,1.0,0.0,0.0,0.0,0.0,0.0,0.0,2.0,0.0,0.0,0.0,1.0,50.0,8.0,9.0,62.5,16.0,10.0,6.0,2.0,0.0,0.0,0.0,0.0,0.0,7.0,6.0,0.0,27.3,3.0,0.0,2.0,1.0,2.0,60.0,1.7,0.0,0.0,10.0,6.0,0.0,1.0,433.0,2.0,15.0,9.2,3.0,11.0,3.0,1.0,1.0,2.0,2.0,3.0,0.0,75.0,2.0,16.0,4.0,8.0
2026,Semi Finals,2026-09-11,Geelong,home,CD_M20260142701,30,Tom Atkins,CD_I994386,0.0,0.0,7.0,0.0,1.0,0.0,0.0,1.0,0.0,0.0,0.0,0.0,66.7,6.0,10.0,88.9,9.0,8.0,1.0,3.0,1.0,0.0,0.0,0.0,0.0,6.0,8.0,0.0,0.0,0.0,0.0,0.0,0.0,2.0,100.0,0.1,0.0,0.0,1.0,0.0,0.0,0.0,33.0,4.0,22.0,11.7,0.0,0.0,2.0,1.0,0.0,3.0,1.0,6.0,1.0,70.0,1.0,9.0,0.0,3.0
2026,Semi Finals,2026-09-11,Geelong,home,CD_M20260142701,46,Mark Blicavs,CD_I296733,1.0,0.0,9.0,1.0,1.0,0.0,0.0,1.0,1.0,0.0,0.0,0.0,55.6,5.0,6.0,37.5,8.0,3.0,1.0,1.0,1.0,0.0,0.0,0.0,0.0,3.0,3.0,0.0,20.0,5.0,0.0,2.0,0.0,2.0,20.0,1.7,0.0,0.0,5.0,1.0,0.0,0.0,156.0,7.0,12.0,7.5,1.0,25.0,4.0,1.0,2.0,5.0,1.0,2.0,0.0,72.0,2.0,9.0,2.0,4.0
2026,Semi Finals,2026-09-11,Geelong,home,CD_M20260142701,4,Tanner Bruhn,CD_I1012805,0.0,1.0,0.0,0.0,2.0,0.0,0.0,0.0,0.0,0.0,0.0,0.0,18.8,3.0,1.0,83.3,18.0,15.0,13.0,0.0,0.0,0.0,0.0,0.0,0.0,3.0,4.0,0.0,0.0,0.0,0.0,4.0,0.0,3.0,92.9,3.5,3.0,2.0,14.0,6.0,0.0,1.0,543.0,0.0,6.0,6.7,6.0,0.0,4.0,1.0,0.0,0.0,0.0,1.0,0.0,70.0,0.0,16.0,4.0,13.0
2026,Semi Finals,2026-09-11,Geelong,home,CD_M20260142701,5,Jeremy Cameron,CD_I293845,0.0,1.0,0.0,0.0,3.0,0.0,0.0,0.0,0.0,0.0,0.0,0.0,14.3,2.0,2.0,71.4,14.0,10.0,8.0,0.0,1.0,0.0,66.7,1.0,2.0,2.0,2.0,0.0,0.0,0.0,0.0,1.0,0.0,2.0,66.7,6.0,0.0,0.0,12.0,2.0,0.0,0.0,323.0,1.0,2.0,8.7,2.0,0.0,6.0,0.0,3.0,0.0,1.0,0.0,0.0,86.0,1.0,14.0,4.0,12.0
2026,Semi Finals,2026-09-11,Geelong,home,CD_M20260142701,45,Brad Close,CD_I999326,0.0,0.0,0.0,0.0,3.0,0.0,0.0,0.0,2.0,0.0,0.0,0.0,50.0,5.0,1.0,70.0,10.0,7.0,2.0,2.0,1.0,0.0,0.0,2.0,0.0,5.0,8.0,0.0,0.0,0.0,0.0,1.0,0.0,2.0,100.0,0.3,0.0,0.0,2.0,1.0,0.0,1.0,93.0,0.0,17.0,8.0,0.0,0.0,4.0,1.0,0.0,0.0,0.0,2.0,1.0,72.0,0.0,10.0,2.0,5.0
2026,Semi Finals,2026-09-11,Geelong,home,CD_M20260142701,35,Patrick Dangerfield,CD_I270917,2.0,0.0,2.0,0.0,3.0,0.0,0.0,0.0,0.0,0.0,0.0,1.0,40.0,6.0,5.0,64.3,14.0,9.0,3.0,4.0,1.0,0.0,40.0,2.0,2.0,5.0,7.0,0.0,0.0,0.0,0.0,4.0,0.0,2.0,42.9,1.0,0.0,0.0,7.0,3.0,2.0,1.0,263.0,0.0,20.0,13.0,0.0,0.0,9.0,2.0,5.0,0.0,0.0,7.0,4.0,89.0,0.0,15.0,1.0,9.0
2026,Semi Finals,2026-09-11,Geelong,home,CD_M20260142701,28,Oliver Dempsey,CD_I1025034,1.0,0.0,0.0,0.0,1.0,0.0,0.0,0.0,3.0,1.0,33.3,1.0,41.2,7.0,4.0,52.9,17.0,9.0,1.0,1.0,0.0,0.0,0.0,0.0,0.0,6.0,10.0,0.0,0.0,0.0,0.0,3.0,0.0,3.0,14.3,0.7,0.0,0.0,7.0,4.0,0.0,0.0,280.0,2.0,10.0,4.8,0.0,0.0,3.0,1.0,1.0,1.0,2.0,3.0,1.0,91.0,2.0,17.0,4.0,10.0
2026,Semi Finals,2026-09-11,Geelong,home,CD_M20260142701,11,Mitchell Edwards,CD_I1024304,0.0,0.0,29.0,2.0,4.0,0.0,0.0,0.0,0.0,0.0,0.0,1.0,75.0,6.0,9.0,55.6,9.0,5.0,2.0,1.0,3.0,2.0,0.0,1.0,0.0,3.0,4.0,15.8,32.8,19.0,3.0,3.0,1.0,4.0,40.0,1.3,0.0,0.0,5.0,1.0,0.0,0.0,148.0,0.0,11.0,6.0,1.0,58.0,3.0,2.0,0.0,0.0,0.0,0.0,0.0,69.0,2.0,8.0,3.0,2.0
2026,Semi Finals,2026-09-11,Geelong,home,CD_M20260142701,39,Zach Guthrie,CD_I1004870,0.0,0.0,0.0,0.0,2.0,0.0,0.0,2.0,0.0,0.0,0.0,1.0,29.4,5.0,4.0,88.9,18.0,16.0,12.0,0.0,0.0,0.0,0.0,1.0,0.0,4.0,4.0,0.0,0.0,0.0,0.0,3.0,5.0,8.0,85.7,3.5,1.0,1.0,14.0,7.0,0.0,0.0,392.0,3.0,4.0,14.2,5.0,0.0,3.0,2.0,0.0,3.0,1.0,0.0,0.0,76.0,1.0,17.0,3.0,12.0
2026,Semi Finals,2026-09-11,Geelong,home,CD_M20260142701,38,Jack Henry,CD_I1000937,0.0,0.0,0.0,0.0,1.0,25.0,1.0,4.0,0.0,0.0,0.0,0.0,77.8,7.0,5.0,70.0,10.0,7.0,2.0,0.0,1.0,3.0,0.0,0.0,0.0,4.0,6.0,0.0,0.0,0.0,0.0,0.0,0.0,8.0,50.0,0.7,0.0,0.0,4.0,0.0,0.0,0.0,93.0,9.0,6.0,13.1,2.0,0.0,2.0,1.0,0.0,9.0,0.0,2.0,0.0,95.0,0.0,9.0,2.0,2.0
2026,Semi Finals,2026-09-11,Geelong,home,CD_M20260142701,36,Oliver Henry,CD_I1012860,1.0,0.0,0.0,0.0,2.0,0.0,0.0,0.0,0.0,0.0,0.0,1.0,65.0,13.0,4.0,65.0,20.0,13.0,7.0,4.0,1.0,4.0,71.4,0.0,5.0,8.0,9.0,0.0,0.0,0.0,0.0,3.0,0.0,1.0,63.6,1.2,0.0,0.0,11.0,5.0,4.0,2.0,386.0,1.0,18.0,23.2,0.0,0.0,8.0,0.0,7.0,1.0,0.0,2.0,2.0,81.0,0.0,20.0,4.0,7.0
2026,Semi Finals,2026-09-11,Geelong,home,CD_M20260142701,9,Max Holmes,CD_I1015889,0.0,0.0,19.0,3.0,1.0,0.0,0.0,0.0,0.0,0.0,0.0,0.0,47.4,9.0,2.0,72.2,18.0,13.0,4.0,0.0,1.0,0.0,0.0,0.0,0.0,8.0,11.0,0.0,0.0,0.0,0.0,1.0,0.0,2.0,57.1,0.6,0.0,0.0,7.0,1.0,0.0,0.0,187.0,0.0,8.0,11.2,0.0,0.0,7.0,3.0,0.0,0.0,2.0,0.0,0.0,68.0,5.0,19.0,2.0,10.0
2026,Semi Finals,2026-09-11,Geelong,home,CD_M20260142701,17,Lawson Humphries,CD_I1013464,0.0,1.0,0.0,0.0,2.0,0.0,0.0,0.0,0.0,0.0,0.0,0.0,25.0,5.0,5.0,81.8,22.0,18.0,15.0,1.0,1.0,0.0,0.0,0.0,0.0,5.0,3.0,0.0,0.0,0.0,0.0,2.0,2.0,7.0,78.9,6.3,4.0,2.0,19.0,7.0,0.0,1.0,492.0,0.0,5.0,12.6,7.0,0.0,2.0,1.0,0.0,0.0,0.0,1.0,0.0,77.0,0.0,20.0,5.0,15.0
2026,Semi Finals,2026-09-11,Geelong,home,CD_M20260142701,7,Shaun Mannagh,CD_I993878,2.0,0.0,17.0,1.0,4.0,0.0,0.0,0.0,0.0,0.0,0.0,0.0,41.2,7.0,12.0,47.1,17.0,8.0,2.0,0.0,0.0,0.0,50.0,0.0,2.0,6.0,7.0,0.0,0.0,0.0,0.0,1.0,0.0,1.0,20.0,1.4,0.0,0.0,10.0,1.0,1.0,1.0,211.0,0.0,14.0,8.6,1.0,0.0,6.0,0.0,4.0,0.0,3.0,3.0,0.0,64.0,4.0,17.0,3.0,10.0
2026,Semi Finals,2026-09-11,Geelong,home,CD_M20260142701,32,Gryan Miers,CD_I1004938,0.0,1.0,0.0,0.0,0.0,0.0,0.0,0.0,1.0,0.0,0.0,0.0,33.3,4.0,6.0,83.3,12.0,10.0,6.0,3.0,0.0,0.0,0.0,0.0,0.0,4.0,5.0,0.0,0.0,0.0,0.0,2.0,0.0,1.0,85.7,1.4,0.0,0.0,7.0,5.0,0.0,2.0,243.0,2.0,18.0,8.2,2.0,0.0,7.0,1.0,0.0,0.0,1.0,4.0,2.0,78.0,1.0,12.0,1.0,8.0
2026,Semi Finals,2026-09-11,Geelong,home,CD_M20260142701,34,Oisin Mullin,CD_I1024982,1.0,0.0,27.0,5.0,3.0,0.0,0.0,0.0,0.0,0.0,0.0,0.0,64.7,11.0,4.0,52.9,17.0,9.0,4.0,1.0,0.0,1.0,0.0,1.0,0.0,9.0,7.0,0.0,0.0,0.0,0.0,3.0,0.0,1.0,40.0,1.4,0.0,0.0,10.0,1.0,0.0,0.0,258.0,2.0,20.0,12.9,1.0,0.0,7.0,3.0,1.0,0.0,0.0,5.0,1.0,75.0,5.0,17.0,2.0,6.0
2026,Semi Finals,2026-09-11,Geelong,home,CD_M20260142701,33,Shannon Neale,CD_I1016433,1.0,0.0,0.0,0.0,2.0,0.0,0.0,0.0,1.0,0.0,0.0,1.0,37.5,3.0,2.0,62.5,8.0,5.0,3.0,0.0,1.0,1.0,60.0,1.0,3.0,2.0,2.0,0.0,33.3,3.0,0.0,1.0,0.0,0.0,50.0,3.0,0.0,0.0,6.0,3.0,2.0,1.0,108.0,1.0,14.0,6.0,0.0,9.0,6.0,1.0,5.0,1.0,0.0,1.0,0.0,94.0,0.0,8.0,1.0,5.0
2026,Semi Finals,2026-09-11,Geelong,home,CD_M20260142701,42,Mark O'Connor,CD_I1007102,0.0,0.0,16.0,0.0,1.0,0.0,0.0,0.0,0.0,0.0,0.0,0.0,46.2,6.0,7.0,84.6,13.0,11.0,5.0,0.0,0.0,1.0,0.0,0.0,0.0,5.0,6.0,0.0,0.0,0.0,0.0,1.0,1.0,3.0,71.4,1.2,0.0,0.0,7.0,4.0,0.0,0.0,190.0,0.0,15.0,7.8,4.0,0.0,3.0,0.0,0.0,0.0,1.0,4.0,0.0,77.0,1.0,13.0,2.0,7.0
2026,Semi Finals,2026-09-11,Geelong,home,CD_M20260142701,14,Connor O'Sullivan,CD_I1027877,0.0,0.0,0.0,0.0,2.0,100.0,1.0,1.0,0.0,0.0,0.0,0.0,20.0,3.0,8.0,86.7,15.0,13.0,6.0,0.0,0.0,0.0,0.0,0.0,0.0,3.0,7.0,0.0,0.0,0.0,0.0,0.0,1.0,2.0,75.0,1.1,0.0,0.0,8.0,9.0,0.0,1.0,175.0,3.0,9.0,5.0,3.0,0.0,4.0,1.0,0.0,3.0,1.0,2.0,0.0,92.0,1.0,15.0,3.0,12.0
2026,Semi Finals,2026-09-11,Geelong,home,CD_M20260142701,2,Jay Polkinghorne,CD_I1027428,0.0,0.0,0.0,0.0,0.0,0.0,0.0,0.0,1.0,0.0,0.0,0.0,25.0,1.0,0.0,75.0,4.0,3.0,2.0,0.0,0.0,1.0,0.0,1.0,0.0,0.0,2.0,0.0,0.0,0.0,0.0,2.0,0.0,0.0,100.0,1.0,0.0,0.0,2.0,1.0,0.0,0.0,95.0,0.0,4.0,-0.3,0.0,0.0,1.0,0.0,0.0,0.0,0.0,0.0,0.0,63.0,0.0,4.0,1.0,3.0
2026,Semi Finals,2026-09-11,Geelong,home,CD_M20260142701,3,Bailey Smith,CD_I1006130,0.0,0.0,22.0,1.0,5.0,0.0,0.0,0.0,0.0,0.0,0.0,0.0,33.3,10.0,12.0,62.1,29.0,18.0,11.0,1.0,2.0,0.0,0.0,3.0,0.0,8.0,10.0,0.0,0.0,0.0,0.0,8.0,0.0,1.0,57.9,1.9,1.0,1.0,19.0,6.0,0.0,3.0,751.0,1.0,23.0,10.4,1.0,0.0,11.0,1.0,0.0,0.0,4.0,7.0,0.0,88.0,5.0,30.0,5.0,20.0
2026,Semi Finals,2026-09-11,Geelong,home,CD_M20260142701,44,Tom Stewart,CD_I291800,0.0,3.0,0.0,0.0,2.0,100.0,1.0,1.0,0.0,0.0,0.0,0.0,33.3,4.0,5.0,92.9,14.0,13.0,7.0,0.0,1.0,0.0,100.0,0.0,1.0,3.0,6.0,0.0,0.0,0.0,0.0,0.0,1.0,4.0,87.5,1.3,3.0,3.0,8.0,5.0,1.0,0.0,248.0,1.0,7.0,10.2,6.0,0.0,3.0,2.0,1.0,0.0,0.0,0.0,0.0,79.0,0.0,12.0,2.0,8.0
2026,Semi Finals,2026-09-11,Geelong,home,CD_M20260142701,21,Oliver Wiltshire,CD_I1020881,0.0,0.0,0.0,0.0,5.0,0.0,0.0,0.0,0.0,0.0,0.0,0.0,45.5,5.0,5.0,63.6,11.0,7.0,3.0,3.0,0.0,2.0,100.0,0.0,1.0,3.0,7.0,0.0,0.0,0.0,0.0,2.0,0.0,3.0,75.0,0.6,0.0,0.0,4.0,2.0,1.0,0.0,140.0,1.0,14.0,1.2,0.0,0.0,4.0,1.0,1.0,0.0,0.0,3.0,0.0,74.0,0.0,11.0,2.0,6.0
2026,Preliminary Finals,2026-09-18,Sydney,away,CD_M20260142802,16,Braeden Campbell,CD_I1013133,2.0,1.0,2.0,2.0,3.0,0.0,0.0,0.0,1.0,0.0,0.0,0.0,60.0,6.0,4.0,53.8,13.0,7.0,3.0,0.0,0.0,1.0,33.3,0.0,1.0,5.0,4.0,0.0,0.0,0.0,0.0,5.0,0.0,2.0,33.3,2.3,0.0,0.0,9.0,0.0,0.0,0.0,268.0,2.0,19.0,12.0,0.0,0.0,6.0,2.0,3.0,1.0,0.0,5.0,1.0,82.0,2.0,10.0,2.0,4.0
2026,Preliminary Finals,2026-09-18,Sydney,away,CD_M20260142802,33,Caiden Cleary,CD_I1024057,0.0,0.0,0.0,0.0,6.0,0.0,0.0,0.0,0.0,0.0,0.0,0.0,43.8,7.0,7.0,57.1,14.0,8.0,3.0,0.0,2.0,1.0,100.0,0.0,1.0,5.0,9.0,0.0,0.0,0.0,0.0,1.0,1.0,3.0,60.0,0.6,0.0,0.0,5.0,1.0,1.0,0.0,269.0,1.0,15.0,8.1,1.0,0.0,2.0,1.0,1.0,0.0,0.0,5.0,1.0,62.0,0.0,16.0,6.0,9.0
2026,Preliminary Finals,2026-09-18,Sydney,away,CD_M20260142802,25,Billy Cootee,CD_I1007053,0.0,0.0,0.0,0.0,1.0,0.0,0.0,0.0,1.0,0.0,0.0,0.0,80.0,4.0,3.0,80.0,5.0,4.0,1.0,0.0,0.0,2.0,0.0,0.0,0.0,3.0,4.0,0.0,0.0,0.0,0.0,2.0,0.0,3.0,100.0,0.3,0.0,0.0,1.0,0.0,0.0,0.0,96.0,0.0,13.0,4.0,0.0,0.0,3.0,2.0,0.0,0.0,0.0,4.0,0.0,69.0,0.0,5.0,1.0,1.0
2026,Preliminary Finals,2026-09-18,Sydney,away,CD_M20260142802,35,Charlie Curnow,CD_I996731,1.0,0.0,0.0,0.0,1.0,0.0,0.0,0.0,9.0,0.0,0.0,1.0,22.2,2.0,1.0,60.0,10.0,6.0,4.0,0.0,1.0,0.0,50.0,1.0,1.0,1.0,3.0,0.0,0.0,0.0,0.0,2.0,0.0,1.0,57.1,2.3,0.0,0.0,7.0,3.0,2.0,1.0,145.0,4.0,9.0,7.4,0.0,0.0,4.0,1.0,2.0,3.0,0.0,3.0,2.0,100.0,0.0,9.0,3.0,7.0
2026,Preliminary Finals,2026-09-18,Sydney,away,CD_M20260142802,9,Jesse Dattoli,CD_I1029589,1.0,0.0,0.0,0.0,0.0,0.0,0.0,0.0,0.0,0.0,0.0,0.0,0.0,0.0,3.0,66.7,3.0,2.0,2.0,0.0,0.0,1.0,0.0,0.0,0.0,0.0,0.0,0.0,0.0,0.0,0.0,2.0,0.0,0.0,66.7,3.0,0.0,0.0,3.0,1.0,0.0,0.0,127.0,0.0,8.0,2.2,0.0,0.0,2.0,0.0,1.0,0.0,0.0,4.0,0.0,59.0,0.0,3.0,0.0,3.0
2026,Preliminary Finals,2026-09-18,Sydney,away,CD_M20260142802,4,Brodie Grundy,CD_I293957,0.0,0.0,18.0,1.0,6.0,0.0,0.0,2.0,0.0,0.0,0.0,1.0,77.8,7.0,7.0,50.0,10.0,5.0,2.0,0.0,2.0,2.0,0.0,0.0,0.0,3.0,4.0,10.3,43.9,29.0,3.0,3.0,1.0,1.0,33.3,1.5,0.0,0.0,6.0,2.0,0.0,0.0,148.0,4.0,17.0,9.6,1.0,66.0,2.0,2.0,0.0,4.0,4.0,6.0,0.0,67.0,5.0,9.0,3.0,2.0
2026,Preliminary Finals,2026-09-18,Sydney,away,CD_M20260142802,21,Errol Gulden,CD_I1013128,1.0,1.0,21.0,1.0,6.0,0.0,0.0,0.0,0.0,0.0,0.0,0.0,28.6,10.0,10.0,66.7,36.0,24.0,14.0,0.0,3.0,1.0,0.0,1.0,0.0,8.0,11.0,0.0,0.0,0.0,0.0,7.0,0.0,3.0,56.0,2.3,0.0,0.0,25.0,5.0,0.0,0.0,770.0,0.0,15.0,7.9,6.0,0.0,4.0,1.0,1.0,0.0,4.0,8.0,0.0,77.0,5.0,35.0,8.0,25.0
2026,Preliminary Finals,2026-09-18,Sydney,away,CD_M20260142802,29,Joel Hamling,CD_I295222,0.0,0.0,0.0,0.0,2.0,0.0,0.0,1.0,0.0,0.0,0.0,0.0,30.0,3.0,4.0,70.0,10.0,7.0,2.0,0.0,0.0,2.0,0.0,1.0,0.0,0.0,5.0,0.0,0.0,0.0,0.0,1.0,4.0,6.0,40.0,1.0,0.0,0.0,5.0,4.0,0.0,0.0,139.0,5.0,5.0,4.9,3.0,0.0,2.0,1.0,0.0,5.0,1.0,1.0,0.0,95.0,1.0,10.0,1.0,7.0
2026,Preliminary Finals,2026-09-18,Sydney,away,CD_M20260142802,40,Tom Hanily,CD_I1027687,1.0,0.0,0.0,0.0,1.0,0.0,0.0,0.0,0.0,0.0,0.0,0.0,60.0,6.0,3.0,75.0,8.0,6.0,1.0,2.0,1.0,1.0,50.0,1.0,1.0,4.0,5.0,0.0,0.0,0.0,0.0,1.0,0.0,3.0,33.3,0.6,0.0,0.0,3.0,0.0,0.0,0.0,90.0,1.0,13.0,9.5,1.0,0.0,4.0,1.0,2.0,0.0,0.0,5.0,3.0,61.0,0.0,10.0,0.0,4.0
2026,Preliminary Finals,2026-09-18,Sydney,away,CD_M20260142802,32,Harry Kyle,CD_I1037405,0.0,0.0,0.0,0.0,2.0,0.0,0.0,1.0,0.0,0.0,0.0,0.0,50.0,6.0,7.0,81.8,11.0,9.0,5.0,0.0,1.0,1.0,0.0,0.0,0.0,4.0,5.0,0.0,0.0,0.0,0.0,0.0,2.0,7.0,83.3,1.2,0.0,0.0,6.0,3.0,0.0,0.0,173.0,4.0,11.0,8.1,4.0,0.0,0.0,0.0,0.0,3.0,0.0,0.0,0.0,92.0,0.0,12.0,2.0,6.0
2026,Preliminary Finals,2026-09-18,Sydney,away,CD_M20260142802,44,Jake Lloyd,CD_I295342,0.0,1.0,0.0,0.0,1.0,0.0,0.0,0.0,0.0,0.0,0.0,1.0,35.7,5.0,11.0,81.0,21.0,17.0,9.0,0.0,0.0,1.0,0.0,0.0,0.0,3.0,8.0,0.0,0.0,0.0,0.0,0.0,2.0,5.0,69.2,1.6,6.0,6.0,13.0,4.0,0.0,0.0,520.0,6.0,12.0,13.4,8.0,0.0,1.0,0.0,0.0,4.0,0.0,4.0,0.0,87.0,0.0,14.0,4.0,9.0
2026,Preliminary Finals,2026-09-18,Sydney,away,CD_M20260142802,30,Tom McCartin,CD_I1008198,0.0,0.0,0.0,0.0,5.0,33.3,2.0,6.0,0.0,0.0,0.0,1.0,53.3,8.0,3.0,56.3,16.0,9.0,2.0,0.0,1.0,1.0,0.0,0.0,0.0,6.0,10.0,0.0,0.0,0.0,0.0,1.0,3.0,11.0,33.3,0.6,0.0,0.0,6.0,4.0,0.0,0.0,186.0,9.0,3.0,11.4,4.0,0.0,0.0,0.0,0.0,9.0,0.0,1.0,0.0,91.0,0.0,15.0,5.0,7.0
2026,Preliminary Finals,2026-09-18,Sydney,away,CD_M20260142802,6,Logan McDonald,CD_I1013230,0.0,0.0,0.0,0.0,0.0,0.0,0.0,0.0,2.0,0.0,0.0,0.0,64.3,9.0,0.0,100.0,14.0,14.0,6.0,5.0,0.0,1.0,100.0,1.0,3.0,8.0,8.0,0.0,0.0,0.0,0.0,2.0,0.0,1.0,100.0,0.8,0.0,0.0,6.0,4.0,1.0,2.0,149.0,0.0,6.0,18.6,0.0,0.0,7.0,1.0,3.0,0.0,2.0,1.0,1.0,90.0,2.0,14.0,1.0,5.0
2026,Preliminary Finals,2026-09-18,Sydney,away,CD_M20260142802,27,Justin McInerney,CD_I1011936,0.0,1.0,1.0,0.0,2.0,0.0,0.0,0.0,1.0,0.0,0.0,0.0,50.0,6.0,3.0,71.4,14.0,10.0,4.0,0.0,1.0,2.0,100.0,0.0,1.0,4.0,7.0,0.0,0.0,0.0,0.0,0.0,1.0,3.0,57.1,1.0,0.0,0.0,7.0,1.0,0.0,0.0,295.0,2.0,6.0,11.3,2.0,0.0,1.0,1.0,1.0,1.0,3.0,3.0,1.0,71.0,3.0,12.0,4.0,6.0
2026,Preliminary Finals,2026-09-18,Sydney,away,CD_M20260142802,2,Hayden McLean,CD_I1003203,1.0,0.0,7.0,0.0,3.0,0.0,0.0,0.0,1.0,1.0,100.0,1.0,44.4,4.0,6.0,45.5,11.0,5.0,0.0,0.0,0.0,1.0,0.0,0.0,0.0,1.0,5.0,0.0,17.9,7.0,0.0,1.0,1.0,3.0,0.0,1.2,0.0,0.0,6.0,3.0,1.0,0.0,251.0,2.0,9.0,-0.3,2.0,39.0,2.0,1.0,1.0,2.0,1.0,2.0,1.0,72.0,1.0,9.0,4.0,5.0
2026,Preliminary Finals,2026-09-18,Sydney,away,CD_M20260142802,43,Lewis Melican,CD_I996743,0.0,0.0,0.0,0.0,3.0,33.3,1.0,3.0,0.0,0.0,0.0,1.0,25.0,2.0,6.0,50.0,8.0,4.0,1.0,0.0,1.0,0.0,0.0,0.0,0.0,1.0,4.0,0.0,0.0,0.0,0.0,2.0,2.0,3.0,25.0,1.0,0.0,0.0,4.0,3.0,0.0,1.0,145.0,3.0,7.0,2.6,1.0,0.0,0.0,0.0,0.0,1.0,0.0,1.0,0.0,77.0,0.0,8.0,2.0,6.0
2026,Preliminary Finals,2026-09-18,Sydney,away,CD_M20260142802,11,Tom Papley,CD_I996765,3.0,2.0,0.0,0.0,2.0,0.0,0.0,0.0,2.0,1.0,50.0,1.0,80.0,8.0,5.0,53.8,13.0,7.0,5.0,2.0,1.0,2.0,20.0,1.0,1.0,4.0,3.0,0.0,0.0,0.0,0.0,2.0,0.0,2.0,50.0,3.3,0.0,0.0,10.0,1.0,0.0,0.0,340.0,1.0,12.0,9.9,0.0,0.0,6.0,1.0,5.0,1.0,1.0,3.0,2.0,82.0,1.0,10.0,3.0,2.0
2026,Preliminary Finals,2026-09-18,Sydney,away,CD_M20260142802,24,Dane Rampe,CD_I290307,0.0,0.0,0.0,1.0,1.0,0.0,0.0,1.0,0.0,0.0,0.0,1.0,35.7,5.0,10.0,70.6,17.0,12.0,6.0,0.0,0.0,0.0,0.0,0.0,0.0,4.0,7.0,0.0,0.0,0.0,0.0,1.0,1.0,5.0,60.0,1.4,1.0,0.0,10.0,2.0,1.0,0.0,375.0,6.0,11.0,7.5,7.0,0.0,3.0,2.0,1.0,6.0,1.0,2.0,0.0,74.0,2.0,14.0,3.0,9.0
2026,Preliminary Finals,2026-09-18,Sydney,away,CD_M20260142802,34,Matt Roberts,CD_I1012210,0.0,2.0,0.0,0.0,2.0,100.0,1.0,1.0,0.0,0.0,0.0,0.0,21.4,3.0,2.0,82.4,17.0,14.0,6.0,0.0,1.0,0.0,0.0,0.0,0.0,3.0,10.0,0.0,0.0,0.0,0.0,1.0,1.0,5.0,85.7,0.7,1.0,1.0,7.0,2.0,0.0,0.0,314.0,2.0,5.0,2.9,3.0,0.0,0.0,0.0,0.0,1.0,0.0,1.0,0.0,86.0,0.0,14.0,2.0,11.0
2026,Preliminary Finals,2026-09-18,Sydney,away,CD_M20260142802,8,James Rowbottom,CD_I1006126,1.0,0.0,19.0,0.0,3.0,0.0,0.0,0.0,0.0,0.0,0.0,0.0,57.1,8.0,13.0,42.9,14.0,6.0,1.0,1.0,0.0,1.0,0.0,0.0,0.0,6.0,9.0,0.0,0.0,0.0,0.0,2.0,0.0,4.0,20.0,0.6,0.0,0.0,5.0,0.0,0.0,0.0,127.0,3.0,29.0,7.5,0.0,0.0,3.0,2.0,1.0,1.0,1.0,7.0,2.0,76.0,1.0,14.0,4.0,6.0
2026,Preliminary Finals,2026-09-18,Sydney,away,CD_M20260142802,13,Jai Serong,CD_I1017091,0.0,1.0,19.0,0.0,4.0,0.0,0.0,0.0,0.0,0.0,0.0,0.0,61.9,13.0,12.0,34.8,23.0,8.0,4.0,2.0,0.0,1.0,0.0,0.0,0.0,12.0,9.0,0.0,0.0,0.0,0.0,6.0,0.0,3.0,28.6,1.6,0.0,0.0,14.0,1.0,0.0,0.0,531.0,0.0,24.0,10.4,2.0,0.0,2.0,1.0,1.0,0.0,5.0,6.0,1.0,78.0,5.0,21.0,6.0,8.0
2026,Preliminary Finals,2026-09-18,Sydney,away,CD_M20260142802,12,Angus Sheldrick,CD_I1020339,0.0,0.0,13.0,1.0,2.0,0.0,0.0,0.0,0.0,0.0,0.0,0.0,50.0,7.0,7.0,66.7,12.0,8.0,4.0,1.0,2.0,1.0,100.0,0.0,1.0,6.0,6.0,0.0,0.0,0.0,0.0,4.0,0.0,2.0,66.7,1.0,0.0,0.0,6.0,0.0,0.0,0.0,236.0,0.0,16.0,14.3,0.0,0.0,2.0,0.0,1.0,0.0,0.0,6.0,4.0,65.0,1.0,14.0,4.0,7.0
2026,Preliminary Finals,2026-09-18,Sydney,away,CD_M20260142802,15,Sam Wicks,CD_I1006232,0.0,4.0,0.0,0.0,4.0,0.0,0.0,0.0,0.0,0.0,0.0,0.0,40.0,4.0,9.0,53.3,15.0,8.0,5.0,0.0,3.0,1.0,0.0,0.0,0.0,3.0,3.0,0.0,0.0,0.0,0.0,3.0,0.0,4.0,41.7,4.0,3.0,2.0,12.0,0.0,0.0,0.0,480.0,2.0,12.0,3.5,9.0,0.0,1.0,1.0,0.0,1.0,1.0,2.0,0.0,84.0,1.0,10.0,5.0,6.0
2026,Grand Final,2026-09-26,Brisbane Lions,home,CD_M20260142901,4,Oscar Allen,CD_I1004385,1.0,0.0,0.0,0.0,1.0,0.0,0.0,0.0,2.0,1.0,50.0,1.0,33.3,3.0,1.0,88.9,9.0,8.0,3.0,2.0,0.0,0.0,66.7,0.0,2.0,2.0,5.0,0.0,0.0,0.0,0.0,2.0,0.0,0.0,75.0,0.8,0.0,0.0,4.0,2.0,1.0,1.0,128.0,1.0,7.0,11.2,0.0,0.0,6.0,0.0,3.0,1.0,0.0,3.0,1.0,66.0,0.0,9.0,0.0,6.0
2026,Grand Final,2026-09-26,Brisbane Lions,home,CD_M20260142901,31,Harris Andrews,CD_I996059,0.0,0.0,0.0,0.0,2.0,25.0,1.0,4.0,0.0,0.0,0.0,2.0,50.0,5.0,9.0,72.7,11.0,8.0,8.0,0.0,1.0,0.0,0.0,1.0,0.0,3.0,0.0,0.0,0.0,0.0,0.0,2.0,2.0,7.0,72.7,11.0,0.0,0.0,11.0,6.0,0.0,1.0,297.0,15.0,9.0,15.6,4.0,0.0,1.0,1.0,0.0,14.0,0.0,1.0,0.0,97.0,0.0,10.0,3.0,5.0
2026,Grand Final,2026-09-26,Brisbane Lions,home,CD_M20260142901,10,Levi Ashcroft,CD_I1028560,0.0,0.0,0.0,0.0,1.0,0.0,0.0,0.0,1.0,0.0,0.0,0.0,35.0,7.0,2.0,89.5,19.0,17.0,12.0,0.0,0.0,0.0,100.0,0.0,1.0,4.0,5.0,0.0,0.0,0.0,0.0,2.0,0.0,3.0,85.7,2.8,0.0,0.0,14.0,7.0,0.0,2.0,289.0,3.0,2.0,14.5,2.0,0.0,3.0,1.0,1.0,0.0,2.0,1.0,0.0,60.0,2.0,20.0,2.0,13.0
2026,Grand Final,2026-09-26,Brisbane Lions,home,CD_M20260142901,8,Will Ashcroft,CD_I1023517,0.0,7.0,23.0,5.0,2.0,0.0,0.0,0.0,0.0,0.0,0.0,0.0,46.4,13.0,2.0,61.3,31.0,19.0,9.0,1.0,1.0,0.0,0.0,3.0,0.0,11.0,12.0,0.0,0.0,0.0,0.0,5.0,0.0,2.0,47.4,1.6,0.0,0.0,19.0,2.0,0.0,1.0,496.0,0.0,6.0,16.2,1.0,0.0,7.0,3.0,0.0,0.0,4.0,2.0,0.0,83.0,9.0,28.0,5.0,15.0
2026,Grand Final,2026-09-26,Brisbane Lions,home,CD_M20260142901,33,Zac Bailey,CD_I1002312,0.0,2.0,11.0,0.0,2.0,0.0,0.0,0.0,0.0,0.0,0.0,1.0,19.0,4.0,10.0,70.0,20.0,14.0,8.0,1.0,0.0,0.0,100.0,1.0,1.0,2.0,7.0,0.0,0.0,0.0,0.0,2.0,0.0,0.0,61.5,1.9,0.0,0.0,13.0,5.0,0.0,1.0,344.0,1.0,17.0,10.3,1.0,0.0,7.0,1.0,1.0,0.0,1.0,2.0,1.0,81.0,1.0,21.0,3.0,17.0
2026,Grand Final,2026-09-26,Brisbane Lions,home,CD_M20260142901,7,Jarrod Berry,CD_I998133,0.0,0.0,0.0,0.0,2.0,0.0,0.0,0.0,0.0,0.0,0.0,0.0,60.0,9.0,5.0,76.5,17.0,13.0,7.0,0.0,0.0,0.0,0.0,0.0,0.0,9.0,7.0,0.0,0.0,0.0,0.0,2.0,0.0,6.0,70.0,1.4,0.0,0.0,10.0,3.0,0.0,0.0,224.0,1.0,12.0,11.1,2.0,0.0,3.0,1.0,0.0,1.0,2.0,5.0,0.0,76.0,2.0,15.0,2.0,6.0
2026,Grand Final,2026-09-26,Brisbane Lions,home,CD_M20260142901,23,Charlie Cameron,CD_I990609,0.0,0.0,0.0,0.0,3.0,0.0,0.0,0.0,2.0,1.0,50.0,0.0,43.8,7.0,3.0,56.3,16.0,9.0,5.0,4.0,0.0,1.0,75.0,0.0,3.0,7.0,7.0,0.0,0.0,0.0,0.0,2.0,0.0,1.0,55.6,1.3,0.0,0.0,9.0,2.0,1.0,1.0,236.0,0.0,8.0,13.4,0.0,0.0,7.0,1.0,4.0,0.0,0.0,1.0,1.0,76.0,0.0,16.0,3.0,9.0
2026,Grand Final,2026-09-26,Brisbane Lions,home,CD_M20260142901,2,Sam Draper,CD_I1005577,0.0,0.0,24.0,0.0,1.0,100.0,1.0,1.0,0.0,0.0,0.0,0.0,75.0,6.0,4.0,36.4,11.0,4.0,3.0,0.0,0.0,0.0,100.0,0.0,1.0,2.0,2.0,11.8,27.4,17.0,2.0,2.0,0.0,0.0,33.3,4.5,0.0,0.0,9.0,1.0,1.0,0.0,166.0,6.0,8.0,11.1,2.0,62.0,2.0,0.0,1.0,4.0,3.0,2.0,0.0,72.0,3.0,8.0,2.0,2.0
2026,Grand Final,2026-09-26,Brisbane Lions,home,CD_M20260142901,5,Josh Dunkley,CD_I993834,0.0,0.0,26.0,1.0,5.0,0.0,0.0,0.0,3.0,0.0,0.0,0.0,70.0,14.0,15.0,61.9,21.0,13.0,3.0,0.0,3.0,2.0,0.0,0.0,0.0,12.0,15.0,0.0,0.0,0.0,0.0,2.0,0.0,8.0,50.0,0.4,0.0,0.0,6.0,2.0,0.0,2.0,130.0,4.0,30.0,14.9,3.0,0.0,3.0,2.0,0.0,2.0,0.0,12.0,3.0,82.0,1.0,20.0,4.0,6.0
2026,Grand Final,2026-09-26,Brisbane Lions,home,CD_M20260142901,3,Jaspa Fletcher,CD_I1023708,0.0,0.0,0.0,0.0,3.0,0.0,0.0,0.0,0.0,0.0,0.0,0.0,38.9,7.0,9.0,65.0,20.0,13.0,9.0,0.0,0.0,0.0,0.0,0.0,0.0,7.0,5.0,0.0,0.0,0.0,0.0,3.0,0.0,4.0,60.0,3.0,2.0,2.0,15.0,4.0,0.0,2.0,537.0,1.0,15.0,9.8,5.0,0.0,2.0,0.0,0.0,0.0,1.0,3.0,0.0,79.0,1.0,18.0,5.0,11.0
2026,Grand Final,2026-09-26,Brisbane Lions,home,CD_M20260142901,32,Darcy Fort,CD_I298211,0.0,0.0,6.0,1.0,1.0,0.0,0.0,1.0,0.0,0.0,0.0,0.0,55.6,5.0,5.0,50.0,8.0,4.0,2.0,0.0,0.0,0.0,0.0,0.0,0.0,3.0,4.0,18.8,42.1,16.0,3.0,0.0,1.0,3.0,50.0,1.0,0.0,0.0,4.0,3.0,0.0,1.0,65.0,3.0,8.0,6.7,2.0,38.0,3.0,2.0,0.0,1.0,0.0,1.0,1.0,46.0,1.0,9.0,1.0,4.0
2026,Grand Final,2026-09-26,Brisbane Lions,home,CD_M20260142901,22,Ty Gallop,CD_I1034411,0.0,0.0,0.0,0.0,1.0,50.0,1.0,2.0,0.0,0.0,0.0,2.0,37.5,3.0,7.0,66.7,9.0,6.0,5.0,0.0,1.0,0.0,0.0,0.0,0.0,1.0,1.0,0.0,0.0,0.0,0.0,1.0,3.0,6.0,62.5,8.0,0.0,0.0,8.0,5.0,0.0,1.0,239.0,9.0,7.0,8.9,4.0,0.0,0.0,0.0,0.0,7.0,0.0,3.0,0.0,88.0,0.0,8.0,4.0,5.0
2026,Grand Final,2026-09-26,Brisbane Lions,home,CD_M20260142901,27,Darcy Gardiner,CD_I296269,0.0,0.0,0.0,0.0,1.0,60.0,3.0,5.0,0.0,0.0,0.0,0.0,14.3,1.0,3.0,100.0,7.0,7.0,5.0,0.0,1.0,0.0,0.0,0.0,0.0,1.0,2.0,0.0,0.0,0.0,0.0,0.0,1.0,2.0,100.0,2.5,0.0,0.0,5.0,4.0,0.0,1.0,140.0,4.0,4.0,4.0,3.0,0.0,1.0,0.0,0.0,2.0,0.0,1.0,0.0,85.0,0.0,7.0,1.0,6.0
2026,Grand Final,2026-09-26,Brisbane Lions,home,CD_M20260142901,30,Eric Hipwood,CD_I993953,2.0,0.0,0.0,0.0,1.0,0.0,0.0,0.0,4.0,0.0,0.0,0.0,33.3,2.0,1.0,33.3,6.0,2.0,2.0,1.0,0.0,0.0,0.0,0.0,0.0,2.0,0.0,0.0,0.0,0.0,0.0,2.0,1.0,1.0,33.3,6.0,0.0,0.0,6.0,4.0,2.0,1.0,140.0,0.0,9.0,-1.1,0.0,0.0,3.0,0.0,3.0,0.0,0.0,1.0,1.0,69.0,0.0,6.0,1.0,4.0
2026,Grand Final,2026-09-26,Brisbane Lions,home,CD_M20260142901,35,Ryan Lester,CD_I291548,0.0,0.0,0.0,0.0,3.0,75.0,3.0,4.0,1.0,0.0,0.0,0.0,33.3,5.0,9.0,73.3,15.0,11.0,9.0,0.0,1.0,0.0,0.0,0.0,0.0,5.0,2.0,0.0,0.0,0.0,0.0,4.0,0.0,6.0,69.2,6.5,0.0,0.0,13.0,7.0,0.0,1.0,355.0,4.0,11.0,8.8,2.0,0.0,5.0,3.0,0.0,4.0,0.0,4.0,1.0,86.0,0.0,15.0,5.0,10.0
2026,Grand Final,2026-09-26,Brisbane Lions,home,CD_M20260142901,1,Kai Lohmann,CD_I1014026,0.0,0.0,0.0,0.0,3.0,0.0,0.0,0.0,1.0,1.0,100.0,0.0,35.7,5.0,4.0,64.3,14.0,9.0,3.0,3.0,0.0,0.0,66.7,2.0,2.0,5.0,7.0,0.0,0.0,0.0,0.0,3.0,0.0,2.0,42.9,1.0,0.0,0.0,7.0,1.0,0.0,0.0,141.0,1.0,16.0,14.6,0.0,0.0,5.0,1.0,3.0,0.0,0.0,10.0,4.0,82.0,0.0,14.0,5.0,9.0
2026,Grand Final,2026-09-26,Brisbane Lions,home,CD_M20260142901,6,Hugh McCluggage,CD_I1000978,1.0,0.0,8.0,0.0,5.0,0.0,0.0,0.0,1.0,0.0,0.0,0.0,42.1,8.0,11.0,55.6,18.0,10.0,6.0,1.0,2.0,1.0,0.0,1.0,0.0,6.0,7.0,0.0,0.0,0.0,0.0,2.0,0.0,1.0,54.5,1.6,0.0,0.0,11.0,3.0,1.0,0.0,320.0,1.0,21.0,6.7,1.0,0.0,7.0,1.0,1.0,0.0,4.0,4.0,0.0,84.0,4.0,19.0,2.0,11.0
2026,Grand Final,2026-09-26,Brisbane Lions,home,CD_M20260142901,26,Conor McKenna,CD_I997846,3.0,1.0,0.0,0.0,0.0,0.0,0.0,0.0,2.0,0.0,0.0,0.0,66.7,4.0,5.0,50.0,10.0,5.0,5.0,3.0,0.0,1.0,25.0,0.0,1.0,3.0,0.0,0.0,0.0,0.0,0.0,1.0,0.0,0.0,50.0,10.0,0.0,0.0,10.0,0.0,0.0,0.0,150.0,1.0,9.0,8.8,0.0,0.0,5.0,1.0,4.0,0.0,2.0,2.0,1.0,81.0,2.0,6.0,0.0,2.0
2026,Grand Final,2026-09-26,Brisbane Lions,home,CD_M20260142901,13,Logan Morris,CD_I1028019,1.0,0.0,0.0,0.0,3.0,0.0,0.0,0.0,7.0,2.0,28.6,1.0,33.3,3.0,1.0,80.0,10.0,8.0,4.0,0.0,2.0,1.0,60.0,2.0,3.0,1.0,4.0,0.0,0.0,0.0,0.0,2.0,0.0,0.0,66.7,1.5,0.0,0.0,6.0,2.0,2.0,0.0,214.0,0.0,4.0,8.9,0.0,0.0,6.0,0.0,5.0,0.0,0.0,1.0,1.0,87.0,0.0,9.0,4.0,6.0
2026,Grand Final,2026-09-26,Brisbane Lions,home,CD_M20260142901,9,Lachie Neale,CD_I293535,1.0,1.0,18.0,1.0,1.0,100.0,1.0,1.0,0.0,0.0,0.0,0.0,30.0,6.0,6.0,75.0,20.0,15.0,7.0,0.0,0.0,0.0,0.0,0.0,0.0,5.0,10.0,0.0,0.0,0.0,0.0,4.0,0.0,0.0,70.0,1.0,0.0,0.0,10.0,5.0,1.0,0.0,299.0,0.0,11.0,6.1,1.0,0.0,7.0,1.0,1.0,0.0,2.0,2.0,1.0,76.0,3.0,20.0,1.0,14.0
2026,Grand Final,2026-09-26,Brisbane Lions,home,CD_M20260142901,16,Cam Rayner,CD_I1002235,2.0,0.0,4.0,1.0,1.0,0.0,0.0,0.0,0.0,0.0,0.0,0.0,31.3,5.0,3.0,61.1,18.0,11.0,7.0,2.0,0.0,0.0,0.0,0.0,0.0,5.0,5.0,0.0,0.0,0.0,0.0,4.0,0.0,1.0,53.8,2.6,0.0,0.0,13.0,3.0,1.0,3.0,469.0,0.0,8.0,9.5,2.0,0.0,8.0,2.0,2.0,0.0,1.0,1.0,1.0,79.0,2.0,16.0,2.0,11.0
2026,Grand Final,2026-09-26,Brisbane Lions,home,CD_M20260142901,44,Darcy Wilmot,CD_I1017067,0.0,0.0,0.0,0.0,1.0,0.0,0.0,0.0,0.0,0.0,0.0,0.0,23.1,3.0,9.0,85.0,20.0,17.0,16.0,0.0,0.0,1.0,0.0,0.0,0.0,3.0,1.0,0.0,0.0,0.0,0.0,0.0,1.0,5.0,84.2,19.0,7.0,6.0,19.0,4.0,0.0,1.0,371.0,2.0,11.0,6.7,6.0,0.0,2.0,1.0,0.0,2.0,0.0,0.0,0.0,74.0,0.0,13.0,3.0,10.0
2026,Grand Final,2026-09-26,Brisbane Lions,home,CD_M20260142901,15,Dayne Zorko,CD_I261224,0.0,0.0,0.0,0.0,2.0,0.0,0.0,0.0,0.0,0.0,0.0,0.0,25.0,5.0,11.0,78.6,28.0,22.0,17.0,0.0,0.0,0.0,0.0,0.0,0.0,4.0,5.0,0.0,0.0,0.0,0.0,1.0,1.0,7.0,73.9,4.6,8.0,8.0,23.0,9.0,0.0,2.0,660.0,3.0,17.0,13.9,9.0,0.0,6.0,4.0,0.0,2.0,0.0,7.0,0.0,90.0,0.0,20.0,5.0,15.0
